0 0 1000
0.01 0 997.498
0.02 0 994.996
0.03 0 992.495
0.04 0 989.993
0.05 0 987.491
0.06 0 984.989
0.07 0 982.488
0.08 0 979.986
0.09 0 977.484
0.1 0 974.982
0.11 0 972.481
0.12 0 969.979
0.13 0 967.477
0.14 0 964.976
0.15 0 962.474
0.16 0 959.972
0.17 0 957.471
0.18 0 954.969
0.19 0 952.468
0.2 0 949.966
0.21 0 947.465
0.22 0 944.963
0.23 0 942.462
0.24 0 939.961
0.25 0 937.459
0.26 0 934.958
0.27 0 932.457
0.28 0 929.956
0.29 0 927.455
0.3 0 924.954
0.31 0 922.453
0.32 0 919.952
0.33 0 917.451
0.34 0 914.95
0.35 0 912.449
0.36 0 909.948
0.37 0 907.447
0.38 0 904.947
0.39 0 902.446
0.4 0 899.946
0.41 0 897.445
0.42 0 894.945
0.43 0 892.444
0.44 0 889.944
0.45 0 887.443
0.46 0 884.943
0.47 0 882.443
0.48 0 879.943
0.49 0 877.443
0.5 0 874.943
0.51 0 872.443
0.52 0 869.943
0.53 0 867.443
0.54 0 864.943
0.55 0 862.443
0.56 0 859.944
0.57 0 857.444
0.58 0 854.945
0.59 0 852.445
0.6 0 849.946
0.61 0 847.446
0.62 0 844.947
0.63 0 842.447
0.64 0 839.948
0.65 0 837.449
0.66 0 834.95
0.67 0 832.451
0.68 0 829.952
0.69 0 827.453
0.7 0 824.954
0.71 0 822.455
0.72 0 819.956
0.73 0 817.457
0.74 0 814.958
0.75 0 812.459
0.76 0 809.961
0.77 0 807.462
0.78 0 804.963
0.79 0 802.465
0.8 0 799.966
0.81 0 797.468
0.82 0 794.969
0.83 0 792.471
0.84 0 789.972
0.85 0 787.474
0.86 0 784.976
0.87 0 782.477
0.88 0 779.979
0.89 0 777.481
0.9 0 774.982
0.91 0 772.484
0.92 0 769.986
0.93 0 767.488
0.94 0 764.989
0.95 0 762.491
0.96 0 759.993
0.97 0 757.495
0.98 0 754.996
0.99 0 752.498
1 0 750
1.01 0 747.502
1.02 0 745.004
1.03 0 742.505
1.04 0 740.007
1.05 0 737.509
1.06 0 735.011
1.07 0 732.512
1.08 0 730.014
1.09 0 727.516
1.1 0 725.018
1.11 0 722.519
1.12 0 720.021
1.13 0 717.523
1.14 0 715.024
1.15 0 712.526
1.16 0 710.028
1.17 0 707.529
1.18 0 705.031
1.19 0 702.532
1.2 0 700.034
1.21 0 697.535
1.22 0 695.037
1.23 0 692.538
1.24 0 690.039
1.25 0 687.541
1.26 0 685.042
1.27 0 682.543
1.28 0 680.044
1.29 0 677.545
1.3 0 675.046
1.31 0 672.547
1.32 0 670.048
1.33 0 667.549
1.34 0 665.05
1.35 0 662.551
1.36 0 660.052
1.37 0 657.553
1.38 0 655.053
1.39 0 652.554
1.4 0 650.054
1.41 0 647.555
1.42 0 645.055
1.43 0 642.556
1.44 0 640.056
1.45 0 637.557
1.46 0 635.057
1.47 0 632.557
1.48 0 630.057
1.49 0 627.557
1.5 0 625.057
1.51 0 622.557
1.52 0 620.057
1.53 0 617.557
1.54 0 615.057
1.55 0 612.557
1.56 0 610.056
1.57 0 607.556
1.58 0 605.055
1.59 0 602.555
1.6 0 600.054
1.61 0 597.554
1.62 0 595.053
1.63 0 592.553
1.64 0 590.052
1.65 0 587.551
1.66 0 585.05
1.67 0 582.549
1.68 0 580.048
1.69 0 577.547
1.7 0 575.046
1.71 0 572.545
1.72 0 570.044
1.73 0 567.543
1.74 0 565.042
1.75 0 562.541
1.76 0 560.039
1.77 0 557.538
1.78 0 555.037
1.79 0 552.535
1.8 0 550.034
1.81 0 547.532
1.82 0 545.031
1.83 0 542.529
1.84 0 540.028
1.85 0 537.526
1.86 0 535.024
1.87 0 532.523
1.88 0 530.021
1.89 0 527.519
1.9 0 525.018
1.91 0 522.516
1.92 0 520.014
1.93 0 517.512
1.94 0 515.011
1.95 0 512.509
1.96 0 510.007
1.97 0 507.505
1.98 0 505.004
1.99 0 502.502
2 0 500

0 0.01 1000
0.01 0.01 997.498
0.02 0.01 994.996
0.03 0.01 992.495
0.04 0.01 989.993
0.05 0.01 987.491
0.06 0.01 984.989
0.07 0.01 982.488
0.08 0.01 979.986
0.09 0.01 977.484
0.1 0.01 974.982
0.11 0.01 972.481
0.12 0.01 969.979
0.13 0.01 967.477
0.14 0.01 964.976
0.15 0.01 962.474
0.16 0.01 959.972
0.17 0.01 957.471
0.18 0.01 954.969
0.19 0.01 952.468
0.2 0.01 949.966
0.21 0.01 947.465
0.22 0.01 944.963
0.23 0.01 942.462
0.24 0.01 939.961
0.25 0.01 937.46
0.26 0.01 934.958
0.27 0.01 932.457
0.28 0.01 929.956
0.29 0.01 927.455
0.3 0.01 924.954
0.31 0.01 922.453
0.32 0.01 919.952
0.33 0.01 917.451
0.34 0.01 914.95
0.35 0.01 912.449
0.36 0.01 909.948
0.37 0.01 907.447
0.38 0.01 904.947
0.39 0.01 902.446
0.4 0.01 899.946
0.41 0.01 897.445
0.42 0.01 894.945
0.43 0.01 892.444
0.44 0.01 889.944
0.45 0.01 887.443
0.46 0.01 884.943
0.47 0.01 882.443
0.48 0.01 879.943
0.49 0.01 877.443
0.5 0.01 874.943
0.51 0.01 872.443
0.52 0.01 869.943
0.53 0.01 867.443
0.54 0.01 864.943
0.55 0.01 862.443
0.56 0.01 859.944
0.57 0.01 857.444
0.58 0.01 854.945
0.59 0.01 852.445
0.6 0.01 849.946
0.61 0.01 847.446
0.62 0.01 844.947
0.63 0.01 842.447
0.64 0.01 839.948
0.65 0.01 837.449
0.66 0.01 834.95
0.67 0.01 832.451
0.68 0.01 829.952
0.69 0.01 827.453
0.7 0.01 824.954
0.71 0.01 822.455
0.72 0.01 819.956
0.73 0.01 817.457
0.74 0.01 814.958
0.75 0.01 812.46
0.76 0.01 809.961
0.77 0.01 807.462
0.78 0.01 804.963
0.79 0.01 802.465
0.8 0.01 799.966
0.81 0.01 797.468
0.82 0.01 794.969
0.83 0.01 792.471
0.84 0.01 789.972
0.85 0.01 787.474
0.86 0.01 784.976
0.87 0.01 782.477
0.88 0.01 779.979
0.89 0.01 777.481
0.9 0.01 774.982
0.91 0.01 772.484
0.92 0.01 769.986
0.93 0.01 767.488
0.94 0.01 764.989
0.95 0.01 762.491
0.96 0.01 759.993
0.97 0.01 757.495
0.98 0.01 754.996
0.99 0.01 752.498
1 0.01 750
1.01 0.01 747.502
1.02 0.01 745.004
1.03 0.01 742.505
1.04 0.01 740.007
1.05 0.01 737.509
1.06 0.01 735.011
1.07 0.01 732.512
1.08 0.01 730.014
1.09 0.01 727.516
1.1 0.01 725.018
1.11 0.01 722.519
1.12 0.01 720.021
1.13 0.01 717.523
1.14 0.01 715.024
1.15 0.01 712.526
1.16 0.01 710.028
1.17 0.01 707.529
1.18 0.01 705.031
1.19 0.01 702.532
1.2 0.01 700.034
1.21 0.01 697.535
1.22 0.01 695.037
1.23 0.01 692.538
1.24 0.01 690.039
1.25 0.01 687.54
1.26 0.01 685.042
1.27 0.01 682.543
1.28 0.01 680.044
1.29 0.01 677.545
1.3 0.01 675.046
1.31 0.01 672.547
1.32 0.01 670.048
1.33 0.01 667.549
1.34 0.01 665.05
1.35 0.01 662.551
1.36 0.01 660.052
1.37 0.01 657.553
1.38 0.01 655.053
1.39 0.01 652.554
1.4 0.01 650.054
1.41 0.01 647.555
1.42 0.01 645.055
1.43 0.01 642.556
1.44 0.01 640.056
1.45 0.01 637.557
1.46 0.01 635.057
1.47 0.01 632.557
1.48 0.01 630.057
1.49 0.01 627.557
1.5 0.01 625.057
1.51 0.01 622.557
1.52 0.01 620.057
1.53 0.01 617.557
1.54 0.01 615.057
1.55 0.01 612.557
1.56 0.01 610.056
1.57 0.01 607.556
1.58 0.01 605.055
1.59 0.01 602.555
1.6 0.01 600.054
1.61 0.01 597.554
1.62 0.01 595.053
1.63 0.01 592.553
1.64 0.01 590.052
1.65 0.01 587.551
1.66 0.01 585.05
1.67 0.01 582.549
1.68 0.01 580.048
1.69 0.01 577.547
1.7 0.01 575.046
1.71 0.01 572.545
1.72 0.01 570.044
1.73 0.01 567.543
1.74 0.01 565.042
1.75 0.01 562.54
1.76 0.01 560.039
1.77 0.01 557.538
1.78 0.01 555.037
1.79 0.01 552.535
1.8 0.01 550.034
1.81 0.01 547.532
1.82 0.01 545.031
1.83 0.01 542.529
1.84 0.01 540.028
1.85 0.01 537.526
1.86 0.01 535.024
1.87 0.01 532.523
1.88 0.01 530.021
1.89 0.01 527.519
1.9 0.01 525.018
1.91 0.01 522.516
1.92 0.01 520.014
1.93 0.01 517.512
1.94 0.01 515.011
1.95 0.01 512.509
1.96 0.01 510.007
1.97 0.01 507.505
1.98 0.01 505.004
1.99 0.01 502.502
2 0.01 500

0 0.02 1000
0.01 0.02 997.498
0.02 0.02 994.996
0.03 0.02 992.495
0.04 0.02 989.993
0.05 0.02 987.491
0.06 0.02 984.989
0.07 0.02 982.488
0.08 0.02 979.986
0.09 0.02 977.484
0.1 0.02 974.982
0.11 0.02 972.481
0.12 0.02 969.979
0.13 0.02 967.477
0.14 0.02 964.976
0.15 0.02 962.474
0.16 0.02 959.972
0.17 0.02 957.471
0.18 0.02 954.969
0.19 0.02 952.468
0.2 0.02 949.966
0.21 0.02 947.465
0.22 0.02 944.963
0.23 0.02 942.462
0.24 0.02 939.961
0.25 0.02 937.46
0.26 0.02 934.958
0.27 0.02 932.457
0.28 0.02 929.956
0.29 0.02 927.455
0.3 0.02 924.954
0.31 0.02 922.453
0.32 0.02 919.952
0.33 0.02 917.451
0.34 0.02 914.95
0.35 0.02 912.449
0.36 0.02 909.948
0.37 0.02 907.447
0.38 0.02 904.947
0.39 0.02 902.446
0.4 0.02 899.946
0.41 0.02 897.445
0.42 0.02 894.945
0.43 0.02 892.444
0.44 0.02 889.944
0.45 0.02 887.443
0.46 0.02 884.943
0.47 0.02 882.443
0.48 0.02 879.943
0.49 0.02 877.443
0.5 0.02 874.943
0.51 0.02 872.443
0.52 0.02 869.943
0.53 0.02 867.443
0.54 0.02 864.943
0.55 0.02 862.443
0.56 0.02 859.944
0.57 0.02 857.444
0.58 0.02 854.945
0.59 0.02 852.445
0.6 0.02 849.946
0.61 0.02 847.446
0.62 0.02 844.947
0.63 0.02 842.447
0.64 0.02 839.948
0.65 0.02 837.449
0.66 0.02 834.95
0.67 0.02 832.451
0.68 0.02 829.952
0.69 0.02 827.453
0.7 0.02 824.954
0.71 0.02 822.455
0.72 0.02 819.956
0.73 0.02 817.457
0.74 0.02 814.958
0.75 0.02 812.46
0.76 0.02 809.961
0.77 0.02 807.462
0.78 0.02 804.963
0.79 0.02 802.465
0.8 0.02 799.966
0.81 0.02 797.468
0.82 0.02 794.969
0.83 0.02 792.471
0.84 0.02 789.972
0.85 0.02 787.474
0.86 0.02 784.976
0.87 0.02 782.477
0.88 0.02 779.979
0.89 0.02 777.481
0.9 0.02 774.982
0.91 0.02 772.484
0.92 0.02 769.986
0.93 0.02 767.488
0.94 0.02 764.989
0.95 0.02 762.491
0.96 0.02 759.993
0.97 0.02 757.495
0.98 0.02 754.996
0.99 0.02 752.498
1 0.02 750
1.01 0.02 747.502
1.02 0.02 745.004
1.03 0.02 742.505
1.04 0.02 740.007
1.05 0.02 737.509
1.06 0.02 735.011
1.07 0.02 732.512
1.08 0.02 730.014
1.09 0.02 727.516
1.1 0.02 725.018
1.11 0.02 722.519
1.12 0.02 720.021
1.13 0.02 717.523
1.14 0.02 715.024
1.15 0.02 712.526
1.16 0.02 710.028
1.17 0.02 707.529
1.18 0.02 705.031
1.19 0.02 702.532
1.2 0.02 700.034
1.21 0.02 697.535
1.22 0.02 695.037
1.23 0.02 692.538
1.24 0.02 690.039
1.25 0.02 687.54
1.26 0.02 685.042
1.27 0.02 682.543
1.28 0.02 680.044
1.29 0.02 677.545
1.3 0.02 675.046
1.31 0.02 672.547
1.32 0.02 670.048
1.33 0.02 667.549
1.34 0.02 665.05
1.35 0.02 662.551
1.36 0.02 660.052
1.37 0.02 657.553
1.38 0.02 655.053
1.39 0.02 652.554
1.4 0.02 650.054
1.41 0.02 647.555
1.42 0.02 645.055
1.43 0.02 642.556
1.44 0.02 640.056
1.45 0.02 637.557
1.46 0.02 635.057
1.47 0.02 632.557
1.48 0.02 630.057
1.49 0.02 627.557
1.5 0.02 625.057
1.51 0.02 622.557
1.52 0.02 620.057
1.53 0.02 617.557
1.54 0.02 615.057
1.55 0.02 612.557
1.56 0.02 610.056
1.57 0.02 607.556
1.58 0.02 605.055
1.59 0.02 602.555
1.6 0.02 600.054
1.61 0.02 597.554
1.62 0.02 595.053
1.63 0.02 592.553
1.64 0.02 590.052
1.65 0.02 587.551
1.66 0.02 585.05
1.67 0.02 582.549
1.68 0.02 580.048
1.69 0.02 577.547
1.7 0.02 575.046
1.71 0.02 572.545
1.72 0.02 570.044
1.73 0.02 567.543
1.74 0.02 565.042
1.75 0.02 562.54
1.76 0.02 560.039
1.77 0.02 557.538
1.78 0.02 555.037
1.79 0.02 552.535
1.8 0.02 550.034
1.81 0.02 547.532
1.82 0.02 545.031
1.83 0.02 542.529
1.84 0.02 540.028
1.85 0.02 537.526
1.86 0.02 535.024
1.87 0.02 532.523
1.88 0.02 530.021
1.89 0.02 527.519
1.9 0.02 525.018
1.91 0.02 522.516
1.92 0.02 520.014
1.93 0.02 517.512
1.94 0.02 515.011
1.95 0.02 512.509
1.96 0.02 510.007
1.97 0.02 507.505
1.98 0.02 505.004
1.99 0.02 502.502
2 0.02 500

0 0.03 1000
0.01 0.03 997.498
0.02 0.03 994.996
0.03 0.03 992.495
0.04 0.03 989.993
0.05 0.03 987.491
0.06 0.03 984.989
0.07 0.03 982.488
0.08 0.03 979.986
0.09 0.03 977.484
0.1 0.03 974.982
0.11 0.03 972.481
0.12 0.03 969.979
0.13 0.03 967.477
0.14 0.03 964.976
0.15 0.03 962.474
0.16 0.03 959.972
0.17 0.03 957.471
0.18 0.03 954.969
0.19 0.03 952.468
0.2 0.03 949.966
0.21 0.03 947.465
0.22 0.03 944.964
0.23 0.03 942.462
0.24 0.03 939.961
0.25 0.03 937.46
0.26 0.03 934.958
0.27 0.03 932.457
0.28 0.03 929.956
0.29 0.03 927.455
0.3 0.03 924.954
0.31 0.03 922.453
0.32 0.03 919.952
0.33 0.03 917.451
0.34 0.03 914.95
0.35 0.03 912.449
0.36 0.03 909.948
0.37 0.03 907.447
0.38 0.03 904.947
0.39 0.03 902.446
0.4 0.03 899.946
0.41 0.03 897.445
0.42 0.03 894.945
0.43 0.03 892.444
0.44 0.03 889.944
0.45 0.03 887.443
0.46 0.03 884.943
0.47 0.03 882.443
0.48 0.03 879.943
0.49 0.03 877.443
0.5 0.03 874.943
0.51 0.03 872.443
0.52 0.03 869.943
0.53 0.03 867.443
0.54 0.03 864.943
0.55 0.03 862.443
0.56 0.03 859.944
0.57 0.03 857.444
0.58 0.03 854.945
0.59 0.03 852.445
0.6 0.03 849.946
0.61 0.03 847.446
0.62 0.03 844.947
0.63 0.03 842.447
0.64 0.03 839.948
0.65 0.03 837.449
0.66 0.03 834.95
0.67 0.03 832.451
0.68 0.03 829.952
0.69 0.03 827.453
0.7 0.03 824.954
0.71 0.03 822.455
0.72 0.03 819.956
0.73 0.03 817.457
0.74 0.03 814.958
0.75 0.03 812.46
0.76 0.03 809.961
0.77 0.03 807.462
0.78 0.03 804.964
0.79 0.03 802.465
0.8 0.03 799.966
0.81 0.03 797.468
0.82 0.03 794.969
0.83 0.03 792.471
0.84 0.03 789.972
0.85 0.03 787.474
0.86 0.03 784.976
0.87 0.03 782.477
0.88 0.03 779.979
0.89 0.03 777.481
0.9 0.03 774.982
0.91 0.03 772.484
0.92 0.03 769.986
0.93 0.03 767.488
0.94 0.03 764.989
0.95 0.03 762.491
0.96 0.03 759.993
0.97 0.03 757.495
0.98 0.03 754.996
0.99 0.03 752.498
1 0.03 750
1.01 0.03 747.502
1.02 0.03 745.004
1.03 0.03 742.505
1.04 0.03 740.007
1.05 0.03 737.509
1.06 0.03 735.011
1.07 0.03 732.512
1.08 0.03 730.014
1.09 0.03 727.516
1.1 0.03 725.018
1.11 0.03 722.519
1.12 0.03 720.021
1.13 0.03 717.523
1.14 0.03 715.024
1.15 0.03 712.526
1.16 0.03 710.028
1.17 0.03 707.529
1.18 0.03 705.031
1.19 0.03 702.532
1.2 0.03 700.034
1.21 0.03 697.535
1.22 0.03 695.036
1.23 0.03 692.538
1.24 0.03 690.039
1.25 0.03 687.54
1.26 0.03 685.042
1.27 0.03 682.543
1.28 0.03 680.044
1.29 0.03 677.545
1.3 0.03 675.046
1.31 0.03 672.547
1.32 0.03 670.048
1.33 0.03 667.549
1.34 0.03 665.05
1.35 0.03 662.551
1.36 0.03 660.052
1.37 0.03 657.553
1.38 0.03 655.053
1.39 0.03 652.554
1.4 0.03 650.054
1.41 0.03 647.555
1.42 0.03 645.055
1.43 0.03 642.556
1.44 0.03 640.056
1.45 0.03 637.557
1.46 0.03 635.057
1.47 0.03 632.557
1.48 0.03 630.057
1.49 0.03 627.557
1.5 0.03 625.057
1.51 0.03 622.557
1.52 0.03 620.057
1.53 0.03 617.557
1.54 0.03 615.057
1.55 0.03 612.557
1.56 0.03 610.056
1.57 0.03 607.556
1.58 0.03 605.055
1.59 0.03 602.555
1.6 0.03 600.054
1.61 0.03 597.554
1.62 0.03 595.053
1.63 0.03 592.553
1.64 0.03 590.052
1.65 0.03 587.551
1.66 0.03 585.05
1.67 0.03 582.549
1.68 0.03 580.048
1.69 0.03 577.547
1.7 0.03 575.046
1.71 0.03 572.545
1.72 0.03 570.044
1.73 0.03 567.543
1.74 0.03 565.042
1.75 0.03 562.54
1.76 0.03 560.039
1.77 0.03 557.538
1.78 0.03 555.036
1.79 0.03 552.535
1.8 0.03 550.034
1.81 0.03 547.532
1.82 0.03 545.031
1.83 0.03 542.529
1.84 0.03 540.028
1.85 0.03 537.526
1.86 0.03 535.024
1.87 0.03 532.523
1.88 0.03 530.021
1.89 0.03 527.519
1.9 0.03 525.018
1.91 0.03 522.516
1.92 0.03 520.014
1.93 0.03 517.512
1.94 0.03 515.011
1.95 0.03 512.509
1.96 0.03 510.007
1.97 0.03 507.505
1.98 0.03 505.004
1.99 0.03 502.502
2 0.03 500

0 0.04 1000
0.01 0.04 997.498
0.02 0.04 994.996
0.03 0.04 992.495
0.04 0.04 989.993
0.05 0.04 987.491
0.06 0.04 984.989
0.07 0.04 982.488
0.08 0.04 979.986
0.09 0.04 977.484
0.1 0.04 974.982
0.11 0.04 972.481
0.12 0.04 969.979
0.13 0.04 967.477
0.14 0.04 964.976
0.15 0.04 962.474
0.16 0.04 959.972
0.17 0.04 957.471
0.18 0.04 954.969
0.19 0.04 952.468
0.2 0.04 949.966
0.21 0.04 947.465
0.22 0.04 944.964
0.23 0.04 942.462
0.24 0.04 939.961
0.25 0.04 937.46
0.26 0.04 934.958
0.27 0.04 932.457
0.28 0.04 929.956
0.29 0.04 927.455
0.3 0.04 924.954
0.31 0.04 922.453
0.32 0.04 919.952
0.33 0.04 917.451
0.34 0.04 914.95
0.35 0.04 912.449
0.36 0.04 909.948
0.37 0.04 907.447
0.38 0.04 904.947
0.39 0.04 902.446
0.4 0.04 899.946
0.41 0.04 897.445
0.42 0.04 894.945
0.43 0.04 892.444
0.44 0.04 889.944
0.45 0.04 887.443
0.46 0.04 884.943
0.47 0.04 882.443
0.48 0.04 879.943
0.49 0.04 877.443
0.5 0.04 874.943
0.51 0.04 872.443
0.52 0.04 869.943
0.53 0.04 867.443
0.54 0.04 864.943
0.55 0.04 862.443
0.56 0.04 859.944
0.57 0.04 857.444
0.58 0.04 854.945
0.59 0.04 852.445
0.6 0.04 849.946
0.61 0.04 847.446
0.62 0.04 844.947
0.63 0.04 842.447
0.64 0.04 839.948
0.65 0.04 837.449
0.66 0.04 834.95
0.67 0.04 832.451
0.68 0.04 829.952
0.69 0.04 827.453
0.7 0.04 824.954
0.71 0.04 822.455
0.72 0.04 819.956
0.73 0.04 817.457
0.74 0.04 814.958
0.75 0.04 812.46
0.76 0.04 809.961
0.77 0.04 807.462
0.78 0.04 804.964
0.79 0.04 802.465
0.8 0.04 799.966
0.81 0.04 797.468
0.82 0.04 794.969
0.83 0.04 792.471
0.84 0.04 789.972
0.85 0.04 787.474
0.86 0.04 784.976
0.87 0.04 782.477
0.88 0.04 779.979
0.89 0.04 777.481
0.9 0.04 774.982
0.91 0.04 772.484
0.92 0.04 769.986
0.93 0.04 767.488
0.94 0.04 764.989
0.95 0.04 762.491
0.96 0.04 759.993
0.97 0.04 757.495
0.98 0.04 754.996
0.99 0.04 752.498
1 0.04 750
1.01 0.04 747.502
1.02 0.04 745.004
1.03 0.04 742.505
1.04 0.04 740.007
1.05 0.04 737.509
1.06 0.04 735.011
1.07 0.04 732.512
1.08 0.04 730.014
1.09 0.04 727.516
1.1 0.04 725.018
1.11 0.04 722.519
1.12 0.04 720.021
1.13 0.04 717.523
1.14 0.04 715.024
1.15 0.04 712.526
1.16 0.04 710.028
1.17 0.04 707.529
1.18 0.04 705.031
1.19 0.04 702.532
1.2 0.04 700.034
1.21 0.04 697.535
1.22 0.04 695.036
1.23 0.04 692.538
1.24 0.04 690.039
1.25 0.04 687.54
1.26 0.04 685.042
1.27 0.04 682.543
1.28 0.04 680.044
1.29 0.04 677.545
1.3 0.04 675.046
1.31 0.04 672.547
1.32 0.04 670.048
1.33 0.04 667.549
1.34 0.04 665.05
1.35 0.04 662.551
1.36 0.04 660.052
1.37 0.04 657.553
1.38 0.04 655.053
1.39 0.04 652.554
1.4 0.04 650.054
1.41 0.04 647.555
1.42 0.04 645.055
1.43 0.04 642.556
1.44 0.04 640.056
1.45 0.04 637.557
1.46 0.04 635.057
1.47 0.04 632.557
1.48 0.04 630.057
1.49 0.04 627.557
1.5 0.04 625.057
1.51 0.04 622.557
1.52 0.04 620.057
1.53 0.04 617.557
1.54 0.04 615.057
1.55 0.04 612.557
1.56 0.04 610.056
1.57 0.04 607.556
1.58 0.04 605.055
1.59 0.04 602.555
1.6 0.04 600.054
1.61 0.04 597.554
1.62 0.04 595.053
1.63 0.04 592.553
1.64 0.04 590.052
1.65 0.04 587.551
1.66 0.04 585.05
1.67 0.04 582.549
1.68 0.04 580.048
1.69 0.04 577.547
1.7 0.04 575.046
1.71 0.04 572.545
1.72 0.04 570.044
1.73 0.04 567.543
1.74 0.04 565.042
1.75 0.04 562.54
1.76 0.04 560.039
1.77 0.04 557.538
1.78 0.04 555.036
1.79 0.04 552.535
1.8 0.04 550.034
1.81 0.04 547.532
1.82 0.04 545.031
1.83 0.04 542.529
1.84 0.04 540.028
1.85 0.04 537.526
1.86 0.04 535.024
1.87 0.04 532.523
1.88 0.04 530.021
1.89 0.04 527.519
1.9 0.04 525.018
1.91 0.04 522.516
1.92 0.04 520.014
1.93 0.04 517.512
1.94 0.04 515.011
1.95 0.04 512.509
1.96 0.04 510.007
1.97 0.04 507.505
1.98 0.04 505.004
1.99 0.04 502.502
2 0.04 500

0 0.05 1000
0.01 0.05 997.498
0.02 0.05 994.996
0.03 0.05 992.495
0.04 0.05 989.993
0.05 0.05 987.491
0.06 0.05 984.989
0.07 0.05 982.488
0.08 0.05 979.986
0.09 0.05 977.484
0.1 0.05 974.982
0.11 0.05 972.481
0.12 0.05 969.979
0.13 0.05 967.477
0.14 0.05 964.976
0.15 0.05 962.474
0.16 0.05 959.972
0.17 0.05 957.471
0.18 0.05 954.969
0.19 0.05 952.468
0.2 0.05 949.966
0.21 0.05 947.465
0.22 0.05 944.964
0.23 0.05 942.462
0.24 0.05 939.961
0.25 0.05 937.46
0.26 0.05 934.958
0.27 0.05 932.457
0.28 0.05 929.956
0.29 0.05 927.455
0.3 0.05 924.954
0.31 0.05 922.453
0.32 0.05 919.952
0.33 0.05 917.451
0.34 0.05 914.95
0.35 0.05 912.449
0.36 0.05 909.948
0.37 0.05 907.447
0.38 0.05 904.947
0.39 0.05 902.446
0.4 0.05 899.946
0.41 0.05 897.445
0.42 0.05 894.945
0.43 0.05 892.444
0.44 0.05 889.944
0.45 0.05 887.443
0.46 0.05 884.943
0.47 0.05 882.443
0.48 0.05 879.943
0.49 0.05 877.443
0.5 0.05 874.943
0.51 0.05 872.443
0.52 0.05 869.943
0.53 0.05 867.443
0.54 0.05 864.943
0.55 0.05 862.443
0.56 0.05 859.944
0.57 0.05 857.444
0.58 0.05 854.945
0.59 0.05 852.445
0.6 0.05 849.946
0.61 0.05 847.446
0.62 0.05 844.947
0.63 0.05 842.447
0.64 0.05 839.948
0.65 0.05 837.449
0.66 0.05 834.95
0.67 0.05 832.451
0.68 0.05 829.952
0.69 0.05 827.453
0.7 0.05 824.954
0.71 0.05 822.455
0.72 0.05 819.956
0.73 0.05 817.457
0.74 0.05 814.958
0.75 0.05 812.46
0.76 0.05 809.961
0.77 0.05 807.462
0.78 0.05 804.964
0.79 0.05 802.465
0.8 0.05 799.966
0.81 0.05 797.468
0.82 0.05 794.969
0.83 0.05 792.471
0.84 0.05 789.972
0.85 0.05 787.474
0.86 0.05 784.976
0.87 0.05 782.477
0.88 0.05 779.979
0.89 0.05 777.481
0.9 0.05 774.982
0.91 0.05 772.484
0.92 0.05 769.986
0.93 0.05 767.488
0.94 0.05 764.989
0.95 0.05 762.491
0.96 0.05 759.993
0.97 0.05 757.495
0.98 0.05 754.996
0.99 0.05 752.498
1 0.05 750
1.01 0.05 747.502
1.02 0.05 745.004
1.03 0.05 742.505
1.04 0.05 740.007
1.05 0.05 737.509
1.06 0.05 735.011
1.07 0.05 732.512
1.08 0.05 730.014
1.09 0.05 727.516
1.1 0.05 725.018
1.11 0.05 722.519
1.12 0.05 720.021
1.13 0.05 717.523
1.14 0.05 715.024
1.15 0.05 712.526
1.16 0.05 710.028
1.17 0.05 707.529
1.18 0.05 705.031
1.19 0.05 702.532
1.2 0.05 700.034
1.21 0.05 697.535
1.22 0.05 695.036
1.23 0.05 692.538
1.24 0.05 690.039
1.25 0.05 687.54
1.26 0.05 685.042
1.27 0.05 682.543
1.28 0.05 680.044
1.29 0.05 677.545
1.3 0.05 675.046
1.31 0.05 672.547
1.32 0.05 670.048
1.33 0.05 667.549
1.34 0.05 665.05
1.35 0.05 662.551
1.36 0.05 660.052
1.37 0.05 657.553
1.38 0.05 655.053
1.39 0.05 652.554
1.4 0.05 650.054
1.41 0.05 647.555
1.42 0.05 645.055
1.43 0.05 642.556
1.44 0.05 640.056
1.45 0.05 637.557
1.46 0.05 635.057
1.47 0.05 632.557
1.48 0.05 630.057
1.49 0.05 627.557
1.5 0.05 625.057
1.51 0.05 622.557
1.52 0.05 620.057
1.53 0.05 617.557
1.54 0.05 615.057
1.55 0.05 612.557
1.56 0.05 610.056
1.57 0.05 607.556
1.58 0.05 605.055
1.59 0.05 602.555
1.6 0.05 600.054
1.61 0.05 597.554
1.62 0.05 595.053
1.63 0.05 592.553
1.64 0.05 590.052
1.65 0.05 587.551
1.66 0.05 585.05
1.67 0.05 582.549
1.68 0.05 580.048
1.69 0.05 577.547
1.7 0.05 575.046
1.71 0.05 572.545
1.72 0.05 570.044
1.73 0.05 567.543
1.74 0.05 565.042
1.75 0.05 562.54
1.76 0.05 560.039
1.77 0.05 557.538
1.78 0.05 555.036
1.79 0.05 552.535
1.8 0.05 550.034
1.81 0.05 547.532
1.82 0.05 545.031
1.83 0.05 542.529
1.84 0.05 540.028
1.85 0.05 537.526
1.86 0.05 535.024
1.87 0.05 532.523
1.88 0.05 530.021
1.89 0.05 527.519
1.9 0.05 525.018
1.91 0.05 522.516
1.92 0.05 520.014
1.93 0.05 517.512
1.94 0.05 515.011
1.95 0.05 512.509
1.96 0.05 510.007
1.97 0.05 507.505
1.98 0.05 505.004
1.99 0.05 502.502
2 0.05 500

0 0.06 1000
0.01 0.06 997.498
0.02 0.06 994.996
0.03 0.06 992.495
0.04 0.06 989.993
0.05 0.06 987.491
0.06 0.06 984.989
0.07 0.06 982.488
0.08 0.06 979.986
0.09 0.06 977.484
0.1 0.06 974.982
0.11 0.06 972.481
0.12 0.06 969.979
0.13 0.06 967.477
0.14 0.06 964.976
0.15 0.06 962.474
0.16 0.06 959.972
0.17 0.06 957.471
0.18 0.06 954.969
0.19 0.06 952.468
0.2 0.06 949.966
0.21 0.06 947.465
0.22 0.06 944.964
0.23 0.06 942.462
0.24 0.06 939.961
0.25 0.06 937.46
0.26 0.06 934.958
0.27 0.06 932.457
0.28 0.06 929.956
0.29 0.06 927.455
0.3 0.06 924.954
0.31 0.06 922.453
0.32 0.06 919.952
0.33 0.06 917.451
0.34 0.06 914.95
0.35 0.06 912.449
0.36 0.06 909.948
0.37 0.06 907.447
0.38 0.06 904.947
0.39 0.06 902.446
0.4 0.06 899.946
0.41 0.06 897.445
0.42 0.06 894.945
0.43 0.06 892.444
0.44 0.06 889.944
0.45 0.06 887.443
0.46 0.06 884.943
0.47 0.06 882.443
0.48 0.06 879.943
0.49 0.06 877.443
0.5 0.06 874.943
0.51 0.06 872.443
0.52 0.06 869.943
0.53 0.06 867.443
0.54 0.06 864.943
0.55 0.06 862.443
0.56 0.06 859.944
0.57 0.06 857.444
0.58 0.06 854.945
0.59 0.06 852.445
0.6 0.06 849.946
0.61 0.06 847.446
0.62 0.06 844.947
0.63 0.06 842.447
0.64 0.06 839.948
0.65 0.06 837.449
0.66 0.06 834.95
0.67 0.06 832.451
0.68 0.06 829.952
0.69 0.06 827.453
0.7 0.06 824.954
0.71 0.06 822.455
0.72 0.06 819.956
0.73 0.06 817.457
0.74 0.06 814.958
0.75 0.06 812.46
0.76 0.06 809.961
0.77 0.06 807.462
0.78 0.06 804.964
0.79 0.06 802.465
0.8 0.06 799.966
0.81 0.06 797.468
0.82 0.06 794.969
0.83 0.06 792.471
0.84 0.06 789.972
0.85 0.06 787.474
0.86 0.06 784.976
0.87 0.06 782.477
0.88 0.06 779.979
0.89 0.06 777.481
0.9 0.06 774.982
0.91 0.06 772.484
0.92 0.06 769.986
0.93 0.06 767.488
0.94 0.06 764.989
0.95 0.06 762.491
0.96 0.06 759.993
0.97 0.06 757.495
0.98 0.06 754.996
0.99 0.06 752.498
1 0.06 750
1.01 0.06 747.502
1.02 0.06 745.004
1.03 0.06 742.505
1.04 0.06 740.007
1.05 0.06 737.509
1.06 0.06 735.011
1.07 0.06 732.512
1.08 0.06 730.014
1.09 0.06 727.516
1.1 0.06 725.018
1.11 0.06 722.519
1.12 0.06 720.021
1.13 0.06 717.523
1.14 0.06 715.024
1.15 0.06 712.526
1.16 0.06 710.028
1.17 0.06 707.529
1.18 0.06 705.031
1.19 0.06 702.532
1.2 0.06 700.034
1.21 0.06 697.535
1.22 0.06 695.036
1.23 0.06 692.538
1.24 0.06 690.039
1.25 0.06 687.54
1.26 0.06 685.042
1.27 0.06 682.543
1.28 0.06 680.044
1.29 0.06 677.545
1.3 0.06 675.046
1.31 0.06 672.547
1.32 0.06 670.048
1.33 0.06 667.549
1.34 0.06 665.05
1.35 0.06 662.551
1.36 0.06 660.052
1.37 0.06 657.553
1.38 0.06 655.053
1.39 0.06 652.554
1.4 0.06 650.054
1.41 0.06 647.555
1.42 0.06 645.055
1.43 0.06 642.556
1.44 0.06 640.056
1.45 0.06 637.557
1.46 0.06 635.057
1.47 0.06 632.557
1.48 0.06 630.057
1.49 0.06 627.557
1.5 0.06 625.057
1.51 0.06 622.557
1.52 0.06 620.057
1.53 0.06 617.557
1.54 0.06 615.057
1.55 0.06 612.557
1.56 0.06 610.056
1.57 0.06 607.556
1.58 0.06 605.055
1.59 0.06 602.555
1.6 0.06 600.054
1.61 0.06 597.554
1.62 0.06 595.053
1.63 0.06 592.553
1.64 0.06 590.052
1.65 0.06 587.551
1.66 0.06 585.05
1.67 0.06 582.549
1.68 0.06 580.048
1.69 0.06 577.547
1.7 0.06 575.046
1.71 0.06 572.545
1.72 0.06 570.044
1.73 0.06 567.543
1.74 0.06 565.042
1.75 0.06 562.54
1.76 0.06 560.039
1.77 0.06 557.538
1.78 0.06 555.036
1.79 0.06 552.535
1.8 0.06 550.034
1.81 0.06 547.532
1.82 0.06 545.031
1.83 0.06 542.529
1.84 0.06 540.028
1.85 0.06 537.526
1.86 0.06 535.024
1.87 0.06 532.523
1.88 0.06 530.021
1.89 0.06 527.519
1.9 0.06 525.018
1.91 0.06 522.516
1.92 0.06 520.014
1.93 0.06 517.512
1.94 0.06 515.011
1.95 0.06 512.509
1.96 0.06 510.007
1.97 0.06 507.505
1.98 0.06 505.004
1.99 0.06 502.502
2 0.06 500

0 0.07 1000
0.01 0.07 997.498
0.02 0.07 994.996
0.03 0.07 992.495
0.04 0.07 989.993
0.05 0.07 987.491
0.06 0.07 984.989
0.07 0.07 982.488
0.08 0.07 979.986
0.09 0.07 977.484
0.1 0.07 974.982
0.11 0.07 972.481
0.12 0.07 969.979
0.13 0.07 967.477
0.14 0.07 964.976
0.15 0.07 962.474
0.16 0.07 959.972
0.17 0.07 957.471
0.18 0.07 954.969
0.19 0.07 952.468
0.2 0.07 949.966
0.21 0.07 947.465
0.22 0.07 944.964
0.23 0.07 942.462
0.24 0.07 939.961
0.25 0.07 937.46
0.26 0.07 934.958
0.27 0.07 932.457
0.28 0.07 929.956
0.29 0.07 927.455
0.3 0.07 924.954
0.31 0.07 922.453
0.32 0.07 919.952
0.33 0.07 917.451
0.34 0.07 914.95
0.35 0.07 912.449
0.36 0.07 909.948
0.37 0.07 907.447
0.38 0.07 904.947
0.39 0.07 902.446
0.4 0.07 899.946
0.41 0.07 897.445
0.42 0.07 894.945
0.43 0.07 892.444
0.44 0.07 889.944
0.45 0.07 887.443
0.46 0.07 884.943
0.47 0.07 882.443
0.48 0.07 879.943
0.49 0.07 877.443
0.5 0.07 874.943
0.51 0.07 872.443
0.52 0.07 869.943
0.53 0.07 867.443
0.54 0.07 864.943
0.55 0.07 862.443
0.56 0.07 859.944
0.57 0.07 857.444
0.58 0.07 854.945
0.59 0.07 852.445
0.6 0.07 849.946
0.61 0.07 847.446
0.62 0.07 844.947
0.63 0.07 842.447
0.64 0.07 839.948
0.65 0.07 837.449
0.66 0.07 834.95
0.67 0.07 832.451
0.68 0.07 829.952
0.69 0.07 827.453
0.7 0.07 824.954
0.71 0.07 822.455
0.72 0.07 819.956
0.73 0.07 817.457
0.74 0.07 814.958
0.75 0.07 812.46
0.76 0.07 809.961
0.77 0.07 807.462
0.78 0.07 804.964
0.79 0.07 802.465
0.8 0.07 799.966
0.81 0.07 797.468
0.82 0.07 794.969
0.83 0.07 792.471
0.84 0.07 789.972
0.85 0.07 787.474
0.86 0.07 784.976
0.87 0.07 782.477
0.88 0.07 779.979
0.89 0.07 777.481
0.9 0.07 774.982
0.91 0.07 772.484
0.92 0.07 769.986
0.93 0.07 767.488
0.94 0.07 764.989
0.95 0.07 762.491
0.96 0.07 759.993
0.97 0.07 757.495
0.98 0.07 754.996
0.99 0.07 752.498
1 0.07 750
1.01 0.07 747.502
1.02 0.07 745.004
1.03 0.07 742.505
1.04 0.07 740.007
1.05 0.07 737.509
1.06 0.07 735.011
1.07 0.07 732.512
1.08 0.07 730.014
1.09 0.07 727.516
1.1 0.07 725.018
1.11 0.07 722.519
1.12 0.07 720.021
1.13 0.07 717.523
1.14 0.07 715.024
1.15 0.07 712.526
1.16 0.07 710.028
1.17 0.07 707.529
1.18 0.07 705.031
1.19 0.07 702.532
1.2 0.07 700.034
1.21 0.07 697.535
1.22 0.07 695.036
1.23 0.07 692.538
1.24 0.07 690.039
1.25 0.07 687.54
1.26 0.07 685.042
1.27 0.07 682.543
1.28 0.07 680.044
1.29 0.07 677.545
1.3 0.07 675.046
1.31 0.07 672.547
1.32 0.07 670.048
1.33 0.07 667.549
1.34 0.07 665.05
1.35 0.07 662.551
1.36 0.07 660.052
1.37 0.07 657.553
1.38 0.07 655.053
1.39 0.07 652.554
1.4 0.07 650.054
1.41 0.07 647.555
1.42 0.07 645.055
1.43 0.07 642.556
1.44 0.07 640.056
1.45 0.07 637.557
1.46 0.07 635.057
1.47 0.07 632.557
1.48 0.07 630.057
1.49 0.07 627.557
1.5 0.07 625.057
1.51 0.07 622.557
1.52 0.07 620.057
1.53 0.07 617.557
1.54 0.07 615.057
1.55 0.07 612.557
1.56 0.07 610.056
1.57 0.07 607.556
1.58 0.07 605.055
1.59 0.07 602.555
1.6 0.07 600.054
1.61 0.07 597.554
1.62 0.07 595.053
1.63 0.07 592.553
1.64 0.07 590.052
1.65 0.07 587.551
1.66 0.07 585.05
1.67 0.07 582.549
1.68 0.07 580.048
1.69 0.07 577.547
1.7 0.07 575.046
1.71 0.07 572.545
1.72 0.07 570.044
1.73 0.07 567.543
1.74 0.07 565.042
1.75 0.07 562.54
1.76 0.07 560.039
1.77 0.07 557.538
1.78 0.07 555.036
1.79 0.07 552.535
1.8 0.07 550.034
1.81 0.07 547.532
1.82 0.07 545.031
1.83 0.07 542.529
1.84 0.07 540.028
1.85 0.07 537.526
1.86 0.07 535.024
1.87 0.07 532.523
1.88 0.07 530.021
1.89 0.07 527.519
1.9 0.07 525.018
1.91 0.07 522.516
1.92 0.07 520.014
1.93 0.07 517.512
1.94 0.07 515.011
1.95 0.07 512.509
1.96 0.07 510.007
1.97 0.07 507.505
1.98 0.07 505.004
1.99 0.07 502.502
2 0.07 500

0 0.08 1000
0.01 0.08 997.498
0.02 0.08 994.996
0.03 0.08 992.495
0.04 0.08 989.993
0.05 0.08 987.491
0.06 0.08 984.989
0.07 0.08 982.488
0.08 0.08 979.986
0.09 0.08 977.484
0.1 0.08 974.982
0.11 0.08 972.481
0.12 0.08 969.979
0.13 0.08 967.477
0.14 0.08 964.976
0.15 0.08 962.474
0.16 0.08 959.972
0.17 0.08 957.471
0.18 0.08 954.969
0.19 0.08 952.468
0.2 0.08 949.966
0.21 0.08 947.465
0.22 0.08 944.964
0.23 0.08 942.462
0.24 0.08 939.961
0.25 0.08 937.46
0.26 0.08 934.958
0.27 0.08 932.457
0.28 0.08 929.956
0.29 0.08 927.455
0.3 0.08 924.954
0.31 0.08 922.453
0.32 0.08 919.952
0.33 0.08 917.451
0.34 0.08 914.95
0.35 0.08 912.449
0.36 0.08 909.948
0.37 0.08 907.447
0.38 0.08 904.947
0.39 0.08 902.446
0.4 0.08 899.946
0.41 0.08 897.445
0.42 0.08 894.945
0.43 0.08 892.444
0.44 0.08 889.944
0.45 0.08 887.443
0.46 0.08 884.943
0.47 0.08 882.443
0.48 0.08 879.943
0.49 0.08 877.443
0.5 0.08 874.943
0.51 0.08 872.443
0.52 0.08 869.943
0.53 0.08 867.443
0.54 0.08 864.943
0.55 0.08 862.443
0.56 0.08 859.944
0.57 0.08 857.444
0.58 0.08 854.945
0.59 0.08 852.445
0.6 0.08 849.946
0.61 0.08 847.446
0.62 0.08 844.947
0.63 0.08 842.447
0.64 0.08 839.948
0.65 0.08 837.449
0.66 0.08 834.95
0.67 0.08 832.451
0.68 0.08 829.952
0.69 0.08 827.453
0.7 0.08 824.954
0.71 0.08 822.455
0.72 0.08 819.956
0.73 0.08 817.457
0.74 0.08 814.958
0.75 0.08 812.46
0.76 0.08 809.961
0.77 0.08 807.462
0.78 0.08 804.964
0.79 0.08 802.465
0.8 0.08 799.966
0.81 0.08 797.468
0.82 0.08 794.969
0.83 0.08 792.471
0.84 0.08 789.972
0.85 0.08 787.474
0.86 0.08 784.976
0.87 0.08 782.477
0.88 0.08 779.979
0.89 0.08 777.481
0.9 0.08 774.982
0.91 0.08 772.484
0.92 0.08 769.986
0.93 0.08 767.488
0.94 0.08 764.989
0.95 0.08 762.491
0.96 0.08 759.993
0.97 0.08 757.495
0.98 0.08 754.996
0.99 0.08 752.498
1 0.08 750
1.01 0.08 747.502
1.02 0.08 745.004
1.03 0.08 742.505
1.04 0.08 740.007
1.05 0.08 737.509
1.06 0.08 735.011
1.07 0.08 732.512
1.08 0.08 730.014
1.09 0.08 727.516
1.1 0.08 725.018
1.11 0.08 722.519
1.12 0.08 720.021
1.13 0.08 717.523
1.14 0.08 715.024
1.15 0.08 712.526
1.16 0.08 710.028
1.17 0.08 707.529
1.18 0.08 705.031
1.19 0.08 702.532
1.2 0.08 700.034
1.21 0.08 697.535
1.22 0.08 695.036
1.23 0.08 692.538
1.24 0.08 690.039
1.25 0.08 687.54
1.26 0.08 685.042
1.27 0.08 682.543
1.28 0.08 680.044
1.29 0.08 677.545
1.3 0.08 675.046
1.31 0.08 672.547
1.32 0.08 670.048
1.33 0.08 667.549
1.34 0.08 665.05
1.35 0.08 662.551
1.36 0.08 660.052
1.37 0.08 657.553
1.38 0.08 655.053
1.39 0.08 652.554
1.4 0.08 650.054
1.41 0.08 647.555
1.42 0.08 645.055
1.43 0.08 642.556
1.44 0.08 640.056
1.45 0.08 637.557
1.46 0.08 635.057
1.47 0.08 632.557
1.48 0.08 630.057
1.49 0.08 627.557
1.5 0.08 625.057
1.51 0.08 622.557
1.52 0.08 620.057
1.53 0.08 617.557
1.54 0.08 615.057
1.55 0.08 612.557
1.56 0.08 610.056
1.57 0.08 607.556
1.58 0.08 605.055
1.59 0.08 602.555
1.6 0.08 600.054
1.61 0.08 597.554
1.62 0.08 595.053
1.63 0.08 592.553
1.64 0.08 590.052
1.65 0.08 587.551
1.66 0.08 585.05
1.67 0.08 582.549
1.68 0.08 580.048
1.69 0.08 577.547
1.7 0.08 575.046
1.71 0.08 572.545
1.72 0.08 570.044
1.73 0.08 567.543
1.74 0.08 565.042
1.75 0.08 562.54
1.76 0.08 560.039
1.77 0.08 557.538
1.78 0.08 555.036
1.79 0.08 552.535
1.8 0.08 550.034
1.81 0.08 547.532
1.82 0.08 545.031
1.83 0.08 542.529
1.84 0.08 540.028
1.85 0.08 537.526
1.86 0.08 535.024
1.87 0.08 532.523
1.88 0.08 530.021
1.89 0.08 527.519
1.9 0.08 525.018
1.91 0.08 522.516
1.92 0.08 520.014
1.93 0.08 517.512
1.94 0.08 515.011
1.95 0.08 512.509
1.96 0.08 510.007
1.97 0.08 507.505
1.98 0.08 505.004
1.99 0.08 502.502
2 0.08 500

0 0.09 1000
0.01 0.09 997.498
0.02 0.09 994.996
0.03 0.09 992.495
0.04 0.09 989.993
0.05 0.09 987.491
0.06 0.09 984.989
0.07 0.09 982.488
0.08 0.09 979.986
0.09 0.09 977.484
0.1 0.09 974.982
0.11 0.09 972.481
0.12 0.09 969.979
0.13 0.09 967.477
0.14 0.09 964.976
0.15 0.09 962.474
0.16 0.09 959.972
0.17 0.09 957.471
0.18 0.09 954.969
0.19 0.09 952.468
0.2 0.09 949.966
0.21 0.09 947.465
0.22 0.09 944.964
0.23 0.09 942.462
0.24 0.09 939.961
0.25 0.09 937.46
0.26 0.09 934.958
0.27 0.09 932.457
0.28 0.09 929.956
0.29 0.09 927.455
0.3 0.09 924.954
0.31 0.09 922.453
0.32 0.09 919.952
0.33 0.09 917.451
0.34 0.09 914.95
0.35 0.09 912.449
0.36 0.09 909.948
0.37 0.09 907.447
0.38 0.09 904.947
0.39 0.09 902.446
0.4 0.09 899.946
0.41 0.09 897.445
0.42 0.09 894.945
0.43 0.09 892.444
0.44 0.09 889.944
0.45 0.09 887.443
0.46 0.09 884.943
0.47 0.09 882.443
0.48 0.09 879.943
0.49 0.09 877.443
0.5 0.09 874.943
0.51 0.09 872.443
0.52 0.09 869.943
0.53 0.09 867.443
0.54 0.09 864.943
0.55 0.09 862.443
0.56 0.09 859.944
0.57 0.09 857.444
0.58 0.09 854.945
0.59 0.09 852.445
0.6 0.09 849.946
0.61 0.09 847.446
0.62 0.09 844.947
0.63 0.09 842.447
0.64 0.09 839.948
0.65 0.09 837.449
0.66 0.09 834.95
0.67 0.09 832.451
0.68 0.09 829.952
0.69 0.09 827.453
0.7 0.09 824.954
0.71 0.09 822.455
0.72 0.09 819.956
0.73 0.09 817.457
0.74 0.09 814.958
0.75 0.09 812.46
0.76 0.09 809.961
0.77 0.09 807.462
0.78 0.09 804.964
0.79 0.09 802.465
0.8 0.09 799.966
0.81 0.09 797.468
0.82 0.09 794.969
0.83 0.09 792.471
0.84 0.09 789.972
0.85 0.09 787.474
0.86 0.09 784.976
0.87 0.09 782.477
0.88 0.09 779.979
0.89 0.09 777.481
0.9 0.09 774.982
0.91 0.09 772.484
0.92 0.09 769.986
0.93 0.09 767.488
0.94 0.09 764.989
0.95 0.09 762.491
0.96 0.09 759.993
0.97 0.09 757.495
0.98 0.09 754.996
0.99 0.09 752.498
1 0.09 750
1.01 0.09 747.502
1.02 0.09 745.004
1.03 0.09 742.505
1.04 0.09 740.007
1.05 0.09 737.509
1.06 0.09 735.011
1.07 0.09 732.512
1.08 0.09 730.014
1.09 0.09 727.516
1.1 0.09 725.018
1.11 0.09 722.519
1.12 0.09 720.021
1.13 0.09 717.523
1.14 0.09 715.024
1.15 0.09 712.526
1.16 0.09 710.028
1.17 0.09 707.529
1.18 0.09 705.031
1.19 0.09 702.532
1.2 0.09 700.034
1.21 0.09 697.535
1.22 0.09 695.036
1.23 0.09 692.538
1.24 0.09 690.039
1.25 0.09 687.54
1.26 0.09 685.042
1.27 0.09 682.543
1.28 0.09 680.044
1.29 0.09 677.545
1.3 0.09 675.046
1.31 0.09 672.547
1.32 0.09 670.048
1.33 0.09 667.549
1.34 0.09 665.05
1.35 0.09 662.551
1.36 0.09 660.052
1.37 0.09 657.553
1.38 0.09 655.053
1.39 0.09 652.554
1.4 0.09 650.054
1.41 0.09 647.555
1.42 0.09 645.055
1.43 0.09 642.556
1.44 0.09 640.056
1.45 0.09 637.557
1.46 0.09 635.057
1.47 0.09 632.557
1.48 0.09 630.057
1.49 0.09 627.557
1.5 0.09 625.057
1.51 0.09 622.557
1.52 0.09 620.057
1.53 0.09 617.557
1.54 0.09 615.057
1.55 0.09 612.557
1.56 0.09 610.056
1.57 0.09 607.556
1.58 0.09 605.055
1.59 0.09 602.555
1.6 0.09 600.054
1.61 0.09 597.554
1.62 0.09 595.053
1.63 0.09 592.553
1.64 0.09 590.052
1.65 0.09 587.551
1.66 0.09 585.05
1.67 0.09 582.549
1.68 0.09 580.048
1.69 0.09 577.547
1.7 0.09 575.046
1.71 0.09 572.545
1.72 0.09 570.044
1.73 0.09 567.543
1.74 0.09 565.042
1.75 0.09 562.54
1.76 0.09 560.039
1.77 0.09 557.538
1.78 0.09 555.036
1.79 0.09 552.535
1.8 0.09 550.034
1.81 0.09 547.532
1.82 0.09 545.031
1.83 0.09 542.529
1.84 0.09 540.028
1.85 0.09 537.526
1.86 0.09 535.024
1.87 0.09 532.523
1.88 0.09 530.021
1.89 0.09 527.519
1.9 0.09 525.018
1.91 0.09 522.516
1.92 0.09 520.014
1.93 0.09 517.512
1.94 0.09 515.011
1.95 0.09 512.509
1.96 0.09 510.007
1.97 0.09 507.505
1.98 0.09 505.004
1.99 0.09 502.502
2 0.09 500

0 0.1 1000
0.01 0.1 997.498
0.02 0.1 994.996
0.03 0.1 992.495
0.04 0.1 989.993
0.05 0.1 987.491
0.06 0.1 984.989
0.07 0.1 982.488
0.08 0.1 979.986
0.09 0.1 977.484
0.1 0.1 974.982
0.11 0.1 972.481
0.12 0.1 969.979
0.13 0.1 967.477
0.14 0.1 964.976
0.15 0.1 962.474
0.16 0.1 959.972
0.17 0.1 957.471
0.18 0.1 954.969
0.19 0.1 952.468
0.2 0.1 949.966
0.21 0.1 947.465
0.22 0.1 944.964
0.23 0.1 942.462
0.24 0.1 939.961
0.25 0.1 937.46
0.26 0.1 934.958
0.27 0.1 932.457
0.28 0.1 929.956
0.29 0.1 927.455
0.3 0.1 924.954
0.31 0.1 922.453
0.32 0.1 919.952
0.33 0.1 917.451
0.34 0.1 914.95
0.35 0.1 912.449
0.36 0.1 909.948
0.37 0.1 907.447
0.38 0.1 904.947
0.39 0.1 902.446
0.4 0.1 899.946
0.41 0.1 897.445
0.42 0.1 894.945
0.43 0.1 892.444
0.44 0.1 889.944
0.45 0.1 887.443
0.46 0.1 884.943
0.47 0.1 882.443
0.48 0.1 879.943
0.49 0.1 877.443
0.5 0.1 874.943
0.51 0.1 872.443
0.52 0.1 869.943
0.53 0.1 867.443
0.54 0.1 864.943
0.55 0.1 862.443
0.56 0.1 859.944
0.57 0.1 857.444
0.58 0.1 854.945
0.59 0.1 852.445
0.6 0.1 849.946
0.61 0.1 847.446
0.62 0.1 844.947
0.63 0.1 842.447
0.64 0.1 839.948
0.65 0.1 837.449
0.66 0.1 834.95
0.67 0.1 832.451
0.68 0.1 829.952
0.69 0.1 827.453
0.7 0.1 824.954
0.71 0.1 822.455
0.72 0.1 819.956
0.73 0.1 817.457
0.74 0.1 814.958
0.75 0.1 812.46
0.76 0.1 809.961
0.77 0.1 807.462
0.78 0.1 804.964
0.79 0.1 802.465
0.8 0.1 799.966
0.81 0.1 797.468
0.82 0.1 794.969
0.83 0.1 792.471
0.84 0.1 789.972
0.85 0.1 787.474
0.86 0.1 784.976
0.87 0.1 782.477
0.88 0.1 779.979
0.89 0.1 777.481
0.9 0.1 774.982
0.91 0.1 772.484
0.92 0.1 769.986
0.93 0.1 767.488
0.94 0.1 764.989
0.95 0.1 762.491
0.96 0.1 759.993
0.97 0.1 757.495
0.98 0.1 754.996
0.99 0.1 752.498
1 0.1 750
1.01 0.1 747.502
1.02 0.1 745.004
1.03 0.1 742.505
1.04 0.1 740.007
1.05 0.1 737.509
1.06 0.1 735.011
1.07 0.1 732.512
1.08 0.1 730.014
1.09 0.1 727.516
1.1 0.1 725.018
1.11 0.1 722.519
1.12 0.1 720.021
1.13 0.1 717.523
1.14 0.1 715.024
1.15 0.1 712.526
1.16 0.1 710.028
1.17 0.1 707.529
1.18 0.1 705.031
1.19 0.1 702.532
1.2 0.1 700.034
1.21 0.1 697.535
1.22 0.1 695.036
1.23 0.1 692.538
1.24 0.1 690.039
1.25 0.1 687.54
1.26 0.1 685.042
1.27 0.1 682.543
1.28 0.1 680.044
1.29 0.1 677.545
1.3 0.1 675.046
1.31 0.1 672.547
1.32 0.1 670.048
1.33 0.1 667.549
1.34 0.1 665.05
1.35 0.1 662.551
1.36 0.1 660.052
1.37 0.1 657.553
1.38 0.1 655.053
1.39 0.1 652.554
1.4 0.1 650.054
1.41 0.1 647.555
1.42 0.1 645.055
1.43 0.1 642.556
1.44 0.1 640.056
1.45 0.1 637.557
1.46 0.1 635.057
1.47 0.1 632.557
1.48 0.1 630.057
1.49 0.1 627.557
1.5 0.1 625.057
1.51 0.1 622.557
1.52 0.1 620.057
1.53 0.1 617.557
1.54 0.1 615.057
1.55 0.1 612.557
1.56 0.1 610.056
1.57 0.1 607.556
1.58 0.1 605.055
1.59 0.1 602.555
1.6 0.1 600.054
1.61 0.1 597.554
1.62 0.1 595.053
1.63 0.1 592.553
1.64 0.1 590.052
1.65 0.1 587.551
1.66 0.1 585.05
1.67 0.1 582.549
1.68 0.1 580.048
1.69 0.1 577.547
1.7 0.1 575.046
1.71 0.1 572.545
1.72 0.1 570.044
1.73 0.1 567.543
1.74 0.1 565.042
1.75 0.1 562.54
1.76 0.1 560.039
1.77 0.1 557.538
1.78 0.1 555.036
1.79 0.1 552.535
1.8 0.1 550.034
1.81 0.1 547.532
1.82 0.1 545.031
1.83 0.1 542.529
1.84 0.1 540.028
1.85 0.1 537.526
1.86 0.1 535.024
1.87 0.1 532.523
1.88 0.1 530.021
1.89 0.1 527.519
1.9 0.1 525.018
1.91 0.1 522.516
1.92 0.1 520.014
1.93 0.1 517.512
1.94 0.1 515.011
1.95 0.1 512.509
1.96 0.1 510.007
1.97 0.1 507.505
1.98 0.1 505.004
1.99 0.1 502.502
2 0.1 500

0 0.11 1000
0.01 0.11 997.498
0.02 0.11 994.996
0.03 0.11 992.495
0.04 0.11 989.993
0.05 0.11 987.491
0.06 0.11 984.989
0.07 0.11 982.488
0.08 0.11 979.986
0.09 0.11 977.484
0.1 0.11 974.982
0.11 0.11 972.481
0.12 0.11 969.979
0.13 0.11 967.477
0.14 0.11 964.976
0.15 0.11 962.474
0.16 0.11 959.972
0.17 0.11 957.471
0.18 0.11 954.969
0.19 0.11 952.468
0.2 0.11 949.966
0.21 0.11 947.465
0.22 0.11 944.964
0.23 0.11 942.462
0.24 0.11 939.961
0.25 0.11 937.46
0.26 0.11 934.958
0.27 0.11 932.457
0.28 0.11 929.956
0.29 0.11 927.455
0.3 0.11 924.954
0.31 0.11 922.453
0.32 0.11 919.952
0.33 0.11 917.451
0.34 0.11 914.95
0.35 0.11 912.449
0.36 0.11 909.948
0.37 0.11 907.447
0.38 0.11 904.947
0.39 0.11 902.446
0.4 0.11 899.946
0.41 0.11 897.445
0.42 0.11 894.945
0.43 0.11 892.444
0.44 0.11 889.944
0.45 0.11 887.443
0.46 0.11 884.943
0.47 0.11 882.443
0.48 0.11 879.943
0.49 0.11 877.443
0.5 0.11 874.943
0.51 0.11 872.443
0.52 0.11 869.943
0.53 0.11 867.443
0.54 0.11 864.943
0.55 0.11 862.443
0.56 0.11 859.944
0.57 0.11 857.444
0.58 0.11 854.945
0.59 0.11 852.445
0.6 0.11 849.946
0.61 0.11 847.446
0.62 0.11 844.947
0.63 0.11 842.447
0.64 0.11 839.948
0.65 0.11 837.449
0.66 0.11 834.95
0.67 0.11 832.451
0.68 0.11 829.952
0.69 0.11 827.453
0.7 0.11 824.954
0.71 0.11 822.455
0.72 0.11 819.956
0.73 0.11 817.457
0.74 0.11 814.958
0.75 0.11 812.46
0.76 0.11 809.961
0.77 0.11 807.462
0.78 0.11 804.964
0.79 0.11 802.465
0.8 0.11 799.966
0.81 0.11 797.468
0.82 0.11 794.969
0.83 0.11 792.471
0.84 0.11 789.972
0.85 0.11 787.474
0.86 0.11 784.976
0.87 0.11 782.477
0.88 0.11 779.979
0.89 0.11 777.481
0.9 0.11 774.982
0.91 0.11 772.484
0.92 0.11 769.986
0.93 0.11 767.488
0.94 0.11 764.989
0.95 0.11 762.491
0.96 0.11 759.993
0.97 0.11 757.495
0.98 0.11 754.996
0.99 0.11 752.498
1 0.11 750
1.01 0.11 747.502
1.02 0.11 745.004
1.03 0.11 742.505
1.04 0.11 740.007
1.05 0.11 737.509
1.06 0.11 735.011
1.07 0.11 732.512
1.08 0.11 730.014
1.09 0.11 727.516
1.1 0.11 725.018
1.11 0.11 722.519
1.12 0.11 720.021
1.13 0.11 717.523
1.14 0.11 715.024
1.15 0.11 712.526
1.16 0.11 710.028
1.17 0.11 707.529
1.18 0.11 705.031
1.19 0.11 702.532
1.2 0.11 700.034
1.21 0.11 697.535
1.22 0.11 695.036
1.23 0.11 692.538
1.24 0.11 690.039
1.25 0.11 687.54
1.26 0.11 685.042
1.27 0.11 682.543
1.28 0.11 680.044
1.29 0.11 677.545
1.3 0.11 675.046
1.31 0.11 672.547
1.32 0.11 670.048
1.33 0.11 667.549
1.34 0.11 665.05
1.35 0.11 662.551
1.36 0.11 660.052
1.37 0.11 657.553
1.38 0.11 655.053
1.39 0.11 652.554
1.4 0.11 650.054
1.41 0.11 647.555
1.42 0.11 645.055
1.43 0.11 642.556
1.44 0.11 640.056
1.45 0.11 637.557
1.46 0.11 635.057
1.47 0.11 632.557
1.48 0.11 630.057
1.49 0.11 627.557
1.5 0.11 625.057
1.51 0.11 622.557
1.52 0.11 620.057
1.53 0.11 617.557
1.54 0.11 615.057
1.55 0.11 612.557
1.56 0.11 610.056
1.57 0.11 607.556
1.58 0.11 605.055
1.59 0.11 602.555
1.6 0.11 600.054
1.61 0.11 597.554
1.62 0.11 595.053
1.63 0.11 592.553
1.64 0.11 590.052
1.65 0.11 587.551
1.66 0.11 585.05
1.67 0.11 582.549
1.68 0.11 580.048
1.69 0.11 577.547
1.7 0.11 575.046
1.71 0.11 572.545
1.72 0.11 570.044
1.73 0.11 567.543
1.74 0.11 565.042
1.75 0.11 562.54
1.76 0.11 560.039
1.77 0.11 557.538
1.78 0.11 555.036
1.79 0.11 552.535
1.8 0.11 550.034
1.81 0.11 547.532
1.82 0.11 545.031
1.83 0.11 542.529
1.84 0.11 540.028
1.85 0.11 537.526
1.86 0.11 535.024
1.87 0.11 532.523
1.88 0.11 530.021
1.89 0.11 527.519
1.9 0.11 525.018
1.91 0.11 522.516
1.92 0.11 520.014
1.93 0.11 517.512
1.94 0.11 515.011
1.95 0.11 512.509
1.96 0.11 510.007
1.97 0.11 507.505
1.98 0.11 505.004
1.99 0.11 502.502
2 0.11 500

0 0.12 1000
0.01 0.12 997.498
0.02 0.12 994.996
0.03 0.12 992.495
0.04 0.12 989.993
0.05 0.12 987.491
0.06 0.12 984.989
0.07 0.12 982.488
0.08 0.12 979.986
0.09 0.12 977.484
0.1 0.12 974.982
0.11 0.12 972.481
0.12 0.12 969.979
0.13 0.12 967.477
0.14 0.12 964.976
0.15 0.12 962.474
0.16 0.12 959.972
0.17 0.12 957.471
0.18 0.12 954.969
0.19 0.12 952.468
0.2 0.12 949.966
0.21 0.12 947.465
0.22 0.12 944.964
0.23 0.12 942.462
0.24 0.12 939.961
0.25 0.12 937.46
0.26 0.12 934.958
0.27 0.12 932.457
0.28 0.12 929.956
0.29 0.12 927.455
0.3 0.12 924.954
0.31 0.12 922.453
0.32 0.12 919.952
0.33 0.12 917.451
0.34 0.12 914.95
0.35 0.12 912.449
0.36 0.12 909.948
0.37 0.12 907.447
0.38 0.12 904.947
0.39 0.12 902.446
0.4 0.12 899.946
0.41 0.12 897.445
0.42 0.12 894.945
0.43 0.12 892.444
0.44 0.12 889.944
0.45 0.12 887.443
0.46 0.12 884.943
0.47 0.12 882.443
0.48 0.12 879.943
0.49 0.12 877.443
0.5 0.12 874.943
0.51 0.12 872.443
0.52 0.12 869.943
0.53 0.12 867.443
0.54 0.12 864.943
0.55 0.12 862.443
0.56 0.12 859.944
0.57 0.12 857.444
0.58 0.12 854.945
0.59 0.12 852.445
0.6 0.12 849.946
0.61 0.12 847.446
0.62 0.12 844.947
0.63 0.12 842.447
0.64 0.12 839.948
0.65 0.12 837.449
0.66 0.12 834.95
0.67 0.12 832.451
0.68 0.12 829.952
0.69 0.12 827.453
0.7 0.12 824.954
0.71 0.12 822.455
0.72 0.12 819.956
0.73 0.12 817.457
0.74 0.12 814.958
0.75 0.12 812.46
0.76 0.12 809.961
0.77 0.12 807.462
0.78 0.12 804.964
0.79 0.12 802.465
0.8 0.12 799.966
0.81 0.12 797.468
0.82 0.12 794.969
0.83 0.12 792.471
0.84 0.12 789.972
0.85 0.12 787.474
0.86 0.12 784.976
0.87 0.12 782.477
0.88 0.12 779.979
0.89 0.12 777.481
0.9 0.12 774.982
0.91 0.12 772.484
0.92 0.12 769.986
0.93 0.12 767.488
0.94 0.12 764.989
0.95 0.12 762.491
0.96 0.12 759.993
0.97 0.12 757.495
0.98 0.12 754.996
0.99 0.12 752.498
1 0.12 750
1.01 0.12 747.502
1.02 0.12 745.004
1.03 0.12 742.505
1.04 0.12 740.007
1.05 0.12 737.509
1.06 0.12 735.011
1.07 0.12 732.512
1.08 0.12 730.014
1.09 0.12 727.516
1.1 0.12 725.018
1.11 0.12 722.519
1.12 0.12 720.021
1.13 0.12 717.523
1.14 0.12 715.024
1.15 0.12 712.526
1.16 0.12 710.028
1.17 0.12 707.529
1.18 0.12 705.031
1.19 0.12 702.532
1.2 0.12 700.034
1.21 0.12 697.535
1.22 0.12 695.036
1.23 0.12 692.538
1.24 0.12 690.039
1.25 0.12 687.54
1.26 0.12 685.042
1.27 0.12 682.543
1.28 0.12 680.044
1.29 0.12 677.545
1.3 0.12 675.046
1.31 0.12 672.547
1.32 0.12 670.048
1.33 0.12 667.549
1.34 0.12 665.05
1.35 0.12 662.551
1.36 0.12 660.052
1.37 0.12 657.553
1.38 0.12 655.053
1.39 0.12 652.554
1.4 0.12 650.054
1.41 0.12 647.555
1.42 0.12 645.055
1.43 0.12 642.556
1.44 0.12 640.056
1.45 0.12 637.557
1.46 0.12 635.057
1.47 0.12 632.557
1.48 0.12 630.057
1.49 0.12 627.557
1.5 0.12 625.057
1.51 0.12 622.557
1.52 0.12 620.057
1.53 0.12 617.557
1.54 0.12 615.057
1.55 0.12 612.557
1.56 0.12 610.056
1.57 0.12 607.556
1.58 0.12 605.055
1.59 0.12 602.555
1.6 0.12 600.054
1.61 0.12 597.554
1.62 0.12 595.053
1.63 0.12 592.553
1.64 0.12 590.052
1.65 0.12 587.551
1.66 0.12 585.05
1.67 0.12 582.549
1.68 0.12 580.048
1.69 0.12 577.547
1.7 0.12 575.046
1.71 0.12 572.545
1.72 0.12 570.044
1.73 0.12 567.543
1.74 0.12 565.042
1.75 0.12 562.54
1.76 0.12 560.039
1.77 0.12 557.538
1.78 0.12 555.036
1.79 0.12 552.535
1.8 0.12 550.034
1.81 0.12 547.532
1.82 0.12 545.031
1.83 0.12 542.529
1.84 0.12 540.028
1.85 0.12 537.526
1.86 0.12 535.024
1.87 0.12 532.523
1.88 0.12 530.021
1.89 0.12 527.519
1.9 0.12 525.018
1.91 0.12 522.516
1.92 0.12 520.014
1.93 0.12 517.512
1.94 0.12 515.011
1.95 0.12 512.509
1.96 0.12 510.007
1.97 0.12 507.505
1.98 0.12 505.004
1.99 0.12 502.502
2 0.12 500

0 0.13 1000
0.01 0.13 997.498
0.02 0.13 994.996
0.03 0.13 992.495
0.04 0.13 989.993
0.05 0.13 987.491
0.06 0.13 984.989
0.07 0.13 982.488
0.08 0.13 979.986
0.09 0.13 977.484
0.1 0.13 974.982
0.11 0.13 972.481
0.12 0.13 969.979
0.13 0.13 967.477
0.14 0.13 964.976
0.15 0.13 962.474
0.16 0.13 959.972
0.17 0.13 957.471
0.18 0.13 954.969
0.19 0.13 952.468
0.2 0.13 949.966
0.21 0.13 947.465
0.22 0.13 944.964
0.23 0.13 942.462
0.24 0.13 939.961
0.25 0.13 937.46
0.26 0.13 934.958
0.27 0.13 932.457
0.28 0.13 929.956
0.29 0.13 927.455
0.3 0.13 924.954
0.31 0.13 922.453
0.32 0.13 919.952
0.33 0.13 917.451
0.34 0.13 914.95
0.35 0.13 912.449
0.36 0.13 909.948
0.37 0.13 907.448
0.38 0.13 904.947
0.39 0.13 902.446
0.4 0.13 899.946
0.41 0.13 897.445
0.42 0.13 894.945
0.43 0.13 892.444
0.44 0.13 889.944
0.45 0.13 887.444
0.46 0.13 884.943
0.47 0.13 882.443
0.48 0.13 879.943
0.49 0.13 877.443
0.5 0.13 874.943
0.51 0.13 872.443
0.52 0.13 869.943
0.53 0.13 867.443
0.54 0.13 864.943
0.55 0.13 862.444
0.56 0.13 859.944
0.57 0.13 857.444
0.58 0.13 854.945
0.59 0.13 852.445
0.6 0.13 849.946
0.61 0.13 847.446
0.62 0.13 844.947
0.63 0.13 842.448
0.64 0.13 839.948
0.65 0.13 837.449
0.66 0.13 834.95
0.67 0.13 832.451
0.68 0.13 829.952
0.69 0.13 827.453
0.7 0.13 824.954
0.71 0.13 822.455
0.72 0.13 819.956
0.73 0.13 817.457
0.74 0.13 814.958
0.75 0.13 812.46
0.76 0.13 809.961
0.77 0.13 807.462
0.78 0.13 804.964
0.79 0.13 802.465
0.8 0.13 799.966
0.81 0.13 797.468
0.82 0.13 794.969
0.83 0.13 792.471
0.84 0.13 789.972
0.85 0.13 787.474
0.86 0.13 784.976
0.87 0.13 782.477
0.88 0.13 779.979
0.89 0.13 777.481
0.9 0.13 774.982
0.91 0.13 772.484
0.92 0.13 769.986
0.93 0.13 767.488
0.94 0.13 764.989
0.95 0.13 762.491
0.96 0.13 759.993
0.97 0.13 757.495
0.98 0.13 754.996
0.99 0.13 752.498
1 0.13 750
1.01 0.13 747.502
1.02 0.13 745.004
1.03 0.13 742.505
1.04 0.13 740.007
1.05 0.13 737.509
1.06 0.13 735.011
1.07 0.13 732.512
1.08 0.13 730.014
1.09 0.13 727.516
1.1 0.13 725.018
1.11 0.13 722.519
1.12 0.13 720.021
1.13 0.13 717.523
1.14 0.13 715.024
1.15 0.13 712.526
1.16 0.13 710.028
1.17 0.13 707.529
1.18 0.13 705.031
1.19 0.13 702.532
1.2 0.13 700.034
1.21 0.13 697.535
1.22 0.13 695.036
1.23 0.13 692.538
1.24 0.13 690.039
1.25 0.13 687.54
1.26 0.13 685.042
1.27 0.13 682.543
1.28 0.13 680.044
1.29 0.13 677.545
1.3 0.13 675.046
1.31 0.13 672.547
1.32 0.13 670.048
1.33 0.13 667.549
1.34 0.13 665.05
1.35 0.13 662.551
1.36 0.13 660.052
1.37 0.13 657.552
1.38 0.13 655.053
1.39 0.13 652.554
1.4 0.13 650.054
1.41 0.13 647.555
1.42 0.13 645.055
1.43 0.13 642.556
1.44 0.13 640.056
1.45 0.13 637.556
1.46 0.13 635.057
1.47 0.13 632.557
1.48 0.13 630.057
1.49 0.13 627.557
1.5 0.13 625.057
1.51 0.13 622.557
1.52 0.13 620.057
1.53 0.13 617.557
1.54 0.13 615.057
1.55 0.13 612.556
1.56 0.13 610.056
1.57 0.13 607.556
1.58 0.13 605.055
1.59 0.13 602.555
1.6 0.13 600.054
1.61 0.13 597.554
1.62 0.13 595.053
1.63 0.13 592.552
1.64 0.13 590.052
1.65 0.13 587.551
1.66 0.13 585.05
1.67 0.13 582.549
1.68 0.13 580.048
1.69 0.13 577.547
1.7 0.13 575.046
1.71 0.13 572.545
1.72 0.13 570.044
1.73 0.13 567.543
1.74 0.13 565.042
1.75 0.13 562.54
1.76 0.13 560.039
1.77 0.13 557.538
1.78 0.13 555.036
1.79 0.13 552.535
1.8 0.13 550.034
1.81 0.13 547.532
1.82 0.13 545.031
1.83 0.13 542.529
1.84 0.13 540.028
1.85 0.13 537.526
1.86 0.13 535.024
1.87 0.13 532.523
1.88 0.13 530.021
1.89 0.13 527.519
1.9 0.13 525.018
1.91 0.13 522.516
1.92 0.13 520.014
1.93 0.13 517.512
1.94 0.13 515.011
1.95 0.13 512.509
1.96 0.13 510.007
1.97 0.13 507.505
1.98 0.13 505.004
1.99 0.13 502.502
2 0.13 500

0 0.14 1000
0.01 0.14 997.498
0.02 0.14 994.996
0.03 0.14 992.495
0.04 0.14 989.993
0.05 0.14 987.491
0.06 0.14 984.989
0.07 0.14 982.488
0.08 0.14 979.986
0.09 0.14 977.484
0.1 0.14 974.982
0.11 0.14 972.481
0.12 0.14 969.979
0.13 0.14 967.477
0.14 0.14 964.976
0.15 0.14 962.474
0.16 0.14 959.972
0.17 0.14 957.471
0.18 0.14 954.969
0.19 0.14 952.468
0.2 0.14 949.966
0.21 0.14 947.465
0.22 0.14 944.964
0.23 0.14 942.462
0.24 0.14 939.961
0.25 0.14 937.46
0.26 0.14 934.958
0.27 0.14 932.457
0.28 0.14 929.956
0.29 0.14 927.455
0.3 0.14 924.954
0.31 0.14 922.453
0.32 0.14 919.952
0.33 0.14 917.451
0.34 0.14 914.95
0.35 0.14 912.449
0.36 0.14 909.948
0.37 0.14 907.448
0.38 0.14 904.947
0.39 0.14 902.446
0.4 0.14 899.946
0.41 0.14 897.445
0.42 0.14 894.945
0.43 0.14 892.444
0.44 0.14 889.944
0.45 0.14 887.444
0.46 0.14 884.943
0.47 0.14 882.443
0.48 0.14 879.943
0.49 0.14 877.443
0.5 0.14 874.943
0.51 0.14 872.443
0.52 0.14 869.943
0.53 0.14 867.443
0.54 0.14 864.943
0.55 0.14 862.444
0.56 0.14 859.944
0.57 0.14 857.444
0.58 0.14 854.945
0.59 0.14 852.445
0.6 0.14 849.946
0.61 0.14 847.446
0.62 0.14 844.947
0.63 0.14 842.448
0.64 0.14 839.948
0.65 0.14 837.449
0.66 0.14 834.95
0.67 0.14 832.451
0.68 0.14 829.952
0.69 0.14 827.453
0.7 0.14 824.954
0.71 0.14 822.455
0.72 0.14 819.956
0.73 0.14 817.457
0.74 0.14 814.958
0.75 0.14 812.46
0.76 0.14 809.961
0.77 0.14 807.462
0.78 0.14 804.964
0.79 0.14 802.465
0.8 0.14 799.966
0.81 0.14 797.468
0.82 0.14 794.969
0.83 0.14 792.471
0.84 0.14 789.972
0.85 0.14 787.474
0.86 0.14 784.976
0.87 0.14 782.477
0.88 0.14 779.979
0.89 0.14 777.481
0.9 0.14 774.982
0.91 0.14 772.484
0.92 0.14 769.986
0.93 0.14 767.488
0.94 0.14 764.989
0.95 0.14 762.491
0.96 0.14 759.993
0.97 0.14 757.495
0.98 0.14 754.996
0.99 0.14 752.498
1 0.14 750
1.01 0.14 747.502
1.02 0.14 745.004
1.03 0.14 742.505
1.04 0.14 740.007
1.05 0.14 737.509
1.06 0.14 735.011
1.07 0.14 732.512
1.08 0.14 730.014
1.09 0.14 727.516
1.1 0.14 725.018
1.11 0.14 722.519
1.12 0.14 720.021
1.13 0.14 717.523
1.14 0.14 715.024
1.15 0.14 712.526
1.16 0.14 710.028
1.17 0.14 707.529
1.18 0.14 705.031
1.19 0.14 702.532
1.2 0.14 700.034
1.21 0.14 697.535
1.22 0.14 695.036
1.23 0.14 692.538
1.24 0.14 690.039
1.25 0.14 687.54
1.26 0.14 685.042
1.27 0.14 682.543
1.28 0.14 680.044
1.29 0.14 677.545
1.3 0.14 675.046
1.31 0.14 672.547
1.32 0.14 670.048
1.33 0.14 667.549
1.34 0.14 665.05
1.35 0.14 662.551
1.36 0.14 660.052
1.37 0.14 657.552
1.38 0.14 655.053
1.39 0.14 652.554
1.4 0.14 650.054
1.41 0.14 647.555
1.42 0.14 645.055
1.43 0.14 642.556
1.44 0.14 640.056
1.45 0.14 637.556
1.46 0.14 635.057
1.47 0.14 632.557
1.48 0.14 630.057
1.49 0.14 627.557
1.5 0.14 625.057
1.51 0.14 622.557
1.52 0.14 620.057
1.53 0.14 617.557
1.54 0.14 615.057
1.55 0.14 612.556
1.56 0.14 610.056
1.57 0.14 607.556
1.58 0.14 605.055
1.59 0.14 602.555
1.6 0.14 600.054
1.61 0.14 597.554
1.62 0.14 595.053
1.63 0.14 592.552
1.64 0.14 590.052
1.65 0.14 587.551
1.66 0.14 585.05
1.67 0.14 582.549
1.68 0.14 580.048
1.69 0.14 577.547
1.7 0.14 575.046
1.71 0.14 572.545
1.72 0.14 570.044
1.73 0.14 567.543
1.74 0.14 565.042
1.75 0.14 562.54
1.76 0.14 560.039
1.77 0.14 557.538
1.78 0.14 555.036
1.79 0.14 552.535
1.8 0.14 550.034
1.81 0.14 547.532
1.82 0.14 545.031
1.83 0.14 542.529
1.84 0.14 540.028
1.85 0.14 537.526
1.86 0.14 535.024
1.87 0.14 532.523
1.88 0.14 530.021
1.89 0.14 527.519
1.9 0.14 525.018
1.91 0.14 522.516
1.92 0.14 520.014
1.93 0.14 517.512
1.94 0.14 515.011
1.95 0.14 512.509
1.96 0.14 510.007
1.97 0.14 507.505
1.98 0.14 505.004
1.99 0.14 502.502
2 0.14 500

0 0.15 1000
0.01 0.15 997.498
0.02 0.15 994.996
0.03 0.15 992.495
0.04 0.15 989.993
0.05 0.15 987.491
0.06 0.15 984.989
0.07 0.15 982.488
0.08 0.15 979.986
0.09 0.15 977.484
0.1 0.15 974.982
0.11 0.15 972.481
0.12 0.15 969.979
0.13 0.15 967.477
0.14 0.15 964.976
0.15 0.15 962.474
0.16 0.15 959.972
0.17 0.15 957.471
0.18 0.15 954.969
0.19 0.15 952.468
0.2 0.15 949.966
0.21 0.15 947.465
0.22 0.15 944.964
0.23 0.15 942.462
0.24 0.15 939.961
0.25 0.15 937.46
0.26 0.15 934.958
0.27 0.15 932.457
0.28 0.15 929.956
0.29 0.15 927.455
0.3 0.15 924.954
0.31 0.15 922.453
0.32 0.15 919.952
0.33 0.15 917.451
0.34 0.15 914.95
0.35 0.15 912.449
0.36 0.15 909.948
0.37 0.15 907.448
0.38 0.15 904.947
0.39 0.15 902.446
0.4 0.15 899.946
0.41 0.15 897.445
0.42 0.15 894.945
0.43 0.15 892.444
0.44 0.15 889.944
0.45 0.15 887.444
0.46 0.15 884.943
0.47 0.15 882.443
0.48 0.15 879.943
0.49 0.15 877.443
0.5 0.15 874.943
0.51 0.15 872.443
0.52 0.15 869.943
0.53 0.15 867.443
0.54 0.15 864.943
0.55 0.15 862.444
0.56 0.15 859.944
0.57 0.15 857.444
0.58 0.15 854.945
0.59 0.15 852.445
0.6 0.15 849.946
0.61 0.15 847.446
0.62 0.15 844.947
0.63 0.15 842.448
0.64 0.15 839.948
0.65 0.15 837.449
0.66 0.15 834.95
0.67 0.15 832.451
0.68 0.15 829.952
0.69 0.15 827.453
0.7 0.15 824.954
0.71 0.15 822.455
0.72 0.15 819.956
0.73 0.15 817.457
0.74 0.15 814.958
0.75 0.15 812.46
0.76 0.15 809.961
0.77 0.15 807.462
0.78 0.15 804.964
0.79 0.15 802.465
0.8 0.15 799.966
0.81 0.15 797.468
0.82 0.15 794.969
0.83 0.15 792.471
0.84 0.15 789.972
0.85 0.15 787.474
0.86 0.15 784.976
0.87 0.15 782.477
0.88 0.15 779.979
0.89 0.15 777.481
0.9 0.15 774.982
0.91 0.15 772.484
0.92 0.15 769.986
0.93 0.15 767.488
0.94 0.15 764.989
0.95 0.15 762.491
0.96 0.15 759.993
0.97 0.15 757.495
0.98 0.15 754.996
0.99 0.15 752.498
1 0.15 750
1.01 0.15 747.502
1.02 0.15 745.004
1.03 0.15 742.505
1.04 0.15 740.007
1.05 0.15 737.509
1.06 0.15 735.011
1.07 0.15 732.512
1.08 0.15 730.014
1.09 0.15 727.516
1.1 0.15 725.018
1.11 0.15 722.519
1.12 0.15 720.021
1.13 0.15 717.523
1.14 0.15 715.024
1.15 0.15 712.526
1.16 0.15 710.028
1.17 0.15 707.529
1.18 0.15 705.031
1.19 0.15 702.532
1.2 0.15 700.034
1.21 0.15 697.535
1.22 0.15 695.036
1.23 0.15 692.538
1.24 0.15 690.039
1.25 0.15 687.54
1.26 0.15 685.042
1.27 0.15 682.543
1.28 0.15 680.044
1.29 0.15 677.545
1.3 0.15 675.046
1.31 0.15 672.547
1.32 0.15 670.048
1.33 0.15 667.549
1.34 0.15 665.05
1.35 0.15 662.551
1.36 0.15 660.052
1.37 0.15 657.552
1.38 0.15 655.053
1.39 0.15 652.554
1.4 0.15 650.054
1.41 0.15 647.555
1.42 0.15 645.055
1.43 0.15 642.556
1.44 0.15 640.056
1.45 0.15 637.556
1.46 0.15 635.057
1.47 0.15 632.557
1.48 0.15 630.057
1.49 0.15 627.557
1.5 0.15 625.057
1.51 0.15 622.557
1.52 0.15 620.057
1.53 0.15 617.557
1.54 0.15 615.057
1.55 0.15 612.556
1.56 0.15 610.056
1.57 0.15 607.556
1.58 0.15 605.055
1.59 0.15 602.555
1.6 0.15 600.054
1.61 0.15 597.554
1.62 0.15 595.053
1.63 0.15 592.552
1.64 0.15 590.052
1.65 0.15 587.551
1.66 0.15 585.05
1.67 0.15 582.549
1.68 0.15 580.048
1.69 0.15 577.547
1.7 0.15 575.046
1.71 0.15 572.545
1.72 0.15 570.044
1.73 0.15 567.543
1.74 0.15 565.042
1.75 0.15 562.54
1.76 0.15 560.039
1.77 0.15 557.538
1.78 0.15 555.036
1.79 0.15 552.535
1.8 0.15 550.034
1.81 0.15 547.532
1.82 0.15 545.031
1.83 0.15 542.529
1.84 0.15 540.028
1.85 0.15 537.526
1.86 0.15 535.024
1.87 0.15 532.523
1.88 0.15 530.021
1.89 0.15 527.519
1.9 0.15 525.018
1.91 0.15 522.516
1.92 0.15 520.014
1.93 0.15 517.512
1.94 0.15 515.011
1.95 0.15 512.509
1.96 0.15 510.007
1.97 0.15 507.505
1.98 0.15 505.004
1.99 0.15 502.502
2 0.15 500

0 0.16 1000
0.01 0.16 997.498
0.02 0.16 994.996
0.03 0.16 992.495
0.04 0.16 989.993
0.05 0.16 987.491
0.06 0.16 984.989
0.07 0.16 982.488
0.08 0.16 979.986
0.09 0.16 977.484
0.1 0.16 974.982
0.11 0.16 972.481
0.12 0.16 969.979
0.13 0.16 967.477
0.14 0.16 964.976
0.15 0.16 962.474
0.16 0.16 959.972
0.17 0.16 957.471
0.18 0.16 954.969
0.19 0.16 952.468
0.2 0.16 949.966
0.21 0.16 947.465
0.22 0.16 944.964
0.23 0.16 942.462
0.24 0.16 939.961
0.25 0.16 937.46
0.26 0.16 934.958
0.27 0.16 932.457
0.28 0.16 929.956
0.29 0.16 927.455
0.3 0.16 924.954
0.31 0.16 922.453
0.32 0.16 919.952
0.33 0.16 917.451
0.34 0.16 914.95
0.35 0.16 912.449
0.36 0.16 909.948
0.37 0.16 907.448
0.38 0.16 904.947
0.39 0.16 902.446
0.4 0.16 899.946
0.41 0.16 897.445
0.42 0.16 894.945
0.43 0.16 892.444
0.44 0.16 889.944
0.45 0.16 887.444
0.46 0.16 884.943
0.47 0.16 882.443
0.48 0.16 879.943
0.49 0.16 877.443
0.5 0.16 874.943
0.51 0.16 872.443
0.52 0.16 869.943
0.53 0.16 867.443
0.54 0.16 864.943
0.55 0.16 862.444
0.56 0.16 859.944
0.57 0.16 857.444
0.58 0.16 854.945
0.59 0.16 852.445
0.6 0.16 849.946
0.61 0.16 847.446
0.62 0.16 844.947
0.63 0.16 842.448
0.64 0.16 839.948
0.65 0.16 837.449
0.66 0.16 834.95
0.67 0.16 832.451
0.68 0.16 829.952
0.69 0.16 827.453
0.7 0.16 824.954
0.71 0.16 822.455
0.72 0.16 819.956
0.73 0.16 817.457
0.74 0.16 814.958
0.75 0.16 812.46
0.76 0.16 809.961
0.77 0.16 807.462
0.78 0.16 804.964
0.79 0.16 802.465
0.8 0.16 799.966
0.81 0.16 797.468
0.82 0.16 794.969
0.83 0.16 792.471
0.84 0.16 789.972
0.85 0.16 787.474
0.86 0.16 784.976
0.87 0.16 782.477
0.88 0.16 779.979
0.89 0.16 777.481
0.9 0.16 774.982
0.91 0.16 772.484
0.92 0.16 769.986
0.93 0.16 767.488
0.94 0.16 764.989
0.95 0.16 762.491
0.96 0.16 759.993
0.97 0.16 757.495
0.98 0.16 754.996
0.99 0.16 752.498
1 0.16 750
1.01 0.16 747.502
1.02 0.16 745.004
1.03 0.16 742.505
1.04 0.16 740.007
1.05 0.16 737.509
1.06 0.16 735.011
1.07 0.16 732.512
1.08 0.16 730.014
1.09 0.16 727.516
1.1 0.16 725.018
1.11 0.16 722.519
1.12 0.16 720.021
1.13 0.16 717.523
1.14 0.16 715.024
1.15 0.16 712.526
1.16 0.16 710.028
1.17 0.16 707.529
1.18 0.16 705.031
1.19 0.16 702.532
1.2 0.16 700.034
1.21 0.16 697.535
1.22 0.16 695.036
1.23 0.16 692.538
1.24 0.16 690.039
1.25 0.16 687.54
1.26 0.16 685.042
1.27 0.16 682.543
1.28 0.16 680.044
1.29 0.16 677.545
1.3 0.16 675.046
1.31 0.16 672.547
1.32 0.16 670.048
1.33 0.16 667.549
1.34 0.16 665.05
1.35 0.16 662.551
1.36 0.16 660.052
1.37 0.16 657.552
1.38 0.16 655.053
1.39 0.16 652.554
1.4 0.16 650.054
1.41 0.16 647.555
1.42 0.16 645.055
1.43 0.16 642.556
1.44 0.16 640.056
1.45 0.16 637.556
1.46 0.16 635.057
1.47 0.16 632.557
1.48 0.16 630.057
1.49 0.16 627.557
1.5 0.16 625.057
1.51 0.16 622.557
1.52 0.16 620.057
1.53 0.16 617.557
1.54 0.16 615.057
1.55 0.16 612.556
1.56 0.16 610.056
1.57 0.16 607.556
1.58 0.16 605.055
1.59 0.16 602.555
1.6 0.16 600.054
1.61 0.16 597.554
1.62 0.16 595.053
1.63 0.16 592.552
1.64 0.16 590.052
1.65 0.16 587.551
1.66 0.16 585.05
1.67 0.16 582.549
1.68 0.16 580.048
1.69 0.16 577.547
1.7 0.16 575.046
1.71 0.16 572.545
1.72 0.16 570.044
1.73 0.16 567.543
1.74 0.16 565.042
1.75 0.16 562.54
1.76 0.16 560.039
1.77 0.16 557.538
1.78 0.16 555.036
1.79 0.16 552.535
1.8 0.16 550.034
1.81 0.16 547.532
1.82 0.16 545.031
1.83 0.16 542.529
1.84 0.16 540.028
1.85 0.16 537.526
1.86 0.16 535.024
1.87 0.16 532.523
1.88 0.16 530.021
1.89 0.16 527.519
1.9 0.16 525.018
1.91 0.16 522.516
1.92 0.16 520.014
1.93 0.16 517.512
1.94 0.16 515.011
1.95 0.16 512.509
1.96 0.16 510.007
1.97 0.16 507.505
1.98 0.16 505.004
1.99 0.16 502.502
2 0.16 500

0 0.17 1000
0.01 0.17 997.498
0.02 0.17 994.996
0.03 0.17 992.495
0.04 0.17 989.993
0.05 0.17 987.491
0.06 0.17 984.989
0.07 0.17 982.488
0.08 0.17 979.986
0.09 0.17 977.484
0.1 0.17 974.982
0.11 0.17 972.481
0.12 0.17 969.979
0.13 0.17 967.477
0.14 0.17 964.976
0.15 0.17 962.474
0.16 0.17 959.972
0.17 0.17 957.471
0.18 0.17 954.969
0.19 0.17 952.468
0.2 0.17 949.966
0.21 0.17 947.465
0.22 0.17 944.964
0.23 0.17 942.462
0.24 0.17 939.961
0.25 0.17 937.46
0.26 0.17 934.958
0.27 0.17 932.457
0.28 0.17 929.956
0.29 0.17 927.455
0.3 0.17 924.954
0.31 0.17 922.453
0.32 0.17 919.952
0.33 0.17 917.451
0.34 0.17 914.95
0.35 0.17 912.449
0.36 0.17 909.948
0.37 0.17 907.448
0.38 0.17 904.947
0.39 0.17 902.446
0.4 0.17 899.946
0.41 0.17 897.445
0.42 0.17 894.945
0.43 0.17 892.444
0.44 0.17 889.944
0.45 0.17 887.444
0.46 0.17 884.943
0.47 0.17 882.443
0.48 0.17 879.943
0.49 0.17 877.443
0.5 0.17 874.943
0.51 0.17 872.443
0.52 0.17 869.943
0.53 0.17 867.443
0.54 0.17 864.943
0.55 0.17 862.444
0.56 0.17 859.944
0.57 0.17 857.444
0.58 0.17 854.945
0.59 0.17 852.445
0.6 0.17 849.946
0.61 0.17 847.446
0.62 0.17 844.947
0.63 0.17 842.448
0.64 0.17 839.948
0.65 0.17 837.449
0.66 0.17 834.95
0.67 0.17 832.451
0.68 0.17 829.952
0.69 0.17 827.453
0.7 0.17 824.954
0.71 0.17 822.455
0.72 0.17 819.956
0.73 0.17 817.457
0.74 0.17 814.958
0.75 0.17 812.46
0.76 0.17 809.961
0.77 0.17 807.462
0.78 0.17 804.964
0.79 0.17 802.465
0.8 0.17 799.966
0.81 0.17 797.468
0.82 0.17 794.969
0.83 0.17 792.471
0.84 0.17 789.972
0.85 0.17 787.474
0.86 0.17 784.976
0.87 0.17 782.477
0.88 0.17 779.979
0.89 0.17 777.481
0.9 0.17 774.982
0.91 0.17 772.484
0.92 0.17 769.986
0.93 0.17 767.488
0.94 0.17 764.989
0.95 0.17 762.491
0.96 0.17 759.993
0.97 0.17 757.495
0.98 0.17 754.996
0.99 0.17 752.498
1 0.17 750
1.01 0.17 747.502
1.02 0.17 745.004
1.03 0.17 742.505
1.04 0.17 740.007
1.05 0.17 737.509
1.06 0.17 735.011
1.07 0.17 732.512
1.08 0.17 730.014
1.09 0.17 727.516
1.1 0.17 725.018
1.11 0.17 722.519
1.12 0.17 720.021
1.13 0.17 717.523
1.14 0.17 715.024
1.15 0.17 712.526
1.16 0.17 710.028
1.17 0.17 707.529
1.18 0.17 705.031
1.19 0.17 702.532
1.2 0.17 700.034
1.21 0.17 697.535
1.22 0.17 695.036
1.23 0.17 692.538
1.24 0.17 690.039
1.25 0.17 687.54
1.26 0.17 685.042
1.27 0.17 682.543
1.28 0.17 680.044
1.29 0.17 677.545
1.3 0.17 675.046
1.31 0.17 672.547
1.32 0.17 670.048
1.33 0.17 667.549
1.34 0.17 665.05
1.35 0.17 662.551
1.36 0.17 660.052
1.37 0.17 657.552
1.38 0.17 655.053
1.39 0.17 652.554
1.4 0.17 650.054
1.41 0.17 647.555
1.42 0.17 645.055
1.43 0.17 642.556
1.44 0.17 640.056
1.45 0.17 637.556
1.46 0.17 635.057
1.47 0.17 632.557
1.48 0.17 630.057
1.49 0.17 627.557
1.5 0.17 625.057
1.51 0.17 622.557
1.52 0.17 620.057
1.53 0.17 617.557
1.54 0.17 615.057
1.55 0.17 612.556
1.56 0.17 610.056
1.57 0.17 607.556
1.58 0.17 605.055
1.59 0.17 602.555
1.6 0.17 600.054
1.61 0.17 597.554
1.62 0.17 595.053
1.63 0.17 592.552
1.64 0.17 590.052
1.65 0.17 587.551
1.66 0.17 585.05
1.67 0.17 582.549
1.68 0.17 580.048
1.69 0.17 577.547
1.7 0.17 575.046
1.71 0.17 572.545
1.72 0.17 570.044
1.73 0.17 567.543
1.74 0.17 565.042
1.75 0.17 562.54
1.76 0.17 560.039
1.77 0.17 557.538
1.78 0.17 555.036
1.79 0.17 552.535
1.8 0.17 550.034
1.81 0.17 547.532
1.82 0.17 545.031
1.83 0.17 542.529
1.84 0.17 540.028
1.85 0.17 537.526
1.86 0.17 535.024
1.87 0.17 532.523
1.88 0.17 530.021
1.89 0.17 527.519
1.9 0.17 525.018
1.91 0.17 522.516
1.92 0.17 520.014
1.93 0.17 517.512
1.94 0.17 515.011
1.95 0.17 512.509
1.96 0.17 510.007
1.97 0.17 507.505
1.98 0.17 505.004
1.99 0.17 502.502
2 0.17 500

0 0.18 1000
0.01 0.18 997.498
0.02 0.18 994.996
0.03 0.18 992.495
0.04 0.18 989.993
0.05 0.18 987.491
0.06 0.18 984.989
0.07 0.18 982.488
0.08 0.18 979.986
0.09 0.18 977.484
0.1 0.18 974.982
0.11 0.18 972.481
0.12 0.18 969.979
0.13 0.18 967.477
0.14 0.18 964.976
0.15 0.18 962.474
0.16 0.18 959.972
0.17 0.18 957.471
0.18 0.18 954.969
0.19 0.18 952.468
0.2 0.18 949.966
0.21 0.18 947.465
0.22 0.18 944.964
0.23 0.18 942.462
0.24 0.18 939.961
0.25 0.18 937.46
0.26 0.18 934.958
0.27 0.18 932.457
0.28 0.18 929.956
0.29 0.18 927.455
0.3 0.18 924.954
0.31 0.18 922.453
0.32 0.18 919.952
0.33 0.18 917.451
0.34 0.18 914.95
0.35 0.18 912.449
0.36 0.18 909.948
0.37 0.18 907.448
0.38 0.18 904.947
0.39 0.18 902.446
0.4 0.18 899.946
0.41 0.18 897.445
0.42 0.18 894.945
0.43 0.18 892.444
0.44 0.18 889.944
0.45 0.18 887.444
0.46 0.18 884.943
0.47 0.18 882.443
0.48 0.18 879.943
0.49 0.18 877.443
0.5 0.18 874.943
0.51 0.18 872.443
0.52 0.18 869.943
0.53 0.18 867.443
0.54 0.18 864.943
0.55 0.18 862.444
0.56 0.18 859.944
0.57 0.18 857.444
0.58 0.18 854.945
0.59 0.18 852.445
0.6 0.18 849.946
0.61 0.18 847.446
0.62 0.18 844.947
0.63 0.18 842.448
0.64 0.18 839.948
0.65 0.18 837.449
0.66 0.18 834.95
0.67 0.18 832.451
0.68 0.18 829.952
0.69 0.18 827.453
0.7 0.18 824.954
0.71 0.18 822.455
0.72 0.18 819.956
0.73 0.18 817.457
0.74 0.18 814.958
0.75 0.18 812.46
0.76 0.18 809.961
0.77 0.18 807.462
0.78 0.18 804.964
0.79 0.18 802.465
0.8 0.18 799.966
0.81 0.18 797.468
0.82 0.18 794.969
0.83 0.18 792.471
0.84 0.18 789.972
0.85 0.18 787.474
0.86 0.18 784.976
0.87 0.18 782.477
0.88 0.18 779.979
0.89 0.18 777.481
0.9 0.18 774.982
0.91 0.18 772.484
0.92 0.18 769.986
0.93 0.18 767.488
0.94 0.18 764.989
0.95 0.18 762.491
0.96 0.18 759.993
0.97 0.18 757.495
0.98 0.18 754.996
0.99 0.18 752.498
1 0.18 750
1.01 0.18 747.502
1.02 0.18 745.004
1.03 0.18 742.505
1.04 0.18 740.007
1.05 0.18 737.509
1.06 0.18 735.011
1.07 0.18 732.512
1.08 0.18 730.014
1.09 0.18 727.516
1.1 0.18 725.018
1.11 0.18 722.519
1.12 0.18 720.021
1.13 0.18 717.523
1.14 0.18 715.024
1.15 0.18 712.526
1.16 0.18 710.028
1.17 0.18 707.529
1.18 0.18 705.031
1.19 0.18 702.532
1.2 0.18 700.034
1.21 0.18 697.535
1.22 0.18 695.036
1.23 0.18 692.538
1.24 0.18 690.039
1.25 0.18 687.54
1.26 0.18 685.042
1.27 0.18 682.543
1.28 0.18 680.044
1.29 0.18 677.545
1.3 0.18 675.046
1.31 0.18 672.547
1.32 0.18 670.048
1.33 0.18 667.549
1.34 0.18 665.05
1.35 0.18 662.551
1.36 0.18 660.052
1.37 0.18 657.552
1.38 0.18 655.053
1.39 0.18 652.554
1.4 0.18 650.054
1.41 0.18 647.555
1.42 0.18 645.055
1.43 0.18 642.556
1.44 0.18 640.056
1.45 0.18 637.556
1.46 0.18 635.057
1.47 0.18 632.557
1.48 0.18 630.057
1.49 0.18 627.557
1.5 0.18 625.057
1.51 0.18 622.557
1.52 0.18 620.057
1.53 0.18 617.557
1.54 0.18 615.057
1.55 0.18 612.556
1.56 0.18 610.056
1.57 0.18 607.556
1.58 0.18 605.055
1.59 0.18 602.555
1.6 0.18 600.054
1.61 0.18 597.554
1.62 0.18 595.053
1.63 0.18 592.552
1.64 0.18 590.052
1.65 0.18 587.551
1.66 0.18 585.05
1.67 0.18 582.549
1.68 0.18 580.048
1.69 0.18 577.547
1.7 0.18 575.046
1.71 0.18 572.545
1.72 0.18 570.044
1.73 0.18 567.543
1.74 0.18 565.042
1.75 0.18 562.54
1.76 0.18 560.039
1.77 0.18 557.538
1.78 0.18 555.036
1.79 0.18 552.535
1.8 0.18 550.034
1.81 0.18 547.532
1.82 0.18 545.031
1.83 0.18 542.529
1.84 0.18 540.028
1.85 0.18 537.526
1.86 0.18 535.024
1.87 0.18 532.523
1.88 0.18 530.021
1.89 0.18 527.519
1.9 0.18 525.018
1.91 0.18 522.516
1.92 0.18 520.014
1.93 0.18 517.512
1.94 0.18 515.011
1.95 0.18 512.509
1.96 0.18 510.007
1.97 0.18 507.505
1.98 0.18 505.004
1.99 0.18 502.502
2 0.18 500

0 0.19 1000
0.01 0.19 997.498
0.02 0.19 994.996
0.03 0.19 992.495
0.04 0.19 989.993
0.05 0.19 987.491
0.06 0.19 984.989
0.07 0.19 982.488
0.08 0.19 979.986
0.09 0.19 977.484
0.1 0.19 974.982
0.11 0.19 972.481
0.12 0.19 969.979
0.13 0.19 967.477
0.14 0.19 964.976
0.15 0.19 962.474
0.16 0.19 959.972
0.17 0.19 957.471
0.18 0.19 954.969
0.19 0.19 952.468
0.2 0.19 949.966
0.21 0.19 947.465
0.22 0.19 944.964
0.23 0.19 942.462
0.24 0.19 939.961
0.25 0.19 937.46
0.26 0.19 934.958
0.27 0.19 932.457
0.28 0.19 929.956
0.29 0.19 927.455
0.3 0.19 924.954
0.31 0.19 922.453
0.32 0.19 919.952
0.33 0.19 917.451
0.34 0.19 914.95
0.35 0.19 912.449
0.36 0.19 909.948
0.37 0.19 907.448
0.38 0.19 904.947
0.39 0.19 902.446
0.4 0.19 899.946
0.41 0.19 897.445
0.42 0.19 894.945
0.43 0.19 892.444
0.44 0.19 889.944
0.45 0.19 887.444
0.46 0.19 884.943
0.47 0.19 882.443
0.48 0.19 879.943
0.49 0.19 877.443
0.5 0.19 874.943
0.51 0.19 872.443
0.52 0.19 869.943
0.53 0.19 867.443
0.54 0.19 864.943
0.55 0.19 862.444
0.56 0.19 859.944
0.57 0.19 857.444
0.58 0.19 854.945
0.59 0.19 852.445
0.6 0.19 849.946
0.61 0.19 847.446
0.62 0.19 844.947
0.63 0.19 842.448
0.64 0.19 839.948
0.65 0.19 837.449
0.66 0.19 834.95
0.67 0.19 832.451
0.68 0.19 829.952
0.69 0.19 827.453
0.7 0.19 824.954
0.71 0.19 822.455
0.72 0.19 819.956
0.73 0.19 817.457
0.74 0.19 814.958
0.75 0.19 812.46
0.76 0.19 809.961
0.77 0.19 807.462
0.78 0.19 804.964
0.79 0.19 802.465
0.8 0.19 799.966
0.81 0.19 797.468
0.82 0.19 794.969
0.83 0.19 792.471
0.84 0.19 789.972
0.85 0.19 787.474
0.86 0.19 784.976
0.87 0.19 782.477
0.88 0.19 779.979
0.89 0.19 777.481
0.9 0.19 774.982
0.91 0.19 772.484
0.92 0.19 769.986
0.93 0.19 767.488
0.94 0.19 764.989
0.95 0.19 762.491
0.96 0.19 759.993
0.97 0.19 757.495
0.98 0.19 754.996
0.99 0.19 752.498
1 0.19 750
1.01 0.19 747.502
1.02 0.19 745.004
1.03 0.19 742.505
1.04 0.19 740.007
1.05 0.19 737.509
1.06 0.19 735.011
1.07 0.19 732.512
1.08 0.19 730.014
1.09 0.19 727.516
1.1 0.19 725.018
1.11 0.19 722.519
1.12 0.19 720.021
1.13 0.19 717.523
1.14 0.19 715.024
1.15 0.19 712.526
1.16 0.19 710.028
1.17 0.19 707.529
1.18 0.19 705.031
1.19 0.19 702.532
1.2 0.19 700.034
1.21 0.19 697.535
1.22 0.19 695.036
1.23 0.19 692.538
1.24 0.19 690.039
1.25 0.19 687.54
1.26 0.19 685.042
1.27 0.19 682.543
1.28 0.19 680.044
1.29 0.19 677.545
1.3 0.19 675.046
1.31 0.19 672.547
1.32 0.19 670.048
1.33 0.19 667.549
1.34 0.19 665.05
1.35 0.19 662.551
1.36 0.19 660.052
1.37 0.19 657.552
1.38 0.19 655.053
1.39 0.19 652.554
1.4 0.19 650.054
1.41 0.19 647.555
1.42 0.19 645.055
1.43 0.19 642.556
1.44 0.19 640.056
1.45 0.19 637.556
1.46 0.19 635.057
1.47 0.19 632.557
1.48 0.19 630.057
1.49 0.19 627.557
1.5 0.19 625.057
1.51 0.19 622.557
1.52 0.19 620.057
1.53 0.19 617.557
1.54 0.19 615.057
1.55 0.19 612.556
1.56 0.19 610.056
1.57 0.19 607.556
1.58 0.19 605.055
1.59 0.19 602.555
1.6 0.19 600.054
1.61 0.19 597.554
1.62 0.19 595.053
1.63 0.19 592.552
1.64 0.19 590.052
1.65 0.19 587.551
1.66 0.19 585.05
1.67 0.19 582.549
1.68 0.19 580.048
1.69 0.19 577.547
1.7 0.19 575.046
1.71 0.19 572.545
1.72 0.19 570.044
1.73 0.19 567.543
1.74 0.19 565.042
1.75 0.19 562.54
1.76 0.19 560.039
1.77 0.19 557.538
1.78 0.19 555.036
1.79 0.19 552.535
1.8 0.19 550.034
1.81 0.19 547.532
1.82 0.19 545.031
1.83 0.19 542.529
1.84 0.19 540.028
1.85 0.19 537.526
1.86 0.19 535.024
1.87 0.19 532.523
1.88 0.19 530.021
1.89 0.19 527.519
1.9 0.19 525.018
1.91 0.19 522.516
1.92 0.19 520.014
1.93 0.19 517.512
1.94 0.19 515.011
1.95 0.19 512.509
1.96 0.19 510.007
1.97 0.19 507.505
1.98 0.19 505.004
1.99 0.19 502.502
2 0.19 500

0 0.2 1000
0.01 0.2 997.498
0.02 0.2 994.996
0.03 0.2 992.495
0.04 0.2 989.993
0.05 0.2 987.491
0.06 0.2 984.989
0.07 0.2 982.488
0.08 0.2 979.986
0.09 0.2 977.484
0.1 0.2 974.982
0.11 0.2 972.481
0.12 0.2 969.979
0.13 0.2 967.477
0.14 0.2 964.976
0.15 0.2 962.474
0.16 0.2 959.972
0.17 0.2 957.471
0.18 0.2 954.969
0.19 0.2 952.468
0.2 0.2 949.966
0.21 0.2 947.465
0.22 0.2 944.964
0.23 0.2 942.462
0.24 0.2 939.961
0.25 0.2 937.46
0.26 0.2 934.958
0.27 0.2 932.457
0.28 0.2 929.956
0.29 0.2 927.455
0.3 0.2 924.954
0.31 0.2 922.453
0.32 0.2 919.952
0.33 0.2 917.451
0.34 0.2 914.95
0.35 0.2 912.449
0.36 0.2 909.948
0.37 0.2 907.448
0.38 0.2 904.947
0.39 0.2 902.446
0.4 0.2 899.946
0.41 0.2 897.445
0.42 0.2 894.945
0.43 0.2 892.444
0.44 0.2 889.944
0.45 0.2 887.444
0.46 0.2 884.943
0.47 0.2 882.443
0.48 0.2 879.943
0.49 0.2 877.443
0.5 0.2 874.943
0.51 0.2 872.443
0.52 0.2 869.943
0.53 0.2 867.443
0.54 0.2 864.943
0.55 0.2 862.444
0.56 0.2 859.944
0.57 0.2 857.444
0.58 0.2 854.945
0.59 0.2 852.445
0.6 0.2 849.946
0.61 0.2 847.446
0.62 0.2 844.947
0.63 0.2 842.448
0.64 0.2 839.948
0.65 0.2 837.449
0.66 0.2 834.95
0.67 0.2 832.451
0.68 0.2 829.952
0.69 0.2 827.453
0.7 0.2 824.954
0.71 0.2 822.455
0.72 0.2 819.956
0.73 0.2 817.457
0.74 0.2 814.958
0.75 0.2 812.46
0.76 0.2 809.961
0.77 0.2 807.462
0.78 0.2 804.964
0.79 0.2 802.465
0.8 0.2 799.966
0.81 0.2 797.468
0.82 0.2 794.969
0.83 0.2 792.471
0.84 0.2 789.972
0.85 0.2 787.474
0.86 0.2 784.976
0.87 0.2 782.477
0.88 0.2 779.979
0.89 0.2 777.481
0.9 0.2 774.982
0.91 0.2 772.484
0.92 0.2 769.986
0.93 0.2 767.488
0.94 0.2 764.989
0.95 0.2 762.491
0.96 0.2 759.993
0.97 0.2 757.495
0.98 0.2 754.996
0.99 0.2 752.498
1 0.2 750
1.01 0.2 747.502
1.02 0.2 745.004
1.03 0.2 742.505
1.04 0.2 740.007
1.05 0.2 737.509
1.06 0.2 735.011
1.07 0.2 732.512
1.08 0.2 730.014
1.09 0.2 727.516
1.1 0.2 725.018
1.11 0.2 722.519
1.12 0.2 720.021
1.13 0.2 717.523
1.14 0.2 715.024
1.15 0.2 712.526
1.16 0.2 710.028
1.17 0.2 707.529
1.18 0.2 705.031
1.19 0.2 702.532
1.2 0.2 700.034
1.21 0.2 697.535
1.22 0.2 695.036
1.23 0.2 692.538
1.24 0.2 690.039
1.25 0.2 687.54
1.26 0.2 685.042
1.27 0.2 682.543
1.28 0.2 680.044
1.29 0.2 677.545
1.3 0.2 675.046
1.31 0.2 672.547
1.32 0.2 670.048
1.33 0.2 667.549
1.34 0.2 665.05
1.35 0.2 662.551
1.36 0.2 660.052
1.37 0.2 657.552
1.38 0.2 655.053
1.39 0.2 652.554
1.4 0.2 650.054
1.41 0.2 647.555
1.42 0.2 645.055
1.43 0.2 642.556
1.44 0.2 640.056
1.45 0.2 637.556
1.46 0.2 635.057
1.47 0.2 632.557
1.48 0.2 630.057
1.49 0.2 627.557
1.5 0.2 625.057
1.51 0.2 622.557
1.52 0.2 620.057
1.53 0.2 617.557
1.54 0.2 615.057
1.55 0.2 612.556
1.56 0.2 610.056
1.57 0.2 607.556
1.58 0.2 605.055
1.59 0.2 602.555
1.6 0.2 600.054
1.61 0.2 597.554
1.62 0.2 595.053
1.63 0.2 592.552
1.64 0.2 590.052
1.65 0.2 587.551
1.66 0.2 585.05
1.67 0.2 582.549
1.68 0.2 580.048
1.69 0.2 577.547
1.7 0.2 575.046
1.71 0.2 572.545
1.72 0.2 570.044
1.73 0.2 567.543
1.74 0.2 565.042
1.75 0.2 562.54
1.76 0.2 560.039
1.77 0.2 557.538
1.78 0.2 555.036
1.79 0.2 552.535
1.8 0.2 550.034
1.81 0.2 547.532
1.82 0.2 545.031
1.83 0.2 542.529
1.84 0.2 540.028
1.85 0.2 537.526
1.86 0.2 535.024
1.87 0.2 532.523
1.88 0.2 530.021
1.89 0.2 527.519
1.9 0.2 525.018
1.91 0.2 522.516
1.92 0.2 520.014
1.93 0.2 517.512
1.94 0.2 515.011
1.95 0.2 512.509
1.96 0.2 510.007
1.97 0.2 507.505
1.98 0.2 505.004
1.99 0.2 502.502
2 0.2 500

0 0.21 1000
0.01 0.21 997.498
0.02 0.21 994.996
0.03 0.21 992.495
0.04 0.21 989.993
0.05 0.21 987.491
0.06 0.21 984.989
0.07 0.21 982.488
0.08 0.21 979.986
0.09 0.21 977.484
0.1 0.21 974.982
0.11 0.21 972.481
0.12 0.21 969.979
0.13 0.21 967.477
0.14 0.21 964.976
0.15 0.21 962.474
0.16 0.21 959.972
0.17 0.21 957.471
0.18 0.21 954.969
0.19 0.21 952.468
0.2 0.21 949.966
0.21 0.21 947.465
0.22 0.21 944.964
0.23 0.21 942.462
0.24 0.21 939.961
0.25 0.21 937.46
0.26 0.21 934.958
0.27 0.21 932.457
0.28 0.21 929.956
0.29 0.21 927.455
0.3 0.21 924.954
0.31 0.21 922.453
0.32 0.21 919.952
0.33 0.21 917.451
0.34 0.21 914.95
0.35 0.21 912.449
0.36 0.21 909.948
0.37 0.21 907.448
0.38 0.21 904.947
0.39 0.21 902.446
0.4 0.21 899.946
0.41 0.21 897.445
0.42 0.21 894.945
0.43 0.21 892.444
0.44 0.21 889.944
0.45 0.21 887.444
0.46 0.21 884.943
0.47 0.21 882.443
0.48 0.21 879.943
0.49 0.21 877.443
0.5 0.21 874.943
0.51 0.21 872.443
0.52 0.21 869.943
0.53 0.21 867.443
0.54 0.21 864.943
0.55 0.21 862.444
0.56 0.21 859.944
0.57 0.21 857.444
0.58 0.21 854.945
0.59 0.21 852.445
0.6 0.21 849.946
0.61 0.21 847.446
0.62 0.21 844.947
0.63 0.21 842.448
0.64 0.21 839.948
0.65 0.21 837.449
0.66 0.21 834.95
0.67 0.21 832.451
0.68 0.21 829.952
0.69 0.21 827.453
0.7 0.21 824.954
0.71 0.21 822.455
0.72 0.21 819.956
0.73 0.21 817.457
0.74 0.21 814.958
0.75 0.21 812.46
0.76 0.21 809.961
0.77 0.21 807.462
0.78 0.21 804.964
0.79 0.21 802.465
0.8 0.21 799.966
0.81 0.21 797.468
0.82 0.21 794.969
0.83 0.21 792.471
0.84 0.21 789.972
0.85 0.21 787.474
0.86 0.21 784.976
0.87 0.21 782.477
0.88 0.21 779.979
0.89 0.21 777.481
0.9 0.21 774.982
0.91 0.21 772.484
0.92 0.21 769.986
0.93 0.21 767.488
0.94 0.21 764.989
0.95 0.21 762.491
0.96 0.21 759.993
0.97 0.21 757.495
0.98 0.21 754.996
0.99 0.21 752.498
1 0.21 750
1.01 0.21 747.502
1.02 0.21 745.004
1.03 0.21 742.505
1.04 0.21 740.007
1.05 0.21 737.509
1.06 0.21 735.011
1.07 0.21 732.512
1.08 0.21 730.014
1.09 0.21 727.516
1.1 0.21 725.018
1.11 0.21 722.519
1.12 0.21 720.021
1.13 0.21 717.523
1.14 0.21 715.024
1.15 0.21 712.526
1.16 0.21 710.028
1.17 0.21 707.529
1.18 0.21 705.031
1.19 0.21 702.532
1.2 0.21 700.034
1.21 0.21 697.535
1.22 0.21 695.036
1.23 0.21 692.538
1.24 0.21 690.039
1.25 0.21 687.54
1.26 0.21 685.042
1.27 0.21 682.543
1.28 0.21 680.044
1.29 0.21 677.545
1.3 0.21 675.046
1.31 0.21 672.547
1.32 0.21 670.048
1.33 0.21 667.549
1.34 0.21 665.05
1.35 0.21 662.551
1.36 0.21 660.052
1.37 0.21 657.552
1.38 0.21 655.053
1.39 0.21 652.554
1.4 0.21 650.054
1.41 0.21 647.555
1.42 0.21 645.055
1.43 0.21 642.556
1.44 0.21 640.056
1.45 0.21 637.556
1.46 0.21 635.057
1.47 0.21 632.557
1.48 0.21 630.057
1.49 0.21 627.557
1.5 0.21 625.057
1.51 0.21 622.557
1.52 0.21 620.057
1.53 0.21 617.557
1.54 0.21 615.057
1.55 0.21 612.556
1.56 0.21 610.056
1.57 0.21 607.556
1.58 0.21 605.055
1.59 0.21 602.555
1.6 0.21 600.054
1.61 0.21 597.554
1.62 0.21 595.053
1.63 0.21 592.552
1.64 0.21 590.052
1.65 0.21 587.551
1.66 0.21 585.05
1.67 0.21 582.549
1.68 0.21 580.048
1.69 0.21 577.547
1.7 0.21 575.046
1.71 0.21 572.545
1.72 0.21 570.044
1.73 0.21 567.543
1.74 0.21 565.042
1.75 0.21 562.54
1.76 0.21 560.039
1.77 0.21 557.538
1.78 0.21 555.036
1.79 0.21 552.535
1.8 0.21 550.034
1.81 0.21 547.532
1.82 0.21 545.031
1.83 0.21 542.529
1.84 0.21 540.028
1.85 0.21 537.526
1.86 0.21 535.024
1.87 0.21 532.523
1.88 0.21 530.021
1.89 0.21 527.519
1.9 0.21 525.018
1.91 0.21 522.516
1.92 0.21 520.014
1.93 0.21 517.512
1.94 0.21 515.011
1.95 0.21 512.509
1.96 0.21 510.007
1.97 0.21 507.505
1.98 0.21 505.004
1.99 0.21 502.502
2 0.21 500

0 0.22 1000
0.01 0.22 997.498
0.02 0.22 994.996
0.03 0.22 992.495
0.04 0.22 989.993
0.05 0.22 987.491
0.06 0.22 984.989
0.07 0.22 982.488
0.08 0.22 979.986
0.09 0.22 977.484
0.1 0.22 974.982
0.11 0.22 972.481
0.12 0.22 969.979
0.13 0.22 967.477
0.14 0.22 964.976
0.15 0.22 962.474
0.16 0.22 959.972
0.17 0.22 957.471
0.18 0.22 954.969
0.19 0.22 952.468
0.2 0.22 949.966
0.21 0.22 947.465
0.22 0.22 944.964
0.23 0.22 942.462
0.24 0.22 939.961
0.25 0.22 937.46
0.26 0.22 934.958
0.27 0.22 932.457
0.28 0.22 929.956
0.29 0.22 927.455
0.3 0.22 924.954
0.31 0.22 922.453
0.32 0.22 919.952
0.33 0.22 917.451
0.34 0.22 914.95
0.35 0.22 912.449
0.36 0.22 909.948
0.37 0.22 907.448
0.38 0.22 904.947
0.39 0.22 902.446
0.4 0.22 899.946
0.41 0.22 897.445
0.42 0.22 894.945
0.43 0.22 892.444
0.44 0.22 889.944
0.45 0.22 887.444
0.46 0.22 884.943
0.47 0.22 882.443
0.48 0.22 879.943
0.49 0.22 877.443
0.5 0.22 874.943
0.51 0.22 872.443
0.52 0.22 869.943
0.53 0.22 867.443
0.54 0.22 864.943
0.55 0.22 862.444
0.56 0.22 859.944
0.57 0.22 857.444
0.58 0.22 854.945
0.59 0.22 852.445
0.6 0.22 849.946
0.61 0.22 847.446
0.62 0.22 844.947
0.63 0.22 842.448
0.64 0.22 839.948
0.65 0.22 837.449
0.66 0.22 834.95
0.67 0.22 832.451
0.68 0.22 829.952
0.69 0.22 827.453
0.7 0.22 824.954
0.71 0.22 822.455
0.72 0.22 819.956
0.73 0.22 817.457
0.74 0.22 814.958
0.75 0.22 812.46
0.76 0.22 809.961
0.77 0.22 807.462
0.78 0.22 804.964
0.79 0.22 802.465
0.8 0.22 799.966
0.81 0.22 797.468
0.82 0.22 794.969
0.83 0.22 792.471
0.84 0.22 789.972
0.85 0.22 787.474
0.86 0.22 784.976
0.87 0.22 782.477
0.88 0.22 779.979
0.89 0.22 777.481
0.9 0.22 774.982
0.91 0.22 772.484
0.92 0.22 769.986
0.93 0.22 767.488
0.94 0.22 764.989
0.95 0.22 762.491
0.96 0.22 759.993
0.97 0.22 757.495
0.98 0.22 754.996
0.99 0.22 752.498
1 0.22 750
1.01 0.22 747.502
1.02 0.22 745.004
1.03 0.22 742.505
1.04 0.22 740.007
1.05 0.22 737.509
1.06 0.22 735.011
1.07 0.22 732.512
1.08 0.22 730.014
1.09 0.22 727.516
1.1 0.22 725.018
1.11 0.22 722.519
1.12 0.22 720.021
1.13 0.22 717.523
1.14 0.22 715.024
1.15 0.22 712.526
1.16 0.22 710.028
1.17 0.22 707.529
1.18 0.22 705.031
1.19 0.22 702.532
1.2 0.22 700.034
1.21 0.22 697.535
1.22 0.22 695.036
1.23 0.22 692.538
1.24 0.22 690.039
1.25 0.22 687.54
1.26 0.22 685.042
1.27 0.22 682.543
1.28 0.22 680.044
1.29 0.22 677.545
1.3 0.22 675.046
1.31 0.22 672.547
1.32 0.22 670.048
1.33 0.22 667.549
1.34 0.22 665.05
1.35 0.22 662.551
1.36 0.22 660.052
1.37 0.22 657.552
1.38 0.22 655.053
1.39 0.22 652.554
1.4 0.22 650.054
1.41 0.22 647.555
1.42 0.22 645.055
1.43 0.22 642.556
1.44 0.22 640.056
1.45 0.22 637.556
1.46 0.22 635.057
1.47 0.22 632.557
1.48 0.22 630.057
1.49 0.22 627.557
1.5 0.22 625.057
1.51 0.22 622.557
1.52 0.22 620.057
1.53 0.22 617.557
1.54 0.22 615.057
1.55 0.22 612.556
1.56 0.22 610.056
1.57 0.22 607.556
1.58 0.22 605.055
1.59 0.22 602.555
1.6 0.22 600.054
1.61 0.22 597.554
1.62 0.22 595.053
1.63 0.22 592.552
1.64 0.22 590.052
1.65 0.22 587.551
1.66 0.22 585.05
1.67 0.22 582.549
1.68 0.22 580.048
1.69 0.22 577.547
1.7 0.22 575.046
1.71 0.22 572.545
1.72 0.22 570.044
1.73 0.22 567.543
1.74 0.22 565.042
1.75 0.22 562.54
1.76 0.22 560.039
1.77 0.22 557.538
1.78 0.22 555.036
1.79 0.22 552.535
1.8 0.22 550.034
1.81 0.22 547.532
1.82 0.22 545.031
1.83 0.22 542.529
1.84 0.22 540.028
1.85 0.22 537.526
1.86 0.22 535.024
1.87 0.22 532.523
1.88 0.22 530.021
1.89 0.22 527.519
1.9 0.22 525.018
1.91 0.22 522.516
1.92 0.22 520.014
1.93 0.22 517.512
1.94 0.22 515.011
1.95 0.22 512.509
1.96 0.22 510.007
1.97 0.22 507.505
1.98 0.22 505.004
1.99 0.22 502.502
2 0.22 500

0 0.23 1000
0.01 0.23 997.498
0.02 0.23 994.996
0.03 0.23 992.495
0.04 0.23 989.993
0.05 0.23 987.491
0.06 0.23 984.989
0.07 0.23 982.488
0.08 0.23 979.986
0.09 0.23 977.484
0.1 0.23 974.982
0.11 0.23 972.481
0.12 0.23 969.979
0.13 0.23 967.477
0.14 0.23 964.976
0.15 0.23 962.474
0.16 0.23 959.972
0.17 0.23 957.471
0.18 0.23 954.969
0.19 0.23 952.468
0.2 0.23 949.966
0.21 0.23 947.465
0.22 0.23 944.964
0.23 0.23 942.462
0.24 0.23 939.961
0.25 0.23 937.46
0.26 0.23 934.958
0.27 0.23 932.457
0.28 0.23 929.956
0.29 0.23 927.455
0.3 0.23 924.954
0.31 0.23 922.453
0.32 0.23 919.952
0.33 0.23 917.451
0.34 0.23 914.95
0.35 0.23 912.449
0.36 0.23 909.948
0.37 0.23 907.448
0.38 0.23 904.947
0.39 0.23 902.446
0.4 0.23 899.946
0.41 0.23 897.445
0.42 0.23 894.945
0.43 0.23 892.444
0.44 0.23 889.944
0.45 0.23 887.444
0.46 0.23 884.943
0.47 0.23 882.443
0.48 0.23 879.943
0.49 0.23 877.443
0.5 0.23 874.943
0.51 0.23 872.443
0.52 0.23 869.943
0.53 0.23 867.443
0.54 0.23 864.943
0.55 0.23 862.444
0.56 0.23 859.944
0.57 0.23 857.444
0.58 0.23 854.945
0.59 0.23 852.445
0.6 0.23 849.946
0.61 0.23 847.446
0.62 0.23 844.947
0.63 0.23 842.448
0.64 0.23 839.948
0.65 0.23 837.449
0.66 0.23 834.95
0.67 0.23 832.451
0.68 0.23 829.952
0.69 0.23 827.453
0.7 0.23 824.954
0.71 0.23 822.455
0.72 0.23 819.956
0.73 0.23 817.457
0.74 0.23 814.958
0.75 0.23 812.46
0.76 0.23 809.961
0.77 0.23 807.462
0.78 0.23 804.964
0.79 0.23 802.465
0.8 0.23 799.966
0.81 0.23 797.468
0.82 0.23 794.969
0.83 0.23 792.471
0.84 0.23 789.972
0.85 0.23 787.474
0.86 0.23 784.976
0.87 0.23 782.477
0.88 0.23 779.979
0.89 0.23 777.481
0.9 0.23 774.982
0.91 0.23 772.484
0.92 0.23 769.986
0.93 0.23 767.488
0.94 0.23 764.989
0.95 0.23 762.491
0.96 0.23 759.993
0.97 0.23 757.495
0.98 0.23 754.996
0.99 0.23 752.498
1 0.23 750
1.01 0.23 747.502
1.02 0.23 745.004
1.03 0.23 742.505
1.04 0.23 740.007
1.05 0.23 737.509
1.06 0.23 735.011
1.07 0.23 732.512
1.08 0.23 730.014
1.09 0.23 727.516
1.1 0.23 725.018
1.11 0.23 722.519
1.12 0.23 720.021
1.13 0.23 717.523
1.14 0.23 715.024
1.15 0.23 712.526
1.16 0.23 710.028
1.17 0.23 707.529
1.18 0.23 705.031
1.19 0.23 702.532
1.2 0.23 700.034
1.21 0.23 697.535
1.22 0.23 695.036
1.23 0.23 692.538
1.24 0.23 690.039
1.25 0.23 687.54
1.26 0.23 685.042
1.27 0.23 682.543
1.28 0.23 680.044
1.29 0.23 677.545
1.3 0.23 675.046
1.31 0.23 672.547
1.32 0.23 670.048
1.33 0.23 667.549
1.34 0.23 665.05
1.35 0.23 662.551
1.36 0.23 660.052
1.37 0.23 657.552
1.38 0.23 655.053
1.39 0.23 652.554
1.4 0.23 650.054
1.41 0.23 647.555
1.42 0.23 645.055
1.43 0.23 642.556
1.44 0.23 640.056
1.45 0.23 637.556
1.46 0.23 635.057
1.47 0.23 632.557
1.48 0.23 630.057
1.49 0.23 627.557
1.5 0.23 625.057
1.51 0.23 622.557
1.52 0.23 620.057
1.53 0.23 617.557
1.54 0.23 615.057
1.55 0.23 612.556
1.56 0.23 610.056
1.57 0.23 607.556
1.58 0.23 605.055
1.59 0.23 602.555
1.6 0.23 600.054
1.61 0.23 597.554
1.62 0.23 595.053
1.63 0.23 592.552
1.64 0.23 590.052
1.65 0.23 587.551
1.66 0.23 585.05
1.67 0.23 582.549
1.68 0.23 580.048
1.69 0.23 577.547
1.7 0.23 575.046
1.71 0.23 572.545
1.72 0.23 570.044
1.73 0.23 567.543
1.74 0.23 565.042
1.75 0.23 562.54
1.76 0.23 560.039
1.77 0.23 557.538
1.78 0.23 555.036
1.79 0.23 552.535
1.8 0.23 550.034
1.81 0.23 547.532
1.82 0.23 545.031
1.83 0.23 542.529
1.84 0.23 540.028
1.85 0.23 537.526
1.86 0.23 535.024
1.87 0.23 532.523
1.88 0.23 530.021
1.89 0.23 527.519
1.9 0.23 525.018
1.91 0.23 522.516
1.92 0.23 520.014
1.93 0.23 517.512
1.94 0.23 515.011
1.95 0.23 512.509
1.96 0.23 510.007
1.97 0.23 507.505
1.98 0.23 505.004
1.99 0.23 502.502
2 0.23 500

0 0.24 1000
0.01 0.24 997.498
0.02 0.24 994.996
0.03 0.24 992.495
0.04 0.24 989.993
0.05 0.24 987.491
0.06 0.24 984.989
0.07 0.24 982.488
0.08 0.24 979.986
0.09 0.24 977.484
0.1 0.24 974.982
0.11 0.24 972.481
0.12 0.24 969.979
0.13 0.24 967.477
0.14 0.24 964.976
0.15 0.24 962.474
0.16 0.24 959.972
0.17 0.24 957.471
0.18 0.24 954.969
0.19 0.24 952.468
0.2 0.24 949.966
0.21 0.24 947.465
0.22 0.24 944.964
0.23 0.24 942.462
0.24 0.24 939.961
0.25 0.24 937.46
0.26 0.24 934.958
0.27 0.24 932.457
0.28 0.24 929.956
0.29 0.24 927.455
0.3 0.24 924.954
0.31 0.24 922.453
0.32 0.24 919.952
0.33 0.24 917.451
0.34 0.24 914.95
0.35 0.24 912.449
0.36 0.24 909.948
0.37 0.24 907.448
0.38 0.24 904.947
0.39 0.24 902.446
0.4 0.24 899.946
0.41 0.24 897.445
0.42 0.24 894.945
0.43 0.24 892.444
0.44 0.24 889.944
0.45 0.24 887.444
0.46 0.24 884.943
0.47 0.24 882.443
0.48 0.24 879.943
0.49 0.24 877.443
0.5 0.24 874.943
0.51 0.24 872.443
0.52 0.24 869.943
0.53 0.24 867.443
0.54 0.24 864.943
0.55 0.24 862.444
0.56 0.24 859.944
0.57 0.24 857.444
0.58 0.24 854.945
0.59 0.24 852.445
0.6 0.24 849.946
0.61 0.24 847.446
0.62 0.24 844.947
0.63 0.24 842.448
0.64 0.24 839.948
0.65 0.24 837.449
0.66 0.24 834.95
0.67 0.24 832.451
0.68 0.24 829.952
0.69 0.24 827.453
0.7 0.24 824.954
0.71 0.24 822.455
0.72 0.24 819.956
0.73 0.24 817.457
0.74 0.24 814.958
0.75 0.24 812.46
0.76 0.24 809.961
0.77 0.24 807.462
0.78 0.24 804.964
0.79 0.24 802.465
0.8 0.24 799.966
0.81 0.24 797.468
0.82 0.24 794.969
0.83 0.24 792.471
0.84 0.24 789.972
0.85 0.24 787.474
0.86 0.24 784.976
0.87 0.24 782.477
0.88 0.24 779.979
0.89 0.24 777.481
0.9 0.24 774.982
0.91 0.24 772.484
0.92 0.24 769.986
0.93 0.24 767.488
0.94 0.24 764.989
0.95 0.24 762.491
0.96 0.24 759.993
0.97 0.24 757.495
0.98 0.24 754.996
0.99 0.24 752.498
1 0.24 750
1.01 0.24 747.502
1.02 0.24 745.004
1.03 0.24 742.505
1.04 0.24 740.007
1.05 0.24 737.509
1.06 0.24 735.011
1.07 0.24 732.512
1.08 0.24 730.014
1.09 0.24 727.516
1.1 0.24 725.018
1.11 0.24 722.519
1.12 0.24 720.021
1.13 0.24 717.523
1.14 0.24 715.024
1.15 0.24 712.526
1.16 0.24 710.028
1.17 0.24 707.529
1.18 0.24 705.031
1.19 0.24 702.532
1.2 0.24 700.034
1.21 0.24 697.535
1.22 0.24 695.036
1.23 0.24 692.538
1.24 0.24 690.039
1.25 0.24 687.54
1.26 0.24 685.042
1.27 0.24 682.543
1.28 0.24 680.044
1.29 0.24 677.545
1.3 0.24 675.046
1.31 0.24 672.547
1.32 0.24 670.048
1.33 0.24 667.549
1.34 0.24 665.05
1.35 0.24 662.551
1.36 0.24 660.052
1.37 0.24 657.552
1.38 0.24 655.053
1.39 0.24 652.554
1.4 0.24 650.054
1.41 0.24 647.555
1.42 0.24 645.055
1.43 0.24 642.556
1.44 0.24 640.056
1.45 0.24 637.556
1.46 0.24 635.057
1.47 0.24 632.557
1.48 0.24 630.057
1.49 0.24 627.557
1.5 0.24 625.057
1.51 0.24 622.557
1.52 0.24 620.057
1.53 0.24 617.557
1.54 0.24 615.057
1.55 0.24 612.556
1.56 0.24 610.056
1.57 0.24 607.556
1.58 0.24 605.055
1.59 0.24 602.555
1.6 0.24 600.054
1.61 0.24 597.554
1.62 0.24 595.053
1.63 0.24 592.552
1.64 0.24 590.052
1.65 0.24 587.551
1.66 0.24 585.05
1.67 0.24 582.549
1.68 0.24 580.048
1.69 0.24 577.547
1.7 0.24 575.046
1.71 0.24 572.545
1.72 0.24 570.044
1.73 0.24 567.543
1.74 0.24 565.042
1.75 0.24 562.54
1.76 0.24 560.039
1.77 0.24 557.538
1.78 0.24 555.036
1.79 0.24 552.535
1.8 0.24 550.034
1.81 0.24 547.532
1.82 0.24 545.031
1.83 0.24 542.529
1.84 0.24 540.028
1.85 0.24 537.526
1.86 0.24 535.024
1.87 0.24 532.523
1.88 0.24 530.021
1.89 0.24 527.519
1.9 0.24 525.018
1.91 0.24 522.516
1.92 0.24 520.014
1.93 0.24 517.512
1.94 0.24 515.011
1.95 0.24 512.509
1.96 0.24 510.007
1.97 0.24 507.505
1.98 0.24 505.004
1.99 0.24 502.502
2 0.24 500

0 0.25 1000
0.01 0.25 997.498
0.02 0.25 994.996
0.03 0.25 992.495
0.04 0.25 989.993
0.05 0.25 987.491
0.06 0.25 984.989
0.07 0.25 982.488
0.08 0.25 979.986
0.09 0.25 977.484
0.1 0.25 974.982
0.11 0.25 972.481
0.12 0.25 969.979
0.13 0.25 967.477
0.14 0.25 964.976
0.15 0.25 962.474
0.16 0.25 959.972
0.17 0.25 957.471
0.18 0.25 954.969
0.19 0.25 952.468
0.2 0.25 949.966
0.21 0.25 947.465
0.22 0.25 944.964
0.23 0.25 942.462
0.24 0.25 939.961
0.25 0.25 937.46
0.26 0.25 934.958
0.27 0.25 932.457
0.28 0.25 929.956
0.29 0.25 927.455
0.3 0.25 924.954
0.31 0.25 922.453
0.32 0.25 919.952
0.33 0.25 917.451
0.34 0.25 914.95
0.35 0.25 912.449
0.36 0.25 909.948
0.37 0.25 907.448
0.38 0.25 904.947
0.39 0.25 902.446
0.4 0.25 899.946
0.41 0.25 897.445
0.42 0.25 894.945
0.43 0.25 892.444
0.44 0.25 889.944
0.45 0.25 887.444
0.46 0.25 884.943
0.47 0.25 882.443
0.48 0.25 879.943
0.49 0.25 877.443
0.5 0.25 874.943
0.51 0.25 872.443
0.52 0.25 869.943
0.53 0.25 867.443
0.54 0.25 864.943
0.55 0.25 862.444
0.56 0.25 859.944
0.57 0.25 857.444
0.58 0.25 854.945
0.59 0.25 852.445
0.6 0.25 849.946
0.61 0.25 847.446
0.62 0.25 844.947
0.63 0.25 842.448
0.64 0.25 839.948
0.65 0.25 837.449
0.66 0.25 834.95
0.67 0.25 832.451
0.68 0.25 829.952
0.69 0.25 827.453
0.7 0.25 824.954
0.71 0.25 822.455
0.72 0.25 819.956
0.73 0.25 817.457
0.74 0.25 814.958
0.75 0.25 812.46
0.76 0.25 809.961
0.77 0.25 807.462
0.78 0.25 804.964
0.79 0.25 802.465
0.8 0.25 799.966
0.81 0.25 797.468
0.82 0.25 794.969
0.83 0.25 792.471
0.84 0.25 789.972
0.85 0.25 787.474
0.86 0.25 784.976
0.87 0.25 782.477
0.88 0.25 779.979
0.89 0.25 777.481
0.9 0.25 774.982
0.91 0.25 772.484
0.92 0.25 769.986
0.93 0.25 767.488
0.94 0.25 764.989
0.95 0.25 762.491
0.96 0.25 759.993
0.97 0.25 757.495
0.98 0.25 754.996
0.99 0.25 752.498
1 0.25 750
1.01 0.25 747.502
1.02 0.25 745.004
1.03 0.25 742.505
1.04 0.25 740.007
1.05 0.25 737.509
1.06 0.25 735.011
1.07 0.25 732.512
1.08 0.25 730.014
1.09 0.25 727.516
1.1 0.25 725.018
1.11 0.25 722.519
1.12 0.25 720.021
1.13 0.25 717.523
1.14 0.25 715.024
1.15 0.25 712.526
1.16 0.25 710.028
1.17 0.25 707.529
1.18 0.25 705.031
1.19 0.25 702.532
1.2 0.25 700.034
1.21 0.25 697.535
1.22 0.25 695.036
1.23 0.25 692.538
1.24 0.25 690.039
1.25 0.25 687.54
1.26 0.25 685.042
1.27 0.25 682.543
1.28 0.25 680.044
1.29 0.25 677.545
1.3 0.25 675.046
1.31 0.25 672.547
1.32 0.25 670.048
1.33 0.25 667.549
1.34 0.25 665.05
1.35 0.25 662.551
1.36 0.25 660.052
1.37 0.25 657.552
1.38 0.25 655.053
1.39 0.25 652.554
1.4 0.25 650.054
1.41 0.25 647.555
1.42 0.25 645.055
1.43 0.25 642.556
1.44 0.25 640.056
1.45 0.25 637.556
1.46 0.25 635.057
1.47 0.25 632.557
1.48 0.25 630.057
1.49 0.25 627.557
1.5 0.25 625.057
1.51 0.25 622.557
1.52 0.25 620.057
1.53 0.25 617.557
1.54 0.25 615.057
1.55 0.25 612.556
1.56 0.25 610.056
1.57 0.25 607.556
1.58 0.25 605.055
1.59 0.25 602.555
1.6 0.25 600.054
1.61 0.25 597.554
1.62 0.25 595.053
1.63 0.25 592.552
1.64 0.25 590.052
1.65 0.25 587.551
1.66 0.25 585.05
1.67 0.25 582.549
1.68 0.25 580.048
1.69 0.25 577.547
1.7 0.25 575.046
1.71 0.25 572.545
1.72 0.25 570.044
1.73 0.25 567.543
1.74 0.25 565.042
1.75 0.25 562.54
1.76 0.25 560.039
1.77 0.25 557.538
1.78 0.25 555.036
1.79 0.25 552.535
1.8 0.25 550.034
1.81 0.25 547.532
1.82 0.25 545.031
1.83 0.25 542.529
1.84 0.25 540.028
1.85 0.25 537.526
1.86 0.25 535.024
1.87 0.25 532.523
1.88 0.25 530.021
1.89 0.25 527.519
1.9 0.25 525.018
1.91 0.25 522.516
1.92 0.25 520.014
1.93 0.25 517.512
1.94 0.25 515.011
1.95 0.25 512.509
1.96 0.25 510.007
1.97 0.25 507.505
1.98 0.25 505.004
1.99 0.25 502.502
2 0.25 500

0 0.26 1000
0.01 0.26 997.498
0.02 0.26 994.996
0.03 0.26 992.495
0.04 0.26 989.993
0.05 0.26 987.491
0.06 0.26 984.989
0.07 0.26 982.488
0.08 0.26 979.986
0.09 0.26 977.484
0.1 0.26 974.982
0.11 0.26 972.481
0.12 0.26 969.979
0.13 0.26 967.477
0.14 0.26 964.976
0.15 0.26 962.474
0.16 0.26 959.972
0.17 0.26 957.471
0.18 0.26 954.969
0.19 0.26 952.468
0.2 0.26 949.966
0.21 0.26 947.465
0.22 0.26 944.964
0.23 0.26 942.462
0.24 0.26 939.961
0.25 0.26 937.46
0.26 0.26 934.958
0.27 0.26 932.457
0.28 0.26 929.956
0.29 0.26 927.455
0.3 0.26 924.954
0.31 0.26 922.453
0.32 0.26 919.952
0.33 0.26 917.451
0.34 0.26 914.95
0.35 0.26 912.449
0.36 0.26 909.948
0.37 0.26 907.448
0.38 0.26 904.947
0.39 0.26 902.446
0.4 0.26 899.946
0.41 0.26 897.445
0.42 0.26 894.945
0.43 0.26 892.444
0.44 0.26 889.944
0.45 0.26 887.444
0.46 0.26 884.943
0.47 0.26 882.443
0.48 0.26 879.943
0.49 0.26 877.443
0.5 0.26 874.943
0.51 0.26 872.443
0.52 0.26 869.943
0.53 0.26 867.443
0.54 0.26 864.943
0.55 0.26 862.444
0.56 0.26 859.944
0.57 0.26 857.444
0.58 0.26 854.945
0.59 0.26 852.445
0.6 0.26 849.946
0.61 0.26 847.446
0.62 0.26 844.947
0.63 0.26 842.448
0.64 0.26 839.948
0.65 0.26 837.449
0.66 0.26 834.95
0.67 0.26 832.451
0.68 0.26 829.952
0.69 0.26 827.453
0.7 0.26 824.954
0.71 0.26 822.455
0.72 0.26 819.956
0.73 0.26 817.457
0.74 0.26 814.958
0.75 0.26 812.46
0.76 0.26 809.961
0.77 0.26 807.462
0.78 0.26 804.964
0.79 0.26 802.465
0.8 0.26 799.966
0.81 0.26 797.468
0.82 0.26 794.969
0.83 0.26 792.471
0.84 0.26 789.972
0.85 0.26 787.474
0.86 0.26 784.976
0.87 0.26 782.477
0.88 0.26 779.979
0.89 0.26 777.481
0.9 0.26 774.982
0.91 0.26 772.484
0.92 0.26 769.986
0.93 0.26 767.488
0.94 0.26 764.989
0.95 0.26 762.491
0.96 0.26 759.993
0.97 0.26 757.495
0.98 0.26 754.996
0.99 0.26 752.498
1 0.26 750
1.01 0.26 747.502
1.02 0.26 745.004
1.03 0.26 742.505
1.04 0.26 740.007
1.05 0.26 737.509
1.06 0.26 735.011
1.07 0.26 732.512
1.08 0.26 730.014
1.09 0.26 727.516
1.1 0.26 725.018
1.11 0.26 722.519
1.12 0.26 720.021
1.13 0.26 717.523
1.14 0.26 715.024
1.15 0.26 712.526
1.16 0.26 710.028
1.17 0.26 707.529
1.18 0.26 705.031
1.19 0.26 702.532
1.2 0.26 700.034
1.21 0.26 697.535
1.22 0.26 695.036
1.23 0.26 692.538
1.24 0.26 690.039
1.25 0.26 687.54
1.26 0.26 685.042
1.27 0.26 682.543
1.28 0.26 680.044
1.29 0.26 677.545
1.3 0.26 675.046
1.31 0.26 672.547
1.32 0.26 670.048
1.33 0.26 667.549
1.34 0.26 665.05
1.35 0.26 662.551
1.36 0.26 660.052
1.37 0.26 657.552
1.38 0.26 655.053
1.39 0.26 652.554
1.4 0.26 650.054
1.41 0.26 647.555
1.42 0.26 645.055
1.43 0.26 642.556
1.44 0.26 640.056
1.45 0.26 637.556
1.46 0.26 635.057
1.47 0.26 632.557
1.48 0.26 630.057
1.49 0.26 627.557
1.5 0.26 625.057
1.51 0.26 622.557
1.52 0.26 620.057
1.53 0.26 617.557
1.54 0.26 615.057
1.55 0.26 612.556
1.56 0.26 610.056
1.57 0.26 607.556
1.58 0.26 605.055
1.59 0.26 602.555
1.6 0.26 600.054
1.61 0.26 597.554
1.62 0.26 595.053
1.63 0.26 592.552
1.64 0.26 590.052
1.65 0.26 587.551
1.66 0.26 585.05
1.67 0.26 582.549
1.68 0.26 580.048
1.69 0.26 577.547
1.7 0.26 575.046
1.71 0.26 572.545
1.72 0.26 570.044
1.73 0.26 567.543
1.74 0.26 565.042
1.75 0.26 562.54
1.76 0.26 560.039
1.77 0.26 557.538
1.78 0.26 555.036
1.79 0.26 552.535
1.8 0.26 550.034
1.81 0.26 547.532
1.82 0.26 545.031
1.83 0.26 542.529
1.84 0.26 540.028
1.85 0.26 537.526
1.86 0.26 535.024
1.87 0.26 532.523
1.88 0.26 530.021
1.89 0.26 527.519
1.9 0.26 525.018
1.91 0.26 522.516
1.92 0.26 520.014
1.93 0.26 517.512
1.94 0.26 515.011
1.95 0.26 512.509
1.96 0.26 510.007
1.97 0.26 507.505
1.98 0.26 505.004
1.99 0.26 502.502
2 0.26 500

0 0.27 1000
0.01 0.27 997.498
0.02 0.27 994.996
0.03 0.27 992.495
0.04 0.27 989.993
0.05 0.27 987.491
0.06 0.27 984.989
0.07 0.27 982.488
0.08 0.27 979.986
0.09 0.27 977.484
0.1 0.27 974.982
0.11 0.27 972.481
0.12 0.27 969.979
0.13 0.27 967.477
0.14 0.27 964.976
0.15 0.27 962.474
0.16 0.27 959.972
0.17 0.27 957.471
0.18 0.27 954.969
0.19 0.27 952.468
0.2 0.27 949.966
0.21 0.27 947.465
0.22 0.27 944.964
0.23 0.27 942.462
0.24 0.27 939.961
0.25 0.27 937.46
0.26 0.27 934.958
0.27 0.27 932.457
0.28 0.27 929.956
0.29 0.27 927.455
0.3 0.27 924.954
0.31 0.27 922.453
0.32 0.27 919.952
0.33 0.27 917.451
0.34 0.27 914.95
0.35 0.27 912.449
0.36 0.27 909.948
0.37 0.27 907.448
0.38 0.27 904.947
0.39 0.27 902.446
0.4 0.27 899.946
0.41 0.27 897.445
0.42 0.27 894.945
0.43 0.27 892.444
0.44 0.27 889.944
0.45 0.27 887.444
0.46 0.27 884.943
0.47 0.27 882.443
0.48 0.27 879.943
0.49 0.27 877.443
0.5 0.27 874.943
0.51 0.27 872.443
0.52 0.27 869.943
0.53 0.27 867.443
0.54 0.27 864.943
0.55 0.27 862.444
0.56 0.27 859.944
0.57 0.27 857.444
0.58 0.27 854.945
0.59 0.27 852.445
0.6 0.27 849.946
0.61 0.27 847.446
0.62 0.27 844.947
0.63 0.27 842.448
0.64 0.27 839.948
0.65 0.27 837.449
0.66 0.27 834.95
0.67 0.27 832.451
0.68 0.27 829.952
0.69 0.27 827.453
0.7 0.27 824.954
0.71 0.27 822.455
0.72 0.27 819.956
0.73 0.27 817.457
0.74 0.27 814.958
0.75 0.27 812.46
0.76 0.27 809.961
0.77 0.27 807.462
0.78 0.27 804.964
0.79 0.27 802.465
0.8 0.27 799.966
0.81 0.27 797.468
0.82 0.27 794.969
0.83 0.27 792.471
0.84 0.27 789.972
0.85 0.27 787.474
0.86 0.27 784.976
0.87 0.27 782.477
0.88 0.27 779.979
0.89 0.27 777.481
0.9 0.27 774.982
0.91 0.27 772.484
0.92 0.27 769.986
0.93 0.27 767.488
0.94 0.27 764.989
0.95 0.27 762.491
0.96 0.27 759.993
0.97 0.27 757.495
0.98 0.27 754.996
0.99 0.27 752.498
1 0.27 750
1.01 0.27 747.502
1.02 0.27 745.004
1.03 0.27 742.505
1.04 0.27 740.007
1.05 0.27 737.509
1.06 0.27 735.011
1.07 0.27 732.512
1.08 0.27 730.014
1.09 0.27 727.516
1.1 0.27 725.018
1.11 0.27 722.519
1.12 0.27 720.021
1.13 0.27 717.523
1.14 0.27 715.024
1.15 0.27 712.526
1.16 0.27 710.028
1.17 0.27 707.529
1.18 0.27 705.031
1.19 0.27 702.532
1.2 0.27 700.034
1.21 0.27 697.535
1.22 0.27 695.036
1.23 0.27 692.538
1.24 0.27 690.039
1.25 0.27 687.54
1.26 0.27 685.042
1.27 0.27 682.543
1.28 0.27 680.044
1.29 0.27 677.545
1.3 0.27 675.046
1.31 0.27 672.547
1.32 0.27 670.048
1.33 0.27 667.549
1.34 0.27 665.05
1.35 0.27 662.551
1.36 0.27 660.052
1.37 0.27 657.552
1.38 0.27 655.053
1.39 0.27 652.554
1.4 0.27 650.054
1.41 0.27 647.555
1.42 0.27 645.055
1.43 0.27 642.556
1.44 0.27 640.056
1.45 0.27 637.556
1.46 0.27 635.057
1.47 0.27 632.557
1.48 0.27 630.057
1.49 0.27 627.557
1.5 0.27 625.057
1.51 0.27 622.557
1.52 0.27 620.057
1.53 0.27 617.557
1.54 0.27 615.057
1.55 0.27 612.556
1.56 0.27 610.056
1.57 0.27 607.556
1.58 0.27 605.055
1.59 0.27 602.555
1.6 0.27 600.054
1.61 0.27 597.554
1.62 0.27 595.053
1.63 0.27 592.552
1.64 0.27 590.052
1.65 0.27 587.551
1.66 0.27 585.05
1.67 0.27 582.549
1.68 0.27 580.048
1.69 0.27 577.547
1.7 0.27 575.046
1.71 0.27 572.545
1.72 0.27 570.044
1.73 0.27 567.543
1.74 0.27 565.042
1.75 0.27 562.54
1.76 0.27 560.039
1.77 0.27 557.538
1.78 0.27 555.036
1.79 0.27 552.535
1.8 0.27 550.034
1.81 0.27 547.532
1.82 0.27 545.031
1.83 0.27 542.529
1.84 0.27 540.028
1.85 0.27 537.526
1.86 0.27 535.024
1.87 0.27 532.523
1.88 0.27 530.021
1.89 0.27 527.519
1.9 0.27 525.018
1.91 0.27 522.516
1.92 0.27 520.014
1.93 0.27 517.512
1.94 0.27 515.011
1.95 0.27 512.509
1.96 0.27 510.007
1.97 0.27 507.505
1.98 0.27 505.004
1.99 0.27 502.502
2 0.27 500

0 0.28 1000
0.01 0.28 997.498
0.02 0.28 994.996
0.03 0.28 992.495
0.04 0.28 989.993
0.05 0.28 987.491
0.06 0.28 984.989
0.07 0.28 982.488
0.08 0.28 979.986
0.09 0.28 977.484
0.1 0.28 974.982
0.11 0.28 972.481
0.12 0.28 969.979
0.13 0.28 967.477
0.14 0.28 964.976
0.15 0.28 962.474
0.16 0.28 959.972
0.17 0.28 957.471
0.18 0.28 954.969
0.19 0.28 952.468
0.2 0.28 949.966
0.21 0.28 947.465
0.22 0.28 944.964
0.23 0.28 942.462
0.24 0.28 939.961
0.25 0.28 937.46
0.26 0.28 934.958
0.27 0.28 932.457
0.28 0.28 929.956
0.29 0.28 927.455
0.3 0.28 924.954
0.31 0.28 922.453
0.32 0.28 919.952
0.33 0.28 917.451
0.34 0.28 914.95
0.35 0.28 912.449
0.36 0.28 909.948
0.37 0.28 907.448
0.38 0.28 904.947
0.39 0.28 902.446
0.4 0.28 899.946
0.41 0.28 897.445
0.42 0.28 894.945
0.43 0.28 892.444
0.44 0.28 889.944
0.45 0.28 887.444
0.46 0.28 884.943
0.47 0.28 882.443
0.48 0.28 879.943
0.49 0.28 877.443
0.5 0.28 874.943
0.51 0.28 872.443
0.52 0.28 869.943
0.53 0.28 867.443
0.54 0.28 864.943
0.55 0.28 862.444
0.56 0.28 859.944
0.57 0.28 857.444
0.58 0.28 854.945
0.59 0.28 852.445
0.6 0.28 849.946
0.61 0.28 847.446
0.62 0.28 844.947
0.63 0.28 842.448
0.64 0.28 839.948
0.65 0.28 837.449
0.66 0.28 834.95
0.67 0.28 832.451
0.68 0.28 829.952
0.69 0.28 827.453
0.7 0.28 824.954
0.71 0.28 822.455
0.72 0.28 819.956
0.73 0.28 817.457
0.74 0.28 814.958
0.75 0.28 812.46
0.76 0.28 809.961
0.77 0.28 807.462
0.78 0.28 804.964
0.79 0.28 802.465
0.8 0.28 799.966
0.81 0.28 797.468
0.82 0.28 794.969
0.83 0.28 792.471
0.84 0.28 789.972
0.85 0.28 787.474
0.86 0.28 784.976
0.87 0.28 782.477
0.88 0.28 779.979
0.89 0.28 777.481
0.9 0.28 774.982
0.91 0.28 772.484
0.92 0.28 769.986
0.93 0.28 767.488
0.94 0.28 764.989
0.95 0.28 762.491
0.96 0.28 759.993
0.97 0.28 757.495
0.98 0.28 754.996
0.99 0.28 752.498
1 0.28 750
1.01 0.28 747.502
1.02 0.28 745.004
1.03 0.28 742.505
1.04 0.28 740.007
1.05 0.28 737.509
1.06 0.28 735.011
1.07 0.28 732.512
1.08 0.28 730.014
1.09 0.28 727.516
1.1 0.28 725.018
1.11 0.28 722.519
1.12 0.28 720.021
1.13 0.28 717.523
1.14 0.28 715.024
1.15 0.28 712.526
1.16 0.28 710.028
1.17 0.28 707.529
1.18 0.28 705.031
1.19 0.28 702.532
1.2 0.28 700.034
1.21 0.28 697.535
1.22 0.28 695.036
1.23 0.28 692.538
1.24 0.28 690.039
1.25 0.28 687.54
1.26 0.28 685.042
1.27 0.28 682.543
1.28 0.28 680.044
1.29 0.28 677.545
1.3 0.28 675.046
1.31 0.28 672.547
1.32 0.28 670.048
1.33 0.28 667.549
1.34 0.28 665.05
1.35 0.28 662.551
1.36 0.28 660.052
1.37 0.28 657.552
1.38 0.28 655.053
1.39 0.28 652.554
1.4 0.28 650.054
1.41 0.28 647.555
1.42 0.28 645.055
1.43 0.28 642.556
1.44 0.28 640.056
1.45 0.28 637.556
1.46 0.28 635.057
1.47 0.28 632.557
1.48 0.28 630.057
1.49 0.28 627.557
1.5 0.28 625.057
1.51 0.28 622.557
1.52 0.28 620.057
1.53 0.28 617.557
1.54 0.28 615.057
1.55 0.28 612.556
1.56 0.28 610.056
1.57 0.28 607.556
1.58 0.28 605.055
1.59 0.28 602.555
1.6 0.28 600.054
1.61 0.28 597.554
1.62 0.28 595.053
1.63 0.28 592.552
1.64 0.28 590.052
1.65 0.28 587.551
1.66 0.28 585.05
1.67 0.28 582.549
1.68 0.28 580.048
1.69 0.28 577.547
1.7 0.28 575.046
1.71 0.28 572.545
1.72 0.28 570.044
1.73 0.28 567.543
1.74 0.28 565.042
1.75 0.28 562.54
1.76 0.28 560.039
1.77 0.28 557.538
1.78 0.28 555.036
1.79 0.28 552.535
1.8 0.28 550.034
1.81 0.28 547.532
1.82 0.28 545.031
1.83 0.28 542.529
1.84 0.28 540.028
1.85 0.28 537.526
1.86 0.28 535.024
1.87 0.28 532.523
1.88 0.28 530.021
1.89 0.28 527.519
1.9 0.28 525.018
1.91 0.28 522.516
1.92 0.28 520.014
1.93 0.28 517.512
1.94 0.28 515.011
1.95 0.28 512.509
1.96 0.28 510.007
1.97 0.28 507.505
1.98 0.28 505.004
1.99 0.28 502.502
2 0.28 500

0 0.29 1000
0.01 0.29 997.498
0.02 0.29 994.996
0.03 0.29 992.495
0.04 0.29 989.993
0.05 0.29 987.491
0.06 0.29 984.989
0.07 0.29 982.488
0.08 0.29 979.986
0.09 0.29 977.484
0.1 0.29 974.982
0.11 0.29 972.481
0.12 0.29 969.979
0.13 0.29 967.477
0.14 0.29 964.976
0.15 0.29 962.474
0.16 0.29 959.972
0.17 0.29 957.471
0.18 0.29 954.969
0.19 0.29 952.468
0.2 0.29 949.966
0.21 0.29 947.465
0.22 0.29 944.964
0.23 0.29 942.462
0.24 0.29 939.961
0.25 0.29 937.46
0.26 0.29 934.958
0.27 0.29 932.457
0.28 0.29 929.956
0.29 0.29 927.455
0.3 0.29 924.954
0.31 0.29 922.453
0.32 0.29 919.952
0.33 0.29 917.451
0.34 0.29 914.95
0.35 0.29 912.449
0.36 0.29 909.948
0.37 0.29 907.448
0.38 0.29 904.947
0.39 0.29 902.446
0.4 0.29 899.946
0.41 0.29 897.445
0.42 0.29 894.945
0.43 0.29 892.444
0.44 0.29 889.944
0.45 0.29 887.444
0.46 0.29 884.943
0.47 0.29 882.443
0.48 0.29 879.943
0.49 0.29 877.443
0.5 0.29 874.943
0.51 0.29 872.443
0.52 0.29 869.943
0.53 0.29 867.443
0.54 0.29 864.943
0.55 0.29 862.444
0.56 0.29 859.944
0.57 0.29 857.444
0.58 0.29 854.945
0.59 0.29 852.445
0.6 0.29 849.946
0.61 0.29 847.446
0.62 0.29 844.947
0.63 0.29 842.448
0.64 0.29 839.948
0.65 0.29 837.449
0.66 0.29 834.95
0.67 0.29 832.451
0.68 0.29 829.952
0.69 0.29 827.453
0.7 0.29 824.954
0.71 0.29 822.455
0.72 0.29 819.956
0.73 0.29 817.457
0.74 0.29 814.958
0.75 0.29 812.46
0.76 0.29 809.961
0.77 0.29 807.462
0.78 0.29 804.964
0.79 0.29 802.465
0.8 0.29 799.966
0.81 0.29 797.468
0.82 0.29 794.969
0.83 0.29 792.471
0.84 0.29 789.972
0.85 0.29 787.474
0.86 0.29 784.976
0.87 0.29 782.477
0.88 0.29 779.979
0.89 0.29 777.481
0.9 0.29 774.982
0.91 0.29 772.484
0.92 0.29 769.986
0.93 0.29 767.488
0.94 0.29 764.989
0.95 0.29 762.491
0.96 0.29 759.993
0.97 0.29 757.495
0.98 0.29 754.996
0.99 0.29 752.498
1 0.29 750
1.01 0.29 747.502
1.02 0.29 745.004
1.03 0.29 742.505
1.04 0.29 740.007
1.05 0.29 737.509
1.06 0.29 735.011
1.07 0.29 732.512
1.08 0.29 730.014
1.09 0.29 727.516
1.1 0.29 725.018
1.11 0.29 722.519
1.12 0.29 720.021
1.13 0.29 717.523
1.14 0.29 715.024
1.15 0.29 712.526
1.16 0.29 710.028
1.17 0.29 707.529
1.18 0.29 705.031
1.19 0.29 702.532
1.2 0.29 700.034
1.21 0.29 697.535
1.22 0.29 695.036
1.23 0.29 692.538
1.24 0.29 690.039
1.25 0.29 687.54
1.26 0.29 685.042
1.27 0.29 682.543
1.28 0.29 680.044
1.29 0.29 677.545
1.3 0.29 675.046
1.31 0.29 672.547
1.32 0.29 670.048
1.33 0.29 667.549
1.34 0.29 665.05
1.35 0.29 662.551
1.36 0.29 660.052
1.37 0.29 657.552
1.38 0.29 655.053
1.39 0.29 652.554
1.4 0.29 650.054
1.41 0.29 647.555
1.42 0.29 645.055
1.43 0.29 642.556
1.44 0.29 640.056
1.45 0.29 637.556
1.46 0.29 635.057
1.47 0.29 632.557
1.48 0.29 630.057
1.49 0.29 627.557
1.5 0.29 625.057
1.51 0.29 622.557
1.52 0.29 620.057
1.53 0.29 617.557
1.54 0.29 615.057
1.55 0.29 612.556
1.56 0.29 610.056
1.57 0.29 607.556
1.58 0.29 605.055
1.59 0.29 602.555
1.6 0.29 600.054
1.61 0.29 597.554
1.62 0.29 595.053
1.63 0.29 592.552
1.64 0.29 590.052
1.65 0.29 587.551
1.66 0.29 585.05
1.67 0.29 582.549
1.68 0.29 580.048
1.69 0.29 577.547
1.7 0.29 575.046
1.71 0.29 572.545
1.72 0.29 570.044
1.73 0.29 567.543
1.74 0.29 565.042
1.75 0.29 562.54
1.76 0.29 560.039
1.77 0.29 557.538
1.78 0.29 555.036
1.79 0.29 552.535
1.8 0.29 550.034
1.81 0.29 547.532
1.82 0.29 545.031
1.83 0.29 542.529
1.84 0.29 540.028
1.85 0.29 537.526
1.86 0.29 535.024
1.87 0.29 532.523
1.88 0.29 530.021
1.89 0.29 527.519
1.9 0.29 525.018
1.91 0.29 522.516
1.92 0.29 520.014
1.93 0.29 517.512
1.94 0.29 515.011
1.95 0.29 512.509
1.96 0.29 510.007
1.97 0.29 507.505
1.98 0.29 505.004
1.99 0.29 502.502
2 0.29 500

0 0.3 1000
0.01 0.3 997.498
0.02 0.3 994.996
0.03 0.3 992.495
0.04 0.3 989.993
0.05 0.3 987.491
0.06 0.3 984.989
0.07 0.3 982.488
0.08 0.3 979.986
0.09 0.3 977.484
0.1 0.3 974.982
0.11 0.3 972.481
0.12 0.3 969.979
0.13 0.3 967.477
0.14 0.3 964.976
0.15 0.3 962.474
0.16 0.3 959.972
0.17 0.3 957.471
0.18 0.3 954.969
0.19 0.3 952.468
0.2 0.3 949.966
0.21 0.3 947.465
0.22 0.3 944.964
0.23 0.3 942.462
0.24 0.3 939.961
0.25 0.3 937.46
0.26 0.3 934.958
0.27 0.3 932.457
0.28 0.3 929.956
0.29 0.3 927.455
0.3 0.3 924.954
0.31 0.3 922.453
0.32 0.3 919.952
0.33 0.3 917.451
0.34 0.3 914.95
0.35 0.3 912.449
0.36 0.3 909.948
0.37 0.3 907.448
0.38 0.3 904.947
0.39 0.3 902.446
0.4 0.3 899.946
0.41 0.3 897.445
0.42 0.3 894.945
0.43 0.3 892.444
0.44 0.3 889.944
0.45 0.3 887.444
0.46 0.3 884.943
0.47 0.3 882.443
0.48 0.3 879.943
0.49 0.3 877.443
0.5 0.3 874.943
0.51 0.3 872.443
0.52 0.3 869.943
0.53 0.3 867.443
0.54 0.3 864.943
0.55 0.3 862.444
0.56 0.3 859.944
0.57 0.3 857.444
0.58 0.3 854.945
0.59 0.3 852.445
0.6 0.3 849.946
0.61 0.3 847.446
0.62 0.3 844.947
0.63 0.3 842.448
0.64 0.3 839.948
0.65 0.3 837.449
0.66 0.3 834.95
0.67 0.3 832.451
0.68 0.3 829.952
0.69 0.3 827.453
0.7 0.3 824.954
0.71 0.3 822.455
0.72 0.3 819.956
0.73 0.3 817.457
0.74 0.3 814.958
0.75 0.3 812.46
0.76 0.3 809.961
0.77 0.3 807.462
0.78 0.3 804.964
0.79 0.3 802.465
0.8 0.3 799.966
0.81 0.3 797.468
0.82 0.3 794.969
0.83 0.3 792.471
0.84 0.3 789.972
0.85 0.3 787.474
0.86 0.3 784.976
0.87 0.3 782.477
0.88 0.3 779.979
0.89 0.3 777.481
0.9 0.3 774.982
0.91 0.3 772.484
0.92 0.3 769.986
0.93 0.3 767.488
0.94 0.3 764.989
0.95 0.3 762.491
0.96 0.3 759.993
0.97 0.3 757.495
0.98 0.3 754.996
0.99 0.3 752.498
1 0.3 750
1.01 0.3 747.502
1.02 0.3 745.004
1.03 0.3 742.505
1.04 0.3 740.007
1.05 0.3 737.509
1.06 0.3 735.011
1.07 0.3 732.512
1.08 0.3 730.014
1.09 0.3 727.516
1.1 0.3 725.018
1.11 0.3 722.519
1.12 0.3 720.021
1.13 0.3 717.523
1.14 0.3 715.024
1.15 0.3 712.526
1.16 0.3 710.028
1.17 0.3 707.529
1.18 0.3 705.031
1.19 0.3 702.532
1.2 0.3 700.034
1.21 0.3 697.535
1.22 0.3 695.036
1.23 0.3 692.538
1.24 0.3 690.039
1.25 0.3 687.54
1.26 0.3 685.042
1.27 0.3 682.543
1.28 0.3 680.044
1.29 0.3 677.545
1.3 0.3 675.046
1.31 0.3 672.547
1.32 0.3 670.048
1.33 0.3 667.549
1.34 0.3 665.05
1.35 0.3 662.551
1.36 0.3 660.052
1.37 0.3 657.552
1.38 0.3 655.053
1.39 0.3 652.554
1.4 0.3 650.054
1.41 0.3 647.555
1.42 0.3 645.055
1.43 0.3 642.556
1.44 0.3 640.056
1.45 0.3 637.556
1.46 0.3 635.057
1.47 0.3 632.557
1.48 0.3 630.057
1.49 0.3 627.557
1.5 0.3 625.057
1.51 0.3 622.557
1.52 0.3 620.057
1.53 0.3 617.557
1.54 0.3 615.057
1.55 0.3 612.556
1.56 0.3 610.056
1.57 0.3 607.556
1.58 0.3 605.055
1.59 0.3 602.555
1.6 0.3 600.054
1.61 0.3 597.554
1.62 0.3 595.053
1.63 0.3 592.552
1.64 0.3 590.052
1.65 0.3 587.551
1.66 0.3 585.05
1.67 0.3 582.549
1.68 0.3 580.048
1.69 0.3 577.547
1.7 0.3 575.046
1.71 0.3 572.545
1.72 0.3 570.044
1.73 0.3 567.543
1.74 0.3 565.042
1.75 0.3 562.54
1.76 0.3 560.039
1.77 0.3 557.538
1.78 0.3 555.036
1.79 0.3 552.535
1.8 0.3 550.034
1.81 0.3 547.532
1.82 0.3 545.031
1.83 0.3 542.529
1.84 0.3 540.028
1.85 0.3 537.526
1.86 0.3 535.024
1.87 0.3 532.523
1.88 0.3 530.021
1.89 0.3 527.519
1.9 0.3 525.018
1.91 0.3 522.516
1.92 0.3 520.014
1.93 0.3 517.512
1.94 0.3 515.011
1.95 0.3 512.509
1.96 0.3 510.007
1.97 0.3 507.505
1.98 0.3 505.004
1.99 0.3 502.502
2 0.3 500

0 0.31 1000
0.01 0.31 997.498
0.02 0.31 994.996
0.03 0.31 992.495
0.04 0.31 989.993
0.05 0.31 987.491
0.06 0.31 984.989
0.07 0.31 982.488
0.08 0.31 979.986
0.09 0.31 977.484
0.1 0.31 974.982
0.11 0.31 972.481
0.12 0.31 969.979
0.13 0.31 967.477
0.14 0.31 964.976
0.15 0.31 962.474
0.16 0.31 959.972
0.17 0.31 957.471
0.18 0.31 954.969
0.19 0.31 952.468
0.2 0.31 949.966
0.21 0.31 947.465
0.22 0.31 944.964
0.23 0.31 942.462
0.24 0.31 939.961
0.25 0.31 937.46
0.26 0.31 934.958
0.27 0.31 932.457
0.28 0.31 929.956
0.29 0.31 927.455
0.3 0.31 924.954
0.31 0.31 922.453
0.32 0.31 919.952
0.33 0.31 917.451
0.34 0.31 914.95
0.35 0.31 912.449
0.36 0.31 909.948
0.37 0.31 907.448
0.38 0.31 904.947
0.39 0.31 902.446
0.4 0.31 899.946
0.41 0.31 897.445
0.42 0.31 894.945
0.43 0.31 892.444
0.44 0.31 889.944
0.45 0.31 887.444
0.46 0.31 884.943
0.47 0.31 882.443
0.48 0.31 879.943
0.49 0.31 877.443
0.5 0.31 874.943
0.51 0.31 872.443
0.52 0.31 869.943
0.53 0.31 867.443
0.54 0.31 864.943
0.55 0.31 862.444
0.56 0.31 859.944
0.57 0.31 857.444
0.58 0.31 854.945
0.59 0.31 852.445
0.6 0.31 849.946
0.61 0.31 847.446
0.62 0.31 844.947
0.63 0.31 842.448
0.64 0.31 839.948
0.65 0.31 837.449
0.66 0.31 834.95
0.67 0.31 832.451
0.68 0.31 829.952
0.69 0.31 827.453
0.7 0.31 824.954
0.71 0.31 822.455
0.72 0.31 819.956
0.73 0.31 817.457
0.74 0.31 814.958
0.75 0.31 812.46
0.76 0.31 809.961
0.77 0.31 807.462
0.78 0.31 804.964
0.79 0.31 802.465
0.8 0.31 799.966
0.81 0.31 797.468
0.82 0.31 794.969
0.83 0.31 792.471
0.84 0.31 789.972
0.85 0.31 787.474
0.86 0.31 784.976
0.87 0.31 782.477
0.88 0.31 779.979
0.89 0.31 777.481
0.9 0.31 774.982
0.91 0.31 772.484
0.92 0.31 769.986
0.93 0.31 767.488
0.94 0.31 764.989
0.95 0.31 762.491
0.96 0.31 759.993
0.97 0.31 757.495
0.98 0.31 754.996
0.99 0.31 752.498
1 0.31 750
1.01 0.31 747.502
1.02 0.31 745.004
1.03 0.31 742.505
1.04 0.31 740.007
1.05 0.31 737.509
1.06 0.31 735.011
1.07 0.31 732.512
1.08 0.31 730.014
1.09 0.31 727.516
1.1 0.31 725.018
1.11 0.31 722.519
1.12 0.31 720.021
1.13 0.31 717.523
1.14 0.31 715.024
1.15 0.31 712.526
1.16 0.31 710.028
1.17 0.31 707.529
1.18 0.31 705.031
1.19 0.31 702.532
1.2 0.31 700.034
1.21 0.31 697.535
1.22 0.31 695.036
1.23 0.31 692.538
1.24 0.31 690.039
1.25 0.31 687.54
1.26 0.31 685.042
1.27 0.31 682.543
1.28 0.31 680.044
1.29 0.31 677.545
1.3 0.31 675.046
1.31 0.31 672.547
1.32 0.31 670.048
1.33 0.31 667.549
1.34 0.31 665.05
1.35 0.31 662.551
1.36 0.31 660.052
1.37 0.31 657.552
1.38 0.31 655.053
1.39 0.31 652.554
1.4 0.31 650.054
1.41 0.31 647.555
1.42 0.31 645.055
1.43 0.31 642.556
1.44 0.31 640.056
1.45 0.31 637.556
1.46 0.31 635.057
1.47 0.31 632.557
1.48 0.31 630.057
1.49 0.31 627.557
1.5 0.31 625.057
1.51 0.31 622.557
1.52 0.31 620.057
1.53 0.31 617.557
1.54 0.31 615.057
1.55 0.31 612.556
1.56 0.31 610.056
1.57 0.31 607.556
1.58 0.31 605.055
1.59 0.31 602.555
1.6 0.31 600.054
1.61 0.31 597.554
1.62 0.31 595.053
1.63 0.31 592.552
1.64 0.31 590.052
1.65 0.31 587.551
1.66 0.31 585.05
1.67 0.31 582.549
1.68 0.31 580.048
1.69 0.31 577.547
1.7 0.31 575.046
1.71 0.31 572.545
1.72 0.31 570.044
1.73 0.31 567.543
1.74 0.31 565.042
1.75 0.31 562.54
1.76 0.31 560.039
1.77 0.31 557.538
1.78 0.31 555.036
1.79 0.31 552.535
1.8 0.31 550.034
1.81 0.31 547.532
1.82 0.31 545.031
1.83 0.31 542.529
1.84 0.31 540.028
1.85 0.31 537.526
1.86 0.31 535.024
1.87 0.31 532.523
1.88 0.31 530.021
1.89 0.31 527.519
1.9 0.31 525.018
1.91 0.31 522.516
1.92 0.31 520.014
1.93 0.31 517.512
1.94 0.31 515.011
1.95 0.31 512.509
1.96 0.31 510.007
1.97 0.31 507.505
1.98 0.31 505.004
1.99 0.31 502.502
2 0.31 500

0 0.32 1000
0.01 0.32 997.498
0.02 0.32 994.996
0.03 0.32 992.495
0.04 0.32 989.993
0.05 0.32 987.491
0.06 0.32 984.989
0.07 0.32 982.488
0.08 0.32 979.986
0.09 0.32 977.484
0.1 0.32 974.982
0.11 0.32 972.481
0.12 0.32 969.979
0.13 0.32 967.477
0.14 0.32 964.976
0.15 0.32 962.474
0.16 0.32 959.972
0.17 0.32 957.471
0.18 0.32 954.969
0.19 0.32 952.468
0.2 0.32 949.966
0.21 0.32 947.465
0.22 0.32 944.964
0.23 0.32 942.462
0.24 0.32 939.961
0.25 0.32 937.46
0.26 0.32 934.958
0.27 0.32 932.457
0.28 0.32 929.956
0.29 0.32 927.455
0.3 0.32 924.954
0.31 0.32 922.453
0.32 0.32 919.952
0.33 0.32 917.451
0.34 0.32 914.95
0.35 0.32 912.449
0.36 0.32 909.948
0.37 0.32 907.448
0.38 0.32 904.947
0.39 0.32 902.446
0.4 0.32 899.946
0.41 0.32 897.445
0.42 0.32 894.945
0.43 0.32 892.444
0.44 0.32 889.944
0.45 0.32 887.444
0.46 0.32 884.943
0.47 0.32 882.443
0.48 0.32 879.943
0.49 0.32 877.443
0.5 0.32 874.943
0.51 0.32 872.443
0.52 0.32 869.943
0.53 0.32 867.443
0.54 0.32 864.943
0.55 0.32 862.444
0.56 0.32 859.944
0.57 0.32 857.444
0.58 0.32 854.945
0.59 0.32 852.445
0.6 0.32 849.946
0.61 0.32 847.446
0.62 0.32 844.947
0.63 0.32 842.448
0.64 0.32 839.948
0.65 0.32 837.449
0.66 0.32 834.95
0.67 0.32 832.451
0.68 0.32 829.952
0.69 0.32 827.453
0.7 0.32 824.954
0.71 0.32 822.455
0.72 0.32 819.956
0.73 0.32 817.457
0.74 0.32 814.958
0.75 0.32 812.46
0.76 0.32 809.961
0.77 0.32 807.462
0.78 0.32 804.964
0.79 0.32 802.465
0.8 0.32 799.966
0.81 0.32 797.468
0.82 0.32 794.969
0.83 0.32 792.471
0.84 0.32 789.972
0.85 0.32 787.474
0.86 0.32 784.976
0.87 0.32 782.477
0.88 0.32 779.979
0.89 0.32 777.481
0.9 0.32 774.982
0.91 0.32 772.484
0.92 0.32 769.986
0.93 0.32 767.488
0.94 0.32 764.989
0.95 0.32 762.491
0.96 0.32 759.993
0.97 0.32 757.495
0.98 0.32 754.996
0.99 0.32 752.498
1 0.32 750
1.01 0.32 747.502
1.02 0.32 745.004
1.03 0.32 742.505
1.04 0.32 740.007
1.05 0.32 737.509
1.06 0.32 735.011
1.07 0.32 732.512
1.08 0.32 730.014
1.09 0.32 727.516
1.1 0.32 725.018
1.11 0.32 722.519
1.12 0.32 720.021
1.13 0.32 717.523
1.14 0.32 715.024
1.15 0.32 712.526
1.16 0.32 710.028
1.17 0.32 707.529
1.18 0.32 705.031
1.19 0.32 702.532
1.2 0.32 700.034
1.21 0.32 697.535
1.22 0.32 695.036
1.23 0.32 692.538
1.24 0.32 690.039
1.25 0.32 687.54
1.26 0.32 685.042
1.27 0.32 682.543
1.28 0.32 680.044
1.29 0.32 677.545
1.3 0.32 675.046
1.31 0.32 672.547
1.32 0.32 670.048
1.33 0.32 667.549
1.34 0.32 665.05
1.35 0.32 662.551
1.36 0.32 660.052
1.37 0.32 657.552
1.38 0.32 655.053
1.39 0.32 652.554
1.4 0.32 650.054
1.41 0.32 647.555
1.42 0.32 645.055
1.43 0.32 642.556
1.44 0.32 640.056
1.45 0.32 637.556
1.46 0.32 635.057
1.47 0.32 632.557
1.48 0.32 630.057
1.49 0.32 627.557
1.5 0.32 625.057
1.51 0.32 622.557
1.52 0.32 620.057
1.53 0.32 617.557
1.54 0.32 615.057
1.55 0.32 612.556
1.56 0.32 610.056
1.57 0.32 607.556
1.58 0.32 605.055
1.59 0.32 602.555
1.6 0.32 600.054
1.61 0.32 597.554
1.62 0.32 595.053
1.63 0.32 592.552
1.64 0.32 590.052
1.65 0.32 587.551
1.66 0.32 585.05
1.67 0.32 582.549
1.68 0.32 580.048
1.69 0.32 577.547
1.7 0.32 575.046
1.71 0.32 572.545
1.72 0.32 570.044
1.73 0.32 567.543
1.74 0.32 565.042
1.75 0.32 562.54
1.76 0.32 560.039
1.77 0.32 557.538
1.78 0.32 555.036
1.79 0.32 552.535
1.8 0.32 550.034
1.81 0.32 547.532
1.82 0.32 545.031
1.83 0.32 542.529
1.84 0.32 540.028
1.85 0.32 537.526
1.86 0.32 535.024
1.87 0.32 532.523
1.88 0.32 530.021
1.89 0.32 527.519
1.9 0.32 525.018
1.91 0.32 522.516
1.92 0.32 520.014
1.93 0.32 517.512
1.94 0.32 515.011
1.95 0.32 512.509
1.96 0.32 510.007
1.97 0.32 507.505
1.98 0.32 505.004
1.99 0.32 502.502
2 0.32 500

0 0.33 1000
0.01 0.33 997.498
0.02 0.33 994.996
0.03 0.33 992.495
0.04 0.33 989.993
0.05 0.33 987.491
0.06 0.33 984.989
0.07 0.33 982.488
0.08 0.33 979.986
0.09 0.33 977.484
0.1 0.33 974.982
0.11 0.33 972.481
0.12 0.33 969.979
0.13 0.33 967.477
0.14 0.33 964.976
0.15 0.33 962.474
0.16 0.33 959.972
0.17 0.33 957.471
0.18 0.33 954.969
0.19 0.33 952.468
0.2 0.33 949.966
0.21 0.33 947.465
0.22 0.33 944.964
0.23 0.33 942.462
0.24 0.33 939.961
0.25 0.33 937.46
0.26 0.33 934.958
0.27 0.33 932.457
0.28 0.33 929.956
0.29 0.33 927.455
0.3 0.33 924.954
0.31 0.33 922.453
0.32 0.33 919.952
0.33 0.33 917.451
0.34 0.33 914.95
0.35 0.33 912.449
0.36 0.33 909.948
0.37 0.33 907.448
0.38 0.33 904.947
0.39 0.33 902.446
0.4 0.33 899.946
0.41 0.33 897.445
0.42 0.33 894.945
0.43 0.33 892.444
0.44 0.33 889.944
0.45 0.33 887.444
0.46 0.33 884.943
0.47 0.33 882.443
0.48 0.33 879.943
0.49 0.33 877.443
0.5 0.33 874.943
0.51 0.33 872.443
0.52 0.33 869.943
0.53 0.33 867.443
0.54 0.33 864.943
0.55 0.33 862.444
0.56 0.33 859.944
0.57 0.33 857.444
0.58 0.33 854.945
0.59 0.33 852.445
0.6 0.33 849.946
0.61 0.33 847.446
0.62 0.33 844.947
0.63 0.33 842.448
0.64 0.33 839.948
0.65 0.33 837.449
0.66 0.33 834.95
0.67 0.33 832.451
0.68 0.33 829.952
0.69 0.33 827.453
0.7 0.33 824.954
0.71 0.33 822.455
0.72 0.33 819.956
0.73 0.33 817.457
0.74 0.33 814.958
0.75 0.33 812.46
0.76 0.33 809.961
0.77 0.33 807.462
0.78 0.33 804.964
0.79 0.33 802.465
0.8 0.33 799.966
0.81 0.33 797.468
0.82 0.33 794.969
0.83 0.33 792.471
0.84 0.33 789.972
0.85 0.33 787.474
0.86 0.33 784.976
0.87 0.33 782.477
0.88 0.33 779.979
0.89 0.33 777.481
0.9 0.33 774.982
0.91 0.33 772.484
0.92 0.33 769.986
0.93 0.33 767.488
0.94 0.33 764.989
0.95 0.33 762.491
0.96 0.33 759.993
0.97 0.33 757.495
0.98 0.33 754.996
0.99 0.33 752.498
1 0.33 750
1.01 0.33 747.502
1.02 0.33 745.004
1.03 0.33 742.505
1.04 0.33 740.007
1.05 0.33 737.509
1.06 0.33 735.011
1.07 0.33 732.512
1.08 0.33 730.014
1.09 0.33 727.516
1.1 0.33 725.018
1.11 0.33 722.519
1.12 0.33 720.021
1.13 0.33 717.523
1.14 0.33 715.024
1.15 0.33 712.526
1.16 0.33 710.028
1.17 0.33 707.529
1.18 0.33 705.031
1.19 0.33 702.532
1.2 0.33 700.034
1.21 0.33 697.535
1.22 0.33 695.036
1.23 0.33 692.538
1.24 0.33 690.039
1.25 0.33 687.54
1.26 0.33 685.042
1.27 0.33 682.543
1.28 0.33 680.044
1.29 0.33 677.545
1.3 0.33 675.046
1.31 0.33 672.547
1.32 0.33 670.048
1.33 0.33 667.549
1.34 0.33 665.05
1.35 0.33 662.551
1.36 0.33 660.052
1.37 0.33 657.552
1.38 0.33 655.053
1.39 0.33 652.554
1.4 0.33 650.054
1.41 0.33 647.555
1.42 0.33 645.055
1.43 0.33 642.556
1.44 0.33 640.056
1.45 0.33 637.556
1.46 0.33 635.057
1.47 0.33 632.557
1.48 0.33 630.057
1.49 0.33 627.557
1.5 0.33 625.057
1.51 0.33 622.557
1.52 0.33 620.057
1.53 0.33 617.557
1.54 0.33 615.057
1.55 0.33 612.556
1.56 0.33 610.056
1.57 0.33 607.556
1.58 0.33 605.055
1.59 0.33 602.555
1.6 0.33 600.054
1.61 0.33 597.554
1.62 0.33 595.053
1.63 0.33 592.552
1.64 0.33 590.052
1.65 0.33 587.551
1.66 0.33 585.05
1.67 0.33 582.549
1.68 0.33 580.048
1.69 0.33 577.547
1.7 0.33 575.046
1.71 0.33 572.545
1.72 0.33 570.044
1.73 0.33 567.543
1.74 0.33 565.042
1.75 0.33 562.54
1.76 0.33 560.039
1.77 0.33 557.538
1.78 0.33 555.036
1.79 0.33 552.535
1.8 0.33 550.034
1.81 0.33 547.532
1.82 0.33 545.031
1.83 0.33 542.529
1.84 0.33 540.028
1.85 0.33 537.526
1.86 0.33 535.024
1.87 0.33 532.523
1.88 0.33 530.021
1.89 0.33 527.519
1.9 0.33 525.018
1.91 0.33 522.516
1.92 0.33 520.014
1.93 0.33 517.512
1.94 0.33 515.011
1.95 0.33 512.509
1.96 0.33 510.007
1.97 0.33 507.505
1.98 0.33 505.004
1.99 0.33 502.502
2 0.33 500

0 0.34 1000
0.01 0.34 997.498
0.02 0.34 994.996
0.03 0.34 992.495
0.04 0.34 989.993
0.05 0.34 987.491
0.06 0.34 984.989
0.07 0.34 982.488
0.08 0.34 979.986
0.09 0.34 977.484
0.1 0.34 974.982
0.11 0.34 972.481
0.12 0.34 969.979
0.13 0.34 967.477
0.14 0.34 964.976
0.15 0.34 962.474
0.16 0.34 959.972
0.17 0.34 957.471
0.18 0.34 954.969
0.19 0.34 952.468
0.2 0.34 949.966
0.21 0.34 947.465
0.22 0.34 944.964
0.23 0.34 942.462
0.24 0.34 939.961
0.25 0.34 937.46
0.26 0.34 934.958
0.27 0.34 932.457
0.28 0.34 929.956
0.29 0.34 927.455
0.3 0.34 924.954
0.31 0.34 922.453
0.32 0.34 919.952
0.33 0.34 917.451
0.34 0.34 914.95
0.35 0.34 912.449
0.36 0.34 909.948
0.37 0.34 907.448
0.38 0.34 904.947
0.39 0.34 902.446
0.4 0.34 899.946
0.41 0.34 897.445
0.42 0.34 894.945
0.43 0.34 892.444
0.44 0.34 889.944
0.45 0.34 887.444
0.46 0.34 884.943
0.47 0.34 882.443
0.48 0.34 879.943
0.49 0.34 877.443
0.5 0.34 874.943
0.51 0.34 872.443
0.52 0.34 869.943
0.53 0.34 867.443
0.54 0.34 864.943
0.55 0.34 862.444
0.56 0.34 859.944
0.57 0.34 857.444
0.58 0.34 854.945
0.59 0.34 852.445
0.6 0.34 849.946
0.61 0.34 847.446
0.62 0.34 844.947
0.63 0.34 842.448
0.64 0.34 839.948
0.65 0.34 837.449
0.66 0.34 834.95
0.67 0.34 832.451
0.68 0.34 829.952
0.69 0.34 827.453
0.7 0.34 824.954
0.71 0.34 822.455
0.72 0.34 819.956
0.73 0.34 817.457
0.74 0.34 814.958
0.75 0.34 812.46
0.76 0.34 809.961
0.77 0.34 807.462
0.78 0.34 804.964
0.79 0.34 802.465
0.8 0.34 799.966
0.81 0.34 797.468
0.82 0.34 794.969
0.83 0.34 792.471
0.84 0.34 789.972
0.85 0.34 787.474
0.86 0.34 784.976
0.87 0.34 782.477
0.88 0.34 779.979
0.89 0.34 777.481
0.9 0.34 774.982
0.91 0.34 772.484
0.92 0.34 769.986
0.93 0.34 767.488
0.94 0.34 764.989
0.95 0.34 762.491
0.96 0.34 759.993
0.97 0.34 757.495
0.98 0.34 754.996
0.99 0.34 752.498
1 0.34 750
1.01 0.34 747.502
1.02 0.34 745.004
1.03 0.34 742.505
1.04 0.34 740.007
1.05 0.34 737.509
1.06 0.34 735.011
1.07 0.34 732.512
1.08 0.34 730.014
1.09 0.34 727.516
1.1 0.34 725.018
1.11 0.34 722.519
1.12 0.34 720.021
1.13 0.34 717.523
1.14 0.34 715.024
1.15 0.34 712.526
1.16 0.34 710.028
1.17 0.34 707.529
1.18 0.34 705.031
1.19 0.34 702.532
1.2 0.34 700.034
1.21 0.34 697.535
1.22 0.34 695.036
1.23 0.34 692.538
1.24 0.34 690.039
1.25 0.34 687.54
1.26 0.34 685.042
1.27 0.34 682.543
1.28 0.34 680.044
1.29 0.34 677.545
1.3 0.34 675.046
1.31 0.34 672.547
1.32 0.34 670.048
1.33 0.34 667.549
1.34 0.34 665.05
1.35 0.34 662.551
1.36 0.34 660.052
1.37 0.34 657.552
1.38 0.34 655.053
1.39 0.34 652.554
1.4 0.34 650.054
1.41 0.34 647.555
1.42 0.34 645.055
1.43 0.34 642.556
1.44 0.34 640.056
1.45 0.34 637.556
1.46 0.34 635.057
1.47 0.34 632.557
1.48 0.34 630.057
1.49 0.34 627.557
1.5 0.34 625.057
1.51 0.34 622.557
1.52 0.34 620.057
1.53 0.34 617.557
1.54 0.34 615.057
1.55 0.34 612.556
1.56 0.34 610.056
1.57 0.34 607.556
1.58 0.34 605.055
1.59 0.34 602.555
1.6 0.34 600.054
1.61 0.34 597.554
1.62 0.34 595.053
1.63 0.34 592.552
1.64 0.34 590.052
1.65 0.34 587.551
1.66 0.34 585.05
1.67 0.34 582.549
1.68 0.34 580.048
1.69 0.34 577.547
1.7 0.34 575.046
1.71 0.34 572.545
1.72 0.34 570.044
1.73 0.34 567.543
1.74 0.34 565.042
1.75 0.34 562.54
1.76 0.34 560.039
1.77 0.34 557.538
1.78 0.34 555.036
1.79 0.34 552.535
1.8 0.34 550.034
1.81 0.34 547.532
1.82 0.34 545.031
1.83 0.34 542.529
1.84 0.34 540.028
1.85 0.34 537.526
1.86 0.34 535.024
1.87 0.34 532.523
1.88 0.34 530.021
1.89 0.34 527.519
1.9 0.34 525.018
1.91 0.34 522.516
1.92 0.34 520.014
1.93 0.34 517.512
1.94 0.34 515.011
1.95 0.34 512.509
1.96 0.34 510.007
1.97 0.34 507.505
1.98 0.34 505.004
1.99 0.34 502.502
2 0.34 500

0 0.35 1000
0.01 0.35 997.498
0.02 0.35 994.996
0.03 0.35 992.495
0.04 0.35 989.993
0.05 0.35 987.491
0.06 0.35 984.989
0.07 0.35 982.488
0.08 0.35 979.986
0.09 0.35 977.484
0.1 0.35 974.982
0.11 0.35 972.481
0.12 0.35 969.979
0.13 0.35 967.477
0.14 0.35 964.976
0.15 0.35 962.474
0.16 0.35 959.972
0.17 0.35 957.471
0.18 0.35 954.969
0.19 0.35 952.468
0.2 0.35 949.966
0.21 0.35 947.465
0.22 0.35 944.964
0.23 0.35 942.462
0.24 0.35 939.961
0.25 0.35 937.46
0.26 0.35 934.958
0.27 0.35 932.457
0.28 0.35 929.956
0.29 0.35 927.455
0.3 0.35 924.954
0.31 0.35 922.453
0.32 0.35 919.952
0.33 0.35 917.451
0.34 0.35 914.95
0.35 0.35 912.449
0.36 0.35 909.948
0.37 0.35 907.448
0.38 0.35 904.947
0.39 0.35 902.446
0.4 0.35 899.946
0.41 0.35 897.445
0.42 0.35 894.945
0.43 0.35 892.444
0.44 0.35 889.944
0.45 0.35 887.444
0.46 0.35 884.943
0.47 0.35 882.443
0.48 0.35 879.943
0.49 0.35 877.443
0.5 0.35 874.943
0.51 0.35 872.443
0.52 0.35 869.943
0.53 0.35 867.443
0.54 0.35 864.943
0.55 0.35 862.444
0.56 0.35 859.944
0.57 0.35 857.444
0.58 0.35 854.945
0.59 0.35 852.445
0.6 0.35 849.946
0.61 0.35 847.446
0.62 0.35 844.947
0.63 0.35 842.448
0.64 0.35 839.948
0.65 0.35 837.449
0.66 0.35 834.95
0.67 0.35 832.451
0.68 0.35 829.952
0.69 0.35 827.453
0.7 0.35 824.954
0.71 0.35 822.455
0.72 0.35 819.956
0.73 0.35 817.457
0.74 0.35 814.958
0.75 0.35 812.46
0.76 0.35 809.961
0.77 0.35 807.462
0.78 0.35 804.964
0.79 0.35 802.465
0.8 0.35 799.966
0.81 0.35 797.468
0.82 0.35 794.969
0.83 0.35 792.471
0.84 0.35 789.972
0.85 0.35 787.474
0.86 0.35 784.976
0.87 0.35 782.477
0.88 0.35 779.979
0.89 0.35 777.481
0.9 0.35 774.982
0.91 0.35 772.484
0.92 0.35 769.986
0.93 0.35 767.488
0.94 0.35 764.989
0.95 0.35 762.491
0.96 0.35 759.993
0.97 0.35 757.495
0.98 0.35 754.996
0.99 0.35 752.498
1 0.35 750
1.01 0.35 747.502
1.02 0.35 745.004
1.03 0.35 742.505
1.04 0.35 740.007
1.05 0.35 737.509
1.06 0.35 735.011
1.07 0.35 732.512
1.08 0.35 730.014
1.09 0.35 727.516
1.1 0.35 725.018
1.11 0.35 722.519
1.12 0.35 720.021
1.13 0.35 717.523
1.14 0.35 715.024
1.15 0.35 712.526
1.16 0.35 710.028
1.17 0.35 707.529
1.18 0.35 705.031
1.19 0.35 702.532
1.2 0.35 700.034
1.21 0.35 697.535
1.22 0.35 695.036
1.23 0.35 692.538
1.24 0.35 690.039
1.25 0.35 687.54
1.26 0.35 685.042
1.27 0.35 682.543
1.28 0.35 680.044
1.29 0.35 677.545
1.3 0.35 675.046
1.31 0.35 672.547
1.32 0.35 670.048
1.33 0.35 667.549
1.34 0.35 665.05
1.35 0.35 662.551
1.36 0.35 660.052
1.37 0.35 657.552
1.38 0.35 655.053
1.39 0.35 652.554
1.4 0.35 650.054
1.41 0.35 647.555
1.42 0.35 645.055
1.43 0.35 642.556
1.44 0.35 640.056
1.45 0.35 637.556
1.46 0.35 635.057
1.47 0.35 632.557
1.48 0.35 630.057
1.49 0.35 627.557
1.5 0.35 625.057
1.51 0.35 622.557
1.52 0.35 620.057
1.53 0.35 617.557
1.54 0.35 615.057
1.55 0.35 612.556
1.56 0.35 610.056
1.57 0.35 607.556
1.58 0.35 605.055
1.59 0.35 602.555
1.6 0.35 600.054
1.61 0.35 597.554
1.62 0.35 595.053
1.63 0.35 592.552
1.64 0.35 590.052
1.65 0.35 587.551
1.66 0.35 585.05
1.67 0.35 582.549
1.68 0.35 580.048
1.69 0.35 577.547
1.7 0.35 575.046
1.71 0.35 572.545
1.72 0.35 570.044
1.73 0.35 567.543
1.74 0.35 565.042
1.75 0.35 562.54
1.76 0.35 560.039
1.77 0.35 557.538
1.78 0.35 555.036
1.79 0.35 552.535
1.8 0.35 550.034
1.81 0.35 547.532
1.82 0.35 545.031
1.83 0.35 542.529
1.84 0.35 540.028
1.85 0.35 537.526
1.86 0.35 535.024
1.87 0.35 532.523
1.88 0.35 530.021
1.89 0.35 527.519
1.9 0.35 525.018
1.91 0.35 522.516
1.92 0.35 520.014
1.93 0.35 517.512
1.94 0.35 515.011
1.95 0.35 512.509
1.96 0.35 510.007
1.97 0.35 507.505
1.98 0.35 505.004
1.99 0.35 502.502
2 0.35 500

0 0.36 1000
0.01 0.36 997.498
0.02 0.36 994.996
0.03 0.36 992.495
0.04 0.36 989.993
0.05 0.36 987.491
0.06 0.36 984.989
0.07 0.36 982.488
0.08 0.36 979.986
0.09 0.36 977.484
0.1 0.36 974.982
0.11 0.36 972.481
0.12 0.36 969.979
0.13 0.36 967.477
0.14 0.36 964.976
0.15 0.36 962.474
0.16 0.36 959.972
0.17 0.36 957.471
0.18 0.36 954.969
0.19 0.36 952.468
0.2 0.36 949.966
0.21 0.36 947.465
0.22 0.36 944.964
0.23 0.36 942.462
0.24 0.36 939.961
0.25 0.36 937.46
0.26 0.36 934.958
0.27 0.36 932.457
0.28 0.36 929.956
0.29 0.36 927.455
0.3 0.36 924.954
0.31 0.36 922.453
0.32 0.36 919.952
0.33 0.36 917.451
0.34 0.36 914.95
0.35 0.36 912.449
0.36 0.36 909.948
0.37 0.36 907.448
0.38 0.36 904.947
0.39 0.36 902.446
0.4 0.36 899.946
0.41 0.36 897.445
0.42 0.36 894.945
0.43 0.36 892.444
0.44 0.36 889.944
0.45 0.36 887.444
0.46 0.36 884.943
0.47 0.36 882.443
0.48 0.36 879.943
0.49 0.36 877.443
0.5 0.36 874.943
0.51 0.36 872.443
0.52 0.36 869.943
0.53 0.36 867.443
0.54 0.36 864.943
0.55 0.36 862.444
0.56 0.36 859.944
0.57 0.36 857.444
0.58 0.36 854.945
0.59 0.36 852.445
0.6 0.36 849.946
0.61 0.36 847.446
0.62 0.36 844.947
0.63 0.36 842.448
0.64 0.36 839.948
0.65 0.36 837.449
0.66 0.36 834.95
0.67 0.36 832.451
0.68 0.36 829.952
0.69 0.36 827.453
0.7 0.36 824.954
0.71 0.36 822.455
0.72 0.36 819.956
0.73 0.36 817.457
0.74 0.36 814.958
0.75 0.36 812.46
0.76 0.36 809.961
0.77 0.36 807.462
0.78 0.36 804.964
0.79 0.36 802.465
0.8 0.36 799.966
0.81 0.36 797.468
0.82 0.36 794.969
0.83 0.36 792.471
0.84 0.36 789.972
0.85 0.36 787.474
0.86 0.36 784.976
0.87 0.36 782.477
0.88 0.36 779.979
0.89 0.36 777.481
0.9 0.36 774.982
0.91 0.36 772.484
0.92 0.36 769.986
0.93 0.36 767.488
0.94 0.36 764.989
0.95 0.36 762.491
0.96 0.36 759.993
0.97 0.36 757.495
0.98 0.36 754.996
0.99 0.36 752.498
1 0.36 750
1.01 0.36 747.502
1.02 0.36 745.004
1.03 0.36 742.505
1.04 0.36 740.007
1.05 0.36 737.509
1.06 0.36 735.011
1.07 0.36 732.512
1.08 0.36 730.014
1.09 0.36 727.516
1.1 0.36 725.018
1.11 0.36 722.519
1.12 0.36 720.021
1.13 0.36 717.523
1.14 0.36 715.024
1.15 0.36 712.526
1.16 0.36 710.028
1.17 0.36 707.529
1.18 0.36 705.031
1.19 0.36 702.532
1.2 0.36 700.034
1.21 0.36 697.535
1.22 0.36 695.036
1.23 0.36 692.538
1.24 0.36 690.039
1.25 0.36 687.54
1.26 0.36 685.042
1.27 0.36 682.543
1.28 0.36 680.044
1.29 0.36 677.545
1.3 0.36 675.046
1.31 0.36 672.547
1.32 0.36 670.048
1.33 0.36 667.549
1.34 0.36 665.05
1.35 0.36 662.551
1.36 0.36 660.052
1.37 0.36 657.552
1.38 0.36 655.053
1.39 0.36 652.554
1.4 0.36 650.054
1.41 0.36 647.555
1.42 0.36 645.055
1.43 0.36 642.556
1.44 0.36 640.056
1.45 0.36 637.556
1.46 0.36 635.057
1.47 0.36 632.557
1.48 0.36 630.057
1.49 0.36 627.557
1.5 0.36 625.057
1.51 0.36 622.557
1.52 0.36 620.057
1.53 0.36 617.557
1.54 0.36 615.057
1.55 0.36 612.556
1.56 0.36 610.056
1.57 0.36 607.556
1.58 0.36 605.055
1.59 0.36 602.555
1.6 0.36 600.054
1.61 0.36 597.554
1.62 0.36 595.053
1.63 0.36 592.552
1.64 0.36 590.052
1.65 0.36 587.551
1.66 0.36 585.05
1.67 0.36 582.549
1.68 0.36 580.048
1.69 0.36 577.547
1.7 0.36 575.046
1.71 0.36 572.545
1.72 0.36 570.044
1.73 0.36 567.543
1.74 0.36 565.042
1.75 0.36 562.54
1.76 0.36 560.039
1.77 0.36 557.538
1.78 0.36 555.036
1.79 0.36 552.535
1.8 0.36 550.034
1.81 0.36 547.532
1.82 0.36 545.031
1.83 0.36 542.529
1.84 0.36 540.028
1.85 0.36 537.526
1.86 0.36 535.024
1.87 0.36 532.523
1.88 0.36 530.021
1.89 0.36 527.519
1.9 0.36 525.018
1.91 0.36 522.516
1.92 0.36 520.014
1.93 0.36 517.512
1.94 0.36 515.011
1.95 0.36 512.509
1.96 0.36 510.007
1.97 0.36 507.505
1.98 0.36 505.004
1.99 0.36 502.502
2 0.36 500

0 0.37 1000
0.01 0.37 997.498
0.02 0.37 994.996
0.03 0.37 992.495
0.04 0.37 989.993
0.05 0.37 987.491
0.06 0.37 984.989
0.07 0.37 982.488
0.08 0.37 979.986
0.09 0.37 977.484
0.1 0.37 974.982
0.11 0.37 972.481
0.12 0.37 969.979
0.13 0.37 967.477
0.14 0.37 964.976
0.15 0.37 962.474
0.16 0.37 959.972
0.17 0.37 957.471
0.18 0.37 954.969
0.19 0.37 952.468
0.2 0.37 949.966
0.21 0.37 947.465
0.22 0.37 944.964
0.23 0.37 942.462
0.24 0.37 939.961
0.25 0.37 937.46
0.26 0.37 934.958
0.27 0.37 932.457
0.28 0.37 929.956
0.29 0.37 927.455
0.3 0.37 924.954
0.31 0.37 922.453
0.32 0.37 919.952
0.33 0.37 917.451
0.34 0.37 914.95
0.35 0.37 912.449
0.36 0.37 909.948
0.37 0.37 907.448
0.38 0.37 904.947
0.39 0.37 902.446
0.4 0.37 899.946
0.41 0.37 897.445
0.42 0.37 894.945
0.43 0.37 892.444
0.44 0.37 889.944
0.45 0.37 887.444
0.46 0.37 884.943
0.47 0.37 882.443
0.48 0.37 879.943
0.49 0.37 877.443
0.5 0.37 874.943
0.51 0.37 872.443
0.52 0.37 869.943
0.53 0.37 867.443
0.54 0.37 864.943
0.55 0.37 862.444
0.56 0.37 859.944
0.57 0.37 857.444
0.58 0.37 854.945
0.59 0.37 852.445
0.6 0.37 849.946
0.61 0.37 847.446
0.62 0.37 844.947
0.63 0.37 842.448
0.64 0.37 839.948
0.65 0.37 837.449
0.66 0.37 834.95
0.67 0.37 832.451
0.68 0.37 829.952
0.69 0.37 827.453
0.7 0.37 824.954
0.71 0.37 822.455
0.72 0.37 819.956
0.73 0.37 817.457
0.74 0.37 814.958
0.75 0.37 812.46
0.76 0.37 809.961
0.77 0.37 807.462
0.78 0.37 804.964
0.79 0.37 802.465
0.8 0.37 799.966
0.81 0.37 797.468
0.82 0.37 794.969
0.83 0.37 792.471
0.84 0.37 789.972
0.85 0.37 787.474
0.86 0.37 784.976
0.87 0.37 782.477
0.88 0.37 779.979
0.89 0.37 777.481
0.9 0.37 774.982
0.91 0.37 772.484
0.92 0.37 769.986
0.93 0.37 767.488
0.94 0.37 764.989
0.95 0.37 762.491
0.96 0.37 759.993
0.97 0.37 757.495
0.98 0.37 754.996
0.99 0.37 752.498
1 0.37 750
1.01 0.37 747.502
1.02 0.37 745.004
1.03 0.37 742.505
1.04 0.37 740.007
1.05 0.37 737.509
1.06 0.37 735.011
1.07 0.37 732.512
1.08 0.37 730.014
1.09 0.37 727.516
1.1 0.37 725.018
1.11 0.37 722.519
1.12 0.37 720.021
1.13 0.37 717.523
1.14 0.37 715.024
1.15 0.37 712.526
1.16 0.37 710.028
1.17 0.37 707.529
1.18 0.37 705.031
1.19 0.37 702.532
1.2 0.37 700.034
1.21 0.37 697.535
1.22 0.37 695.036
1.23 0.37 692.538
1.24 0.37 690.039
1.25 0.37 687.54
1.26 0.37 685.042
1.27 0.37 682.543
1.28 0.37 680.044
1.29 0.37 677.545
1.3 0.37 675.046
1.31 0.37 672.547
1.32 0.37 670.048
1.33 0.37 667.549
1.34 0.37 665.05
1.35 0.37 662.551
1.36 0.37 660.052
1.37 0.37 657.552
1.38 0.37 655.053
1.39 0.37 652.554
1.4 0.37 650.054
1.41 0.37 647.555
1.42 0.37 645.055
1.43 0.37 642.556
1.44 0.37 640.056
1.45 0.37 637.556
1.46 0.37 635.057
1.47 0.37 632.557
1.48 0.37 630.057
1.49 0.37 627.557
1.5 0.37 625.057
1.51 0.37 622.557
1.52 0.37 620.057
1.53 0.37 617.557
1.54 0.37 615.057
1.55 0.37 612.556
1.56 0.37 610.056
1.57 0.37 607.556
1.58 0.37 605.055
1.59 0.37 602.555
1.6 0.37 600.054
1.61 0.37 597.554
1.62 0.37 595.053
1.63 0.37 592.552
1.64 0.37 590.052
1.65 0.37 587.551
1.66 0.37 585.05
1.67 0.37 582.549
1.68 0.37 580.048
1.69 0.37 577.547
1.7 0.37 575.046
1.71 0.37 572.545
1.72 0.37 570.044
1.73 0.37 567.543
1.74 0.37 565.042
1.75 0.37 562.54
1.76 0.37 560.039
1.77 0.37 557.538
1.78 0.37 555.036
1.79 0.37 552.535
1.8 0.37 550.034
1.81 0.37 547.532
1.82 0.37 545.031
1.83 0.37 542.529
1.84 0.37 540.028
1.85 0.37 537.526
1.86 0.37 535.024
1.87 0.37 532.523
1.88 0.37 530.021
1.89 0.37 527.519
1.9 0.37 525.018
1.91 0.37 522.516
1.92 0.37 520.014
1.93 0.37 517.512
1.94 0.37 515.011
1.95 0.37 512.509
1.96 0.37 510.007
1.97 0.37 507.505
1.98 0.37 505.004
1.99 0.37 502.502
2 0.37 500

0 0.38 1000
0.01 0.38 997.498
0.02 0.38 994.996
0.03 0.38 992.495
0.04 0.38 989.993
0.05 0.38 987.491
0.06 0.38 984.989
0.07 0.38 982.488
0.08 0.38 979.986
0.09 0.38 977.484
0.1 0.38 974.982
0.11 0.38 972.481
0.12 0.38 969.979
0.13 0.38 967.477
0.14 0.38 964.976
0.15 0.38 962.474
0.16 0.38 959.972
0.17 0.38 957.471
0.18 0.38 954.969
0.19 0.38 952.468
0.2 0.38 949.966
0.21 0.38 947.465
0.22 0.38 944.964
0.23 0.38 942.462
0.24 0.38 939.961
0.25 0.38 937.46
0.26 0.38 934.958
0.27 0.38 932.457
0.28 0.38 929.956
0.29 0.38 927.455
0.3 0.38 924.954
0.31 0.38 922.453
0.32 0.38 919.952
0.33 0.38 917.451
0.34 0.38 914.95
0.35 0.38 912.449
0.36 0.38 909.948
0.37 0.38 907.448
0.38 0.38 904.947
0.39 0.38 902.446
0.4 0.38 899.946
0.41 0.38 897.445
0.42 0.38 894.945
0.43 0.38 892.444
0.44 0.38 889.944
0.45 0.38 887.444
0.46 0.38 884.943
0.47 0.38 882.443
0.48 0.38 879.943
0.49 0.38 877.443
0.5 0.38 874.943
0.51 0.38 872.443
0.52 0.38 869.943
0.53 0.38 867.443
0.54 0.38 864.943
0.55 0.38 862.444
0.56 0.38 859.944
0.57 0.38 857.444
0.58 0.38 854.945
0.59 0.38 852.445
0.6 0.38 849.946
0.61 0.38 847.446
0.62 0.38 844.947
0.63 0.38 842.448
0.64 0.38 839.948
0.65 0.38 837.449
0.66 0.38 834.95
0.67 0.38 832.451
0.68 0.38 829.952
0.69 0.38 827.453
0.7 0.38 824.954
0.71 0.38 822.455
0.72 0.38 819.956
0.73 0.38 817.457
0.74 0.38 814.958
0.75 0.38 812.46
0.76 0.38 809.961
0.77 0.38 807.462
0.78 0.38 804.964
0.79 0.38 802.465
0.8 0.38 799.966
0.81 0.38 797.468
0.82 0.38 794.969
0.83 0.38 792.471
0.84 0.38 789.972
0.85 0.38 787.474
0.86 0.38 784.976
0.87 0.38 782.477
0.88 0.38 779.979
0.89 0.38 777.481
0.9 0.38 774.982
0.91 0.38 772.484
0.92 0.38 769.986
0.93 0.38 767.488
0.94 0.38 764.989
0.95 0.38 762.491
0.96 0.38 759.993
0.97 0.38 757.495
0.98 0.38 754.996
0.99 0.38 752.498
1 0.38 750
1.01 0.38 747.502
1.02 0.38 745.004
1.03 0.38 742.505
1.04 0.38 740.007
1.05 0.38 737.509
1.06 0.38 735.011
1.07 0.38 732.512
1.08 0.38 730.014
1.09 0.38 727.516
1.1 0.38 725.018
1.11 0.38 722.519
1.12 0.38 720.021
1.13 0.38 717.523
1.14 0.38 715.024
1.15 0.38 712.526
1.16 0.38 710.028
1.17 0.38 707.529
1.18 0.38 705.031
1.19 0.38 702.532
1.2 0.38 700.034
1.21 0.38 697.535
1.22 0.38 695.036
1.23 0.38 692.538
1.24 0.38 690.039
1.25 0.38 687.54
1.26 0.38 685.042
1.27 0.38 682.543
1.28 0.38 680.044
1.29 0.38 677.545
1.3 0.38 675.046
1.31 0.38 672.547
1.32 0.38 670.048
1.33 0.38 667.549
1.34 0.38 665.05
1.35 0.38 662.551
1.36 0.38 660.052
1.37 0.38 657.552
1.38 0.38 655.053
1.39 0.38 652.554
1.4 0.38 650.054
1.41 0.38 647.555
1.42 0.38 645.055
1.43 0.38 642.556
1.44 0.38 640.056
1.45 0.38 637.556
1.46 0.38 635.057
1.47 0.38 632.557
1.48 0.38 630.057
1.49 0.38 627.557
1.5 0.38 625.057
1.51 0.38 622.557
1.52 0.38 620.057
1.53 0.38 617.557
1.54 0.38 615.057
1.55 0.38 612.556
1.56 0.38 610.056
1.57 0.38 607.556
1.58 0.38 605.055
1.59 0.38 602.555
1.6 0.38 600.054
1.61 0.38 597.554
1.62 0.38 595.053
1.63 0.38 592.552
1.64 0.38 590.052
1.65 0.38 587.551
1.66 0.38 585.05
1.67 0.38 582.549
1.68 0.38 580.048
1.69 0.38 577.547
1.7 0.38 575.046
1.71 0.38 572.545
1.72 0.38 570.044
1.73 0.38 567.543
1.74 0.38 565.042
1.75 0.38 562.54
1.76 0.38 560.039
1.77 0.38 557.538
1.78 0.38 555.036
1.79 0.38 552.535
1.8 0.38 550.034
1.81 0.38 547.532
1.82 0.38 545.031
1.83 0.38 542.529
1.84 0.38 540.028
1.85 0.38 537.526
1.86 0.38 535.024
1.87 0.38 532.523
1.88 0.38 530.021
1.89 0.38 527.519
1.9 0.38 525.018
1.91 0.38 522.516
1.92 0.38 520.014
1.93 0.38 517.512
1.94 0.38 515.011
1.95 0.38 512.509
1.96 0.38 510.007
1.97 0.38 507.505
1.98 0.38 505.004
1.99 0.38 502.502
2 0.38 500

0 0.39 1000
0.01 0.39 997.498
0.02 0.39 994.996
0.03 0.39 992.495
0.04 0.39 989.993
0.05 0.39 987.491
0.06 0.39 984.989
0.07 0.39 982.488
0.08 0.39 979.986
0.09 0.39 977.484
0.1 0.39 974.982
0.11 0.39 972.481
0.12 0.39 969.979
0.13 0.39 967.477
0.14 0.39 964.976
0.15 0.39 962.474
0.16 0.39 959.972
0.17 0.39 957.471
0.18 0.39 954.969
0.19 0.39 952.468
0.2 0.39 949.966
0.21 0.39 947.465
0.22 0.39 944.964
0.23 0.39 942.462
0.24 0.39 939.961
0.25 0.39 937.46
0.26 0.39 934.958
0.27 0.39 932.457
0.28 0.39 929.956
0.29 0.39 927.455
0.3 0.39 924.954
0.31 0.39 922.453
0.32 0.39 919.952
0.33 0.39 917.451
0.34 0.39 914.95
0.35 0.39 912.449
0.36 0.39 909.948
0.37 0.39 907.448
0.38 0.39 904.947
0.39 0.39 902.446
0.4 0.39 899.946
0.41 0.39 897.445
0.42 0.39 894.945
0.43 0.39 892.444
0.44 0.39 889.944
0.45 0.39 887.444
0.46 0.39 884.943
0.47 0.39 882.443
0.48 0.39 879.943
0.49 0.39 877.443
0.5 0.39 874.943
0.51 0.39 872.443
0.52 0.39 869.943
0.53 0.39 867.443
0.54 0.39 864.943
0.55 0.39 862.444
0.56 0.39 859.944
0.57 0.39 857.444
0.58 0.39 854.945
0.59 0.39 852.445
0.6 0.39 849.946
0.61 0.39 847.446
0.62 0.39 844.947
0.63 0.39 842.448
0.64 0.39 839.948
0.65 0.39 837.449
0.66 0.39 834.95
0.67 0.39 832.451
0.68 0.39 829.952
0.69 0.39 827.453
0.7 0.39 824.954
0.71 0.39 822.455
0.72 0.39 819.956
0.73 0.39 817.457
0.74 0.39 814.958
0.75 0.39 812.46
0.76 0.39 809.961
0.77 0.39 807.462
0.78 0.39 804.964
0.79 0.39 802.465
0.8 0.39 799.966
0.81 0.39 797.468
0.82 0.39 794.969
0.83 0.39 792.471
0.84 0.39 789.972
0.85 0.39 787.474
0.86 0.39 784.976
0.87 0.39 782.477
0.88 0.39 779.979
0.89 0.39 777.481
0.9 0.39 774.982
0.91 0.39 772.484
0.92 0.39 769.986
0.93 0.39 767.488
0.94 0.39 764.989
0.95 0.39 762.491
0.96 0.39 759.993
0.97 0.39 757.495
0.98 0.39 754.996
0.99 0.39 752.498
1 0.39 750
1.01 0.39 747.502
1.02 0.39 745.004
1.03 0.39 742.505
1.04 0.39 740.007
1.05 0.39 737.509
1.06 0.39 735.011
1.07 0.39 732.512
1.08 0.39 730.014
1.09 0.39 727.516
1.1 0.39 725.018
1.11 0.39 722.519
1.12 0.39 720.021
1.13 0.39 717.523
1.14 0.39 715.024
1.15 0.39 712.526
1.16 0.39 710.028
1.17 0.39 707.529
1.18 0.39 705.031
1.19 0.39 702.532
1.2 0.39 700.034
1.21 0.39 697.535
1.22 0.39 695.036
1.23 0.39 692.538
1.24 0.39 690.039
1.25 0.39 687.54
1.26 0.39 685.042
1.27 0.39 682.543
1.28 0.39 680.044
1.29 0.39 677.545
1.3 0.39 675.046
1.31 0.39 672.547
1.32 0.39 670.048
1.33 0.39 667.549
1.34 0.39 665.05
1.35 0.39 662.551
1.36 0.39 660.052
1.37 0.39 657.552
1.38 0.39 655.053
1.39 0.39 652.554
1.4 0.39 650.054
1.41 0.39 647.555
1.42 0.39 645.055
1.43 0.39 642.556
1.44 0.39 640.056
1.45 0.39 637.556
1.46 0.39 635.057
1.47 0.39 632.557
1.48 0.39 630.057
1.49 0.39 627.557
1.5 0.39 625.057
1.51 0.39 622.557
1.52 0.39 620.057
1.53 0.39 617.557
1.54 0.39 615.057
1.55 0.39 612.556
1.56 0.39 610.056
1.57 0.39 607.556
1.58 0.39 605.055
1.59 0.39 602.555
1.6 0.39 600.054
1.61 0.39 597.554
1.62 0.39 595.053
1.63 0.39 592.552
1.64 0.39 590.052
1.65 0.39 587.551
1.66 0.39 585.05
1.67 0.39 582.549
1.68 0.39 580.048
1.69 0.39 577.547
1.7 0.39 575.046
1.71 0.39 572.545
1.72 0.39 570.044
1.73 0.39 567.543
1.74 0.39 565.042
1.75 0.39 562.54
1.76 0.39 560.039
1.77 0.39 557.538
1.78 0.39 555.036
1.79 0.39 552.535
1.8 0.39 550.034
1.81 0.39 547.532
1.82 0.39 545.031
1.83 0.39 542.529
1.84 0.39 540.028
1.85 0.39 537.526
1.86 0.39 535.024
1.87 0.39 532.523
1.88 0.39 530.021
1.89 0.39 527.519
1.9 0.39 525.018
1.91 0.39 522.516
1.92 0.39 520.014
1.93 0.39 517.512
1.94 0.39 515.011
1.95 0.39 512.509
1.96 0.39 510.007
1.97 0.39 507.505
1.98 0.39 505.004
1.99 0.39 502.502
2 0.39 500

0 0.4 1000
0.01 0.4 997.498
0.02 0.4 994.996
0.03 0.4 992.495
0.04 0.4 989.993
0.05 0.4 987.491
0.06 0.4 984.989
0.07 0.4 982.488
0.08 0.4 979.986
0.09 0.4 977.484
0.1 0.4 974.982
0.11 0.4 972.481
0.12 0.4 969.979
0.13 0.4 967.477
0.14 0.4 964.976
0.15 0.4 962.474
0.16 0.4 959.972
0.17 0.4 957.471
0.18 0.4 954.969
0.19 0.4 952.468
0.2 0.4 949.966
0.21 0.4 947.465
0.22 0.4 944.964
0.23 0.4 942.462
0.24 0.4 939.961
0.25 0.4 937.46
0.26 0.4 934.958
0.27 0.4 932.457
0.28 0.4 929.956
0.29 0.4 927.455
0.3 0.4 924.954
0.31 0.4 922.453
0.32 0.4 919.952
0.33 0.4 917.451
0.34 0.4 914.95
0.35 0.4 912.449
0.36 0.4 909.948
0.37 0.4 907.448
0.38 0.4 904.947
0.39 0.4 902.446
0.4 0.4 899.946
0.41 0.4 897.445
0.42 0.4 894.945
0.43 0.4 892.444
0.44 0.4 889.944
0.45 0.4 887.444
0.46 0.4 884.943
0.47 0.4 882.443
0.48 0.4 879.943
0.49 0.4 877.443
0.5 0.4 874.943
0.51 0.4 872.443
0.52 0.4 869.943
0.53 0.4 867.443
0.54 0.4 864.943
0.55 0.4 862.444
0.56 0.4 859.944
0.57 0.4 857.444
0.58 0.4 854.945
0.59 0.4 852.445
0.6 0.4 849.946
0.61 0.4 847.446
0.62 0.4 844.947
0.63 0.4 842.448
0.64 0.4 839.948
0.65 0.4 837.449
0.66 0.4 834.95
0.67 0.4 832.451
0.68 0.4 829.952
0.69 0.4 827.453
0.7 0.4 824.954
0.71 0.4 822.455
0.72 0.4 819.956
0.73 0.4 817.457
0.74 0.4 814.958
0.75 0.4 812.46
0.76 0.4 809.961
0.77 0.4 807.462
0.78 0.4 804.964
0.79 0.4 802.465
0.8 0.4 799.966
0.81 0.4 797.468
0.82 0.4 794.969
0.83 0.4 792.471
0.84 0.4 789.972
0.85 0.4 787.474
0.86 0.4 784.976
0.87 0.4 782.477
0.88 0.4 779.979
0.89 0.4 777.481
0.9 0.4 774.982
0.91 0.4 772.484
0.92 0.4 769.986
0.93 0.4 767.488
0.94 0.4 764.989
0.95 0.4 762.491
0.96 0.4 759.993
0.97 0.4 757.495
0.98 0.4 754.996
0.99 0.4 752.498
1 0.4 750
1.01 0.4 747.502
1.02 0.4 745.004
1.03 0.4 742.505
1.04 0.4 740.007
1.05 0.4 737.509
1.06 0.4 735.011
1.07 0.4 732.512
1.08 0.4 730.014
1.09 0.4 727.516
1.1 0.4 725.018
1.11 0.4 722.519
1.12 0.4 720.021
1.13 0.4 717.523
1.14 0.4 715.024
1.15 0.4 712.526
1.16 0.4 710.028
1.17 0.4 707.529
1.18 0.4 705.031
1.19 0.4 702.532
1.2 0.4 700.034
1.21 0.4 697.535
1.22 0.4 695.036
1.23 0.4 692.538
1.24 0.4 690.039
1.25 0.4 687.54
1.26 0.4 685.042
1.27 0.4 682.543
1.28 0.4 680.044
1.29 0.4 677.545
1.3 0.4 675.046
1.31 0.4 672.547
1.32 0.4 670.048
1.33 0.4 667.549
1.34 0.4 665.05
1.35 0.4 662.551
1.36 0.4 660.052
1.37 0.4 657.552
1.38 0.4 655.053
1.39 0.4 652.554
1.4 0.4 650.054
1.41 0.4 647.555
1.42 0.4 645.055
1.43 0.4 642.556
1.44 0.4 640.056
1.45 0.4 637.556
1.46 0.4 635.057
1.47 0.4 632.557
1.48 0.4 630.057
1.49 0.4 627.557
1.5 0.4 625.057
1.51 0.4 622.557
1.52 0.4 620.057
1.53 0.4 617.557
1.54 0.4 615.057
1.55 0.4 612.556
1.56 0.4 610.056
1.57 0.4 607.556
1.58 0.4 605.055
1.59 0.4 602.555
1.6 0.4 600.054
1.61 0.4 597.554
1.62 0.4 595.053
1.63 0.4 592.552
1.64 0.4 590.052
1.65 0.4 587.551
1.66 0.4 585.05
1.67 0.4 582.549
1.68 0.4 580.048
1.69 0.4 577.547
1.7 0.4 575.046
1.71 0.4 572.545
1.72 0.4 570.044
1.73 0.4 567.543
1.74 0.4 565.042
1.75 0.4 562.54
1.76 0.4 560.039
1.77 0.4 557.538
1.78 0.4 555.036
1.79 0.4 552.535
1.8 0.4 550.034
1.81 0.4 547.532
1.82 0.4 545.031
1.83 0.4 542.529
1.84 0.4 540.028
1.85 0.4 537.526
1.86 0.4 535.024
1.87 0.4 532.523
1.88 0.4 530.021
1.89 0.4 527.519
1.9 0.4 525.018
1.91 0.4 522.516
1.92 0.4 520.014
1.93 0.4 517.512
1.94 0.4 515.011
1.95 0.4 512.509
1.96 0.4 510.007
1.97 0.4 507.505
1.98 0.4 505.004
1.99 0.4 502.502
2 0.4 500

0 0.41 1000
0.01 0.41 997.498
0.02 0.41 994.996
0.03 0.41 992.495
0.04 0.41 989.993
0.05 0.41 987.491
0.06 0.41 984.989
0.07 0.41 982.488
0.08 0.41 979.986
0.09 0.41 977.484
0.1 0.41 974.982
0.11 0.41 972.481
0.12 0.41 969.979
0.13 0.41 967.477
0.14 0.41 964.976
0.15 0.41 962.474
0.16 0.41 959.972
0.17 0.41 957.471
0.18 0.41 954.969
0.19 0.41 952.468
0.2 0.41 949.966
0.21 0.41 947.465
0.22 0.41 944.964
0.23 0.41 942.462
0.24 0.41 939.961
0.25 0.41 937.46
0.26 0.41 934.958
0.27 0.41 932.457
0.28 0.41 929.956
0.29 0.41 927.455
0.3 0.41 924.954
0.31 0.41 922.453
0.32 0.41 919.952
0.33 0.41 917.451
0.34 0.41 914.95
0.35 0.41 912.449
0.36 0.41 909.948
0.37 0.41 907.448
0.38 0.41 904.947
0.39 0.41 902.446
0.4 0.41 899.946
0.41 0.41 897.445
0.42 0.41 894.945
0.43 0.41 892.444
0.44 0.41 889.944
0.45 0.41 887.444
0.46 0.41 884.943
0.47 0.41 882.443
0.48 0.41 879.943
0.49 0.41 877.443
0.5 0.41 874.943
0.51 0.41 872.443
0.52 0.41 869.943
0.53 0.41 867.443
0.54 0.41 864.943
0.55 0.41 862.444
0.56 0.41 859.944
0.57 0.41 857.444
0.58 0.41 854.945
0.59 0.41 852.445
0.6 0.41 849.946
0.61 0.41 847.446
0.62 0.41 844.947
0.63 0.41 842.448
0.64 0.41 839.948
0.65 0.41 837.449
0.66 0.41 834.95
0.67 0.41 832.451
0.68 0.41 829.952
0.69 0.41 827.453
0.7 0.41 824.954
0.71 0.41 822.455
0.72 0.41 819.956
0.73 0.41 817.457
0.74 0.41 814.958
0.75 0.41 812.46
0.76 0.41 809.961
0.77 0.41 807.462
0.78 0.41 804.964
0.79 0.41 802.465
0.8 0.41 799.966
0.81 0.41 797.468
0.82 0.41 794.969
0.83 0.41 792.471
0.84 0.41 789.972
0.85 0.41 787.474
0.86 0.41 784.976
0.87 0.41 782.477
0.88 0.41 779.979
0.89 0.41 777.481
0.9 0.41 774.982
0.91 0.41 772.484
0.92 0.41 769.986
0.93 0.41 767.488
0.94 0.41 764.989
0.95 0.41 762.491
0.96 0.41 759.993
0.97 0.41 757.495
0.98 0.41 754.996
0.99 0.41 752.498
1 0.41 750
1.01 0.41 747.502
1.02 0.41 745.004
1.03 0.41 742.505
1.04 0.41 740.007
1.05 0.41 737.509
1.06 0.41 735.011
1.07 0.41 732.512
1.08 0.41 730.014
1.09 0.41 727.516
1.1 0.41 725.018
1.11 0.41 722.519
1.12 0.41 720.021
1.13 0.41 717.523
1.14 0.41 715.024
1.15 0.41 712.526
1.16 0.41 710.028
1.17 0.41 707.529
1.18 0.41 705.031
1.19 0.41 702.532
1.2 0.41 700.034
1.21 0.41 697.535
1.22 0.41 695.036
1.23 0.41 692.538
1.24 0.41 690.039
1.25 0.41 687.54
1.26 0.41 685.042
1.27 0.41 682.543
1.28 0.41 680.044
1.29 0.41 677.545
1.3 0.41 675.046
1.31 0.41 672.547
1.32 0.41 670.048
1.33 0.41 667.549
1.34 0.41 665.05
1.35 0.41 662.551
1.36 0.41 660.052
1.37 0.41 657.552
1.38 0.41 655.053
1.39 0.41 652.554
1.4 0.41 650.054
1.41 0.41 647.555
1.42 0.41 645.055
1.43 0.41 642.556
1.44 0.41 640.056
1.45 0.41 637.556
1.46 0.41 635.057
1.47 0.41 632.557
1.48 0.41 630.057
1.49 0.41 627.557
1.5 0.41 625.057
1.51 0.41 622.557
1.52 0.41 620.057
1.53 0.41 617.557
1.54 0.41 615.057
1.55 0.41 612.556
1.56 0.41 610.056
1.57 0.41 607.556
1.58 0.41 605.055
1.59 0.41 602.555
1.6 0.41 600.054
1.61 0.41 597.554
1.62 0.41 595.053
1.63 0.41 592.552
1.64 0.41 590.052
1.65 0.41 587.551
1.66 0.41 585.05
1.67 0.41 582.549
1.68 0.41 580.048
1.69 0.41 577.547
1.7 0.41 575.046
1.71 0.41 572.545
1.72 0.41 570.044
1.73 0.41 567.543
1.74 0.41 565.042
1.75 0.41 562.54
1.76 0.41 560.039
1.77 0.41 557.538
1.78 0.41 555.036
1.79 0.41 552.535
1.8 0.41 550.034
1.81 0.41 547.532
1.82 0.41 545.031
1.83 0.41 542.529
1.84 0.41 540.028
1.85 0.41 537.526
1.86 0.41 535.024
1.87 0.41 532.523
1.88 0.41 530.021
1.89 0.41 527.519
1.9 0.41 525.018
1.91 0.41 522.516
1.92 0.41 520.014
1.93 0.41 517.512
1.94 0.41 515.011
1.95 0.41 512.509
1.96 0.41 510.007
1.97 0.41 507.505
1.98 0.41 505.004
1.99 0.41 502.502
2 0.41 500

0 0.42 1000
0.01 0.42 997.498
0.02 0.42 994.996
0.03 0.42 992.495
0.04 0.42 989.993
0.05 0.42 987.491
0.06 0.42 984.989
0.07 0.42 982.488
0.08 0.42 979.986
0.09 0.42 977.484
0.1 0.42 974.982
0.11 0.42 972.481
0.12 0.42 969.979
0.13 0.42 967.477
0.14 0.42 964.976
0.15 0.42 962.474
0.16 0.42 959.972
0.17 0.42 957.471
0.18 0.42 954.969
0.19 0.42 952.468
0.2 0.42 949.966
0.21 0.42 947.465
0.22 0.42 944.964
0.23 0.42 942.462
0.24 0.42 939.961
0.25 0.42 937.46
0.26 0.42 934.958
0.27 0.42 932.457
0.28 0.42 929.956
0.29 0.42 927.455
0.3 0.42 924.954
0.31 0.42 922.453
0.32 0.42 919.952
0.33 0.42 917.451
0.34 0.42 914.95
0.35 0.42 912.449
0.36 0.42 909.948
0.37 0.42 907.448
0.38 0.42 904.947
0.39 0.42 902.446
0.4 0.42 899.946
0.41 0.42 897.445
0.42 0.42 894.945
0.43 0.42 892.444
0.44 0.42 889.944
0.45 0.42 887.444
0.46 0.42 884.943
0.47 0.42 882.443
0.48 0.42 879.943
0.49 0.42 877.443
0.5 0.42 874.943
0.51 0.42 872.443
0.52 0.42 869.943
0.53 0.42 867.443
0.54 0.42 864.943
0.55 0.42 862.444
0.56 0.42 859.944
0.57 0.42 857.444
0.58 0.42 854.945
0.59 0.42 852.445
0.6 0.42 849.946
0.61 0.42 847.446
0.62 0.42 844.947
0.63 0.42 842.448
0.64 0.42 839.948
0.65 0.42 837.449
0.66 0.42 834.95
0.67 0.42 832.451
0.68 0.42 829.952
0.69 0.42 827.453
0.7 0.42 824.954
0.71 0.42 822.455
0.72 0.42 819.956
0.73 0.42 817.457
0.74 0.42 814.958
0.75 0.42 812.46
0.76 0.42 809.961
0.77 0.42 807.462
0.78 0.42 804.964
0.79 0.42 802.465
0.8 0.42 799.966
0.81 0.42 797.468
0.82 0.42 794.969
0.83 0.42 792.471
0.84 0.42 789.972
0.85 0.42 787.474
0.86 0.42 784.976
0.87 0.42 782.477
0.88 0.42 779.979
0.89 0.42 777.481
0.9 0.42 774.982
0.91 0.42 772.484
0.92 0.42 769.986
0.93 0.42 767.488
0.94 0.42 764.989
0.95 0.42 762.491
0.96 0.42 759.993
0.97 0.42 757.495
0.98 0.42 754.996
0.99 0.42 752.498
1 0.42 750
1.01 0.42 747.502
1.02 0.42 745.004
1.03 0.42 742.505
1.04 0.42 740.007
1.05 0.42 737.509
1.06 0.42 735.011
1.07 0.42 732.512
1.08 0.42 730.014
1.09 0.42 727.516
1.1 0.42 725.018
1.11 0.42 722.519
1.12 0.42 720.021
1.13 0.42 717.523
1.14 0.42 715.024
1.15 0.42 712.526
1.16 0.42 710.028
1.17 0.42 707.529
1.18 0.42 705.031
1.19 0.42 702.532
1.2 0.42 700.034
1.21 0.42 697.535
1.22 0.42 695.036
1.23 0.42 692.538
1.24 0.42 690.039
1.25 0.42 687.54
1.26 0.42 685.042
1.27 0.42 682.543
1.28 0.42 680.044
1.29 0.42 677.545
1.3 0.42 675.046
1.31 0.42 672.547
1.32 0.42 670.048
1.33 0.42 667.549
1.34 0.42 665.05
1.35 0.42 662.551
1.36 0.42 660.052
1.37 0.42 657.552
1.38 0.42 655.053
1.39 0.42 652.554
1.4 0.42 650.054
1.41 0.42 647.555
1.42 0.42 645.055
1.43 0.42 642.556
1.44 0.42 640.056
1.45 0.42 637.556
1.46 0.42 635.057
1.47 0.42 632.557
1.48 0.42 630.057
1.49 0.42 627.557
1.5 0.42 625.057
1.51 0.42 622.557
1.52 0.42 620.057
1.53 0.42 617.557
1.54 0.42 615.057
1.55 0.42 612.556
1.56 0.42 610.056
1.57 0.42 607.556
1.58 0.42 605.055
1.59 0.42 602.555
1.6 0.42 600.054
1.61 0.42 597.554
1.62 0.42 595.053
1.63 0.42 592.552
1.64 0.42 590.052
1.65 0.42 587.551
1.66 0.42 585.05
1.67 0.42 582.549
1.68 0.42 580.048
1.69 0.42 577.547
1.7 0.42 575.046
1.71 0.42 572.545
1.72 0.42 570.044
1.73 0.42 567.543
1.74 0.42 565.042
1.75 0.42 562.54
1.76 0.42 560.039
1.77 0.42 557.538
1.78 0.42 555.036
1.79 0.42 552.535
1.8 0.42 550.034
1.81 0.42 547.532
1.82 0.42 545.031
1.83 0.42 542.529
1.84 0.42 540.028
1.85 0.42 537.526
1.86 0.42 535.024
1.87 0.42 532.523
1.88 0.42 530.021
1.89 0.42 527.519
1.9 0.42 525.018
1.91 0.42 522.516
1.92 0.42 520.014
1.93 0.42 517.512
1.94 0.42 515.011
1.95 0.42 512.509
1.96 0.42 510.007
1.97 0.42 507.505
1.98 0.42 505.004
1.99 0.42 502.502
2 0.42 500

0 0.43 1000
0.01 0.43 997.498
0.02 0.43 994.996
0.03 0.43 992.495
0.04 0.43 989.993
0.05 0.43 987.491
0.06 0.43 984.989
0.07 0.43 982.488
0.08 0.43 979.986
0.09 0.43 977.484
0.1 0.43 974.982
0.11 0.43 972.481
0.12 0.43 969.979
0.13 0.43 967.477
0.14 0.43 964.976
0.15 0.43 962.474
0.16 0.43 959.972
0.17 0.43 957.471
0.18 0.43 954.969
0.19 0.43 952.468
0.2 0.43 949.966
0.21 0.43 947.465
0.22 0.43 944.964
0.23 0.43 942.462
0.24 0.43 939.961
0.25 0.43 937.46
0.26 0.43 934.958
0.27 0.43 932.457
0.28 0.43 929.956
0.29 0.43 927.455
0.3 0.43 924.954
0.31 0.43 922.453
0.32 0.43 919.952
0.33 0.43 917.451
0.34 0.43 914.95
0.35 0.43 912.449
0.36 0.43 909.948
0.37 0.43 907.448
0.38 0.43 904.947
0.39 0.43 902.446
0.4 0.43 899.946
0.41 0.43 897.445
0.42 0.43 894.945
0.43 0.43 892.444
0.44 0.43 889.944
0.45 0.43 887.444
0.46 0.43 884.943
0.47 0.43 882.443
0.48 0.43 879.943
0.49 0.43 877.443
0.5 0.43 874.943
0.51 0.43 872.443
0.52 0.43 869.943
0.53 0.43 867.443
0.54 0.43 864.943
0.55 0.43 862.444
0.56 0.43 859.944
0.57 0.43 857.444
0.58 0.43 854.945
0.59 0.43 852.445
0.6 0.43 849.946
0.61 0.43 847.446
0.62 0.43 844.947
0.63 0.43 842.448
0.64 0.43 839.948
0.65 0.43 837.449
0.66 0.43 834.95
0.67 0.43 832.451
0.68 0.43 829.952
0.69 0.43 827.453
0.7 0.43 824.954
0.71 0.43 822.455
0.72 0.43 819.956
0.73 0.43 817.457
0.74 0.43 814.958
0.75 0.43 812.46
0.76 0.43 809.961
0.77 0.43 807.462
0.78 0.43 804.964
0.79 0.43 802.465
0.8 0.43 799.966
0.81 0.43 797.468
0.82 0.43 794.969
0.83 0.43 792.471
0.84 0.43 789.972
0.85 0.43 787.474
0.86 0.43 784.976
0.87 0.43 782.477
0.88 0.43 779.979
0.89 0.43 777.481
0.9 0.43 774.982
0.91 0.43 772.484
0.92 0.43 769.986
0.93 0.43 767.488
0.94 0.43 764.989
0.95 0.43 762.491
0.96 0.43 759.993
0.97 0.43 757.495
0.98 0.43 754.996
0.99 0.43 752.498
1 0.43 750
1.01 0.43 747.502
1.02 0.43 745.004
1.03 0.43 742.505
1.04 0.43 740.007
1.05 0.43 737.509
1.06 0.43 735.011
1.07 0.43 732.512
1.08 0.43 730.014
1.09 0.43 727.516
1.1 0.43 725.018
1.11 0.43 722.519
1.12 0.43 720.021
1.13 0.43 717.523
1.14 0.43 715.024
1.15 0.43 712.526
1.16 0.43 710.028
1.17 0.43 707.529
1.18 0.43 705.031
1.19 0.43 702.532
1.2 0.43 700.034
1.21 0.43 697.535
1.22 0.43 695.036
1.23 0.43 692.538
1.24 0.43 690.039
1.25 0.43 687.54
1.26 0.43 685.042
1.27 0.43 682.543
1.28 0.43 680.044
1.29 0.43 677.545
1.3 0.43 675.046
1.31 0.43 672.547
1.32 0.43 670.048
1.33 0.43 667.549
1.34 0.43 665.05
1.35 0.43 662.551
1.36 0.43 660.052
1.37 0.43 657.552
1.38 0.43 655.053
1.39 0.43 652.554
1.4 0.43 650.054
1.41 0.43 647.555
1.42 0.43 645.055
1.43 0.43 642.556
1.44 0.43 640.056
1.45 0.43 637.556
1.46 0.43 635.057
1.47 0.43 632.557
1.48 0.43 630.057
1.49 0.43 627.557
1.5 0.43 625.057
1.51 0.43 622.557
1.52 0.43 620.057
1.53 0.43 617.557
1.54 0.43 615.057
1.55 0.43 612.556
1.56 0.43 610.056
1.57 0.43 607.556
1.58 0.43 605.055
1.59 0.43 602.555
1.6 0.43 600.054
1.61 0.43 597.554
1.62 0.43 595.053
1.63 0.43 592.552
1.64 0.43 590.052
1.65 0.43 587.551
1.66 0.43 585.05
1.67 0.43 582.549
1.68 0.43 580.048
1.69 0.43 577.547
1.7 0.43 575.046
1.71 0.43 572.545
1.72 0.43 570.044
1.73 0.43 567.543
1.74 0.43 565.042
1.75 0.43 562.54
1.76 0.43 560.039
1.77 0.43 557.538
1.78 0.43 555.036
1.79 0.43 552.535
1.8 0.43 550.034
1.81 0.43 547.532
1.82 0.43 545.031
1.83 0.43 542.529
1.84 0.43 540.028
1.85 0.43 537.526
1.86 0.43 535.024
1.87 0.43 532.523
1.88 0.43 530.021
1.89 0.43 527.519
1.9 0.43 525.018
1.91 0.43 522.516
1.92 0.43 520.014
1.93 0.43 517.512
1.94 0.43 515.011
1.95 0.43 512.509
1.96 0.43 510.007
1.97 0.43 507.505
1.98 0.43 505.004
1.99 0.43 502.502
2 0.43 500

0 0.44 1000
0.01 0.44 997.498
0.02 0.44 994.996
0.03 0.44 992.495
0.04 0.44 989.993
0.05 0.44 987.491
0.06 0.44 984.989
0.07 0.44 982.488
0.08 0.44 979.986
0.09 0.44 977.484
0.1 0.44 974.982
0.11 0.44 972.481
0.12 0.44 969.979
0.13 0.44 967.477
0.14 0.44 964.976
0.15 0.44 962.474
0.16 0.44 959.972
0.17 0.44 957.471
0.18 0.44 954.969
0.19 0.44 952.468
0.2 0.44 949.966
0.21 0.44 947.465
0.22 0.44 944.964
0.23 0.44 942.462
0.24 0.44 939.961
0.25 0.44 937.46
0.26 0.44 934.958
0.27 0.44 932.457
0.28 0.44 929.956
0.29 0.44 927.455
0.3 0.44 924.954
0.31 0.44 922.453
0.32 0.44 919.952
0.33 0.44 917.451
0.34 0.44 914.95
0.35 0.44 912.449
0.36 0.44 909.948
0.37 0.44 907.448
0.38 0.44 904.947
0.39 0.44 902.446
0.4 0.44 899.946
0.41 0.44 897.445
0.42 0.44 894.945
0.43 0.44 892.444
0.44 0.44 889.944
0.45 0.44 887.444
0.46 0.44 884.943
0.47 0.44 882.443
0.48 0.44 879.943
0.49 0.44 877.443
0.5 0.44 874.943
0.51 0.44 872.443
0.52 0.44 869.943
0.53 0.44 867.443
0.54 0.44 864.943
0.55 0.44 862.444
0.56 0.44 859.944
0.57 0.44 857.444
0.58 0.44 854.945
0.59 0.44 852.445
0.6 0.44 849.946
0.61 0.44 847.446
0.62 0.44 844.947
0.63 0.44 842.448
0.64 0.44 839.948
0.65 0.44 837.449
0.66 0.44 834.95
0.67 0.44 832.451
0.68 0.44 829.952
0.69 0.44 827.453
0.7 0.44 824.954
0.71 0.44 822.455
0.72 0.44 819.956
0.73 0.44 817.457
0.74 0.44 814.958
0.75 0.44 812.46
0.76 0.44 809.961
0.77 0.44 807.462
0.78 0.44 804.964
0.79 0.44 802.465
0.8 0.44 799.966
0.81 0.44 797.468
0.82 0.44 794.969
0.83 0.44 792.471
0.84 0.44 789.972
0.85 0.44 787.474
0.86 0.44 784.976
0.87 0.44 782.477
0.88 0.44 779.979
0.89 0.44 777.481
0.9 0.44 774.982
0.91 0.44 772.484
0.92 0.44 769.986
0.93 0.44 767.488
0.94 0.44 764.989
0.95 0.44 762.491
0.96 0.44 759.993
0.97 0.44 757.495
0.98 0.44 754.996
0.99 0.44 752.498
1 0.44 750
1.01 0.44 747.502
1.02 0.44 745.004
1.03 0.44 742.505
1.04 0.44 740.007
1.05 0.44 737.509
1.06 0.44 735.011
1.07 0.44 732.512
1.08 0.44 730.014
1.09 0.44 727.516
1.1 0.44 725.018
1.11 0.44 722.519
1.12 0.44 720.021
1.13 0.44 717.523
1.14 0.44 715.024
1.15 0.44 712.526
1.16 0.44 710.028
1.17 0.44 707.529
1.18 0.44 705.031
1.19 0.44 702.532
1.2 0.44 700.034
1.21 0.44 697.535
1.22 0.44 695.036
1.23 0.44 692.538
1.24 0.44 690.039
1.25 0.44 687.54
1.26 0.44 685.042
1.27 0.44 682.543
1.28 0.44 680.044
1.29 0.44 677.545
1.3 0.44 675.046
1.31 0.44 672.547
1.32 0.44 670.048
1.33 0.44 667.549
1.34 0.44 665.05
1.35 0.44 662.551
1.36 0.44 660.052
1.37 0.44 657.552
1.38 0.44 655.053
1.39 0.44 652.554
1.4 0.44 650.054
1.41 0.44 647.555
1.42 0.44 645.055
1.43 0.44 642.556
1.44 0.44 640.056
1.45 0.44 637.556
1.46 0.44 635.057
1.47 0.44 632.557
1.48 0.44 630.057
1.49 0.44 627.557
1.5 0.44 625.057
1.51 0.44 622.557
1.52 0.44 620.057
1.53 0.44 617.557
1.54 0.44 615.057
1.55 0.44 612.556
1.56 0.44 610.056
1.57 0.44 607.556
1.58 0.44 605.055
1.59 0.44 602.555
1.6 0.44 600.054
1.61 0.44 597.554
1.62 0.44 595.053
1.63 0.44 592.552
1.64 0.44 590.052
1.65 0.44 587.551
1.66 0.44 585.05
1.67 0.44 582.549
1.68 0.44 580.048
1.69 0.44 577.547
1.7 0.44 575.046
1.71 0.44 572.545
1.72 0.44 570.044
1.73 0.44 567.543
1.74 0.44 565.042
1.75 0.44 562.54
1.76 0.44 560.039
1.77 0.44 557.538
1.78 0.44 555.036
1.79 0.44 552.535
1.8 0.44 550.034
1.81 0.44 547.532
1.82 0.44 545.031
1.83 0.44 542.529
1.84 0.44 540.028
1.85 0.44 537.526
1.86 0.44 535.024
1.87 0.44 532.523
1.88 0.44 530.021
1.89 0.44 527.519
1.9 0.44 525.018
1.91 0.44 522.516
1.92 0.44 520.014
1.93 0.44 517.512
1.94 0.44 515.011
1.95 0.44 512.509
1.96 0.44 510.007
1.97 0.44 507.505
1.98 0.44 505.004
1.99 0.44 502.502
2 0.44 500

0 0.45 1000
0.01 0.45 997.498
0.02 0.45 994.996
0.03 0.45 992.495
0.04 0.45 989.993
0.05 0.45 987.491
0.06 0.45 984.989
0.07 0.45 982.488
0.08 0.45 979.986
0.09 0.45 977.484
0.1 0.45 974.982
0.11 0.45 972.481
0.12 0.45 969.979
0.13 0.45 967.477
0.14 0.45 964.976
0.15 0.45 962.474
0.16 0.45 959.972
0.17 0.45 957.471
0.18 0.45 954.969
0.19 0.45 952.468
0.2 0.45 949.966
0.21 0.45 947.465
0.22 0.45 944.964
0.23 0.45 942.462
0.24 0.45 939.961
0.25 0.45 937.46
0.26 0.45 934.958
0.27 0.45 932.457
0.28 0.45 929.956
0.29 0.45 927.455
0.3 0.45 924.954
0.31 0.45 922.453
0.32 0.45 919.952
0.33 0.45 917.451
0.34 0.45 914.95
0.35 0.45 912.449
0.36 0.45 909.948
0.37 0.45 907.448
0.38 0.45 904.947
0.39 0.45 902.446
0.4 0.45 899.946
0.41 0.45 897.445
0.42 0.45 894.945
0.43 0.45 892.444
0.44 0.45 889.944
0.45 0.45 887.444
0.46 0.45 884.943
0.47 0.45 882.443
0.48 0.45 879.943
0.49 0.45 877.443
0.5 0.45 874.943
0.51 0.45 872.443
0.52 0.45 869.943
0.53 0.45 867.443
0.54 0.45 864.943
0.55 0.45 862.444
0.56 0.45 859.944
0.57 0.45 857.444
0.58 0.45 854.945
0.59 0.45 852.445
0.6 0.45 849.946
0.61 0.45 847.446
0.62 0.45 844.947
0.63 0.45 842.448
0.64 0.45 839.948
0.65 0.45 837.449
0.66 0.45 834.95
0.67 0.45 832.451
0.68 0.45 829.952
0.69 0.45 827.453
0.7 0.45 824.954
0.71 0.45 822.455
0.72 0.45 819.956
0.73 0.45 817.457
0.74 0.45 814.958
0.75 0.45 812.46
0.76 0.45 809.961
0.77 0.45 807.462
0.78 0.45 804.964
0.79 0.45 802.465
0.8 0.45 799.966
0.81 0.45 797.468
0.82 0.45 794.969
0.83 0.45 792.471
0.84 0.45 789.972
0.85 0.45 787.474
0.86 0.45 784.976
0.87 0.45 782.477
0.88 0.45 779.979
0.89 0.45 777.481
0.9 0.45 774.982
0.91 0.45 772.484
0.92 0.45 769.986
0.93 0.45 767.488
0.94 0.45 764.989
0.95 0.45 762.491
0.96 0.45 759.993
0.97 0.45 757.495
0.98 0.45 754.996
0.99 0.45 752.498
1 0.45 750
1.01 0.45 747.502
1.02 0.45 745.004
1.03 0.45 742.505
1.04 0.45 740.007
1.05 0.45 737.509
1.06 0.45 735.011
1.07 0.45 732.512
1.08 0.45 730.014
1.09 0.45 727.516
1.1 0.45 725.018
1.11 0.45 722.519
1.12 0.45 720.021
1.13 0.45 717.523
1.14 0.45 715.024
1.15 0.45 712.526
1.16 0.45 710.028
1.17 0.45 707.529
1.18 0.45 705.031
1.19 0.45 702.532
1.2 0.45 700.034
1.21 0.45 697.535
1.22 0.45 695.036
1.23 0.45 692.538
1.24 0.45 690.039
1.25 0.45 687.54
1.26 0.45 685.042
1.27 0.45 682.543
1.28 0.45 680.044
1.29 0.45 677.545
1.3 0.45 675.046
1.31 0.45 672.547
1.32 0.45 670.048
1.33 0.45 667.549
1.34 0.45 665.05
1.35 0.45 662.551
1.36 0.45 660.052
1.37 0.45 657.552
1.38 0.45 655.053
1.39 0.45 652.554
1.4 0.45 650.054
1.41 0.45 647.555
1.42 0.45 645.055
1.43 0.45 642.556
1.44 0.45 640.056
1.45 0.45 637.556
1.46 0.45 635.057
1.47 0.45 632.557
1.48 0.45 630.057
1.49 0.45 627.557
1.5 0.45 625.057
1.51 0.45 622.557
1.52 0.45 620.057
1.53 0.45 617.557
1.54 0.45 615.057
1.55 0.45 612.556
1.56 0.45 610.056
1.57 0.45 607.556
1.58 0.45 605.055
1.59 0.45 602.555
1.6 0.45 600.054
1.61 0.45 597.554
1.62 0.45 595.053
1.63 0.45 592.552
1.64 0.45 590.052
1.65 0.45 587.551
1.66 0.45 585.05
1.67 0.45 582.549
1.68 0.45 580.048
1.69 0.45 577.547
1.7 0.45 575.046
1.71 0.45 572.545
1.72 0.45 570.044
1.73 0.45 567.543
1.74 0.45 565.042
1.75 0.45 562.54
1.76 0.45 560.039
1.77 0.45 557.538
1.78 0.45 555.036
1.79 0.45 552.535
1.8 0.45 550.034
1.81 0.45 547.532
1.82 0.45 545.031
1.83 0.45 542.529
1.84 0.45 540.028
1.85 0.45 537.526
1.86 0.45 535.024
1.87 0.45 532.523
1.88 0.45 530.021
1.89 0.45 527.519
1.9 0.45 525.018
1.91 0.45 522.516
1.92 0.45 520.014
1.93 0.45 517.512
1.94 0.45 515.011
1.95 0.45 512.509
1.96 0.45 510.007
1.97 0.45 507.505
1.98 0.45 505.004
1.99 0.45 502.502
2 0.45 500

0 0.46 1000
0.01 0.46 997.498
0.02 0.46 994.996
0.03 0.46 992.495
0.04 0.46 989.993
0.05 0.46 987.491
0.06 0.46 984.989
0.07 0.46 982.488
0.08 0.46 979.986
0.09 0.46 977.484
0.1 0.46 974.982
0.11 0.46 972.481
0.12 0.46 969.979
0.13 0.46 967.477
0.14 0.46 964.976
0.15 0.46 962.474
0.16 0.46 959.972
0.17 0.46 957.471
0.18 0.46 954.969
0.19 0.46 952.468
0.2 0.46 949.966
0.21 0.46 947.465
0.22 0.46 944.964
0.23 0.46 942.462
0.24 0.46 939.961
0.25 0.46 937.46
0.26 0.46 934.958
0.27 0.46 932.457
0.28 0.46 929.956
0.29 0.46 927.455
0.3 0.46 924.954
0.31 0.46 922.453
0.32 0.46 919.952
0.33 0.46 917.451
0.34 0.46 914.95
0.35 0.46 912.449
0.36 0.46 909.948
0.37 0.46 907.448
0.38 0.46 904.947
0.39 0.46 902.446
0.4 0.46 899.946
0.41 0.46 897.445
0.42 0.46 894.945
0.43 0.46 892.444
0.44 0.46 889.944
0.45 0.46 887.444
0.46 0.46 884.943
0.47 0.46 882.443
0.48 0.46 879.943
0.49 0.46 877.443
0.5 0.46 874.943
0.51 0.46 872.443
0.52 0.46 869.943
0.53 0.46 867.443
0.54 0.46 864.943
0.55 0.46 862.444
0.56 0.46 859.944
0.57 0.46 857.444
0.58 0.46 854.945
0.59 0.46 852.445
0.6 0.46 849.946
0.61 0.46 847.446
0.62 0.46 844.947
0.63 0.46 842.448
0.64 0.46 839.948
0.65 0.46 837.449
0.66 0.46 834.95
0.67 0.46 832.451
0.68 0.46 829.952
0.69 0.46 827.453
0.7 0.46 824.954
0.71 0.46 822.455
0.72 0.46 819.956
0.73 0.46 817.457
0.74 0.46 814.958
0.75 0.46 812.46
0.76 0.46 809.961
0.77 0.46 807.462
0.78 0.46 804.964
0.79 0.46 802.465
0.8 0.46 799.966
0.81 0.46 797.468
0.82 0.46 794.969
0.83 0.46 792.471
0.84 0.46 789.972
0.85 0.46 787.474
0.86 0.46 784.976
0.87 0.46 782.477
0.88 0.46 779.979
0.89 0.46 777.481
0.9 0.46 774.982
0.91 0.46 772.484
0.92 0.46 769.986
0.93 0.46 767.488
0.94 0.46 764.989
0.95 0.46 762.491
0.96 0.46 759.993
0.97 0.46 757.495
0.98 0.46 754.996
0.99 0.46 752.498
1 0.46 750
1.01 0.46 747.502
1.02 0.46 745.004
1.03 0.46 742.505
1.04 0.46 740.007
1.05 0.46 737.509
1.06 0.46 735.011
1.07 0.46 732.512
1.08 0.46 730.014
1.09 0.46 727.516
1.1 0.46 725.018
1.11 0.46 722.519
1.12 0.46 720.021
1.13 0.46 717.523
1.14 0.46 715.024
1.15 0.46 712.526
1.16 0.46 710.028
1.17 0.46 707.529
1.18 0.46 705.031
1.19 0.46 702.532
1.2 0.46 700.034
1.21 0.46 697.535
1.22 0.46 695.036
1.23 0.46 692.538
1.24 0.46 690.039
1.25 0.46 687.54
1.26 0.46 685.042
1.27 0.46 682.543
1.28 0.46 680.044
1.29 0.46 677.545
1.3 0.46 675.046
1.31 0.46 672.547
1.32 0.46 670.048
1.33 0.46 667.549
1.34 0.46 665.05
1.35 0.46 662.551
1.36 0.46 660.052
1.37 0.46 657.552
1.38 0.46 655.053
1.39 0.46 652.554
1.4 0.46 650.054
1.41 0.46 647.555
1.42 0.46 645.055
1.43 0.46 642.556
1.44 0.46 640.056
1.45 0.46 637.556
1.46 0.46 635.057
1.47 0.46 632.557
1.48 0.46 630.057
1.49 0.46 627.557
1.5 0.46 625.057
1.51 0.46 622.557
1.52 0.46 620.057
1.53 0.46 617.557
1.54 0.46 615.057
1.55 0.46 612.556
1.56 0.46 610.056
1.57 0.46 607.556
1.58 0.46 605.055
1.59 0.46 602.555
1.6 0.46 600.054
1.61 0.46 597.554
1.62 0.46 595.053
1.63 0.46 592.552
1.64 0.46 590.052
1.65 0.46 587.551
1.66 0.46 585.05
1.67 0.46 582.549
1.68 0.46 580.048
1.69 0.46 577.547
1.7 0.46 575.046
1.71 0.46 572.545
1.72 0.46 570.044
1.73 0.46 567.543
1.74 0.46 565.042
1.75 0.46 562.54
1.76 0.46 560.039
1.77 0.46 557.538
1.78 0.46 555.036
1.79 0.46 552.535
1.8 0.46 550.034
1.81 0.46 547.532
1.82 0.46 545.031
1.83 0.46 542.529
1.84 0.46 540.028
1.85 0.46 537.526
1.86 0.46 535.024
1.87 0.46 532.523
1.88 0.46 530.021
1.89 0.46 527.519
1.9 0.46 525.018
1.91 0.46 522.516
1.92 0.46 520.014
1.93 0.46 517.512
1.94 0.46 515.011
1.95 0.46 512.509
1.96 0.46 510.007
1.97 0.46 507.505
1.98 0.46 505.004
1.99 0.46 502.502
2 0.46 500

0 0.47 1000
0.01 0.47 997.498
0.02 0.47 994.996
0.03 0.47 992.495
0.04 0.47 989.993
0.05 0.47 987.491
0.06 0.47 984.989
0.07 0.47 982.488
0.08 0.47 979.986
0.09 0.47 977.484
0.1 0.47 974.982
0.11 0.47 972.481
0.12 0.47 969.979
0.13 0.47 967.477
0.14 0.47 964.976
0.15 0.47 962.474
0.16 0.47 959.972
0.17 0.47 957.471
0.18 0.47 954.969
0.19 0.47 952.468
0.2 0.47 949.966
0.21 0.47 947.465
0.22 0.47 944.964
0.23 0.47 942.462
0.24 0.47 939.961
0.25 0.47 937.46
0.26 0.47 934.958
0.27 0.47 932.457
0.28 0.47 929.956
0.29 0.47 927.455
0.3 0.47 924.954
0.31 0.47 922.453
0.32 0.47 919.952
0.33 0.47 917.451
0.34 0.47 914.95
0.35 0.47 912.449
0.36 0.47 909.948
0.37 0.47 907.448
0.38 0.47 904.947
0.39 0.47 902.446
0.4 0.47 899.946
0.41 0.47 897.445
0.42 0.47 894.945
0.43 0.47 892.444
0.44 0.47 889.944
0.45 0.47 887.444
0.46 0.47 884.943
0.47 0.47 882.443
0.48 0.47 879.943
0.49 0.47 877.443
0.5 0.47 874.943
0.51 0.47 872.443
0.52 0.47 869.943
0.53 0.47 867.443
0.54 0.47 864.943
0.55 0.47 862.444
0.56 0.47 859.944
0.57 0.47 857.444
0.58 0.47 854.945
0.59 0.47 852.445
0.6 0.47 849.946
0.61 0.47 847.446
0.62 0.47 844.947
0.63 0.47 842.448
0.64 0.47 839.948
0.65 0.47 837.449
0.66 0.47 834.95
0.67 0.47 832.451
0.68 0.47 829.952
0.69 0.47 827.453
0.7 0.47 824.954
0.71 0.47 822.455
0.72 0.47 819.956
0.73 0.47 817.457
0.74 0.47 814.958
0.75 0.47 812.46
0.76 0.47 809.961
0.77 0.47 807.462
0.78 0.47 804.964
0.79 0.47 802.465
0.8 0.47 799.966
0.81 0.47 797.468
0.82 0.47 794.969
0.83 0.47 792.471
0.84 0.47 789.972
0.85 0.47 787.474
0.86 0.47 784.976
0.87 0.47 782.477
0.88 0.47 779.979
0.89 0.47 777.481
0.9 0.47 774.982
0.91 0.47 772.484
0.92 0.47 769.986
0.93 0.47 767.488
0.94 0.47 764.989
0.95 0.47 762.491
0.96 0.47 759.993
0.97 0.47 757.495
0.98 0.47 754.996
0.99 0.47 752.498
1 0.47 750
1.01 0.47 747.502
1.02 0.47 745.004
1.03 0.47 742.505
1.04 0.47 740.007
1.05 0.47 737.509
1.06 0.47 735.011
1.07 0.47 732.512
1.08 0.47 730.014
1.09 0.47 727.516
1.1 0.47 725.018
1.11 0.47 722.519
1.12 0.47 720.021
1.13 0.47 717.523
1.14 0.47 715.024
1.15 0.47 712.526
1.16 0.47 710.028
1.17 0.47 707.529
1.18 0.47 705.031
1.19 0.47 702.532
1.2 0.47 700.034
1.21 0.47 697.535
1.22 0.47 695.036
1.23 0.47 692.538
1.24 0.47 690.039
1.25 0.47 687.54
1.26 0.47 685.042
1.27 0.47 682.543
1.28 0.47 680.044
1.29 0.47 677.545
1.3 0.47 675.046
1.31 0.47 672.547
1.32 0.47 670.048
1.33 0.47 667.549
1.34 0.47 665.05
1.35 0.47 662.551
1.36 0.47 660.052
1.37 0.47 657.552
1.38 0.47 655.053
1.39 0.47 652.554
1.4 0.47 650.054
1.41 0.47 647.555
1.42 0.47 645.055
1.43 0.47 642.556
1.44 0.47 640.056
1.45 0.47 637.556
1.46 0.47 635.057
1.47 0.47 632.557
1.48 0.47 630.057
1.49 0.47 627.557
1.5 0.47 625.057
1.51 0.47 622.557
1.52 0.47 620.057
1.53 0.47 617.557
1.54 0.47 615.057
1.55 0.47 612.556
1.56 0.47 610.056
1.57 0.47 607.556
1.58 0.47 605.055
1.59 0.47 602.555
1.6 0.47 600.054
1.61 0.47 597.554
1.62 0.47 595.053
1.63 0.47 592.552
1.64 0.47 590.052
1.65 0.47 587.551
1.66 0.47 585.05
1.67 0.47 582.549
1.68 0.47 580.048
1.69 0.47 577.547
1.7 0.47 575.046
1.71 0.47 572.545
1.72 0.47 570.044
1.73 0.47 567.543
1.74 0.47 565.042
1.75 0.47 562.54
1.76 0.47 560.039
1.77 0.47 557.538
1.78 0.47 555.036
1.79 0.47 552.535
1.8 0.47 550.034
1.81 0.47 547.532
1.82 0.47 545.031
1.83 0.47 542.529
1.84 0.47 540.028
1.85 0.47 537.526
1.86 0.47 535.024
1.87 0.47 532.523
1.88 0.47 530.021
1.89 0.47 527.519
1.9 0.47 525.018
1.91 0.47 522.516
1.92 0.47 520.014
1.93 0.47 517.512
1.94 0.47 515.011
1.95 0.47 512.509
1.96 0.47 510.007
1.97 0.47 507.505
1.98 0.47 505.004
1.99 0.47 502.502
2 0.47 500

0 0.48 1000
0.01 0.48 997.498
0.02 0.48 994.996
0.03 0.48 992.495
0.04 0.48 989.993
0.05 0.48 987.491
0.06 0.48 984.989
0.07 0.48 982.488
0.08 0.48 979.986
0.09 0.48 977.484
0.1 0.48 974.982
0.11 0.48 972.481
0.12 0.48 969.979
0.13 0.48 967.477
0.14 0.48 964.976
0.15 0.48 962.474
0.16 0.48 959.972
0.17 0.48 957.471
0.18 0.48 954.969
0.19 0.48 952.468
0.2 0.48 949.966
0.21 0.48 947.465
0.22 0.48 944.964
0.23 0.48 942.462
0.24 0.48 939.961
0.25 0.48 937.46
0.26 0.48 934.958
0.27 0.48 932.457
0.28 0.48 929.956
0.29 0.48 927.455
0.3 0.48 924.954
0.31 0.48 922.453
0.32 0.48 919.952
0.33 0.48 917.451
0.34 0.48 914.95
0.35 0.48 912.449
0.36 0.48 909.948
0.37 0.48 907.448
0.38 0.48 904.947
0.39 0.48 902.446
0.4 0.48 899.946
0.41 0.48 897.445
0.42 0.48 894.945
0.43 0.48 892.444
0.44 0.48 889.944
0.45 0.48 887.444
0.46 0.48 884.943
0.47 0.48 882.443
0.48 0.48 879.943
0.49 0.48 877.443
0.5 0.48 874.943
0.51 0.48 872.443
0.52 0.48 869.943
0.53 0.48 867.443
0.54 0.48 864.943
0.55 0.48 862.444
0.56 0.48 859.944
0.57 0.48 857.444
0.58 0.48 854.945
0.59 0.48 852.445
0.6 0.48 849.946
0.61 0.48 847.446
0.62 0.48 844.947
0.63 0.48 842.448
0.64 0.48 839.948
0.65 0.48 837.449
0.66 0.48 834.95
0.67 0.48 832.451
0.68 0.48 829.952
0.69 0.48 827.453
0.7 0.48 824.954
0.71 0.48 822.455
0.72 0.48 819.956
0.73 0.48 817.457
0.74 0.48 814.958
0.75 0.48 812.46
0.76 0.48 809.961
0.77 0.48 807.462
0.78 0.48 804.964
0.79 0.48 802.465
0.8 0.48 799.966
0.81 0.48 797.468
0.82 0.48 794.969
0.83 0.48 792.471
0.84 0.48 789.972
0.85 0.48 787.474
0.86 0.48 784.976
0.87 0.48 782.477
0.88 0.48 779.979
0.89 0.48 777.481
0.9 0.48 774.982
0.91 0.48 772.484
0.92 0.48 769.986
0.93 0.48 767.488
0.94 0.48 764.989
0.95 0.48 762.491
0.96 0.48 759.993
0.97 0.48 757.495
0.98 0.48 754.996
0.99 0.48 752.498
1 0.48 750
1.01 0.48 747.502
1.02 0.48 745.004
1.03 0.48 742.505
1.04 0.48 740.007
1.05 0.48 737.509
1.06 0.48 735.011
1.07 0.48 732.512
1.08 0.48 730.014
1.09 0.48 727.516
1.1 0.48 725.018
1.11 0.48 722.519
1.12 0.48 720.021
1.13 0.48 717.523
1.14 0.48 715.024
1.15 0.48 712.526
1.16 0.48 710.028
1.17 0.48 707.529
1.18 0.48 705.031
1.19 0.48 702.532
1.2 0.48 700.034
1.21 0.48 697.535
1.22 0.48 695.036
1.23 0.48 692.538
1.24 0.48 690.039
1.25 0.48 687.54
1.26 0.48 685.042
1.27 0.48 682.543
1.28 0.48 680.044
1.29 0.48 677.545
1.3 0.48 675.046
1.31 0.48 672.547
1.32 0.48 670.048
1.33 0.48 667.549
1.34 0.48 665.05
1.35 0.48 662.551
1.36 0.48 660.052
1.37 0.48 657.552
1.38 0.48 655.053
1.39 0.48 652.554
1.4 0.48 650.054
1.41 0.48 647.555
1.42 0.48 645.055
1.43 0.48 642.556
1.44 0.48 640.056
1.45 0.48 637.556
1.46 0.48 635.057
1.47 0.48 632.557
1.48 0.48 630.057
1.49 0.48 627.557
1.5 0.48 625.057
1.51 0.48 622.557
1.52 0.48 620.057
1.53 0.48 617.557
1.54 0.48 615.057
1.55 0.48 612.556
1.56 0.48 610.056
1.57 0.48 607.556
1.58 0.48 605.055
1.59 0.48 602.555
1.6 0.48 600.054
1.61 0.48 597.554
1.62 0.48 595.053
1.63 0.48 592.552
1.64 0.48 590.052
1.65 0.48 587.551
1.66 0.48 585.05
1.67 0.48 582.549
1.68 0.48 580.048
1.69 0.48 577.547
1.7 0.48 575.046
1.71 0.48 572.545
1.72 0.48 570.044
1.73 0.48 567.543
1.74 0.48 565.042
1.75 0.48 562.54
1.76 0.48 560.039
1.77 0.48 557.538
1.78 0.48 555.036
1.79 0.48 552.535
1.8 0.48 550.034
1.81 0.48 547.532
1.82 0.48 545.031
1.83 0.48 542.529
1.84 0.48 540.028
1.85 0.48 537.526
1.86 0.48 535.024
1.87 0.48 532.523
1.88 0.48 530.021
1.89 0.48 527.519
1.9 0.48 525.018
1.91 0.48 522.516
1.92 0.48 520.014
1.93 0.48 517.512
1.94 0.48 515.011
1.95 0.48 512.509
1.96 0.48 510.007
1.97 0.48 507.505
1.98 0.48 505.004
1.99 0.48 502.502
2 0.48 500

0 0.49 1000
0.01 0.49 997.498
0.02 0.49 994.996
0.03 0.49 992.495
0.04 0.49 989.993
0.05 0.49 987.491
0.06 0.49 984.989
0.07 0.49 982.488
0.08 0.49 979.986
0.09 0.49 977.484
0.1 0.49 974.982
0.11 0.49 972.481
0.12 0.49 969.979
0.13 0.49 967.477
0.14 0.49 964.976
0.15 0.49 962.474
0.16 0.49 959.972
0.17 0.49 957.471
0.18 0.49 954.969
0.19 0.49 952.468
0.2 0.49 949.966
0.21 0.49 947.465
0.22 0.49 944.964
0.23 0.49 942.462
0.24 0.49 939.961
0.25 0.49 937.46
0.26 0.49 934.958
0.27 0.49 932.457
0.28 0.49 929.956
0.29 0.49 927.455
0.3 0.49 924.954
0.31 0.49 922.453
0.32 0.49 919.952
0.33 0.49 917.451
0.34 0.49 914.95
0.35 0.49 912.449
0.36 0.49 909.948
0.37 0.49 907.448
0.38 0.49 904.947
0.39 0.49 902.446
0.4 0.49 899.946
0.41 0.49 897.445
0.42 0.49 894.945
0.43 0.49 892.444
0.44 0.49 889.944
0.45 0.49 887.444
0.46 0.49 884.943
0.47 0.49 882.443
0.48 0.49 879.943
0.49 0.49 877.443
0.5 0.49 874.943
0.51 0.49 872.443
0.52 0.49 869.943
0.53 0.49 867.443
0.54 0.49 864.943
0.55 0.49 862.444
0.56 0.49 859.944
0.57 0.49 857.444
0.58 0.49 854.945
0.59 0.49 852.445
0.6 0.49 849.946
0.61 0.49 847.446
0.62 0.49 844.947
0.63 0.49 842.448
0.64 0.49 839.948
0.65 0.49 837.449
0.66 0.49 834.95
0.67 0.49 832.451
0.68 0.49 829.952
0.69 0.49 827.453
0.7 0.49 824.954
0.71 0.49 822.455
0.72 0.49 819.956
0.73 0.49 817.457
0.74 0.49 814.958
0.75 0.49 812.46
0.76 0.49 809.961
0.77 0.49 807.462
0.78 0.49 804.964
0.79 0.49 802.465
0.8 0.49 799.966
0.81 0.49 797.468
0.82 0.49 794.969
0.83 0.49 792.471
0.84 0.49 789.972
0.85 0.49 787.474
0.86 0.49 784.976
0.87 0.49 782.477
0.88 0.49 779.979
0.89 0.49 777.481
0.9 0.49 774.982
0.91 0.49 772.484
0.92 0.49 769.986
0.93 0.49 767.488
0.94 0.49 764.989
0.95 0.49 762.491
0.96 0.49 759.993
0.97 0.49 757.495
0.98 0.49 754.996
0.99 0.49 752.498
1 0.49 750
1.01 0.49 747.502
1.02 0.49 745.004
1.03 0.49 742.505
1.04 0.49 740.007
1.05 0.49 737.509
1.06 0.49 735.011
1.07 0.49 732.512
1.08 0.49 730.014
1.09 0.49 727.516
1.1 0.49 725.018
1.11 0.49 722.519
1.12 0.49 720.021
1.13 0.49 717.523
1.14 0.49 715.024
1.15 0.49 712.526
1.16 0.49 710.028
1.17 0.49 707.529
1.18 0.49 705.031
1.19 0.49 702.532
1.2 0.49 700.034
1.21 0.49 697.535
1.22 0.49 695.036
1.23 0.49 692.538
1.24 0.49 690.039
1.25 0.49 687.54
1.26 0.49 685.042
1.27 0.49 682.543
1.28 0.49 680.044
1.29 0.49 677.545
1.3 0.49 675.046
1.31 0.49 672.547
1.32 0.49 670.048
1.33 0.49 667.549
1.34 0.49 665.05
1.35 0.49 662.551
1.36 0.49 660.052
1.37 0.49 657.552
1.38 0.49 655.053
1.39 0.49 652.554
1.4 0.49 650.054
1.41 0.49 647.555
1.42 0.49 645.055
1.43 0.49 642.556
1.44 0.49 640.056
1.45 0.49 637.556
1.46 0.49 635.057
1.47 0.49 632.557
1.48 0.49 630.057
1.49 0.49 627.557
1.5 0.49 625.057
1.51 0.49 622.557
1.52 0.49 620.057
1.53 0.49 617.557
1.54 0.49 615.057
1.55 0.49 612.556
1.56 0.49 610.056
1.57 0.49 607.556
1.58 0.49 605.055
1.59 0.49 602.555
1.6 0.49 600.054
1.61 0.49 597.554
1.62 0.49 595.053
1.63 0.49 592.552
1.64 0.49 590.052
1.65 0.49 587.551
1.66 0.49 585.05
1.67 0.49 582.549
1.68 0.49 580.048
1.69 0.49 577.547
1.7 0.49 575.046
1.71 0.49 572.545
1.72 0.49 570.044
1.73 0.49 567.543
1.74 0.49 565.042
1.75 0.49 562.54
1.76 0.49 560.039
1.77 0.49 557.538
1.78 0.49 555.036
1.79 0.49 552.535
1.8 0.49 550.034
1.81 0.49 547.532
1.82 0.49 545.031
1.83 0.49 542.529
1.84 0.49 540.028
1.85 0.49 537.526
1.86 0.49 535.024
1.87 0.49 532.523
1.88 0.49 530.021
1.89 0.49 527.519
1.9 0.49 525.018
1.91 0.49 522.516
1.92 0.49 520.014
1.93 0.49 517.512
1.94 0.49 515.011
1.95 0.49 512.509
1.96 0.49 510.007
1.97 0.49 507.505
1.98 0.49 505.004
1.99 0.49 502.502
2 0.49 500

0 0.5 1000
0.01 0.5 997.498
0.02 0.5 994.996
0.03 0.5 992.495
0.04 0.5 989.993
0.05 0.5 987.491
0.06 0.5 984.989
0.07 0.5 982.488
0.08 0.5 979.986
0.09 0.5 977.484
0.1 0.5 974.982
0.11 0.5 972.481
0.12 0.5 969.979
0.13 0.5 967.477
0.14 0.5 964.976
0.15 0.5 962.474
0.16 0.5 959.972
0.17 0.5 957.471
0.18 0.5 954.969
0.19 0.5 952.468
0.2 0.5 949.966
0.21 0.5 947.465
0.22 0.5 944.964
0.23 0.5 942.462
0.24 0.5 939.961
0.25 0.5 937.46
0.26 0.5 934.958
0.27 0.5 932.457
0.28 0.5 929.956
0.29 0.5 927.455
0.3 0.5 924.954
0.31 0.5 922.453
0.32 0.5 919.952
0.33 0.5 917.451
0.34 0.5 914.95
0.35 0.5 912.449
0.36 0.5 909.948
0.37 0.5 907.448
0.38 0.5 904.947
0.39 0.5 902.446
0.4 0.5 899.946
0.41 0.5 897.445
0.42 0.5 894.945
0.43 0.5 892.444
0.44 0.5 889.944
0.45 0.5 887.444
0.46 0.5 884.943
0.47 0.5 882.443
0.48 0.5 879.943
0.49 0.5 877.443
0.5 0.5 874.943
0.51 0.5 872.443
0.52 0.5 869.943
0.53 0.5 867.443
0.54 0.5 864.943
0.55 0.5 862.444
0.56 0.5 859.944
0.57 0.5 857.444
0.58 0.5 854.945
0.59 0.5 852.445
0.6 0.5 849.946
0.61 0.5 847.446
0.62 0.5 844.947
0.63 0.5 842.448
0.64 0.5 839.948
0.65 0.5 837.449
0.66 0.5 834.95
0.67 0.5 832.451
0.68 0.5 829.952
0.69 0.5 827.453
0.7 0.5 824.954
0.71 0.5 822.455
0.72 0.5 819.956
0.73 0.5 817.457
0.74 0.5 814.958
0.75 0.5 812.46
0.76 0.5 809.961
0.77 0.5 807.462
0.78 0.5 804.964
0.79 0.5 802.465
0.8 0.5 799.966
0.81 0.5 797.468
0.82 0.5 794.969
0.83 0.5 792.471
0.84 0.5 789.972
0.85 0.5 787.474
0.86 0.5 784.976
0.87 0.5 782.477
0.88 0.5 779.979
0.89 0.5 777.481
0.9 0.5 774.982
0.91 0.5 772.484
0.92 0.5 769.986
0.93 0.5 767.488
0.94 0.5 764.989
0.95 0.5 762.491
0.96 0.5 759.993
0.97 0.5 757.495
0.98 0.5 754.996
0.99 0.5 752.498
1 0.5 750
1.01 0.5 747.502
1.02 0.5 745.004
1.03 0.5 742.505
1.04 0.5 740.007
1.05 0.5 737.509
1.06 0.5 735.011
1.07 0.5 732.512
1.08 0.5 730.014
1.09 0.5 727.516
1.1 0.5 725.018
1.11 0.5 722.519
1.12 0.5 720.021
1.13 0.5 717.523
1.14 0.5 715.024
1.15 0.5 712.526
1.16 0.5 710.028
1.17 0.5 707.529
1.18 0.5 705.031
1.19 0.5 702.532
1.2 0.5 700.034
1.21 0.5 697.535
1.22 0.5 695.036
1.23 0.5 692.538
1.24 0.5 690.039
1.25 0.5 687.54
1.26 0.5 685.042
1.27 0.5 682.543
1.28 0.5 680.044
1.29 0.5 677.545
1.3 0.5 675.046
1.31 0.5 672.547
1.32 0.5 670.048
1.33 0.5 667.549
1.34 0.5 665.05
1.35 0.5 662.551
1.36 0.5 660.052
1.37 0.5 657.552
1.38 0.5 655.053
1.39 0.5 652.554
1.4 0.5 650.054
1.41 0.5 647.555
1.42 0.5 645.055
1.43 0.5 642.556
1.44 0.5 640.056
1.45 0.5 637.556
1.46 0.5 635.057
1.47 0.5 632.557
1.48 0.5 630.057
1.49 0.5 627.557
1.5 0.5 625.057
1.51 0.5 622.557
1.52 0.5 620.057
1.53 0.5 617.557
1.54 0.5 615.057
1.55 0.5 612.556
1.56 0.5 610.056
1.57 0.5 607.556
1.58 0.5 605.055
1.59 0.5 602.555
1.6 0.5 600.054
1.61 0.5 597.554
1.62 0.5 595.053
1.63 0.5 592.552
1.64 0.5 590.052
1.65 0.5 587.551
1.66 0.5 585.05
1.67 0.5 582.549
1.68 0.5 580.048
1.69 0.5 577.547
1.7 0.5 575.046
1.71 0.5 572.545
1.72 0.5 570.044
1.73 0.5 567.543
1.74 0.5 565.042
1.75 0.5 562.54
1.76 0.5 560.039
1.77 0.5 557.538
1.78 0.5 555.036
1.79 0.5 552.535
1.8 0.5 550.034
1.81 0.5 547.532
1.82 0.5 545.031
1.83 0.5 542.529
1.84 0.5 540.028
1.85 0.5 537.526
1.86 0.5 535.024
1.87 0.5 532.523
1.88 0.5 530.021
1.89 0.5 527.519
1.9 0.5 525.018
1.91 0.5 522.516
1.92 0.5 520.014
1.93 0.5 517.512
1.94 0.5 515.011
1.95 0.5 512.509
1.96 0.5 510.007
1.97 0.5 507.505
1.98 0.5 505.004
1.99 0.5 502.502
2 0.5 500

0 0.51 1000
0.01 0.51 997.498
0.02 0.51 994.996
0.03 0.51 992.495
0.04 0.51 989.993
0.05 0.51 987.491
0.06 0.51 984.989
0.07 0.51 982.488
0.08 0.51 979.986
0.09 0.51 977.484
0.1 0.51 974.982
0.11 0.51 972.481
0.12 0.51 969.979
0.13 0.51 967.477
0.14 0.51 964.976
0.15 0.51 962.474
0.16 0.51 959.972
0.17 0.51 957.471
0.18 0.51 954.969
0.19 0.51 952.468
0.2 0.51 949.966
0.21 0.51 947.465
0.22 0.51 944.964
0.23 0.51 942.462
0.24 0.51 939.961
0.25 0.51 937.46
0.26 0.51 934.958
0.27 0.51 932.457
0.28 0.51 929.956
0.29 0.51 927.455
0.3 0.51 924.954
0.31 0.51 922.453
0.32 0.51 919.952
0.33 0.51 917.451
0.34 0.51 914.95
0.35 0.51 912.449
0.36 0.51 909.948
0.37 0.51 907.448
0.38 0.51 904.947
0.39 0.51 902.446
0.4 0.51 899.946
0.41 0.51 897.445
0.42 0.51 894.945
0.43 0.51 892.444
0.44 0.51 889.944
0.45 0.51 887.444
0.46 0.51 884.943
0.47 0.51 882.443
0.48 0.51 879.943
0.49 0.51 877.443
0.5 0.51 874.943
0.51 0.51 872.443
0.52 0.51 869.943
0.53 0.51 867.443
0.54 0.51 864.943
0.55 0.51 862.444
0.56 0.51 859.944
0.57 0.51 857.444
0.58 0.51 854.945
0.59 0.51 852.445
0.6 0.51 849.946
0.61 0.51 847.446
0.62 0.51 844.947
0.63 0.51 842.448
0.64 0.51 839.948
0.65 0.51 837.449
0.66 0.51 834.95
0.67 0.51 832.451
0.68 0.51 829.952
0.69 0.51 827.453
0.7 0.51 824.954
0.71 0.51 822.455
0.72 0.51 819.956
0.73 0.51 817.457
0.74 0.51 814.958
0.75 0.51 812.46
0.76 0.51 809.961
0.77 0.51 807.462
0.78 0.51 804.964
0.79 0.51 802.465
0.8 0.51 799.966
0.81 0.51 797.468
0.82 0.51 794.969
0.83 0.51 792.471
0.84 0.51 789.972
0.85 0.51 787.474
0.86 0.51 784.976
0.87 0.51 782.477
0.88 0.51 779.979
0.89 0.51 777.481
0.9 0.51 774.982
0.91 0.51 772.484
0.92 0.51 769.986
0.93 0.51 767.488
0.94 0.51 764.989
0.95 0.51 762.491
0.96 0.51 759.993
0.97 0.51 757.495
0.98 0.51 754.996
0.99 0.51 752.498
1 0.51 750
1.01 0.51 747.502
1.02 0.51 745.004
1.03 0.51 742.505
1.04 0.51 740.007
1.05 0.51 737.509
1.06 0.51 735.011
1.07 0.51 732.512
1.08 0.51 730.014
1.09 0.51 727.516
1.1 0.51 725.018
1.11 0.51 722.519
1.12 0.51 720.021
1.13 0.51 717.523
1.14 0.51 715.024
1.15 0.51 712.526
1.16 0.51 710.028
1.17 0.51 707.529
1.18 0.51 705.031
1.19 0.51 702.532
1.2 0.51 700.034
1.21 0.51 697.535
1.22 0.51 695.036
1.23 0.51 692.538
1.24 0.51 690.039
1.25 0.51 687.54
1.26 0.51 685.042
1.27 0.51 682.543
1.28 0.51 680.044
1.29 0.51 677.545
1.3 0.51 675.046
1.31 0.51 672.547
1.32 0.51 670.048
1.33 0.51 667.549
1.34 0.51 665.05
1.35 0.51 662.551
1.36 0.51 660.052
1.37 0.51 657.552
1.38 0.51 655.053
1.39 0.51 652.554
1.4 0.51 650.054
1.41 0.51 647.555
1.42 0.51 645.055
1.43 0.51 642.556
1.44 0.51 640.056
1.45 0.51 637.556
1.46 0.51 635.057
1.47 0.51 632.557
1.48 0.51 630.057
1.49 0.51 627.557
1.5 0.51 625.057
1.51 0.51 622.557
1.52 0.51 620.057
1.53 0.51 617.557
1.54 0.51 615.057
1.55 0.51 612.556
1.56 0.51 610.056
1.57 0.51 607.556
1.58 0.51 605.055
1.59 0.51 602.555
1.6 0.51 600.054
1.61 0.51 597.554
1.62 0.51 595.053
1.63 0.51 592.552
1.64 0.51 590.052
1.65 0.51 587.551
1.66 0.51 585.05
1.67 0.51 582.549
1.68 0.51 580.048
1.69 0.51 577.547
1.7 0.51 575.046
1.71 0.51 572.545
1.72 0.51 570.044
1.73 0.51 567.543
1.74 0.51 565.042
1.75 0.51 562.54
1.76 0.51 560.039
1.77 0.51 557.538
1.78 0.51 555.036
1.79 0.51 552.535
1.8 0.51 550.034
1.81 0.51 547.532
1.82 0.51 545.031
1.83 0.51 542.529
1.84 0.51 540.028
1.85 0.51 537.526
1.86 0.51 535.024
1.87 0.51 532.523
1.88 0.51 530.021
1.89 0.51 527.519
1.9 0.51 525.018
1.91 0.51 522.516
1.92 0.51 520.014
1.93 0.51 517.512
1.94 0.51 515.011
1.95 0.51 512.509
1.96 0.51 510.007
1.97 0.51 507.505
1.98 0.51 505.004
1.99 0.51 502.502
2 0.51 500

0 0.52 1000
0.01 0.52 997.498
0.02 0.52 994.996
0.03 0.52 992.495
0.04 0.52 989.993
0.05 0.52 987.491
0.06 0.52 984.989
0.07 0.52 982.488
0.08 0.52 979.986
0.09 0.52 977.484
0.1 0.52 974.982
0.11 0.52 972.481
0.12 0.52 969.979
0.13 0.52 967.477
0.14 0.52 964.976
0.15 0.52 962.474
0.16 0.52 959.972
0.17 0.52 957.471
0.18 0.52 954.969
0.19 0.52 952.468
0.2 0.52 949.966
0.21 0.52 947.465
0.22 0.52 944.964
0.23 0.52 942.462
0.24 0.52 939.961
0.25 0.52 937.46
0.26 0.52 934.958
0.27 0.52 932.457
0.28 0.52 929.956
0.29 0.52 927.455
0.3 0.52 924.954
0.31 0.52 922.453
0.32 0.52 919.952
0.33 0.52 917.451
0.34 0.52 914.95
0.35 0.52 912.449
0.36 0.52 909.948
0.37 0.52 907.448
0.38 0.52 904.947
0.39 0.52 902.446
0.4 0.52 899.946
0.41 0.52 897.445
0.42 0.52 894.945
0.43 0.52 892.444
0.44 0.52 889.944
0.45 0.52 887.444
0.46 0.52 884.943
0.47 0.52 882.443
0.48 0.52 879.943
0.49 0.52 877.443
0.5 0.52 874.943
0.51 0.52 872.443
0.52 0.52 869.943
0.53 0.52 867.443
0.54 0.52 864.943
0.55 0.52 862.444
0.56 0.52 859.944
0.57 0.52 857.444
0.58 0.52 854.945
0.59 0.52 852.445
0.6 0.52 849.946
0.61 0.52 847.446
0.62 0.52 844.947
0.63 0.52 842.448
0.64 0.52 839.948
0.65 0.52 837.449
0.66 0.52 834.95
0.67 0.52 832.451
0.68 0.52 829.952
0.69 0.52 827.453
0.7 0.52 824.954
0.71 0.52 822.455
0.72 0.52 819.956
0.73 0.52 817.457
0.74 0.52 814.958
0.75 0.52 812.46
0.76 0.52 809.961
0.77 0.52 807.462
0.78 0.52 804.964
0.79 0.52 802.465
0.8 0.52 799.966
0.81 0.52 797.468
0.82 0.52 794.969
0.83 0.52 792.471
0.84 0.52 789.972
0.85 0.52 787.474
0.86 0.52 784.976
0.87 0.52 782.477
0.88 0.52 779.979
0.89 0.52 777.481
0.9 0.52 774.982
0.91 0.52 772.484
0.92 0.52 769.986
0.93 0.52 767.488
0.94 0.52 764.989
0.95 0.52 762.491
0.96 0.52 759.993
0.97 0.52 757.495
0.98 0.52 754.996
0.99 0.52 752.498
1 0.52 750
1.01 0.52 747.502
1.02 0.52 745.004
1.03 0.52 742.505
1.04 0.52 740.007
1.05 0.52 737.509
1.06 0.52 735.011
1.07 0.52 732.512
1.08 0.52 730.014
1.09 0.52 727.516
1.1 0.52 725.018
1.11 0.52 722.519
1.12 0.52 720.021
1.13 0.52 717.523
1.14 0.52 715.024
1.15 0.52 712.526
1.16 0.52 710.028
1.17 0.52 707.529
1.18 0.52 705.031
1.19 0.52 702.532
1.2 0.52 700.034
1.21 0.52 697.535
1.22 0.52 695.036
1.23 0.52 692.538
1.24 0.52 690.039
1.25 0.52 687.54
1.26 0.52 685.042
1.27 0.52 682.543
1.28 0.52 680.044
1.29 0.52 677.545
1.3 0.52 675.046
1.31 0.52 672.547
1.32 0.52 670.048
1.33 0.52 667.549
1.34 0.52 665.05
1.35 0.52 662.551
1.36 0.52 660.052
1.37 0.52 657.552
1.38 0.52 655.053
1.39 0.52 652.554
1.4 0.52 650.054
1.41 0.52 647.555
1.42 0.52 645.055
1.43 0.52 642.556
1.44 0.52 640.056
1.45 0.52 637.556
1.46 0.52 635.057
1.47 0.52 632.557
1.48 0.52 630.057
1.49 0.52 627.557
1.5 0.52 625.057
1.51 0.52 622.557
1.52 0.52 620.057
1.53 0.52 617.557
1.54 0.52 615.057
1.55 0.52 612.556
1.56 0.52 610.056
1.57 0.52 607.556
1.58 0.52 605.055
1.59 0.52 602.555
1.6 0.52 600.054
1.61 0.52 597.554
1.62 0.52 595.053
1.63 0.52 592.552
1.64 0.52 590.052
1.65 0.52 587.551
1.66 0.52 585.05
1.67 0.52 582.549
1.68 0.52 580.048
1.69 0.52 577.547
1.7 0.52 575.046
1.71 0.52 572.545
1.72 0.52 570.044
1.73 0.52 567.543
1.74 0.52 565.042
1.75 0.52 562.54
1.76 0.52 560.039
1.77 0.52 557.538
1.78 0.52 555.036
1.79 0.52 552.535
1.8 0.52 550.034
1.81 0.52 547.532
1.82 0.52 545.031
1.83 0.52 542.529
1.84 0.52 540.028
1.85 0.52 537.526
1.86 0.52 535.024
1.87 0.52 532.523
1.88 0.52 530.021
1.89 0.52 527.519
1.9 0.52 525.018
1.91 0.52 522.516
1.92 0.52 520.014
1.93 0.52 517.512
1.94 0.52 515.011
1.95 0.52 512.509
1.96 0.52 510.007
1.97 0.52 507.505
1.98 0.52 505.004
1.99 0.52 502.502
2 0.52 500

0 0.53 1000
0.01 0.53 997.498
0.02 0.53 994.996
0.03 0.53 992.495
0.04 0.53 989.993
0.05 0.53 987.491
0.06 0.53 984.989
0.07 0.53 982.488
0.08 0.53 979.986
0.09 0.53 977.484
0.1 0.53 974.982
0.11 0.53 972.481
0.12 0.53 969.979
0.13 0.53 967.477
0.14 0.53 964.976
0.15 0.53 962.474
0.16 0.53 959.972
0.17 0.53 957.471
0.18 0.53 954.969
0.19 0.53 952.468
0.2 0.53 949.966
0.21 0.53 947.465
0.22 0.53 944.964
0.23 0.53 942.462
0.24 0.53 939.961
0.25 0.53 937.46
0.26 0.53 934.958
0.27 0.53 932.457
0.28 0.53 929.956
0.29 0.53 927.455
0.3 0.53 924.954
0.31 0.53 922.453
0.32 0.53 919.952
0.33 0.53 917.451
0.34 0.53 914.95
0.35 0.53 912.449
0.36 0.53 909.948
0.37 0.53 907.448
0.38 0.53 904.947
0.39 0.53 902.446
0.4 0.53 899.946
0.41 0.53 897.445
0.42 0.53 894.945
0.43 0.53 892.444
0.44 0.53 889.944
0.45 0.53 887.444
0.46 0.53 884.943
0.47 0.53 882.443
0.48 0.53 879.943
0.49 0.53 877.443
0.5 0.53 874.943
0.51 0.53 872.443
0.52 0.53 869.943
0.53 0.53 867.443
0.54 0.53 864.943
0.55 0.53 862.444
0.56 0.53 859.944
0.57 0.53 857.444
0.58 0.53 854.945
0.59 0.53 852.445
0.6 0.53 849.946
0.61 0.53 847.446
0.62 0.53 844.947
0.63 0.53 842.448
0.64 0.53 839.948
0.65 0.53 837.449
0.66 0.53 834.95
0.67 0.53 832.451
0.68 0.53 829.952
0.69 0.53 827.453
0.7 0.53 824.954
0.71 0.53 822.455
0.72 0.53 819.956
0.73 0.53 817.457
0.74 0.53 814.958
0.75 0.53 812.46
0.76 0.53 809.961
0.77 0.53 807.462
0.78 0.53 804.964
0.79 0.53 802.465
0.8 0.53 799.966
0.81 0.53 797.468
0.82 0.53 794.969
0.83 0.53 792.471
0.84 0.53 789.972
0.85 0.53 787.474
0.86 0.53 784.976
0.87 0.53 782.477
0.88 0.53 779.979
0.89 0.53 777.481
0.9 0.53 774.982
0.91 0.53 772.484
0.92 0.53 769.986
0.93 0.53 767.488
0.94 0.53 764.989
0.95 0.53 762.491
0.96 0.53 759.993
0.97 0.53 757.495
0.98 0.53 754.996
0.99 0.53 752.498
1 0.53 750
1.01 0.53 747.502
1.02 0.53 745.004
1.03 0.53 742.505
1.04 0.53 740.007
1.05 0.53 737.509
1.06 0.53 735.011
1.07 0.53 732.512
1.08 0.53 730.014
1.09 0.53 727.516
1.1 0.53 725.018
1.11 0.53 722.519
1.12 0.53 720.021
1.13 0.53 717.523
1.14 0.53 715.024
1.15 0.53 712.526
1.16 0.53 710.028
1.17 0.53 707.529
1.18 0.53 705.031
1.19 0.53 702.532
1.2 0.53 700.034
1.21 0.53 697.535
1.22 0.53 695.036
1.23 0.53 692.538
1.24 0.53 690.039
1.25 0.53 687.54
1.26 0.53 685.042
1.27 0.53 682.543
1.28 0.53 680.044
1.29 0.53 677.545
1.3 0.53 675.046
1.31 0.53 672.547
1.32 0.53 670.048
1.33 0.53 667.549
1.34 0.53 665.05
1.35 0.53 662.551
1.36 0.53 660.052
1.37 0.53 657.552
1.38 0.53 655.053
1.39 0.53 652.554
1.4 0.53 650.054
1.41 0.53 647.555
1.42 0.53 645.055
1.43 0.53 642.556
1.44 0.53 640.056
1.45 0.53 637.556
1.46 0.53 635.057
1.47 0.53 632.557
1.48 0.53 630.057
1.49 0.53 627.557
1.5 0.53 625.057
1.51 0.53 622.557
1.52 0.53 620.057
1.53 0.53 617.557
1.54 0.53 615.057
1.55 0.53 612.556
1.56 0.53 610.056
1.57 0.53 607.556
1.58 0.53 605.055
1.59 0.53 602.555
1.6 0.53 600.054
1.61 0.53 597.554
1.62 0.53 595.053
1.63 0.53 592.552
1.64 0.53 590.052
1.65 0.53 587.551
1.66 0.53 585.05
1.67 0.53 582.549
1.68 0.53 580.048
1.69 0.53 577.547
1.7 0.53 575.046
1.71 0.53 572.545
1.72 0.53 570.044
1.73 0.53 567.543
1.74 0.53 565.042
1.75 0.53 562.54
1.76 0.53 560.039
1.77 0.53 557.538
1.78 0.53 555.036
1.79 0.53 552.535
1.8 0.53 550.034
1.81 0.53 547.532
1.82 0.53 545.031
1.83 0.53 542.529
1.84 0.53 540.028
1.85 0.53 537.526
1.86 0.53 535.024
1.87 0.53 532.523
1.88 0.53 530.021
1.89 0.53 527.519
1.9 0.53 525.018
1.91 0.53 522.516
1.92 0.53 520.014
1.93 0.53 517.512
1.94 0.53 515.011
1.95 0.53 512.509
1.96 0.53 510.007
1.97 0.53 507.505
1.98 0.53 505.004
1.99 0.53 502.502
2 0.53 500

0 0.54 1000
0.01 0.54 997.498
0.02 0.54 994.996
0.03 0.54 992.495
0.04 0.54 989.993
0.05 0.54 987.491
0.06 0.54 984.989
0.07 0.54 982.488
0.08 0.54 979.986
0.09 0.54 977.484
0.1 0.54 974.982
0.11 0.54 972.481
0.12 0.54 969.979
0.13 0.54 967.477
0.14 0.54 964.976
0.15 0.54 962.474
0.16 0.54 959.972
0.17 0.54 957.471
0.18 0.54 954.969
0.19 0.54 952.468
0.2 0.54 949.966
0.21 0.54 947.465
0.22 0.54 944.964
0.23 0.54 942.462
0.24 0.54 939.961
0.25 0.54 937.46
0.26 0.54 934.958
0.27 0.54 932.457
0.28 0.54 929.956
0.29 0.54 927.455
0.3 0.54 924.954
0.31 0.54 922.453
0.32 0.54 919.952
0.33 0.54 917.451
0.34 0.54 914.95
0.35 0.54 912.449
0.36 0.54 909.948
0.37 0.54 907.448
0.38 0.54 904.947
0.39 0.54 902.446
0.4 0.54 899.946
0.41 0.54 897.445
0.42 0.54 894.945
0.43 0.54 892.444
0.44 0.54 889.944
0.45 0.54 887.444
0.46 0.54 884.943
0.47 0.54 882.443
0.48 0.54 879.943
0.49 0.54 877.443
0.5 0.54 874.943
0.51 0.54 872.443
0.52 0.54 869.943
0.53 0.54 867.443
0.54 0.54 864.943
0.55 0.54 862.444
0.56 0.54 859.944
0.57 0.54 857.444
0.58 0.54 854.945
0.59 0.54 852.445
0.6 0.54 849.946
0.61 0.54 847.446
0.62 0.54 844.947
0.63 0.54 842.448
0.64 0.54 839.948
0.65 0.54 837.449
0.66 0.54 834.95
0.67 0.54 832.451
0.68 0.54 829.952
0.69 0.54 827.453
0.7 0.54 824.954
0.71 0.54 822.455
0.72 0.54 819.956
0.73 0.54 817.457
0.74 0.54 814.958
0.75 0.54 812.46
0.76 0.54 809.961
0.77 0.54 807.462
0.78 0.54 804.964
0.79 0.54 802.465
0.8 0.54 799.966
0.81 0.54 797.468
0.82 0.54 794.969
0.83 0.54 792.471
0.84 0.54 789.972
0.85 0.54 787.474
0.86 0.54 784.976
0.87 0.54 782.477
0.88 0.54 779.979
0.89 0.54 777.481
0.9 0.54 774.982
0.91 0.54 772.484
0.92 0.54 769.986
0.93 0.54 767.488
0.94 0.54 764.989
0.95 0.54 762.491
0.96 0.54 759.993
0.97 0.54 757.495
0.98 0.54 754.996
0.99 0.54 752.498
1 0.54 750
1.01 0.54 747.502
1.02 0.54 745.004
1.03 0.54 742.505
1.04 0.54 740.007
1.05 0.54 737.509
1.06 0.54 735.011
1.07 0.54 732.512
1.08 0.54 730.014
1.09 0.54 727.516
1.1 0.54 725.018
1.11 0.54 722.519
1.12 0.54 720.021
1.13 0.54 717.523
1.14 0.54 715.024
1.15 0.54 712.526
1.16 0.54 710.028
1.17 0.54 707.529
1.18 0.54 705.031
1.19 0.54 702.532
1.2 0.54 700.034
1.21 0.54 697.535
1.22 0.54 695.036
1.23 0.54 692.538
1.24 0.54 690.039
1.25 0.54 687.54
1.26 0.54 685.042
1.27 0.54 682.543
1.28 0.54 680.044
1.29 0.54 677.545
1.3 0.54 675.046
1.31 0.54 672.547
1.32 0.54 670.048
1.33 0.54 667.549
1.34 0.54 665.05
1.35 0.54 662.551
1.36 0.54 660.052
1.37 0.54 657.552
1.38 0.54 655.053
1.39 0.54 652.554
1.4 0.54 650.054
1.41 0.54 647.555
1.42 0.54 645.055
1.43 0.54 642.556
1.44 0.54 640.056
1.45 0.54 637.556
1.46 0.54 635.057
1.47 0.54 632.557
1.48 0.54 630.057
1.49 0.54 627.557
1.5 0.54 625.057
1.51 0.54 622.557
1.52 0.54 620.057
1.53 0.54 617.557
1.54 0.54 615.057
1.55 0.54 612.556
1.56 0.54 610.056
1.57 0.54 607.556
1.58 0.54 605.055
1.59 0.54 602.555
1.6 0.54 600.054
1.61 0.54 597.554
1.62 0.54 595.053
1.63 0.54 592.552
1.64 0.54 590.052
1.65 0.54 587.551
1.66 0.54 585.05
1.67 0.54 582.549
1.68 0.54 580.048
1.69 0.54 577.547
1.7 0.54 575.046
1.71 0.54 572.545
1.72 0.54 570.044
1.73 0.54 567.543
1.74 0.54 565.042
1.75 0.54 562.54
1.76 0.54 560.039
1.77 0.54 557.538
1.78 0.54 555.036
1.79 0.54 552.535
1.8 0.54 550.034
1.81 0.54 547.532
1.82 0.54 545.031
1.83 0.54 542.529
1.84 0.54 540.028
1.85 0.54 537.526
1.86 0.54 535.024
1.87 0.54 532.523
1.88 0.54 530.021
1.89 0.54 527.519
1.9 0.54 525.018
1.91 0.54 522.516
1.92 0.54 520.014
1.93 0.54 517.512
1.94 0.54 515.011
1.95 0.54 512.509
1.96 0.54 510.007
1.97 0.54 507.505
1.98 0.54 505.004
1.99 0.54 502.502
2 0.54 500

0 0.55 1000
0.01 0.55 997.498
0.02 0.55 994.996
0.03 0.55 992.495
0.04 0.55 989.993
0.05 0.55 987.491
0.06 0.55 984.989
0.07 0.55 982.488
0.08 0.55 979.986
0.09 0.55 977.484
0.1 0.55 974.982
0.11 0.55 972.481
0.12 0.55 969.979
0.13 0.55 967.477
0.14 0.55 964.976
0.15 0.55 962.474
0.16 0.55 959.972
0.17 0.55 957.471
0.18 0.55 954.969
0.19 0.55 952.468
0.2 0.55 949.966
0.21 0.55 947.465
0.22 0.55 944.964
0.23 0.55 942.462
0.24 0.55 939.961
0.25 0.55 937.46
0.26 0.55 934.958
0.27 0.55 932.457
0.28 0.55 929.956
0.29 0.55 927.455
0.3 0.55 924.954
0.31 0.55 922.453
0.32 0.55 919.952
0.33 0.55 917.451
0.34 0.55 914.95
0.35 0.55 912.449
0.36 0.55 909.948
0.37 0.55 907.448
0.38 0.55 904.947
0.39 0.55 902.446
0.4 0.55 899.946
0.41 0.55 897.445
0.42 0.55 894.945
0.43 0.55 892.444
0.44 0.55 889.944
0.45 0.55 887.444
0.46 0.55 884.943
0.47 0.55 882.443
0.48 0.55 879.943
0.49 0.55 877.443
0.5 0.55 874.943
0.51 0.55 872.443
0.52 0.55 869.943
0.53 0.55 867.443
0.54 0.55 864.943
0.55 0.55 862.444
0.56 0.55 859.944
0.57 0.55 857.444
0.58 0.55 854.945
0.59 0.55 852.445
0.6 0.55 849.946
0.61 0.55 847.446
0.62 0.55 844.947
0.63 0.55 842.448
0.64 0.55 839.948
0.65 0.55 837.449
0.66 0.55 834.95
0.67 0.55 832.451
0.68 0.55 829.952
0.69 0.55 827.453
0.7 0.55 824.954
0.71 0.55 822.455
0.72 0.55 819.956
0.73 0.55 817.457
0.74 0.55 814.958
0.75 0.55 812.46
0.76 0.55 809.961
0.77 0.55 807.462
0.78 0.55 804.964
0.79 0.55 802.465
0.8 0.55 799.966
0.81 0.55 797.468
0.82 0.55 794.969
0.83 0.55 792.471
0.84 0.55 789.972
0.85 0.55 787.474
0.86 0.55 784.976
0.87 0.55 782.477
0.88 0.55 779.979
0.89 0.55 777.481
0.9 0.55 774.982
0.91 0.55 772.484
0.92 0.55 769.986
0.93 0.55 767.488
0.94 0.55 764.989
0.95 0.55 762.491
0.96 0.55 759.993
0.97 0.55 757.495
0.98 0.55 754.996
0.99 0.55 752.498
1 0.55 750
1.01 0.55 747.502
1.02 0.55 745.004
1.03 0.55 742.505
1.04 0.55 740.007
1.05 0.55 737.509
1.06 0.55 735.011
1.07 0.55 732.512
1.08 0.55 730.014
1.09 0.55 727.516
1.1 0.55 725.018
1.11 0.55 722.519
1.12 0.55 720.021
1.13 0.55 717.523
1.14 0.55 715.024
1.15 0.55 712.526
1.16 0.55 710.028
1.17 0.55 707.529
1.18 0.55 705.031
1.19 0.55 702.532
1.2 0.55 700.034
1.21 0.55 697.535
1.22 0.55 695.036
1.23 0.55 692.538
1.24 0.55 690.039
1.25 0.55 687.54
1.26 0.55 685.042
1.27 0.55 682.543
1.28 0.55 680.044
1.29 0.55 677.545
1.3 0.55 675.046
1.31 0.55 672.547
1.32 0.55 670.048
1.33 0.55 667.549
1.34 0.55 665.05
1.35 0.55 662.551
1.36 0.55 660.052
1.37 0.55 657.552
1.38 0.55 655.053
1.39 0.55 652.554
1.4 0.55 650.054
1.41 0.55 647.555
1.42 0.55 645.055
1.43 0.55 642.556
1.44 0.55 640.056
1.45 0.55 637.556
1.46 0.55 635.057
1.47 0.55 632.557
1.48 0.55 630.057
1.49 0.55 627.557
1.5 0.55 625.057
1.51 0.55 622.557
1.52 0.55 620.057
1.53 0.55 617.557
1.54 0.55 615.057
1.55 0.55 612.556
1.56 0.55 610.056
1.57 0.55 607.556
1.58 0.55 605.055
1.59 0.55 602.555
1.6 0.55 600.054
1.61 0.55 597.554
1.62 0.55 595.053
1.63 0.55 592.552
1.64 0.55 590.052
1.65 0.55 587.551
1.66 0.55 585.05
1.67 0.55 582.549
1.68 0.55 580.048
1.69 0.55 577.547
1.7 0.55 575.046
1.71 0.55 572.545
1.72 0.55 570.044
1.73 0.55 567.543
1.74 0.55 565.042
1.75 0.55 562.54
1.76 0.55 560.039
1.77 0.55 557.538
1.78 0.55 555.036
1.79 0.55 552.535
1.8 0.55 550.034
1.81 0.55 547.532
1.82 0.55 545.031
1.83 0.55 542.529
1.84 0.55 540.028
1.85 0.55 537.526
1.86 0.55 535.024
1.87 0.55 532.523
1.88 0.55 530.021
1.89 0.55 527.519
1.9 0.55 525.018
1.91 0.55 522.516
1.92 0.55 520.014
1.93 0.55 517.512
1.94 0.55 515.011
1.95 0.55 512.509
1.96 0.55 510.007
1.97 0.55 507.505
1.98 0.55 505.004
1.99 0.55 502.502
2 0.55 500

0 0.56 1000
0.01 0.56 997.498
0.02 0.56 994.996
0.03 0.56 992.495
0.04 0.56 989.993
0.05 0.56 987.491
0.06 0.56 984.989
0.07 0.56 982.488
0.08 0.56 979.986
0.09 0.56 977.484
0.1 0.56 974.982
0.11 0.56 972.481
0.12 0.56 969.979
0.13 0.56 967.477
0.14 0.56 964.976
0.15 0.56 962.474
0.16 0.56 959.972
0.17 0.56 957.471
0.18 0.56 954.969
0.19 0.56 952.468
0.2 0.56 949.966
0.21 0.56 947.465
0.22 0.56 944.964
0.23 0.56 942.462
0.24 0.56 939.961
0.25 0.56 937.46
0.26 0.56 934.958
0.27 0.56 932.457
0.28 0.56 929.956
0.29 0.56 927.455
0.3 0.56 924.954
0.31 0.56 922.453
0.32 0.56 919.952
0.33 0.56 917.451
0.34 0.56 914.95
0.35 0.56 912.449
0.36 0.56 909.948
0.37 0.56 907.448
0.38 0.56 904.947
0.39 0.56 902.446
0.4 0.56 899.946
0.41 0.56 897.445
0.42 0.56 894.945
0.43 0.56 892.444
0.44 0.56 889.944
0.45 0.56 887.444
0.46 0.56 884.943
0.47 0.56 882.443
0.48 0.56 879.943
0.49 0.56 877.443
0.5 0.56 874.943
0.51 0.56 872.443
0.52 0.56 869.943
0.53 0.56 867.443
0.54 0.56 864.943
0.55 0.56 862.444
0.56 0.56 859.944
0.57 0.56 857.444
0.58 0.56 854.945
0.59 0.56 852.445
0.6 0.56 849.946
0.61 0.56 847.446
0.62 0.56 844.947
0.63 0.56 842.448
0.64 0.56 839.948
0.65 0.56 837.449
0.66 0.56 834.95
0.67 0.56 832.451
0.68 0.56 829.952
0.69 0.56 827.453
0.7 0.56 824.954
0.71 0.56 822.455
0.72 0.56 819.956
0.73 0.56 817.457
0.74 0.56 814.958
0.75 0.56 812.46
0.76 0.56 809.961
0.77 0.56 807.462
0.78 0.56 804.964
0.79 0.56 802.465
0.8 0.56 799.966
0.81 0.56 797.468
0.82 0.56 794.969
0.83 0.56 792.471
0.84 0.56 789.972
0.85 0.56 787.474
0.86 0.56 784.976
0.87 0.56 782.477
0.88 0.56 779.979
0.89 0.56 777.481
0.9 0.56 774.982
0.91 0.56 772.484
0.92 0.56 769.986
0.93 0.56 767.488
0.94 0.56 764.989
0.95 0.56 762.491
0.96 0.56 759.993
0.97 0.56 757.495
0.98 0.56 754.996
0.99 0.56 752.498
1 0.56 750
1.01 0.56 747.502
1.02 0.56 745.004
1.03 0.56 742.505
1.04 0.56 740.007
1.05 0.56 737.509
1.06 0.56 735.011
1.07 0.56 732.512
1.08 0.56 730.014
1.09 0.56 727.516
1.1 0.56 725.018
1.11 0.56 722.519
1.12 0.56 720.021
1.13 0.56 717.523
1.14 0.56 715.024
1.15 0.56 712.526
1.16 0.56 710.028
1.17 0.56 707.529
1.18 0.56 705.031
1.19 0.56 702.532
1.2 0.56 700.034
1.21 0.56 697.535
1.22 0.56 695.036
1.23 0.56 692.538
1.24 0.56 690.039
1.25 0.56 687.54
1.26 0.56 685.042
1.27 0.56 682.543
1.28 0.56 680.044
1.29 0.56 677.545
1.3 0.56 675.046
1.31 0.56 672.547
1.32 0.56 670.048
1.33 0.56 667.549
1.34 0.56 665.05
1.35 0.56 662.551
1.36 0.56 660.052
1.37 0.56 657.552
1.38 0.56 655.053
1.39 0.56 652.554
1.4 0.56 650.054
1.41 0.56 647.555
1.42 0.56 645.055
1.43 0.56 642.556
1.44 0.56 640.056
1.45 0.56 637.556
1.46 0.56 635.057
1.47 0.56 632.557
1.48 0.56 630.057
1.49 0.56 627.557
1.5 0.56 625.057
1.51 0.56 622.557
1.52 0.56 620.057
1.53 0.56 617.557
1.54 0.56 615.057
1.55 0.56 612.556
1.56 0.56 610.056
1.57 0.56 607.556
1.58 0.56 605.055
1.59 0.56 602.555
1.6 0.56 600.054
1.61 0.56 597.554
1.62 0.56 595.053
1.63 0.56 592.552
1.64 0.56 590.052
1.65 0.56 587.551
1.66 0.56 585.05
1.67 0.56 582.549
1.68 0.56 580.048
1.69 0.56 577.547
1.7 0.56 575.046
1.71 0.56 572.545
1.72 0.56 570.044
1.73 0.56 567.543
1.74 0.56 565.042
1.75 0.56 562.54
1.76 0.56 560.039
1.77 0.56 557.538
1.78 0.56 555.036
1.79 0.56 552.535
1.8 0.56 550.034
1.81 0.56 547.532
1.82 0.56 545.031
1.83 0.56 542.529
1.84 0.56 540.028
1.85 0.56 537.526
1.86 0.56 535.024
1.87 0.56 532.523
1.88 0.56 530.021
1.89 0.56 527.519
1.9 0.56 525.018
1.91 0.56 522.516
1.92 0.56 520.014
1.93 0.56 517.512
1.94 0.56 515.011
1.95 0.56 512.509
1.96 0.56 510.007
1.97 0.56 507.505
1.98 0.56 505.004
1.99 0.56 502.502
2 0.56 500

0 0.57 1000
0.01 0.57 997.498
0.02 0.57 994.996
0.03 0.57 992.495
0.04 0.57 989.993
0.05 0.57 987.491
0.06 0.57 984.989
0.07 0.57 982.488
0.08 0.57 979.986
0.09 0.57 977.484
0.1 0.57 974.982
0.11 0.57 972.481
0.12 0.57 969.979
0.13 0.57 967.477
0.14 0.57 964.976
0.15 0.57 962.474
0.16 0.57 959.972
0.17 0.57 957.471
0.18 0.57 954.969
0.19 0.57 952.468
0.2 0.57 949.966
0.21 0.57 947.465
0.22 0.57 944.964
0.23 0.57 942.462
0.24 0.57 939.961
0.25 0.57 937.46
0.26 0.57 934.958
0.27 0.57 932.457
0.28 0.57 929.956
0.29 0.57 927.455
0.3 0.57 924.954
0.31 0.57 922.453
0.32 0.57 919.952
0.33 0.57 917.451
0.34 0.57 914.95
0.35 0.57 912.449
0.36 0.57 909.948
0.37 0.57 907.448
0.38 0.57 904.947
0.39 0.57 902.446
0.4 0.57 899.946
0.41 0.57 897.445
0.42 0.57 894.945
0.43 0.57 892.444
0.44 0.57 889.944
0.45 0.57 887.444
0.46 0.57 884.943
0.47 0.57 882.443
0.48 0.57 879.943
0.49 0.57 877.443
0.5 0.57 874.943
0.51 0.57 872.443
0.52 0.57 869.943
0.53 0.57 867.443
0.54 0.57 864.943
0.55 0.57 862.444
0.56 0.57 859.944
0.57 0.57 857.444
0.58 0.57 854.945
0.59 0.57 852.445
0.6 0.57 849.946
0.61 0.57 847.446
0.62 0.57 844.947
0.63 0.57 842.448
0.64 0.57 839.948
0.65 0.57 837.449
0.66 0.57 834.95
0.67 0.57 832.451
0.68 0.57 829.952
0.69 0.57 827.453
0.7 0.57 824.954
0.71 0.57 822.455
0.72 0.57 819.956
0.73 0.57 817.457
0.74 0.57 814.958
0.75 0.57 812.46
0.76 0.57 809.961
0.77 0.57 807.462
0.78 0.57 804.964
0.79 0.57 802.465
0.8 0.57 799.966
0.81 0.57 797.468
0.82 0.57 794.969
0.83 0.57 792.471
0.84 0.57 789.972
0.85 0.57 787.474
0.86 0.57 784.976
0.87 0.57 782.477
0.88 0.57 779.979
0.89 0.57 777.481
0.9 0.57 774.982
0.91 0.57 772.484
0.92 0.57 769.986
0.93 0.57 767.488
0.94 0.57 764.989
0.95 0.57 762.491
0.96 0.57 759.993
0.97 0.57 757.495
0.98 0.57 754.996
0.99 0.57 752.498
1 0.57 750
1.01 0.57 747.502
1.02 0.57 745.004
1.03 0.57 742.505
1.04 0.57 740.007
1.05 0.57 737.509
1.06 0.57 735.011
1.07 0.57 732.512
1.08 0.57 730.014
1.09 0.57 727.516
1.1 0.57 725.018
1.11 0.57 722.519
1.12 0.57 720.021
1.13 0.57 717.523
1.14 0.57 715.024
1.15 0.57 712.526
1.16 0.57 710.028
1.17 0.57 707.529
1.18 0.57 705.031
1.19 0.57 702.532
1.2 0.57 700.034
1.21 0.57 697.535
1.22 0.57 695.036
1.23 0.57 692.538
1.24 0.57 690.039
1.25 0.57 687.54
1.26 0.57 685.042
1.27 0.57 682.543
1.28 0.57 680.044
1.29 0.57 677.545
1.3 0.57 675.046
1.31 0.57 672.547
1.32 0.57 670.048
1.33 0.57 667.549
1.34 0.57 665.05
1.35 0.57 662.551
1.36 0.57 660.052
1.37 0.57 657.552
1.38 0.57 655.053
1.39 0.57 652.554
1.4 0.57 650.054
1.41 0.57 647.555
1.42 0.57 645.055
1.43 0.57 642.556
1.44 0.57 640.056
1.45 0.57 637.556
1.46 0.57 635.057
1.47 0.57 632.557
1.48 0.57 630.057
1.49 0.57 627.557
1.5 0.57 625.057
1.51 0.57 622.557
1.52 0.57 620.057
1.53 0.57 617.557
1.54 0.57 615.057
1.55 0.57 612.556
1.56 0.57 610.056
1.57 0.57 607.556
1.58 0.57 605.055
1.59 0.57 602.555
1.6 0.57 600.054
1.61 0.57 597.554
1.62 0.57 595.053
1.63 0.57 592.552
1.64 0.57 590.052
1.65 0.57 587.551
1.66 0.57 585.05
1.67 0.57 582.549
1.68 0.57 580.048
1.69 0.57 577.547
1.7 0.57 575.046
1.71 0.57 572.545
1.72 0.57 570.044
1.73 0.57 567.543
1.74 0.57 565.042
1.75 0.57 562.54
1.76 0.57 560.039
1.77 0.57 557.538
1.78 0.57 555.036
1.79 0.57 552.535
1.8 0.57 550.034
1.81 0.57 547.532
1.82 0.57 545.031
1.83 0.57 542.529
1.84 0.57 540.028
1.85 0.57 537.526
1.86 0.57 535.024
1.87 0.57 532.523
1.88 0.57 530.021
1.89 0.57 527.519
1.9 0.57 525.018
1.91 0.57 522.516
1.92 0.57 520.014
1.93 0.57 517.512
1.94 0.57 515.011
1.95 0.57 512.509
1.96 0.57 510.007
1.97 0.57 507.505
1.98 0.57 505.004
1.99 0.57 502.502
2 0.57 500

0 0.58 1000
0.01 0.58 997.498
0.02 0.58 994.996
0.03 0.58 992.495
0.04 0.58 989.993
0.05 0.58 987.491
0.06 0.58 984.989
0.07 0.58 982.488
0.08 0.58 979.986
0.09 0.58 977.484
0.1 0.58 974.982
0.11 0.58 972.481
0.12 0.58 969.979
0.13 0.58 967.477
0.14 0.58 964.976
0.15 0.58 962.474
0.16 0.58 959.972
0.17 0.58 957.471
0.18 0.58 954.969
0.19 0.58 952.468
0.2 0.58 949.966
0.21 0.58 947.465
0.22 0.58 944.964
0.23 0.58 942.462
0.24 0.58 939.961
0.25 0.58 937.46
0.26 0.58 934.958
0.27 0.58 932.457
0.28 0.58 929.956
0.29 0.58 927.455
0.3 0.58 924.954
0.31 0.58 922.453
0.32 0.58 919.952
0.33 0.58 917.451
0.34 0.58 914.95
0.35 0.58 912.449
0.36 0.58 909.948
0.37 0.58 907.448
0.38 0.58 904.947
0.39 0.58 902.446
0.4 0.58 899.946
0.41 0.58 897.445
0.42 0.58 894.945
0.43 0.58 892.444
0.44 0.58 889.944
0.45 0.58 887.444
0.46 0.58 884.943
0.47 0.58 882.443
0.48 0.58 879.943
0.49 0.58 877.443
0.5 0.58 874.943
0.51 0.58 872.443
0.52 0.58 869.943
0.53 0.58 867.443
0.54 0.58 864.943
0.55 0.58 862.444
0.56 0.58 859.944
0.57 0.58 857.444
0.58 0.58 854.945
0.59 0.58 852.445
0.6 0.58 849.946
0.61 0.58 847.446
0.62 0.58 844.947
0.63 0.58 842.448
0.64 0.58 839.948
0.65 0.58 837.449
0.66 0.58 834.95
0.67 0.58 832.451
0.68 0.58 829.952
0.69 0.58 827.453
0.7 0.58 824.954
0.71 0.58 822.455
0.72 0.58 819.956
0.73 0.58 817.457
0.74 0.58 814.958
0.75 0.58 812.46
0.76 0.58 809.961
0.77 0.58 807.462
0.78 0.58 804.964
0.79 0.58 802.465
0.8 0.58 799.966
0.81 0.58 797.468
0.82 0.58 794.969
0.83 0.58 792.471
0.84 0.58 789.972
0.85 0.58 787.474
0.86 0.58 784.976
0.87 0.58 782.477
0.88 0.58 779.979
0.89 0.58 777.481
0.9 0.58 774.982
0.91 0.58 772.484
0.92 0.58 769.986
0.93 0.58 767.488
0.94 0.58 764.989
0.95 0.58 762.491
0.96 0.58 759.993
0.97 0.58 757.495
0.98 0.58 754.996
0.99 0.58 752.498
1 0.58 750
1.01 0.58 747.502
1.02 0.58 745.004
1.03 0.58 742.505
1.04 0.58 740.007
1.05 0.58 737.509
1.06 0.58 735.011
1.07 0.58 732.512
1.08 0.58 730.014
1.09 0.58 727.516
1.1 0.58 725.018
1.11 0.58 722.519
1.12 0.58 720.021
1.13 0.58 717.523
1.14 0.58 715.024
1.15 0.58 712.526
1.16 0.58 710.028
1.17 0.58 707.529
1.18 0.58 705.031
1.19 0.58 702.532
1.2 0.58 700.034
1.21 0.58 697.535
1.22 0.58 695.036
1.23 0.58 692.538
1.24 0.58 690.039
1.25 0.58 687.54
1.26 0.58 685.042
1.27 0.58 682.543
1.28 0.58 680.044
1.29 0.58 677.545
1.3 0.58 675.046
1.31 0.58 672.547
1.32 0.58 670.048
1.33 0.58 667.549
1.34 0.58 665.05
1.35 0.58 662.551
1.36 0.58 660.052
1.37 0.58 657.552
1.38 0.58 655.053
1.39 0.58 652.554
1.4 0.58 650.054
1.41 0.58 647.555
1.42 0.58 645.055
1.43 0.58 642.556
1.44 0.58 640.056
1.45 0.58 637.556
1.46 0.58 635.057
1.47 0.58 632.557
1.48 0.58 630.057
1.49 0.58 627.557
1.5 0.58 625.057
1.51 0.58 622.557
1.52 0.58 620.057
1.53 0.58 617.557
1.54 0.58 615.057
1.55 0.58 612.556
1.56 0.58 610.056
1.57 0.58 607.556
1.58 0.58 605.055
1.59 0.58 602.555
1.6 0.58 600.054
1.61 0.58 597.554
1.62 0.58 595.053
1.63 0.58 592.552
1.64 0.58 590.052
1.65 0.58 587.551
1.66 0.58 585.05
1.67 0.58 582.549
1.68 0.58 580.048
1.69 0.58 577.547
1.7 0.58 575.046
1.71 0.58 572.545
1.72 0.58 570.044
1.73 0.58 567.543
1.74 0.58 565.042
1.75 0.58 562.54
1.76 0.58 560.039
1.77 0.58 557.538
1.78 0.58 555.036
1.79 0.58 552.535
1.8 0.58 550.034
1.81 0.58 547.532
1.82 0.58 545.031
1.83 0.58 542.529
1.84 0.58 540.028
1.85 0.58 537.526
1.86 0.58 535.024
1.87 0.58 532.523
1.88 0.58 530.021
1.89 0.58 527.519
1.9 0.58 525.018
1.91 0.58 522.516
1.92 0.58 520.014
1.93 0.58 517.512
1.94 0.58 515.011
1.95 0.58 512.509
1.96 0.58 510.007
1.97 0.58 507.505
1.98 0.58 505.004
1.99 0.58 502.502
2 0.58 500

0 0.59 1000
0.01 0.59 997.498
0.02 0.59 994.996
0.03 0.59 992.495
0.04 0.59 989.993
0.05 0.59 987.491
0.06 0.59 984.989
0.07 0.59 982.488
0.08 0.59 979.986
0.09 0.59 977.484
0.1 0.59 974.982
0.11 0.59 972.481
0.12 0.59 969.979
0.13 0.59 967.477
0.14 0.59 964.976
0.15 0.59 962.474
0.16 0.59 959.972
0.17 0.59 957.471
0.18 0.59 954.969
0.19 0.59 952.468
0.2 0.59 949.966
0.21 0.59 947.465
0.22 0.59 944.964
0.23 0.59 942.462
0.24 0.59 939.961
0.25 0.59 937.46
0.26 0.59 934.958
0.27 0.59 932.457
0.28 0.59 929.956
0.29 0.59 927.455
0.3 0.59 924.954
0.31 0.59 922.453
0.32 0.59 919.952
0.33 0.59 917.451
0.34 0.59 914.95
0.35 0.59 912.449
0.36 0.59 909.948
0.37 0.59 907.448
0.38 0.59 904.947
0.39 0.59 902.446
0.4 0.59 899.946
0.41 0.59 897.445
0.42 0.59 894.945
0.43 0.59 892.444
0.44 0.59 889.944
0.45 0.59 887.444
0.46 0.59 884.943
0.47 0.59 882.443
0.48 0.59 879.943
0.49 0.59 877.443
0.5 0.59 874.943
0.51 0.59 872.443
0.52 0.59 869.943
0.53 0.59 867.443
0.54 0.59 864.943
0.55 0.59 862.444
0.56 0.59 859.944
0.57 0.59 857.444
0.58 0.59 854.945
0.59 0.59 852.445
0.6 0.59 849.946
0.61 0.59 847.446
0.62 0.59 844.947
0.63 0.59 842.448
0.64 0.59 839.948
0.65 0.59 837.449
0.66 0.59 834.95
0.67 0.59 832.451
0.68 0.59 829.952
0.69 0.59 827.453
0.7 0.59 824.954
0.71 0.59 822.455
0.72 0.59 819.956
0.73 0.59 817.457
0.74 0.59 814.958
0.75 0.59 812.46
0.76 0.59 809.961
0.77 0.59 807.462
0.78 0.59 804.964
0.79 0.59 802.465
0.8 0.59 799.966
0.81 0.59 797.468
0.82 0.59 794.969
0.83 0.59 792.471
0.84 0.59 789.972
0.85 0.59 787.474
0.86 0.59 784.976
0.87 0.59 782.477
0.88 0.59 779.979
0.89 0.59 777.481
0.9 0.59 774.982
0.91 0.59 772.484
0.92 0.59 769.986
0.93 0.59 767.488
0.94 0.59 764.989
0.95 0.59 762.491
0.96 0.59 759.993
0.97 0.59 757.495
0.98 0.59 754.996
0.99 0.59 752.498
1 0.59 750
1.01 0.59 747.502
1.02 0.59 745.004
1.03 0.59 742.505
1.04 0.59 740.007
1.05 0.59 737.509
1.06 0.59 735.011
1.07 0.59 732.512
1.08 0.59 730.014
1.09 0.59 727.516
1.1 0.59 725.018
1.11 0.59 722.519
1.12 0.59 720.021
1.13 0.59 717.523
1.14 0.59 715.024
1.15 0.59 712.526
1.16 0.59 710.028
1.17 0.59 707.529
1.18 0.59 705.031
1.19 0.59 702.532
1.2 0.59 700.034
1.21 0.59 697.535
1.22 0.59 695.036
1.23 0.59 692.538
1.24 0.59 690.039
1.25 0.59 687.54
1.26 0.59 685.042
1.27 0.59 682.543
1.28 0.59 680.044
1.29 0.59 677.545
1.3 0.59 675.046
1.31 0.59 672.547
1.32 0.59 670.048
1.33 0.59 667.549
1.34 0.59 665.05
1.35 0.59 662.551
1.36 0.59 660.052
1.37 0.59 657.552
1.38 0.59 655.053
1.39 0.59 652.554
1.4 0.59 650.054
1.41 0.59 647.555
1.42 0.59 645.055
1.43 0.59 642.556
1.44 0.59 640.056
1.45 0.59 637.556
1.46 0.59 635.057
1.47 0.59 632.557
1.48 0.59 630.057
1.49 0.59 627.557
1.5 0.59 625.057
1.51 0.59 622.557
1.52 0.59 620.057
1.53 0.59 617.557
1.54 0.59 615.057
1.55 0.59 612.556
1.56 0.59 610.056
1.57 0.59 607.556
1.58 0.59 605.055
1.59 0.59 602.555
1.6 0.59 600.054
1.61 0.59 597.554
1.62 0.59 595.053
1.63 0.59 592.552
1.64 0.59 590.052
1.65 0.59 587.551
1.66 0.59 585.05
1.67 0.59 582.549
1.68 0.59 580.048
1.69 0.59 577.547
1.7 0.59 575.046
1.71 0.59 572.545
1.72 0.59 570.044
1.73 0.59 567.543
1.74 0.59 565.042
1.75 0.59 562.54
1.76 0.59 560.039
1.77 0.59 557.538
1.78 0.59 555.036
1.79 0.59 552.535
1.8 0.59 550.034
1.81 0.59 547.532
1.82 0.59 545.031
1.83 0.59 542.529
1.84 0.59 540.028
1.85 0.59 537.526
1.86 0.59 535.024
1.87 0.59 532.523
1.88 0.59 530.021
1.89 0.59 527.519
1.9 0.59 525.018
1.91 0.59 522.516
1.92 0.59 520.014
1.93 0.59 517.512
1.94 0.59 515.011
1.95 0.59 512.509
1.96 0.59 510.007
1.97 0.59 507.505
1.98 0.59 505.004
1.99 0.59 502.502
2 0.59 500

0 0.6 1000
0.01 0.6 997.498
0.02 0.6 994.996
0.03 0.6 992.495
0.04 0.6 989.993
0.05 0.6 987.491
0.06 0.6 984.989
0.07 0.6 982.488
0.08 0.6 979.986
0.09 0.6 977.484
0.1 0.6 974.982
0.11 0.6 972.481
0.12 0.6 969.979
0.13 0.6 967.477
0.14 0.6 964.976
0.15 0.6 962.474
0.16 0.6 959.972
0.17 0.6 957.471
0.18 0.6 954.969
0.19 0.6 952.468
0.2 0.6 949.966
0.21 0.6 947.465
0.22 0.6 944.964
0.23 0.6 942.462
0.24 0.6 939.961
0.25 0.6 937.46
0.26 0.6 934.958
0.27 0.6 932.457
0.28 0.6 929.956
0.29 0.6 927.455
0.3 0.6 924.954
0.31 0.6 922.453
0.32 0.6 919.952
0.33 0.6 917.451
0.34 0.6 914.95
0.35 0.6 912.449
0.36 0.6 909.948
0.37 0.6 907.448
0.38 0.6 904.947
0.39 0.6 902.446
0.4 0.6 899.946
0.41 0.6 897.445
0.42 0.6 894.945
0.43 0.6 892.444
0.44 0.6 889.944
0.45 0.6 887.444
0.46 0.6 884.943
0.47 0.6 882.443
0.48 0.6 879.943
0.49 0.6 877.443
0.5 0.6 874.943
0.51 0.6 872.443
0.52 0.6 869.943
0.53 0.6 867.443
0.54 0.6 864.943
0.55 0.6 862.444
0.56 0.6 859.944
0.57 0.6 857.444
0.58 0.6 854.945
0.59 0.6 852.445
0.6 0.6 849.946
0.61 0.6 847.446
0.62 0.6 844.947
0.63 0.6 842.448
0.64 0.6 839.948
0.65 0.6 837.449
0.66 0.6 834.95
0.67 0.6 832.451
0.68 0.6 829.952
0.69 0.6 827.453
0.7 0.6 824.954
0.71 0.6 822.455
0.72 0.6 819.956
0.73 0.6 817.457
0.74 0.6 814.958
0.75 0.6 812.46
0.76 0.6 809.961
0.77 0.6 807.462
0.78 0.6 804.964
0.79 0.6 802.465
0.8 0.6 799.966
0.81 0.6 797.468
0.82 0.6 794.969
0.83 0.6 792.471
0.84 0.6 789.972
0.85 0.6 787.474
0.86 0.6 784.976
0.87 0.6 782.477
0.88 0.6 779.979
0.89 0.6 777.481
0.9 0.6 774.982
0.91 0.6 772.484
0.92 0.6 769.986
0.93 0.6 767.488
0.94 0.6 764.989
0.95 0.6 762.491
0.96 0.6 759.993
0.97 0.6 757.495
0.98 0.6 754.996
0.99 0.6 752.498
1 0.6 750
1.01 0.6 747.502
1.02 0.6 745.004
1.03 0.6 742.505
1.04 0.6 740.007
1.05 0.6 737.509
1.06 0.6 735.011
1.07 0.6 732.512
1.08 0.6 730.014
1.09 0.6 727.516
1.1 0.6 725.018
1.11 0.6 722.519
1.12 0.6 720.021
1.13 0.6 717.523
1.14 0.6 715.024
1.15 0.6 712.526
1.16 0.6 710.028
1.17 0.6 707.529
1.18 0.6 705.031
1.19 0.6 702.532
1.2 0.6 700.034
1.21 0.6 697.535
1.22 0.6 695.036
1.23 0.6 692.538
1.24 0.6 690.039
1.25 0.6 687.54
1.26 0.6 685.042
1.27 0.6 682.543
1.28 0.6 680.044
1.29 0.6 677.545
1.3 0.6 675.046
1.31 0.6 672.547
1.32 0.6 670.048
1.33 0.6 667.549
1.34 0.6 665.05
1.35 0.6 662.551
1.36 0.6 660.052
1.37 0.6 657.552
1.38 0.6 655.053
1.39 0.6 652.554
1.4 0.6 650.054
1.41 0.6 647.555
1.42 0.6 645.055
1.43 0.6 642.556
1.44 0.6 640.056
1.45 0.6 637.556
1.46 0.6 635.057
1.47 0.6 632.557
1.48 0.6 630.057
1.49 0.6 627.557
1.5 0.6 625.057
1.51 0.6 622.557
1.52 0.6 620.057
1.53 0.6 617.557
1.54 0.6 615.057
1.55 0.6 612.556
1.56 0.6 610.056
1.57 0.6 607.556
1.58 0.6 605.055
1.59 0.6 602.555
1.6 0.6 600.054
1.61 0.6 597.554
1.62 0.6 595.053
1.63 0.6 592.552
1.64 0.6 590.052
1.65 0.6 587.551
1.66 0.6 585.05
1.67 0.6 582.549
1.68 0.6 580.048
1.69 0.6 577.547
1.7 0.6 575.046
1.71 0.6 572.545
1.72 0.6 570.044
1.73 0.6 567.543
1.74 0.6 565.042
1.75 0.6 562.54
1.76 0.6 560.039
1.77 0.6 557.538
1.78 0.6 555.036
1.79 0.6 552.535
1.8 0.6 550.034
1.81 0.6 547.532
1.82 0.6 545.031
1.83 0.6 542.529
1.84 0.6 540.028
1.85 0.6 537.526
1.86 0.6 535.024
1.87 0.6 532.523
1.88 0.6 530.021
1.89 0.6 527.519
1.9 0.6 525.018
1.91 0.6 522.516
1.92 0.6 520.014
1.93 0.6 517.512
1.94 0.6 515.011
1.95 0.6 512.509
1.96 0.6 510.007
1.97 0.6 507.505
1.98 0.6 505.004
1.99 0.6 502.502
2 0.6 500

0 0.61 1000
0.01 0.61 997.498
0.02 0.61 994.996
0.03 0.61 992.495
0.04 0.61 989.993
0.05 0.61 987.491
0.06 0.61 984.989
0.07 0.61 982.488
0.08 0.61 979.986
0.09 0.61 977.484
0.1 0.61 974.982
0.11 0.61 972.481
0.12 0.61 969.979
0.13 0.61 967.477
0.14 0.61 964.976
0.15 0.61 962.474
0.16 0.61 959.972
0.17 0.61 957.471
0.18 0.61 954.969
0.19 0.61 952.468
0.2 0.61 949.966
0.21 0.61 947.465
0.22 0.61 944.964
0.23 0.61 942.462
0.24 0.61 939.961
0.25 0.61 937.46
0.26 0.61 934.958
0.27 0.61 932.457
0.28 0.61 929.956
0.29 0.61 927.455
0.3 0.61 924.954
0.31 0.61 922.453
0.32 0.61 919.952
0.33 0.61 917.451
0.34 0.61 914.95
0.35 0.61 912.449
0.36 0.61 909.948
0.37 0.61 907.448
0.38 0.61 904.947
0.39 0.61 902.446
0.4 0.61 899.946
0.41 0.61 897.445
0.42 0.61 894.945
0.43 0.61 892.444
0.44 0.61 889.944
0.45 0.61 887.444
0.46 0.61 884.943
0.47 0.61 882.443
0.48 0.61 879.943
0.49 0.61 877.443
0.5 0.61 874.943
0.51 0.61 872.443
0.52 0.61 869.943
0.53 0.61 867.443
0.54 0.61 864.943
0.55 0.61 862.444
0.56 0.61 859.944
0.57 0.61 857.444
0.58 0.61 854.945
0.59 0.61 852.445
0.6 0.61 849.946
0.61 0.61 847.446
0.62 0.61 844.947
0.63 0.61 842.448
0.64 0.61 839.948
0.65 0.61 837.449
0.66 0.61 834.95
0.67 0.61 832.451
0.68 0.61 829.952
0.69 0.61 827.453
0.7 0.61 824.954
0.71 0.61 822.455
0.72 0.61 819.956
0.73 0.61 817.457
0.74 0.61 814.958
0.75 0.61 812.46
0.76 0.61 809.961
0.77 0.61 807.462
0.78 0.61 804.964
0.79 0.61 802.465
0.8 0.61 799.966
0.81 0.61 797.468
0.82 0.61 794.969
0.83 0.61 792.471
0.84 0.61 789.972
0.85 0.61 787.474
0.86 0.61 784.976
0.87 0.61 782.477
0.88 0.61 779.979
0.89 0.61 777.481
0.9 0.61 774.982
0.91 0.61 772.484
0.92 0.61 769.986
0.93 0.61 767.488
0.94 0.61 764.989
0.95 0.61 762.491
0.96 0.61 759.993
0.97 0.61 757.495
0.98 0.61 754.996
0.99 0.61 752.498
1 0.61 750
1.01 0.61 747.502
1.02 0.61 745.004
1.03 0.61 742.505
1.04 0.61 740.007
1.05 0.61 737.509
1.06 0.61 735.011
1.07 0.61 732.512
1.08 0.61 730.014
1.09 0.61 727.516
1.1 0.61 725.018
1.11 0.61 722.519
1.12 0.61 720.021
1.13 0.61 717.523
1.14 0.61 715.024
1.15 0.61 712.526
1.16 0.61 710.028
1.17 0.61 707.529
1.18 0.61 705.031
1.19 0.61 702.532
1.2 0.61 700.034
1.21 0.61 697.535
1.22 0.61 695.036
1.23 0.61 692.538
1.24 0.61 690.039
1.25 0.61 687.54
1.26 0.61 685.042
1.27 0.61 682.543
1.28 0.61 680.044
1.29 0.61 677.545
1.3 0.61 675.046
1.31 0.61 672.547
1.32 0.61 670.048
1.33 0.61 667.549
1.34 0.61 665.05
1.35 0.61 662.551
1.36 0.61 660.052
1.37 0.61 657.552
1.38 0.61 655.053
1.39 0.61 652.554
1.4 0.61 650.054
1.41 0.61 647.555
1.42 0.61 645.055
1.43 0.61 642.556
1.44 0.61 640.056
1.45 0.61 637.556
1.46 0.61 635.057
1.47 0.61 632.557
1.48 0.61 630.057
1.49 0.61 627.557
1.5 0.61 625.057
1.51 0.61 622.557
1.52 0.61 620.057
1.53 0.61 617.557
1.54 0.61 615.057
1.55 0.61 612.556
1.56 0.61 610.056
1.57 0.61 607.556
1.58 0.61 605.055
1.59 0.61 602.555
1.6 0.61 600.054
1.61 0.61 597.554
1.62 0.61 595.053
1.63 0.61 592.552
1.64 0.61 590.052
1.65 0.61 587.551
1.66 0.61 585.05
1.67 0.61 582.549
1.68 0.61 580.048
1.69 0.61 577.547
1.7 0.61 575.046
1.71 0.61 572.545
1.72 0.61 570.044
1.73 0.61 567.543
1.74 0.61 565.042
1.75 0.61 562.54
1.76 0.61 560.039
1.77 0.61 557.538
1.78 0.61 555.036
1.79 0.61 552.535
1.8 0.61 550.034
1.81 0.61 547.532
1.82 0.61 545.031
1.83 0.61 542.529
1.84 0.61 540.028
1.85 0.61 537.526
1.86 0.61 535.024
1.87 0.61 532.523
1.88 0.61 530.021
1.89 0.61 527.519
1.9 0.61 525.018
1.91 0.61 522.516
1.92 0.61 520.014
1.93 0.61 517.512
1.94 0.61 515.011
1.95 0.61 512.509
1.96 0.61 510.007
1.97 0.61 507.505
1.98 0.61 505.004
1.99 0.61 502.502
2 0.61 500

0 0.62 1000
0.01 0.62 997.498
0.02 0.62 994.996
0.03 0.62 992.495
0.04 0.62 989.993
0.05 0.62 987.491
0.06 0.62 984.989
0.07 0.62 982.488
0.08 0.62 979.986
0.09 0.62 977.484
0.1 0.62 974.982
0.11 0.62 972.481
0.12 0.62 969.979
0.13 0.62 967.477
0.14 0.62 964.976
0.15 0.62 962.474
0.16 0.62 959.972
0.17 0.62 957.471
0.18 0.62 954.969
0.19 0.62 952.468
0.2 0.62 949.966
0.21 0.62 947.465
0.22 0.62 944.964
0.23 0.62 942.462
0.24 0.62 939.961
0.25 0.62 937.46
0.26 0.62 934.958
0.27 0.62 932.457
0.28 0.62 929.956
0.29 0.62 927.455
0.3 0.62 924.954
0.31 0.62 922.453
0.32 0.62 919.952
0.33 0.62 917.451
0.34 0.62 914.95
0.35 0.62 912.449
0.36 0.62 909.948
0.37 0.62 907.448
0.38 0.62 904.947
0.39 0.62 902.446
0.4 0.62 899.946
0.41 0.62 897.445
0.42 0.62 894.945
0.43 0.62 892.444
0.44 0.62 889.944
0.45 0.62 887.444
0.46 0.62 884.943
0.47 0.62 882.443
0.48 0.62 879.943
0.49 0.62 877.443
0.5 0.62 874.943
0.51 0.62 872.443
0.52 0.62 869.943
0.53 0.62 867.443
0.54 0.62 864.943
0.55 0.62 862.444
0.56 0.62 859.944
0.57 0.62 857.444
0.58 0.62 854.945
0.59 0.62 852.445
0.6 0.62 849.946
0.61 0.62 847.446
0.62 0.62 844.947
0.63 0.62 842.448
0.64 0.62 839.948
0.65 0.62 837.449
0.66 0.62 834.95
0.67 0.62 832.451
0.68 0.62 829.952
0.69 0.62 827.453
0.7 0.62 824.954
0.71 0.62 822.455
0.72 0.62 819.956
0.73 0.62 817.457
0.74 0.62 814.958
0.75 0.62 812.46
0.76 0.62 809.961
0.77 0.62 807.462
0.78 0.62 804.964
0.79 0.62 802.465
0.8 0.62 799.966
0.81 0.62 797.468
0.82 0.62 794.969
0.83 0.62 792.471
0.84 0.62 789.972
0.85 0.62 787.474
0.86 0.62 784.976
0.87 0.62 782.477
0.88 0.62 779.979
0.89 0.62 777.481
0.9 0.62 774.982
0.91 0.62 772.484
0.92 0.62 769.986
0.93 0.62 767.488
0.94 0.62 764.989
0.95 0.62 762.491
0.96 0.62 759.993
0.97 0.62 757.495
0.98 0.62 754.996
0.99 0.62 752.498
1 0.62 750
1.01 0.62 747.502
1.02 0.62 745.004
1.03 0.62 742.505
1.04 0.62 740.007
1.05 0.62 737.509
1.06 0.62 735.011
1.07 0.62 732.512
1.08 0.62 730.014
1.09 0.62 727.516
1.1 0.62 725.018
1.11 0.62 722.519
1.12 0.62 720.021
1.13 0.62 717.523
1.14 0.62 715.024
1.15 0.62 712.526
1.16 0.62 710.028
1.17 0.62 707.529
1.18 0.62 705.031
1.19 0.62 702.532
1.2 0.62 700.034
1.21 0.62 697.535
1.22 0.62 695.036
1.23 0.62 692.538
1.24 0.62 690.039
1.25 0.62 687.54
1.26 0.62 685.042
1.27 0.62 682.543
1.28 0.62 680.044
1.29 0.62 677.545
1.3 0.62 675.046
1.31 0.62 672.547
1.32 0.62 670.048
1.33 0.62 667.549
1.34 0.62 665.05
1.35 0.62 662.551
1.36 0.62 660.052
1.37 0.62 657.552
1.38 0.62 655.053
1.39 0.62 652.554
1.4 0.62 650.054
1.41 0.62 647.555
1.42 0.62 645.055
1.43 0.62 642.556
1.44 0.62 640.056
1.45 0.62 637.556
1.46 0.62 635.057
1.47 0.62 632.557
1.48 0.62 630.057
1.49 0.62 627.557
1.5 0.62 625.057
1.51 0.62 622.557
1.52 0.62 620.057
1.53 0.62 617.557
1.54 0.62 615.057
1.55 0.62 612.556
1.56 0.62 610.056
1.57 0.62 607.556
1.58 0.62 605.055
1.59 0.62 602.555
1.6 0.62 600.054
1.61 0.62 597.554
1.62 0.62 595.053
1.63 0.62 592.552
1.64 0.62 590.052
1.65 0.62 587.551
1.66 0.62 585.05
1.67 0.62 582.549
1.68 0.62 580.048
1.69 0.62 577.547
1.7 0.62 575.046
1.71 0.62 572.545
1.72 0.62 570.044
1.73 0.62 567.543
1.74 0.62 565.042
1.75 0.62 562.54
1.76 0.62 560.039
1.77 0.62 557.538
1.78 0.62 555.036
1.79 0.62 552.535
1.8 0.62 550.034
1.81 0.62 547.532
1.82 0.62 545.031
1.83 0.62 542.529
1.84 0.62 540.028
1.85 0.62 537.526
1.86 0.62 535.024
1.87 0.62 532.523
1.88 0.62 530.021
1.89 0.62 527.519
1.9 0.62 525.018
1.91 0.62 522.516
1.92 0.62 520.014
1.93 0.62 517.512
1.94 0.62 515.011
1.95 0.62 512.509
1.96 0.62 510.007
1.97 0.62 507.505
1.98 0.62 505.004
1.99 0.62 502.502
2 0.62 500

0 0.63 1000
0.01 0.63 997.498
0.02 0.63 994.996
0.03 0.63 992.495
0.04 0.63 989.993
0.05 0.63 987.491
0.06 0.63 984.989
0.07 0.63 982.488
0.08 0.63 979.986
0.09 0.63 977.484
0.1 0.63 974.982
0.11 0.63 972.481
0.12 0.63 969.979
0.13 0.63 967.477
0.14 0.63 964.976
0.15 0.63 962.474
0.16 0.63 959.972
0.17 0.63 957.471
0.18 0.63 954.969
0.19 0.63 952.468
0.2 0.63 949.966
0.21 0.63 947.465
0.22 0.63 944.964
0.23 0.63 942.462
0.24 0.63 939.961
0.25 0.63 937.46
0.26 0.63 934.958
0.27 0.63 932.457
0.28 0.63 929.956
0.29 0.63 927.455
0.3 0.63 924.954
0.31 0.63 922.453
0.32 0.63 919.952
0.33 0.63 917.451
0.34 0.63 914.95
0.35 0.63 912.449
0.36 0.63 909.948
0.37 0.63 907.448
0.38 0.63 904.947
0.39 0.63 902.446
0.4 0.63 899.946
0.41 0.63 897.445
0.42 0.63 894.945
0.43 0.63 892.444
0.44 0.63 889.944
0.45 0.63 887.444
0.46 0.63 884.943
0.47 0.63 882.443
0.48 0.63 879.943
0.49 0.63 877.443
0.5 0.63 874.943
0.51 0.63 872.443
0.52 0.63 869.943
0.53 0.63 867.443
0.54 0.63 864.943
0.55 0.63 862.444
0.56 0.63 859.944
0.57 0.63 857.444
0.58 0.63 854.945
0.59 0.63 852.445
0.6 0.63 849.946
0.61 0.63 847.446
0.62 0.63 844.947
0.63 0.63 842.448
0.64 0.63 839.948
0.65 0.63 837.449
0.66 0.63 834.95
0.67 0.63 832.451
0.68 0.63 829.952
0.69 0.63 827.453
0.7 0.63 824.954
0.71 0.63 822.455
0.72 0.63 819.956
0.73 0.63 817.457
0.74 0.63 814.958
0.75 0.63 812.46
0.76 0.63 809.961
0.77 0.63 807.462
0.78 0.63 804.964
0.79 0.63 802.465
0.8 0.63 799.966
0.81 0.63 797.468
0.82 0.63 794.969
0.83 0.63 792.471
0.84 0.63 789.972
0.85 0.63 787.474
0.86 0.63 784.976
0.87 0.63 782.477
0.88 0.63 779.979
0.89 0.63 777.481
0.9 0.63 774.982
0.91 0.63 772.484
0.92 0.63 769.986
0.93 0.63 767.488
0.94 0.63 764.989
0.95 0.63 762.491
0.96 0.63 759.993
0.97 0.63 757.495
0.98 0.63 754.996
0.99 0.63 752.498
1 0.63 750
1.01 0.63 747.502
1.02 0.63 745.004
1.03 0.63 742.505
1.04 0.63 740.007
1.05 0.63 737.509
1.06 0.63 735.011
1.07 0.63 732.512
1.08 0.63 730.014
1.09 0.63 727.516
1.1 0.63 725.018
1.11 0.63 722.519
1.12 0.63 720.021
1.13 0.63 717.523
1.14 0.63 715.024
1.15 0.63 712.526
1.16 0.63 710.028
1.17 0.63 707.529
1.18 0.63 705.031
1.19 0.63 702.532
1.2 0.63 700.034
1.21 0.63 697.535
1.22 0.63 695.036
1.23 0.63 692.538
1.24 0.63 690.039
1.25 0.63 687.54
1.26 0.63 685.042
1.27 0.63 682.543
1.28 0.63 680.044
1.29 0.63 677.545
1.3 0.63 675.046
1.31 0.63 672.547
1.32 0.63 670.048
1.33 0.63 667.549
1.34 0.63 665.05
1.35 0.63 662.551
1.36 0.63 660.052
1.37 0.63 657.552
1.38 0.63 655.053
1.39 0.63 652.554
1.4 0.63 650.054
1.41 0.63 647.555
1.42 0.63 645.055
1.43 0.63 642.556
1.44 0.63 640.056
1.45 0.63 637.556
1.46 0.63 635.057
1.47 0.63 632.557
1.48 0.63 630.057
1.49 0.63 627.557
1.5 0.63 625.057
1.51 0.63 622.557
1.52 0.63 620.057
1.53 0.63 617.557
1.54 0.63 615.057
1.55 0.63 612.556
1.56 0.63 610.056
1.57 0.63 607.556
1.58 0.63 605.055
1.59 0.63 602.555
1.6 0.63 600.054
1.61 0.63 597.554
1.62 0.63 595.053
1.63 0.63 592.552
1.64 0.63 590.052
1.65 0.63 587.551
1.66 0.63 585.05
1.67 0.63 582.549
1.68 0.63 580.048
1.69 0.63 577.547
1.7 0.63 575.046
1.71 0.63 572.545
1.72 0.63 570.044
1.73 0.63 567.543
1.74 0.63 565.042
1.75 0.63 562.54
1.76 0.63 560.039
1.77 0.63 557.538
1.78 0.63 555.036
1.79 0.63 552.535
1.8 0.63 550.034
1.81 0.63 547.532
1.82 0.63 545.031
1.83 0.63 542.529
1.84 0.63 540.028
1.85 0.63 537.526
1.86 0.63 535.024
1.87 0.63 532.523
1.88 0.63 530.021
1.89 0.63 527.519
1.9 0.63 525.018
1.91 0.63 522.516
1.92 0.63 520.014
1.93 0.63 517.512
1.94 0.63 515.011
1.95 0.63 512.509
1.96 0.63 510.007
1.97 0.63 507.505
1.98 0.63 505.004
1.99 0.63 502.502
2 0.63 500

0 0.64 1000
0.01 0.64 997.498
0.02 0.64 994.996
0.03 0.64 992.495
0.04 0.64 989.993
0.05 0.64 987.491
0.06 0.64 984.989
0.07 0.64 982.488
0.08 0.64 979.986
0.09 0.64 977.484
0.1 0.64 974.982
0.11 0.64 972.481
0.12 0.64 969.979
0.13 0.64 967.477
0.14 0.64 964.976
0.15 0.64 962.474
0.16 0.64 959.972
0.17 0.64 957.471
0.18 0.64 954.969
0.19 0.64 952.468
0.2 0.64 949.966
0.21 0.64 947.465
0.22 0.64 944.964
0.23 0.64 942.462
0.24 0.64 939.961
0.25 0.64 937.46
0.26 0.64 934.958
0.27 0.64 932.457
0.28 0.64 929.956
0.29 0.64 927.455
0.3 0.64 924.954
0.31 0.64 922.453
0.32 0.64 919.952
0.33 0.64 917.451
0.34 0.64 914.95
0.35 0.64 912.449
0.36 0.64 909.948
0.37 0.64 907.448
0.38 0.64 904.947
0.39 0.64 902.446
0.4 0.64 899.946
0.41 0.64 897.445
0.42 0.64 894.945
0.43 0.64 892.444
0.44 0.64 889.944
0.45 0.64 887.444
0.46 0.64 884.943
0.47 0.64 882.443
0.48 0.64 879.943
0.49 0.64 877.443
0.5 0.64 874.943
0.51 0.64 872.443
0.52 0.64 869.943
0.53 0.64 867.443
0.54 0.64 864.943
0.55 0.64 862.444
0.56 0.64 859.944
0.57 0.64 857.444
0.58 0.64 854.945
0.59 0.64 852.445
0.6 0.64 849.946
0.61 0.64 847.446
0.62 0.64 844.947
0.63 0.64 842.448
0.64 0.64 839.948
0.65 0.64 837.449
0.66 0.64 834.95
0.67 0.64 832.451
0.68 0.64 829.952
0.69 0.64 827.453
0.7 0.64 824.954
0.71 0.64 822.455
0.72 0.64 819.956
0.73 0.64 817.457
0.74 0.64 814.958
0.75 0.64 812.46
0.76 0.64 809.961
0.77 0.64 807.462
0.78 0.64 804.964
0.79 0.64 802.465
0.8 0.64 799.966
0.81 0.64 797.468
0.82 0.64 794.969
0.83 0.64 792.471
0.84 0.64 789.972
0.85 0.64 787.474
0.86 0.64 784.976
0.87 0.64 782.477
0.88 0.64 779.979
0.89 0.64 777.481
0.9 0.64 774.982
0.91 0.64 772.484
0.92 0.64 769.986
0.93 0.64 767.488
0.94 0.64 764.989
0.95 0.64 762.491
0.96 0.64 759.993
0.97 0.64 757.495
0.98 0.64 754.996
0.99 0.64 752.498
1 0.64 750
1.01 0.64 747.502
1.02 0.64 745.004
1.03 0.64 742.505
1.04 0.64 740.007
1.05 0.64 737.509
1.06 0.64 735.011
1.07 0.64 732.512
1.08 0.64 730.014
1.09 0.64 727.516
1.1 0.64 725.018
1.11 0.64 722.519
1.12 0.64 720.021
1.13 0.64 717.523
1.14 0.64 715.024
1.15 0.64 712.526
1.16 0.64 710.028
1.17 0.64 707.529
1.18 0.64 705.031
1.19 0.64 702.532
1.2 0.64 700.034
1.21 0.64 697.535
1.22 0.64 695.036
1.23 0.64 692.538
1.24 0.64 690.039
1.25 0.64 687.54
1.26 0.64 685.042
1.27 0.64 682.543
1.28 0.64 680.044
1.29 0.64 677.545
1.3 0.64 675.046
1.31 0.64 672.547
1.32 0.64 670.048
1.33 0.64 667.549
1.34 0.64 665.05
1.35 0.64 662.551
1.36 0.64 660.052
1.37 0.64 657.552
1.38 0.64 655.053
1.39 0.64 652.554
1.4 0.64 650.054
1.41 0.64 647.555
1.42 0.64 645.055
1.43 0.64 642.556
1.44 0.64 640.056
1.45 0.64 637.556
1.46 0.64 635.057
1.47 0.64 632.557
1.48 0.64 630.057
1.49 0.64 627.557
1.5 0.64 625.057
1.51 0.64 622.557
1.52 0.64 620.057
1.53 0.64 617.557
1.54 0.64 615.057
1.55 0.64 612.556
1.56 0.64 610.056
1.57 0.64 607.556
1.58 0.64 605.055
1.59 0.64 602.555
1.6 0.64 600.054
1.61 0.64 597.554
1.62 0.64 595.053
1.63 0.64 592.552
1.64 0.64 590.052
1.65 0.64 587.551
1.66 0.64 585.05
1.67 0.64 582.549
1.68 0.64 580.048
1.69 0.64 577.547
1.7 0.64 575.046
1.71 0.64 572.545
1.72 0.64 570.044
1.73 0.64 567.543
1.74 0.64 565.042
1.75 0.64 562.54
1.76 0.64 560.039
1.77 0.64 557.538
1.78 0.64 555.036
1.79 0.64 552.535
1.8 0.64 550.034
1.81 0.64 547.532
1.82 0.64 545.031
1.83 0.64 542.529
1.84 0.64 540.028
1.85 0.64 537.526
1.86 0.64 535.024
1.87 0.64 532.523
1.88 0.64 530.021
1.89 0.64 527.519
1.9 0.64 525.018
1.91 0.64 522.516
1.92 0.64 520.014
1.93 0.64 517.512
1.94 0.64 515.011
1.95 0.64 512.509
1.96 0.64 510.007
1.97 0.64 507.505
1.98 0.64 505.004
1.99 0.64 502.502
2 0.64 500

0 0.65 1000
0.01 0.65 997.498
0.02 0.65 994.996
0.03 0.65 992.495
0.04 0.65 989.993
0.05 0.65 987.491
0.06 0.65 984.989
0.07 0.65 982.488
0.08 0.65 979.986
0.09 0.65 977.484
0.1 0.65 974.982
0.11 0.65 972.481
0.12 0.65 969.979
0.13 0.65 967.477
0.14 0.65 964.976
0.15 0.65 962.474
0.16 0.65 959.972
0.17 0.65 957.471
0.18 0.65 954.969
0.19 0.65 952.468
0.2 0.65 949.966
0.21 0.65 947.465
0.22 0.65 944.964
0.23 0.65 942.462
0.24 0.65 939.961
0.25 0.65 937.46
0.26 0.65 934.958
0.27 0.65 932.457
0.28 0.65 929.956
0.29 0.65 927.455
0.3 0.65 924.954
0.31 0.65 922.453
0.32 0.65 919.952
0.33 0.65 917.451
0.34 0.65 914.95
0.35 0.65 912.449
0.36 0.65 909.948
0.37 0.65 907.448
0.38 0.65 904.947
0.39 0.65 902.446
0.4 0.65 899.946
0.41 0.65 897.445
0.42 0.65 894.945
0.43 0.65 892.444
0.44 0.65 889.944
0.45 0.65 887.444
0.46 0.65 884.943
0.47 0.65 882.443
0.48 0.65 879.943
0.49 0.65 877.443
0.5 0.65 874.943
0.51 0.65 872.443
0.52 0.65 869.943
0.53 0.65 867.443
0.54 0.65 864.943
0.55 0.65 862.444
0.56 0.65 859.944
0.57 0.65 857.444
0.58 0.65 854.945
0.59 0.65 852.445
0.6 0.65 849.946
0.61 0.65 847.446
0.62 0.65 844.947
0.63 0.65 842.448
0.64 0.65 839.948
0.65 0.65 837.449
0.66 0.65 834.95
0.67 0.65 832.451
0.68 0.65 829.952
0.69 0.65 827.453
0.7 0.65 824.954
0.71 0.65 822.455
0.72 0.65 819.956
0.73 0.65 817.457
0.74 0.65 814.958
0.75 0.65 812.46
0.76 0.65 809.961
0.77 0.65 807.462
0.78 0.65 804.964
0.79 0.65 802.465
0.8 0.65 799.966
0.81 0.65 797.468
0.82 0.65 794.969
0.83 0.65 792.471
0.84 0.65 789.972
0.85 0.65 787.474
0.86 0.65 784.976
0.87 0.65 782.477
0.88 0.65 779.979
0.89 0.65 777.481
0.9 0.65 774.982
0.91 0.65 772.484
0.92 0.65 769.986
0.93 0.65 767.488
0.94 0.65 764.989
0.95 0.65 762.491
0.96 0.65 759.993
0.97 0.65 757.495
0.98 0.65 754.996
0.99 0.65 752.498
1 0.65 750
1.01 0.65 747.502
1.02 0.65 745.004
1.03 0.65 742.505
1.04 0.65 740.007
1.05 0.65 737.509
1.06 0.65 735.011
1.07 0.65 732.512
1.08 0.65 730.014
1.09 0.65 727.516
1.1 0.65 725.018
1.11 0.65 722.519
1.12 0.65 720.021
1.13 0.65 717.523
1.14 0.65 715.024
1.15 0.65 712.526
1.16 0.65 710.028
1.17 0.65 707.529
1.18 0.65 705.031
1.19 0.65 702.532
1.2 0.65 700.034
1.21 0.65 697.535
1.22 0.65 695.036
1.23 0.65 692.538
1.24 0.65 690.039
1.25 0.65 687.54
1.26 0.65 685.042
1.27 0.65 682.543
1.28 0.65 680.044
1.29 0.65 677.545
1.3 0.65 675.046
1.31 0.65 672.547
1.32 0.65 670.048
1.33 0.65 667.549
1.34 0.65 665.05
1.35 0.65 662.551
1.36 0.65 660.052
1.37 0.65 657.552
1.38 0.65 655.053
1.39 0.65 652.554
1.4 0.65 650.054
1.41 0.65 647.555
1.42 0.65 645.055
1.43 0.65 642.556
1.44 0.65 640.056
1.45 0.65 637.556
1.46 0.65 635.057
1.47 0.65 632.557
1.48 0.65 630.057
1.49 0.65 627.557
1.5 0.65 625.057
1.51 0.65 622.557
1.52 0.65 620.057
1.53 0.65 617.557
1.54 0.65 615.057
1.55 0.65 612.556
1.56 0.65 610.056
1.57 0.65 607.556
1.58 0.65 605.055
1.59 0.65 602.555
1.6 0.65 600.054
1.61 0.65 597.554
1.62 0.65 595.053
1.63 0.65 592.552
1.64 0.65 590.052
1.65 0.65 587.551
1.66 0.65 585.05
1.67 0.65 582.549
1.68 0.65 580.048
1.69 0.65 577.547
1.7 0.65 575.046
1.71 0.65 572.545
1.72 0.65 570.044
1.73 0.65 567.543
1.74 0.65 565.042
1.75 0.65 562.54
1.76 0.65 560.039
1.77 0.65 557.538
1.78 0.65 555.036
1.79 0.65 552.535
1.8 0.65 550.034
1.81 0.65 547.532
1.82 0.65 545.031
1.83 0.65 542.529
1.84 0.65 540.028
1.85 0.65 537.526
1.86 0.65 535.024
1.87 0.65 532.523
1.88 0.65 530.021
1.89 0.65 527.519
1.9 0.65 525.018
1.91 0.65 522.516
1.92 0.65 520.014
1.93 0.65 517.512
1.94 0.65 515.011
1.95 0.65 512.509
1.96 0.65 510.007
1.97 0.65 507.505
1.98 0.65 505.004
1.99 0.65 502.502
2 0.65 500

0 0.66 1000
0.01 0.66 997.498
0.02 0.66 994.996
0.03 0.66 992.495
0.04 0.66 989.993
0.05 0.66 987.491
0.06 0.66 984.989
0.07 0.66 982.488
0.08 0.66 979.986
0.09 0.66 977.484
0.1 0.66 974.982
0.11 0.66 972.481
0.12 0.66 969.979
0.13 0.66 967.477
0.14 0.66 964.976
0.15 0.66 962.474
0.16 0.66 959.972
0.17 0.66 957.471
0.18 0.66 954.969
0.19 0.66 952.468
0.2 0.66 949.966
0.21 0.66 947.465
0.22 0.66 944.964
0.23 0.66 942.462
0.24 0.66 939.961
0.25 0.66 937.46
0.26 0.66 934.958
0.27 0.66 932.457
0.28 0.66 929.956
0.29 0.66 927.455
0.3 0.66 924.954
0.31 0.66 922.453
0.32 0.66 919.952
0.33 0.66 917.451
0.34 0.66 914.95
0.35 0.66 912.449
0.36 0.66 909.948
0.37 0.66 907.448
0.38 0.66 904.947
0.39 0.66 902.446
0.4 0.66 899.946
0.41 0.66 897.445
0.42 0.66 894.945
0.43 0.66 892.444
0.44 0.66 889.944
0.45 0.66 887.444
0.46 0.66 884.943
0.47 0.66 882.443
0.48 0.66 879.943
0.49 0.66 877.443
0.5 0.66 874.943
0.51 0.66 872.443
0.52 0.66 869.943
0.53 0.66 867.443
0.54 0.66 864.943
0.55 0.66 862.444
0.56 0.66 859.944
0.57 0.66 857.444
0.58 0.66 854.945
0.59 0.66 852.445
0.6 0.66 849.946
0.61 0.66 847.446
0.62 0.66 844.947
0.63 0.66 842.448
0.64 0.66 839.948
0.65 0.66 837.449
0.66 0.66 834.95
0.67 0.66 832.451
0.68 0.66 829.952
0.69 0.66 827.453
0.7 0.66 824.954
0.71 0.66 822.455
0.72 0.66 819.956
0.73 0.66 817.457
0.74 0.66 814.958
0.75 0.66 812.46
0.76 0.66 809.961
0.77 0.66 807.462
0.78 0.66 804.964
0.79 0.66 802.465
0.8 0.66 799.966
0.81 0.66 797.468
0.82 0.66 794.969
0.83 0.66 792.471
0.84 0.66 789.972
0.85 0.66 787.474
0.86 0.66 784.976
0.87 0.66 782.477
0.88 0.66 779.979
0.89 0.66 777.481
0.9 0.66 774.982
0.91 0.66 772.484
0.92 0.66 769.986
0.93 0.66 767.488
0.94 0.66 764.989
0.95 0.66 762.491
0.96 0.66 759.993
0.97 0.66 757.495
0.98 0.66 754.996
0.99 0.66 752.498
1 0.66 750
1.01 0.66 747.502
1.02 0.66 745.004
1.03 0.66 742.505
1.04 0.66 740.007
1.05 0.66 737.509
1.06 0.66 735.011
1.07 0.66 732.512
1.08 0.66 730.014
1.09 0.66 727.516
1.1 0.66 725.018
1.11 0.66 722.519
1.12 0.66 720.021
1.13 0.66 717.523
1.14 0.66 715.024
1.15 0.66 712.526
1.16 0.66 710.028
1.17 0.66 707.529
1.18 0.66 705.031
1.19 0.66 702.532
1.2 0.66 700.034
1.21 0.66 697.535
1.22 0.66 695.036
1.23 0.66 692.538
1.24 0.66 690.039
1.25 0.66 687.54
1.26 0.66 685.042
1.27 0.66 682.543
1.28 0.66 680.044
1.29 0.66 677.545
1.3 0.66 675.046
1.31 0.66 672.547
1.32 0.66 670.048
1.33 0.66 667.549
1.34 0.66 665.05
1.35 0.66 662.551
1.36 0.66 660.052
1.37 0.66 657.552
1.38 0.66 655.053
1.39 0.66 652.554
1.4 0.66 650.054
1.41 0.66 647.555
1.42 0.66 645.055
1.43 0.66 642.556
1.44 0.66 640.056
1.45 0.66 637.556
1.46 0.66 635.057
1.47 0.66 632.557
1.48 0.66 630.057
1.49 0.66 627.557
1.5 0.66 625.057
1.51 0.66 622.557
1.52 0.66 620.057
1.53 0.66 617.557
1.54 0.66 615.057
1.55 0.66 612.556
1.56 0.66 610.056
1.57 0.66 607.556
1.58 0.66 605.055
1.59 0.66 602.555
1.6 0.66 600.054
1.61 0.66 597.554
1.62 0.66 595.053
1.63 0.66 592.552
1.64 0.66 590.052
1.65 0.66 587.551
1.66 0.66 585.05
1.67 0.66 582.549
1.68 0.66 580.048
1.69 0.66 577.547
1.7 0.66 575.046
1.71 0.66 572.545
1.72 0.66 570.044
1.73 0.66 567.543
1.74 0.66 565.042
1.75 0.66 562.54
1.76 0.66 560.039
1.77 0.66 557.538
1.78 0.66 555.036
1.79 0.66 552.535
1.8 0.66 550.034
1.81 0.66 547.532
1.82 0.66 545.031
1.83 0.66 542.529
1.84 0.66 540.028
1.85 0.66 537.526
1.86 0.66 535.024
1.87 0.66 532.523
1.88 0.66 530.021
1.89 0.66 527.519
1.9 0.66 525.018
1.91 0.66 522.516
1.92 0.66 520.014
1.93 0.66 517.512
1.94 0.66 515.011
1.95 0.66 512.509
1.96 0.66 510.007
1.97 0.66 507.505
1.98 0.66 505.004
1.99 0.66 502.502
2 0.66 500

0 0.67 1000
0.01 0.67 997.498
0.02 0.67 994.996
0.03 0.67 992.495
0.04 0.67 989.993
0.05 0.67 987.491
0.06 0.67 984.989
0.07 0.67 982.488
0.08 0.67 979.986
0.09 0.67 977.484
0.1 0.67 974.982
0.11 0.67 972.481
0.12 0.67 969.979
0.13 0.67 967.477
0.14 0.67 964.976
0.15 0.67 962.474
0.16 0.67 959.972
0.17 0.67 957.471
0.18 0.67 954.969
0.19 0.67 952.468
0.2 0.67 949.966
0.21 0.67 947.465
0.22 0.67 944.964
0.23 0.67 942.462
0.24 0.67 939.961
0.25 0.67 937.46
0.26 0.67 934.958
0.27 0.67 932.457
0.28 0.67 929.956
0.29 0.67 927.455
0.3 0.67 924.954
0.31 0.67 922.453
0.32 0.67 919.952
0.33 0.67 917.451
0.34 0.67 914.95
0.35 0.67 912.449
0.36 0.67 909.948
0.37 0.67 907.448
0.38 0.67 904.947
0.39 0.67 902.446
0.4 0.67 899.946
0.41 0.67 897.445
0.42 0.67 894.945
0.43 0.67 892.444
0.44 0.67 889.944
0.45 0.67 887.444
0.46 0.67 884.943
0.47 0.67 882.443
0.48 0.67 879.943
0.49 0.67 877.443
0.5 0.67 874.943
0.51 0.67 872.443
0.52 0.67 869.943
0.53 0.67 867.443
0.54 0.67 864.943
0.55 0.67 862.444
0.56 0.67 859.944
0.57 0.67 857.444
0.58 0.67 854.945
0.59 0.67 852.445
0.6 0.67 849.946
0.61 0.67 847.446
0.62 0.67 844.947
0.63 0.67 842.448
0.64 0.67 839.948
0.65 0.67 837.449
0.66 0.67 834.95
0.67 0.67 832.451
0.68 0.67 829.952
0.69 0.67 827.453
0.7 0.67 824.954
0.71 0.67 822.455
0.72 0.67 819.956
0.73 0.67 817.457
0.74 0.67 814.958
0.75 0.67 812.46
0.76 0.67 809.961
0.77 0.67 807.462
0.78 0.67 804.964
0.79 0.67 802.465
0.8 0.67 799.966
0.81 0.67 797.468
0.82 0.67 794.969
0.83 0.67 792.471
0.84 0.67 789.972
0.85 0.67 787.474
0.86 0.67 784.976
0.87 0.67 782.477
0.88 0.67 779.979
0.89 0.67 777.481
0.9 0.67 774.982
0.91 0.67 772.484
0.92 0.67 769.986
0.93 0.67 767.488
0.94 0.67 764.989
0.95 0.67 762.491
0.96 0.67 759.993
0.97 0.67 757.495
0.98 0.67 754.996
0.99 0.67 752.498
1 0.67 750
1.01 0.67 747.502
1.02 0.67 745.004
1.03 0.67 742.505
1.04 0.67 740.007
1.05 0.67 737.509
1.06 0.67 735.011
1.07 0.67 732.512
1.08 0.67 730.014
1.09 0.67 727.516
1.1 0.67 725.018
1.11 0.67 722.519
1.12 0.67 720.021
1.13 0.67 717.523
1.14 0.67 715.024
1.15 0.67 712.526
1.16 0.67 710.028
1.17 0.67 707.529
1.18 0.67 705.031
1.19 0.67 702.532
1.2 0.67 700.034
1.21 0.67 697.535
1.22 0.67 695.036
1.23 0.67 692.538
1.24 0.67 690.039
1.25 0.67 687.54
1.26 0.67 685.042
1.27 0.67 682.543
1.28 0.67 680.044
1.29 0.67 677.545
1.3 0.67 675.046
1.31 0.67 672.547
1.32 0.67 670.048
1.33 0.67 667.549
1.34 0.67 665.05
1.35 0.67 662.551
1.36 0.67 660.052
1.37 0.67 657.552
1.38 0.67 655.053
1.39 0.67 652.554
1.4 0.67 650.054
1.41 0.67 647.555
1.42 0.67 645.055
1.43 0.67 642.556
1.44 0.67 640.056
1.45 0.67 637.556
1.46 0.67 635.057
1.47 0.67 632.557
1.48 0.67 630.057
1.49 0.67 627.557
1.5 0.67 625.057
1.51 0.67 622.557
1.52 0.67 620.057
1.53 0.67 617.557
1.54 0.67 615.057
1.55 0.67 612.556
1.56 0.67 610.056
1.57 0.67 607.556
1.58 0.67 605.055
1.59 0.67 602.555
1.6 0.67 600.054
1.61 0.67 597.554
1.62 0.67 595.053
1.63 0.67 592.552
1.64 0.67 590.052
1.65 0.67 587.551
1.66 0.67 585.05
1.67 0.67 582.549
1.68 0.67 580.048
1.69 0.67 577.547
1.7 0.67 575.046
1.71 0.67 572.545
1.72 0.67 570.044
1.73 0.67 567.543
1.74 0.67 565.042
1.75 0.67 562.54
1.76 0.67 560.039
1.77 0.67 557.538
1.78 0.67 555.036
1.79 0.67 552.535
1.8 0.67 550.034
1.81 0.67 547.532
1.82 0.67 545.031
1.83 0.67 542.529
1.84 0.67 540.028
1.85 0.67 537.526
1.86 0.67 535.024
1.87 0.67 532.523
1.88 0.67 530.021
1.89 0.67 527.519
1.9 0.67 525.018
1.91 0.67 522.516
1.92 0.67 520.014
1.93 0.67 517.512
1.94 0.67 515.011
1.95 0.67 512.509
1.96 0.67 510.007
1.97 0.67 507.505
1.98 0.67 505.004
1.99 0.67 502.502
2 0.67 500

0 0.68 1000
0.01 0.68 997.498
0.02 0.68 994.996
0.03 0.68 992.495
0.04 0.68 989.993
0.05 0.68 987.491
0.06 0.68 984.989
0.07 0.68 982.488
0.08 0.68 979.986
0.09 0.68 977.484
0.1 0.68 974.982
0.11 0.68 972.481
0.12 0.68 969.979
0.13 0.68 967.477
0.14 0.68 964.976
0.15 0.68 962.474
0.16 0.68 959.972
0.17 0.68 957.471
0.18 0.68 954.969
0.19 0.68 952.468
0.2 0.68 949.966
0.21 0.68 947.465
0.22 0.68 944.964
0.23 0.68 942.462
0.24 0.68 939.961
0.25 0.68 937.46
0.26 0.68 934.958
0.27 0.68 932.457
0.28 0.68 929.956
0.29 0.68 927.455
0.3 0.68 924.954
0.31 0.68 922.453
0.32 0.68 919.952
0.33 0.68 917.451
0.34 0.68 914.95
0.35 0.68 912.449
0.36 0.68 909.948
0.37 0.68 907.448
0.38 0.68 904.947
0.39 0.68 902.446
0.4 0.68 899.946
0.41 0.68 897.445
0.42 0.68 894.945
0.43 0.68 892.444
0.44 0.68 889.944
0.45 0.68 887.444
0.46 0.68 884.943
0.47 0.68 882.443
0.48 0.68 879.943
0.49 0.68 877.443
0.5 0.68 874.943
0.51 0.68 872.443
0.52 0.68 869.943
0.53 0.68 867.443
0.54 0.68 864.943
0.55 0.68 862.444
0.56 0.68 859.944
0.57 0.68 857.444
0.58 0.68 854.945
0.59 0.68 852.445
0.6 0.68 849.946
0.61 0.68 847.446
0.62 0.68 844.947
0.63 0.68 842.448
0.64 0.68 839.948
0.65 0.68 837.449
0.66 0.68 834.95
0.67 0.68 832.451
0.68 0.68 829.952
0.69 0.68 827.453
0.7 0.68 824.954
0.71 0.68 822.455
0.72 0.68 819.956
0.73 0.68 817.457
0.74 0.68 814.958
0.75 0.68 812.46
0.76 0.68 809.961
0.77 0.68 807.462
0.78 0.68 804.964
0.79 0.68 802.465
0.8 0.68 799.966
0.81 0.68 797.468
0.82 0.68 794.969
0.83 0.68 792.471
0.84 0.68 789.972
0.85 0.68 787.474
0.86 0.68 784.976
0.87 0.68 782.477
0.88 0.68 779.979
0.89 0.68 777.481
0.9 0.68 774.982
0.91 0.68 772.484
0.92 0.68 769.986
0.93 0.68 767.488
0.94 0.68 764.989
0.95 0.68 762.491
0.96 0.68 759.993
0.97 0.68 757.495
0.98 0.68 754.996
0.99 0.68 752.498
1 0.68 750
1.01 0.68 747.502
1.02 0.68 745.004
1.03 0.68 742.505
1.04 0.68 740.007
1.05 0.68 737.509
1.06 0.68 735.011
1.07 0.68 732.512
1.08 0.68 730.014
1.09 0.68 727.516
1.1 0.68 725.018
1.11 0.68 722.519
1.12 0.68 720.021
1.13 0.68 717.523
1.14 0.68 715.024
1.15 0.68 712.526
1.16 0.68 710.028
1.17 0.68 707.529
1.18 0.68 705.031
1.19 0.68 702.532
1.2 0.68 700.034
1.21 0.68 697.535
1.22 0.68 695.036
1.23 0.68 692.538
1.24 0.68 690.039
1.25 0.68 687.54
1.26 0.68 685.042
1.27 0.68 682.543
1.28 0.68 680.044
1.29 0.68 677.545
1.3 0.68 675.046
1.31 0.68 672.547
1.32 0.68 670.048
1.33 0.68 667.549
1.34 0.68 665.05
1.35 0.68 662.551
1.36 0.68 660.052
1.37 0.68 657.552
1.38 0.68 655.053
1.39 0.68 652.554
1.4 0.68 650.054
1.41 0.68 647.555
1.42 0.68 645.055
1.43 0.68 642.556
1.44 0.68 640.056
1.45 0.68 637.556
1.46 0.68 635.057
1.47 0.68 632.557
1.48 0.68 630.057
1.49 0.68 627.557
1.5 0.68 625.057
1.51 0.68 622.557
1.52 0.68 620.057
1.53 0.68 617.557
1.54 0.68 615.057
1.55 0.68 612.556
1.56 0.68 610.056
1.57 0.68 607.556
1.58 0.68 605.055
1.59 0.68 602.555
1.6 0.68 600.054
1.61 0.68 597.554
1.62 0.68 595.053
1.63 0.68 592.552
1.64 0.68 590.052
1.65 0.68 587.551
1.66 0.68 585.05
1.67 0.68 582.549
1.68 0.68 580.048
1.69 0.68 577.547
1.7 0.68 575.046
1.71 0.68 572.545
1.72 0.68 570.044
1.73 0.68 567.543
1.74 0.68 565.042
1.75 0.68 562.54
1.76 0.68 560.039
1.77 0.68 557.538
1.78 0.68 555.036
1.79 0.68 552.535
1.8 0.68 550.034
1.81 0.68 547.532
1.82 0.68 545.031
1.83 0.68 542.529
1.84 0.68 540.028
1.85 0.68 537.526
1.86 0.68 535.024
1.87 0.68 532.523
1.88 0.68 530.021
1.89 0.68 527.519
1.9 0.68 525.018
1.91 0.68 522.516
1.92 0.68 520.014
1.93 0.68 517.512
1.94 0.68 515.011
1.95 0.68 512.509
1.96 0.68 510.007
1.97 0.68 507.505
1.98 0.68 505.004
1.99 0.68 502.502
2 0.68 500

0 0.69 1000
0.01 0.69 997.498
0.02 0.69 994.996
0.03 0.69 992.495
0.04 0.69 989.993
0.05 0.69 987.491
0.06 0.69 984.989
0.07 0.69 982.488
0.08 0.69 979.986
0.09 0.69 977.484
0.1 0.69 974.982
0.11 0.69 972.481
0.12 0.69 969.979
0.13 0.69 967.477
0.14 0.69 964.976
0.15 0.69 962.474
0.16 0.69 959.972
0.17 0.69 957.471
0.18 0.69 954.969
0.19 0.69 952.468
0.2 0.69 949.966
0.21 0.69 947.465
0.22 0.69 944.964
0.23 0.69 942.462
0.24 0.69 939.961
0.25 0.69 937.46
0.26 0.69 934.958
0.27 0.69 932.457
0.28 0.69 929.956
0.29 0.69 927.455
0.3 0.69 924.954
0.31 0.69 922.453
0.32 0.69 919.952
0.33 0.69 917.451
0.34 0.69 914.95
0.35 0.69 912.449
0.36 0.69 909.948
0.37 0.69 907.448
0.38 0.69 904.947
0.39 0.69 902.446
0.4 0.69 899.946
0.41 0.69 897.445
0.42 0.69 894.945
0.43 0.69 892.444
0.44 0.69 889.944
0.45 0.69 887.444
0.46 0.69 884.943
0.47 0.69 882.443
0.48 0.69 879.943
0.49 0.69 877.443
0.5 0.69 874.943
0.51 0.69 872.443
0.52 0.69 869.943
0.53 0.69 867.443
0.54 0.69 864.943
0.55 0.69 862.444
0.56 0.69 859.944
0.57 0.69 857.444
0.58 0.69 854.945
0.59 0.69 852.445
0.6 0.69 849.946
0.61 0.69 847.446
0.62 0.69 844.947
0.63 0.69 842.448
0.64 0.69 839.948
0.65 0.69 837.449
0.66 0.69 834.95
0.67 0.69 832.451
0.68 0.69 829.952
0.69 0.69 827.453
0.7 0.69 824.954
0.71 0.69 822.455
0.72 0.69 819.956
0.73 0.69 817.457
0.74 0.69 814.958
0.75 0.69 812.46
0.76 0.69 809.961
0.77 0.69 807.462
0.78 0.69 804.964
0.79 0.69 802.465
0.8 0.69 799.966
0.81 0.69 797.468
0.82 0.69 794.969
0.83 0.69 792.471
0.84 0.69 789.972
0.85 0.69 787.474
0.86 0.69 784.976
0.87 0.69 782.477
0.88 0.69 779.979
0.89 0.69 777.481
0.9 0.69 774.982
0.91 0.69 772.484
0.92 0.69 769.986
0.93 0.69 767.488
0.94 0.69 764.989
0.95 0.69 762.491
0.96 0.69 759.993
0.97 0.69 757.495
0.98 0.69 754.996
0.99 0.69 752.498
1 0.69 750
1.01 0.69 747.502
1.02 0.69 745.004
1.03 0.69 742.505
1.04 0.69 740.007
1.05 0.69 737.509
1.06 0.69 735.011
1.07 0.69 732.512
1.08 0.69 730.014
1.09 0.69 727.516
1.1 0.69 725.018
1.11 0.69 722.519
1.12 0.69 720.021
1.13 0.69 717.523
1.14 0.69 715.024
1.15 0.69 712.526
1.16 0.69 710.028
1.17 0.69 707.529
1.18 0.69 705.031
1.19 0.69 702.532
1.2 0.69 700.034
1.21 0.69 697.535
1.22 0.69 695.036
1.23 0.69 692.538
1.24 0.69 690.039
1.25 0.69 687.54
1.26 0.69 685.042
1.27 0.69 682.543
1.28 0.69 680.044
1.29 0.69 677.545
1.3 0.69 675.046
1.31 0.69 672.547
1.32 0.69 670.048
1.33 0.69 667.549
1.34 0.69 665.05
1.35 0.69 662.551
1.36 0.69 660.052
1.37 0.69 657.552
1.38 0.69 655.053
1.39 0.69 652.554
1.4 0.69 650.054
1.41 0.69 647.555
1.42 0.69 645.055
1.43 0.69 642.556
1.44 0.69 640.056
1.45 0.69 637.556
1.46 0.69 635.057
1.47 0.69 632.557
1.48 0.69 630.057
1.49 0.69 627.557
1.5 0.69 625.057
1.51 0.69 622.557
1.52 0.69 620.057
1.53 0.69 617.557
1.54 0.69 615.057
1.55 0.69 612.556
1.56 0.69 610.056
1.57 0.69 607.556
1.58 0.69 605.055
1.59 0.69 602.555
1.6 0.69 600.054
1.61 0.69 597.554
1.62 0.69 595.053
1.63 0.69 592.552
1.64 0.69 590.052
1.65 0.69 587.551
1.66 0.69 585.05
1.67 0.69 582.549
1.68 0.69 580.048
1.69 0.69 577.547
1.7 0.69 575.046
1.71 0.69 572.545
1.72 0.69 570.044
1.73 0.69 567.543
1.74 0.69 565.042
1.75 0.69 562.54
1.76 0.69 560.039
1.77 0.69 557.538
1.78 0.69 555.036
1.79 0.69 552.535
1.8 0.69 550.034
1.81 0.69 547.532
1.82 0.69 545.031
1.83 0.69 542.529
1.84 0.69 540.028
1.85 0.69 537.526
1.86 0.69 535.024
1.87 0.69 532.523
1.88 0.69 530.021
1.89 0.69 527.519
1.9 0.69 525.018
1.91 0.69 522.516
1.92 0.69 520.014
1.93 0.69 517.512
1.94 0.69 515.011
1.95 0.69 512.509
1.96 0.69 510.007
1.97 0.69 507.505
1.98 0.69 505.004
1.99 0.69 502.502
2 0.69 500

0 0.7 1000
0.01 0.7 997.498
0.02 0.7 994.996
0.03 0.7 992.495
0.04 0.7 989.993
0.05 0.7 987.491
0.06 0.7 984.989
0.07 0.7 982.488
0.08 0.7 979.986
0.09 0.7 977.484
0.1 0.7 974.982
0.11 0.7 972.481
0.12 0.7 969.979
0.13 0.7 967.477
0.14 0.7 964.976
0.15 0.7 962.474
0.16 0.7 959.972
0.17 0.7 957.471
0.18 0.7 954.969
0.19 0.7 952.468
0.2 0.7 949.966
0.21 0.7 947.465
0.22 0.7 944.964
0.23 0.7 942.462
0.24 0.7 939.961
0.25 0.7 937.46
0.26 0.7 934.958
0.27 0.7 932.457
0.28 0.7 929.956
0.29 0.7 927.455
0.3 0.7 924.954
0.31 0.7 922.453
0.32 0.7 919.952
0.33 0.7 917.451
0.34 0.7 914.95
0.35 0.7 912.449
0.36 0.7 909.948
0.37 0.7 907.448
0.38 0.7 904.947
0.39 0.7 902.446
0.4 0.7 899.946
0.41 0.7 897.445
0.42 0.7 894.945
0.43 0.7 892.444
0.44 0.7 889.944
0.45 0.7 887.444
0.46 0.7 884.943
0.47 0.7 882.443
0.48 0.7 879.943
0.49 0.7 877.443
0.5 0.7 874.943
0.51 0.7 872.443
0.52 0.7 869.943
0.53 0.7 867.443
0.54 0.7 864.943
0.55 0.7 862.444
0.56 0.7 859.944
0.57 0.7 857.444
0.58 0.7 854.945
0.59 0.7 852.445
0.6 0.7 849.946
0.61 0.7 847.446
0.62 0.7 844.947
0.63 0.7 842.448
0.64 0.7 839.948
0.65 0.7 837.449
0.66 0.7 834.95
0.67 0.7 832.451
0.68 0.7 829.952
0.69 0.7 827.453
0.7 0.7 824.954
0.71 0.7 822.455
0.72 0.7 819.956
0.73 0.7 817.457
0.74 0.7 814.958
0.75 0.7 812.46
0.76 0.7 809.961
0.77 0.7 807.462
0.78 0.7 804.964
0.79 0.7 802.465
0.8 0.7 799.966
0.81 0.7 797.468
0.82 0.7 794.969
0.83 0.7 792.471
0.84 0.7 789.972
0.85 0.7 787.474
0.86 0.7 784.976
0.87 0.7 782.477
0.88 0.7 779.979
0.89 0.7 777.481
0.9 0.7 774.982
0.91 0.7 772.484
0.92 0.7 769.986
0.93 0.7 767.488
0.94 0.7 764.989
0.95 0.7 762.491
0.96 0.7 759.993
0.97 0.7 757.495
0.98 0.7 754.996
0.99 0.7 752.498
1 0.7 750
1.01 0.7 747.502
1.02 0.7 745.004
1.03 0.7 742.505
1.04 0.7 740.007
1.05 0.7 737.509
1.06 0.7 735.011
1.07 0.7 732.512
1.08 0.7 730.014
1.09 0.7 727.516
1.1 0.7 725.018
1.11 0.7 722.519
1.12 0.7 720.021
1.13 0.7 717.523
1.14 0.7 715.024
1.15 0.7 712.526
1.16 0.7 710.028
1.17 0.7 707.529
1.18 0.7 705.031
1.19 0.7 702.532
1.2 0.7 700.034
1.21 0.7 697.535
1.22 0.7 695.036
1.23 0.7 692.538
1.24 0.7 690.039
1.25 0.7 687.54
1.26 0.7 685.042
1.27 0.7 682.543
1.28 0.7 680.044
1.29 0.7 677.545
1.3 0.7 675.046
1.31 0.7 672.547
1.32 0.7 670.048
1.33 0.7 667.549
1.34 0.7 665.05
1.35 0.7 662.551
1.36 0.7 660.052
1.37 0.7 657.552
1.38 0.7 655.053
1.39 0.7 652.554
1.4 0.7 650.054
1.41 0.7 647.555
1.42 0.7 645.055
1.43 0.7 642.556
1.44 0.7 640.056
1.45 0.7 637.556
1.46 0.7 635.057
1.47 0.7 632.557
1.48 0.7 630.057
1.49 0.7 627.557
1.5 0.7 625.057
1.51 0.7 622.557
1.52 0.7 620.057
1.53 0.7 617.557
1.54 0.7 615.057
1.55 0.7 612.556
1.56 0.7 610.056
1.57 0.7 607.556
1.58 0.7 605.055
1.59 0.7 602.555
1.6 0.7 600.054
1.61 0.7 597.554
1.62 0.7 595.053
1.63 0.7 592.552
1.64 0.7 590.052
1.65 0.7 587.551
1.66 0.7 585.05
1.67 0.7 582.549
1.68 0.7 580.048
1.69 0.7 577.547
1.7 0.7 575.046
1.71 0.7 572.545
1.72 0.7 570.044
1.73 0.7 567.543
1.74 0.7 565.042
1.75 0.7 562.54
1.76 0.7 560.039
1.77 0.7 557.538
1.78 0.7 555.036
1.79 0.7 552.535
1.8 0.7 550.034
1.81 0.7 547.532
1.82 0.7 545.031
1.83 0.7 542.529
1.84 0.7 540.028
1.85 0.7 537.526
1.86 0.7 535.024
1.87 0.7 532.523
1.88 0.7 530.021
1.89 0.7 527.519
1.9 0.7 525.018
1.91 0.7 522.516
1.92 0.7 520.014
1.93 0.7 517.512
1.94 0.7 515.011
1.95 0.7 512.509
1.96 0.7 510.007
1.97 0.7 507.505
1.98 0.7 505.004
1.99 0.7 502.502
2 0.7 500

0 0.71 1000
0.01 0.71 997.498
0.02 0.71 994.996
0.03 0.71 992.495
0.04 0.71 989.993
0.05 0.71 987.491
0.06 0.71 984.989
0.07 0.71 982.488
0.08 0.71 979.986
0.09 0.71 977.484
0.1 0.71 974.982
0.11 0.71 972.481
0.12 0.71 969.979
0.13 0.71 967.477
0.14 0.71 964.976
0.15 0.71 962.474
0.16 0.71 959.972
0.17 0.71 957.471
0.18 0.71 954.969
0.19 0.71 952.468
0.2 0.71 949.966
0.21 0.71 947.465
0.22 0.71 944.964
0.23 0.71 942.462
0.24 0.71 939.961
0.25 0.71 937.46
0.26 0.71 934.958
0.27 0.71 932.457
0.28 0.71 929.956
0.29 0.71 927.455
0.3 0.71 924.954
0.31 0.71 922.453
0.32 0.71 919.952
0.33 0.71 917.451
0.34 0.71 914.95
0.35 0.71 912.449
0.36 0.71 909.948
0.37 0.71 907.448
0.38 0.71 904.947
0.39 0.71 902.446
0.4 0.71 899.946
0.41 0.71 897.445
0.42 0.71 894.945
0.43 0.71 892.444
0.44 0.71 889.944
0.45 0.71 887.444
0.46 0.71 884.943
0.47 0.71 882.443
0.48 0.71 879.943
0.49 0.71 877.443
0.5 0.71 874.943
0.51 0.71 872.443
0.52 0.71 869.943
0.53 0.71 867.443
0.54 0.71 864.943
0.55 0.71 862.444
0.56 0.71 859.944
0.57 0.71 857.444
0.58 0.71 854.945
0.59 0.71 852.445
0.6 0.71 849.946
0.61 0.71 847.446
0.62 0.71 844.947
0.63 0.71 842.448
0.64 0.71 839.948
0.65 0.71 837.449
0.66 0.71 834.95
0.67 0.71 832.451
0.68 0.71 829.952
0.69 0.71 827.453
0.7 0.71 824.954
0.71 0.71 822.455
0.72 0.71 819.956
0.73 0.71 817.457
0.74 0.71 814.958
0.75 0.71 812.46
0.76 0.71 809.961
0.77 0.71 807.462
0.78 0.71 804.964
0.79 0.71 802.465
0.8 0.71 799.966
0.81 0.71 797.468
0.82 0.71 794.969
0.83 0.71 792.471
0.84 0.71 789.972
0.85 0.71 787.474
0.86 0.71 784.976
0.87 0.71 782.477
0.88 0.71 779.979
0.89 0.71 777.481
0.9 0.71 774.982
0.91 0.71 772.484
0.92 0.71 769.986
0.93 0.71 767.488
0.94 0.71 764.989
0.95 0.71 762.491
0.96 0.71 759.993
0.97 0.71 757.495
0.98 0.71 754.996
0.99 0.71 752.498
1 0.71 750
1.01 0.71 747.502
1.02 0.71 745.004
1.03 0.71 742.505
1.04 0.71 740.007
1.05 0.71 737.509
1.06 0.71 735.011
1.07 0.71 732.512
1.08 0.71 730.014
1.09 0.71 727.516
1.1 0.71 725.018
1.11 0.71 722.519
1.12 0.71 720.021
1.13 0.71 717.523
1.14 0.71 715.024
1.15 0.71 712.526
1.16 0.71 710.028
1.17 0.71 707.529
1.18 0.71 705.031
1.19 0.71 702.532
1.2 0.71 700.034
1.21 0.71 697.535
1.22 0.71 695.036
1.23 0.71 692.538
1.24 0.71 690.039
1.25 0.71 687.54
1.26 0.71 685.042
1.27 0.71 682.543
1.28 0.71 680.044
1.29 0.71 677.545
1.3 0.71 675.046
1.31 0.71 672.547
1.32 0.71 670.048
1.33 0.71 667.549
1.34 0.71 665.05
1.35 0.71 662.551
1.36 0.71 660.052
1.37 0.71 657.552
1.38 0.71 655.053
1.39 0.71 652.554
1.4 0.71 650.054
1.41 0.71 647.555
1.42 0.71 645.055
1.43 0.71 642.556
1.44 0.71 640.056
1.45 0.71 637.556
1.46 0.71 635.057
1.47 0.71 632.557
1.48 0.71 630.057
1.49 0.71 627.557
1.5 0.71 625.057
1.51 0.71 622.557
1.52 0.71 620.057
1.53 0.71 617.557
1.54 0.71 615.057
1.55 0.71 612.556
1.56 0.71 610.056
1.57 0.71 607.556
1.58 0.71 605.055
1.59 0.71 602.555
1.6 0.71 600.054
1.61 0.71 597.554
1.62 0.71 595.053
1.63 0.71 592.552
1.64 0.71 590.052
1.65 0.71 587.551
1.66 0.71 585.05
1.67 0.71 582.549
1.68 0.71 580.048
1.69 0.71 577.547
1.7 0.71 575.046
1.71 0.71 572.545
1.72 0.71 570.044
1.73 0.71 567.543
1.74 0.71 565.042
1.75 0.71 562.54
1.76 0.71 560.039
1.77 0.71 557.538
1.78 0.71 555.036
1.79 0.71 552.535
1.8 0.71 550.034
1.81 0.71 547.532
1.82 0.71 545.031
1.83 0.71 542.529
1.84 0.71 540.028
1.85 0.71 537.526
1.86 0.71 535.024
1.87 0.71 532.523
1.88 0.71 530.021
1.89 0.71 527.519
1.9 0.71 525.018
1.91 0.71 522.516
1.92 0.71 520.014
1.93 0.71 517.512
1.94 0.71 515.011
1.95 0.71 512.509
1.96 0.71 510.007
1.97 0.71 507.505
1.98 0.71 505.004
1.99 0.71 502.502
2 0.71 500

0 0.72 1000
0.01 0.72 997.498
0.02 0.72 994.996
0.03 0.72 992.495
0.04 0.72 989.993
0.05 0.72 987.491
0.06 0.72 984.989
0.07 0.72 982.488
0.08 0.72 979.986
0.09 0.72 977.484
0.1 0.72 974.982
0.11 0.72 972.481
0.12 0.72 969.979
0.13 0.72 967.477
0.14 0.72 964.976
0.15 0.72 962.474
0.16 0.72 959.972
0.17 0.72 957.471
0.18 0.72 954.969
0.19 0.72 952.468
0.2 0.72 949.966
0.21 0.72 947.465
0.22 0.72 944.964
0.23 0.72 942.462
0.24 0.72 939.961
0.25 0.72 937.46
0.26 0.72 934.958
0.27 0.72 932.457
0.28 0.72 929.956
0.29 0.72 927.455
0.3 0.72 924.954
0.31 0.72 922.453
0.32 0.72 919.952
0.33 0.72 917.451
0.34 0.72 914.95
0.35 0.72 912.449
0.36 0.72 909.948
0.37 0.72 907.448
0.38 0.72 904.947
0.39 0.72 902.446
0.4 0.72 899.946
0.41 0.72 897.445
0.42 0.72 894.945
0.43 0.72 892.444
0.44 0.72 889.944
0.45 0.72 887.444
0.46 0.72 884.943
0.47 0.72 882.443
0.48 0.72 879.943
0.49 0.72 877.443
0.5 0.72 874.943
0.51 0.72 872.443
0.52 0.72 869.943
0.53 0.72 867.443
0.54 0.72 864.943
0.55 0.72 862.444
0.56 0.72 859.944
0.57 0.72 857.444
0.58 0.72 854.945
0.59 0.72 852.445
0.6 0.72 849.946
0.61 0.72 847.446
0.62 0.72 844.947
0.63 0.72 842.448
0.64 0.72 839.948
0.65 0.72 837.449
0.66 0.72 834.95
0.67 0.72 832.451
0.68 0.72 829.952
0.69 0.72 827.453
0.7 0.72 824.954
0.71 0.72 822.455
0.72 0.72 819.956
0.73 0.72 817.457
0.74 0.72 814.958
0.75 0.72 812.46
0.76 0.72 809.961
0.77 0.72 807.462
0.78 0.72 804.964
0.79 0.72 802.465
0.8 0.72 799.966
0.81 0.72 797.468
0.82 0.72 794.969
0.83 0.72 792.471
0.84 0.72 789.972
0.85 0.72 787.474
0.86 0.72 784.976
0.87 0.72 782.477
0.88 0.72 779.979
0.89 0.72 777.481
0.9 0.72 774.982
0.91 0.72 772.484
0.92 0.72 769.986
0.93 0.72 767.488
0.94 0.72 764.989
0.95 0.72 762.491
0.96 0.72 759.993
0.97 0.72 757.495
0.98 0.72 754.996
0.99 0.72 752.498
1 0.72 750
1.01 0.72 747.502
1.02 0.72 745.004
1.03 0.72 742.505
1.04 0.72 740.007
1.05 0.72 737.509
1.06 0.72 735.011
1.07 0.72 732.512
1.08 0.72 730.014
1.09 0.72 727.516
1.1 0.72 725.018
1.11 0.72 722.519
1.12 0.72 720.021
1.13 0.72 717.523
1.14 0.72 715.024
1.15 0.72 712.526
1.16 0.72 710.028
1.17 0.72 707.529
1.18 0.72 705.031
1.19 0.72 702.532
1.2 0.72 700.034
1.21 0.72 697.535
1.22 0.72 695.036
1.23 0.72 692.538
1.24 0.72 690.039
1.25 0.72 687.54
1.26 0.72 685.042
1.27 0.72 682.543
1.28 0.72 680.044
1.29 0.72 677.545
1.3 0.72 675.046
1.31 0.72 672.547
1.32 0.72 670.048
1.33 0.72 667.549
1.34 0.72 665.05
1.35 0.72 662.551
1.36 0.72 660.052
1.37 0.72 657.552
1.38 0.72 655.053
1.39 0.72 652.554
1.4 0.72 650.054
1.41 0.72 647.555
1.42 0.72 645.055
1.43 0.72 642.556
1.44 0.72 640.056
1.45 0.72 637.556
1.46 0.72 635.057
1.47 0.72 632.557
1.48 0.72 630.057
1.49 0.72 627.557
1.5 0.72 625.057
1.51 0.72 622.557
1.52 0.72 620.057
1.53 0.72 617.557
1.54 0.72 615.057
1.55 0.72 612.556
1.56 0.72 610.056
1.57 0.72 607.556
1.58 0.72 605.055
1.59 0.72 602.555
1.6 0.72 600.054
1.61 0.72 597.554
1.62 0.72 595.053
1.63 0.72 592.552
1.64 0.72 590.052
1.65 0.72 587.551
1.66 0.72 585.05
1.67 0.72 582.549
1.68 0.72 580.048
1.69 0.72 577.547
1.7 0.72 575.046
1.71 0.72 572.545
1.72 0.72 570.044
1.73 0.72 567.543
1.74 0.72 565.042
1.75 0.72 562.54
1.76 0.72 560.039
1.77 0.72 557.538
1.78 0.72 555.036
1.79 0.72 552.535
1.8 0.72 550.034
1.81 0.72 547.532
1.82 0.72 545.031
1.83 0.72 542.529
1.84 0.72 540.028
1.85 0.72 537.526
1.86 0.72 535.024
1.87 0.72 532.523
1.88 0.72 530.021
1.89 0.72 527.519
1.9 0.72 525.018
1.91 0.72 522.516
1.92 0.72 520.014
1.93 0.72 517.512
1.94 0.72 515.011
1.95 0.72 512.509
1.96 0.72 510.007
1.97 0.72 507.505
1.98 0.72 505.004
1.99 0.72 502.502
2 0.72 500

0 0.73 1000
0.01 0.73 997.498
0.02 0.73 994.996
0.03 0.73 992.495
0.04 0.73 989.993
0.05 0.73 987.491
0.06 0.73 984.989
0.07 0.73 982.488
0.08 0.73 979.986
0.09 0.73 977.484
0.1 0.73 974.982
0.11 0.73 972.481
0.12 0.73 969.979
0.13 0.73 967.477
0.14 0.73 964.976
0.15 0.73 962.474
0.16 0.73 959.972
0.17 0.73 957.471
0.18 0.73 954.969
0.19 0.73 952.468
0.2 0.73 949.966
0.21 0.73 947.465
0.22 0.73 944.964
0.23 0.73 942.462
0.24 0.73 939.961
0.25 0.73 937.46
0.26 0.73 934.958
0.27 0.73 932.457
0.28 0.73 929.956
0.29 0.73 927.455
0.3 0.73 924.954
0.31 0.73 922.453
0.32 0.73 919.952
0.33 0.73 917.451
0.34 0.73 914.95
0.35 0.73 912.449
0.36 0.73 909.948
0.37 0.73 907.448
0.38 0.73 904.947
0.39 0.73 902.446
0.4 0.73 899.946
0.41 0.73 897.445
0.42 0.73 894.945
0.43 0.73 892.444
0.44 0.73 889.944
0.45 0.73 887.444
0.46 0.73 884.943
0.47 0.73 882.443
0.48 0.73 879.943
0.49 0.73 877.443
0.5 0.73 874.943
0.51 0.73 872.443
0.52 0.73 869.943
0.53 0.73 867.443
0.54 0.73 864.943
0.55 0.73 862.444
0.56 0.73 859.944
0.57 0.73 857.444
0.58 0.73 854.945
0.59 0.73 852.445
0.6 0.73 849.946
0.61 0.73 847.446
0.62 0.73 844.947
0.63 0.73 842.448
0.64 0.73 839.948
0.65 0.73 837.449
0.66 0.73 834.95
0.67 0.73 832.451
0.68 0.73 829.952
0.69 0.73 827.453
0.7 0.73 824.954
0.71 0.73 822.455
0.72 0.73 819.956
0.73 0.73 817.457
0.74 0.73 814.958
0.75 0.73 812.46
0.76 0.73 809.961
0.77 0.73 807.462
0.78 0.73 804.964
0.79 0.73 802.465
0.8 0.73 799.966
0.81 0.73 797.468
0.82 0.73 794.969
0.83 0.73 792.471
0.84 0.73 789.972
0.85 0.73 787.474
0.86 0.73 784.976
0.87 0.73 782.477
0.88 0.73 779.979
0.89 0.73 777.481
0.9 0.73 774.982
0.91 0.73 772.484
0.92 0.73 769.986
0.93 0.73 767.488
0.94 0.73 764.989
0.95 0.73 762.491
0.96 0.73 759.993
0.97 0.73 757.495
0.98 0.73 754.996
0.99 0.73 752.498
1 0.73 750
1.01 0.73 747.502
1.02 0.73 745.004
1.03 0.73 742.505
1.04 0.73 740.007
1.05 0.73 737.509
1.06 0.73 735.011
1.07 0.73 732.512
1.08 0.73 730.014
1.09 0.73 727.516
1.1 0.73 725.018
1.11 0.73 722.519
1.12 0.73 720.021
1.13 0.73 717.523
1.14 0.73 715.024
1.15 0.73 712.526
1.16 0.73 710.028
1.17 0.73 707.529
1.18 0.73 705.031
1.19 0.73 702.532
1.2 0.73 700.034
1.21 0.73 697.535
1.22 0.73 695.036
1.23 0.73 692.538
1.24 0.73 690.039
1.25 0.73 687.54
1.26 0.73 685.042
1.27 0.73 682.543
1.28 0.73 680.044
1.29 0.73 677.545
1.3 0.73 675.046
1.31 0.73 672.547
1.32 0.73 670.048
1.33 0.73 667.549
1.34 0.73 665.05
1.35 0.73 662.551
1.36 0.73 660.052
1.37 0.73 657.552
1.38 0.73 655.053
1.39 0.73 652.554
1.4 0.73 650.054
1.41 0.73 647.555
1.42 0.73 645.055
1.43 0.73 642.556
1.44 0.73 640.056
1.45 0.73 637.556
1.46 0.73 635.057
1.47 0.73 632.557
1.48 0.73 630.057
1.49 0.73 627.557
1.5 0.73 625.057
1.51 0.73 622.557
1.52 0.73 620.057
1.53 0.73 617.557
1.54 0.73 615.057
1.55 0.73 612.556
1.56 0.73 610.056
1.57 0.73 607.556
1.58 0.73 605.055
1.59 0.73 602.555
1.6 0.73 600.054
1.61 0.73 597.554
1.62 0.73 595.053
1.63 0.73 592.552
1.64 0.73 590.052
1.65 0.73 587.551
1.66 0.73 585.05
1.67 0.73 582.549
1.68 0.73 580.048
1.69 0.73 577.547
1.7 0.73 575.046
1.71 0.73 572.545
1.72 0.73 570.044
1.73 0.73 567.543
1.74 0.73 565.042
1.75 0.73 562.54
1.76 0.73 560.039
1.77 0.73 557.538
1.78 0.73 555.036
1.79 0.73 552.535
1.8 0.73 550.034
1.81 0.73 547.532
1.82 0.73 545.031
1.83 0.73 542.529
1.84 0.73 540.028
1.85 0.73 537.526
1.86 0.73 535.024
1.87 0.73 532.523
1.88 0.73 530.021
1.89 0.73 527.519
1.9 0.73 525.018
1.91 0.73 522.516
1.92 0.73 520.014
1.93 0.73 517.512
1.94 0.73 515.011
1.95 0.73 512.509
1.96 0.73 510.007
1.97 0.73 507.505
1.98 0.73 505.004
1.99 0.73 502.502
2 0.73 500

0 0.74 1000
0.01 0.74 997.498
0.02 0.74 994.996
0.03 0.74 992.495
0.04 0.74 989.993
0.05 0.74 987.491
0.06 0.74 984.989
0.07 0.74 982.488
0.08 0.74 979.986
0.09 0.74 977.484
0.1 0.74 974.982
0.11 0.74 972.481
0.12 0.74 969.979
0.13 0.74 967.477
0.14 0.74 964.976
0.15 0.74 962.474
0.16 0.74 959.972
0.17 0.74 957.471
0.18 0.74 954.969
0.19 0.74 952.468
0.2 0.74 949.966
0.21 0.74 947.465
0.22 0.74 944.964
0.23 0.74 942.462
0.24 0.74 939.961
0.25 0.74 937.46
0.26 0.74 934.958
0.27 0.74 932.457
0.28 0.74 929.956
0.29 0.74 927.455
0.3 0.74 924.954
0.31 0.74 922.453
0.32 0.74 919.952
0.33 0.74 917.451
0.34 0.74 914.95
0.35 0.74 912.449
0.36 0.74 909.948
0.37 0.74 907.448
0.38 0.74 904.947
0.39 0.74 902.446
0.4 0.74 899.946
0.41 0.74 897.445
0.42 0.74 894.945
0.43 0.74 892.444
0.44 0.74 889.944
0.45 0.74 887.444
0.46 0.74 884.943
0.47 0.74 882.443
0.48 0.74 879.943
0.49 0.74 877.443
0.5 0.74 874.943
0.51 0.74 872.443
0.52 0.74 869.943
0.53 0.74 867.443
0.54 0.74 864.943
0.55 0.74 862.444
0.56 0.74 859.944
0.57 0.74 857.444
0.58 0.74 854.945
0.59 0.74 852.445
0.6 0.74 849.946
0.61 0.74 847.446
0.62 0.74 844.947
0.63 0.74 842.448
0.64 0.74 839.948
0.65 0.74 837.449
0.66 0.74 834.95
0.67 0.74 832.451
0.68 0.74 829.952
0.69 0.74 827.453
0.7 0.74 824.954
0.71 0.74 822.455
0.72 0.74 819.956
0.73 0.74 817.457
0.74 0.74 814.958
0.75 0.74 812.46
0.76 0.74 809.961
0.77 0.74 807.462
0.78 0.74 804.964
0.79 0.74 802.465
0.8 0.74 799.966
0.81 0.74 797.468
0.82 0.74 794.969
0.83 0.74 792.471
0.84 0.74 789.972
0.85 0.74 787.474
0.86 0.74 784.976
0.87 0.74 782.477
0.88 0.74 779.979
0.89 0.74 777.481
0.9 0.74 774.982
0.91 0.74 772.484
0.92 0.74 769.986
0.93 0.74 767.488
0.94 0.74 764.989
0.95 0.74 762.491
0.96 0.74 759.993
0.97 0.74 757.495
0.98 0.74 754.996
0.99 0.74 752.498
1 0.74 750
1.01 0.74 747.502
1.02 0.74 745.004
1.03 0.74 742.505
1.04 0.74 740.007
1.05 0.74 737.509
1.06 0.74 735.011
1.07 0.74 732.512
1.08 0.74 730.014
1.09 0.74 727.516
1.1 0.74 725.018
1.11 0.74 722.519
1.12 0.74 720.021
1.13 0.74 717.523
1.14 0.74 715.024
1.15 0.74 712.526
1.16 0.74 710.028
1.17 0.74 707.529
1.18 0.74 705.031
1.19 0.74 702.532
1.2 0.74 700.034
1.21 0.74 697.535
1.22 0.74 695.036
1.23 0.74 692.538
1.24 0.74 690.039
1.25 0.74 687.54
1.26 0.74 685.042
1.27 0.74 682.543
1.28 0.74 680.044
1.29 0.74 677.545
1.3 0.74 675.046
1.31 0.74 672.547
1.32 0.74 670.048
1.33 0.74 667.549
1.34 0.74 665.05
1.35 0.74 662.551
1.36 0.74 660.052
1.37 0.74 657.552
1.38 0.74 655.053
1.39 0.74 652.554
1.4 0.74 650.054
1.41 0.74 647.555
1.42 0.74 645.055
1.43 0.74 642.556
1.44 0.74 640.056
1.45 0.74 637.556
1.46 0.74 635.057
1.47 0.74 632.557
1.48 0.74 630.057
1.49 0.74 627.557
1.5 0.74 625.057
1.51 0.74 622.557
1.52 0.74 620.057
1.53 0.74 617.557
1.54 0.74 615.057
1.55 0.74 612.556
1.56 0.74 610.056
1.57 0.74 607.556
1.58 0.74 605.055
1.59 0.74 602.555
1.6 0.74 600.054
1.61 0.74 597.554
1.62 0.74 595.053
1.63 0.74 592.552
1.64 0.74 590.052
1.65 0.74 587.551
1.66 0.74 585.05
1.67 0.74 582.549
1.68 0.74 580.048
1.69 0.74 577.547
1.7 0.74 575.046
1.71 0.74 572.545
1.72 0.74 570.044
1.73 0.74 567.543
1.74 0.74 565.042
1.75 0.74 562.54
1.76 0.74 560.039
1.77 0.74 557.538
1.78 0.74 555.036
1.79 0.74 552.535
1.8 0.74 550.034
1.81 0.74 547.532
1.82 0.74 545.031
1.83 0.74 542.529
1.84 0.74 540.028
1.85 0.74 537.526
1.86 0.74 535.024
1.87 0.74 532.523
1.88 0.74 530.021
1.89 0.74 527.519
1.9 0.74 525.018
1.91 0.74 522.516
1.92 0.74 520.014
1.93 0.74 517.512
1.94 0.74 515.011
1.95 0.74 512.509
1.96 0.74 510.007
1.97 0.74 507.505
1.98 0.74 505.004
1.99 0.74 502.502
2 0.74 500

0 0.75 1000
0.01 0.75 997.498
0.02 0.75 994.996
0.03 0.75 992.495
0.04 0.75 989.993
0.05 0.75 987.491
0.06 0.75 984.989
0.07 0.75 982.488
0.08 0.75 979.986
0.09 0.75 977.484
0.1 0.75 974.982
0.11 0.75 972.481
0.12 0.75 969.979
0.13 0.75 967.477
0.14 0.75 964.976
0.15 0.75 962.474
0.16 0.75 959.972
0.17 0.75 957.471
0.18 0.75 954.969
0.19 0.75 952.468
0.2 0.75 949.966
0.21 0.75 947.465
0.22 0.75 944.964
0.23 0.75 942.462
0.24 0.75 939.961
0.25 0.75 937.46
0.26 0.75 934.958
0.27 0.75 932.457
0.28 0.75 929.956
0.29 0.75 927.455
0.3 0.75 924.954
0.31 0.75 922.453
0.32 0.75 919.952
0.33 0.75 917.451
0.34 0.75 914.95
0.35 0.75 912.449
0.36 0.75 909.948
0.37 0.75 907.448
0.38 0.75 904.947
0.39 0.75 902.446
0.4 0.75 899.946
0.41 0.75 897.445
0.42 0.75 894.945
0.43 0.75 892.444
0.44 0.75 889.944
0.45 0.75 887.444
0.46 0.75 884.943
0.47 0.75 882.443
0.48 0.75 879.943
0.49 0.75 877.443
0.5 0.75 874.943
0.51 0.75 872.443
0.52 0.75 869.943
0.53 0.75 867.443
0.54 0.75 864.943
0.55 0.75 862.444
0.56 0.75 859.944
0.57 0.75 857.444
0.58 0.75 854.945
0.59 0.75 852.445
0.6 0.75 849.946
0.61 0.75 847.446
0.62 0.75 844.947
0.63 0.75 842.448
0.64 0.75 839.948
0.65 0.75 837.449
0.66 0.75 834.95
0.67 0.75 832.451
0.68 0.75 829.952
0.69 0.75 827.453
0.7 0.75 824.954
0.71 0.75 822.455
0.72 0.75 819.956
0.73 0.75 817.457
0.74 0.75 814.958
0.75 0.75 812.46
0.76 0.75 809.961
0.77 0.75 807.462
0.78 0.75 804.964
0.79 0.75 802.465
0.8 0.75 799.966
0.81 0.75 797.468
0.82 0.75 794.969
0.83 0.75 792.471
0.84 0.75 789.972
0.85 0.75 787.474
0.86 0.75 784.976
0.87 0.75 782.477
0.88 0.75 779.979
0.89 0.75 777.481
0.9 0.75 774.982
0.91 0.75 772.484
0.92 0.75 769.986
0.93 0.75 767.488
0.94 0.75 764.989
0.95 0.75 762.491
0.96 0.75 759.993
0.97 0.75 757.495
0.98 0.75 754.996
0.99 0.75 752.498
1 0.75 750
1.01 0.75 747.502
1.02 0.75 745.004
1.03 0.75 742.505
1.04 0.75 740.007
1.05 0.75 737.509
1.06 0.75 735.011
1.07 0.75 732.512
1.08 0.75 730.014
1.09 0.75 727.516
1.1 0.75 725.018
1.11 0.75 722.519
1.12 0.75 720.021
1.13 0.75 717.523
1.14 0.75 715.024
1.15 0.75 712.526
1.16 0.75 710.028
1.17 0.75 707.529
1.18 0.75 705.031
1.19 0.75 702.532
1.2 0.75 700.034
1.21 0.75 697.535
1.22 0.75 695.036
1.23 0.75 692.538
1.24 0.75 690.039
1.25 0.75 687.54
1.26 0.75 685.042
1.27 0.75 682.543
1.28 0.75 680.044
1.29 0.75 677.545
1.3 0.75 675.046
1.31 0.75 672.547
1.32 0.75 670.048
1.33 0.75 667.549
1.34 0.75 665.05
1.35 0.75 662.551
1.36 0.75 660.052
1.37 0.75 657.552
1.38 0.75 655.053
1.39 0.75 652.554
1.4 0.75 650.054
1.41 0.75 647.555
1.42 0.75 645.055
1.43 0.75 642.556
1.44 0.75 640.056
1.45 0.75 637.556
1.46 0.75 635.057
1.47 0.75 632.557
1.48 0.75 630.057
1.49 0.75 627.557
1.5 0.75 625.057
1.51 0.75 622.557
1.52 0.75 620.057
1.53 0.75 617.557
1.54 0.75 615.057
1.55 0.75 612.556
1.56 0.75 610.056
1.57 0.75 607.556
1.58 0.75 605.055
1.59 0.75 602.555
1.6 0.75 600.054
1.61 0.75 597.554
1.62 0.75 595.053
1.63 0.75 592.552
1.64 0.75 590.052
1.65 0.75 587.551
1.66 0.75 585.05
1.67 0.75 582.549
1.68 0.75 580.048
1.69 0.75 577.547
1.7 0.75 575.046
1.71 0.75 572.545
1.72 0.75 570.044
1.73 0.75 567.543
1.74 0.75 565.042
1.75 0.75 562.54
1.76 0.75 560.039
1.77 0.75 557.538
1.78 0.75 555.036
1.79 0.75 552.535
1.8 0.75 550.034
1.81 0.75 547.532
1.82 0.75 545.031
1.83 0.75 542.529
1.84 0.75 540.028
1.85 0.75 537.526
1.86 0.75 535.024
1.87 0.75 532.523
1.88 0.75 530.021
1.89 0.75 527.519
1.9 0.75 525.018
1.91 0.75 522.516
1.92 0.75 520.014
1.93 0.75 517.512
1.94 0.75 515.011
1.95 0.75 512.509
1.96 0.75 510.007
1.97 0.75 507.505
1.98 0.75 505.004
1.99 0.75 502.502
2 0.75 500

0 0.76 1000
0.01 0.76 997.498
0.02 0.76 994.996
0.03 0.76 992.495
0.04 0.76 989.993
0.05 0.76 987.491
0.06 0.76 984.989
0.07 0.76 982.488
0.08 0.76 979.986
0.09 0.76 977.484
0.1 0.76 974.982
0.11 0.76 972.481
0.12 0.76 969.979
0.13 0.76 967.477
0.14 0.76 964.976
0.15 0.76 962.474
0.16 0.76 959.972
0.17 0.76 957.471
0.18 0.76 954.969
0.19 0.76 952.468
0.2 0.76 949.966
0.21 0.76 947.465
0.22 0.76 944.964
0.23 0.76 942.462
0.24 0.76 939.961
0.25 0.76 937.46
0.26 0.76 934.958
0.27 0.76 932.457
0.28 0.76 929.956
0.29 0.76 927.455
0.3 0.76 924.954
0.31 0.76 922.453
0.32 0.76 919.952
0.33 0.76 917.451
0.34 0.76 914.95
0.35 0.76 912.449
0.36 0.76 909.948
0.37 0.76 907.448
0.38 0.76 904.947
0.39 0.76 902.446
0.4 0.76 899.946
0.41 0.76 897.445
0.42 0.76 894.945
0.43 0.76 892.444
0.44 0.76 889.944
0.45 0.76 887.444
0.46 0.76 884.943
0.47 0.76 882.443
0.48 0.76 879.943
0.49 0.76 877.443
0.5 0.76 874.943
0.51 0.76 872.443
0.52 0.76 869.943
0.53 0.76 867.443
0.54 0.76 864.943
0.55 0.76 862.444
0.56 0.76 859.944
0.57 0.76 857.444
0.58 0.76 854.945
0.59 0.76 852.445
0.6 0.76 849.946
0.61 0.76 847.446
0.62 0.76 844.947
0.63 0.76 842.448
0.64 0.76 839.948
0.65 0.76 837.449
0.66 0.76 834.95
0.67 0.76 832.451
0.68 0.76 829.952
0.69 0.76 827.453
0.7 0.76 824.954
0.71 0.76 822.455
0.72 0.76 819.956
0.73 0.76 817.457
0.74 0.76 814.958
0.75 0.76 812.46
0.76 0.76 809.961
0.77 0.76 807.462
0.78 0.76 804.964
0.79 0.76 802.465
0.8 0.76 799.966
0.81 0.76 797.468
0.82 0.76 794.969
0.83 0.76 792.471
0.84 0.76 789.972
0.85 0.76 787.474
0.86 0.76 784.976
0.87 0.76 782.477
0.88 0.76 779.979
0.89 0.76 777.481
0.9 0.76 774.982
0.91 0.76 772.484
0.92 0.76 769.986
0.93 0.76 767.488
0.94 0.76 764.989
0.95 0.76 762.491
0.96 0.76 759.993
0.97 0.76 757.495
0.98 0.76 754.996
0.99 0.76 752.498
1 0.76 750
1.01 0.76 747.502
1.02 0.76 745.004
1.03 0.76 742.505
1.04 0.76 740.007
1.05 0.76 737.509
1.06 0.76 735.011
1.07 0.76 732.512
1.08 0.76 730.014
1.09 0.76 727.516
1.1 0.76 725.018
1.11 0.76 722.519
1.12 0.76 720.021
1.13 0.76 717.523
1.14 0.76 715.024
1.15 0.76 712.526
1.16 0.76 710.028
1.17 0.76 707.529
1.18 0.76 705.031
1.19 0.76 702.532
1.2 0.76 700.034
1.21 0.76 697.535
1.22 0.76 695.036
1.23 0.76 692.538
1.24 0.76 690.039
1.25 0.76 687.54
1.26 0.76 685.042
1.27 0.76 682.543
1.28 0.76 680.044
1.29 0.76 677.545
1.3 0.76 675.046
1.31 0.76 672.547
1.32 0.76 670.048
1.33 0.76 667.549
1.34 0.76 665.05
1.35 0.76 662.551
1.36 0.76 660.052
1.37 0.76 657.552
1.38 0.76 655.053
1.39 0.76 652.554
1.4 0.76 650.054
1.41 0.76 647.555
1.42 0.76 645.055
1.43 0.76 642.556
1.44 0.76 640.056
1.45 0.76 637.556
1.46 0.76 635.057
1.47 0.76 632.557
1.48 0.76 630.057
1.49 0.76 627.557
1.5 0.76 625.057
1.51 0.76 622.557
1.52 0.76 620.057
1.53 0.76 617.557
1.54 0.76 615.057
1.55 0.76 612.556
1.56 0.76 610.056
1.57 0.76 607.556
1.58 0.76 605.055
1.59 0.76 602.555
1.6 0.76 600.054
1.61 0.76 597.554
1.62 0.76 595.053
1.63 0.76 592.552
1.64 0.76 590.052
1.65 0.76 587.551
1.66 0.76 585.05
1.67 0.76 582.549
1.68 0.76 580.048
1.69 0.76 577.547
1.7 0.76 575.046
1.71 0.76 572.545
1.72 0.76 570.044
1.73 0.76 567.543
1.74 0.76 565.042
1.75 0.76 562.54
1.76 0.76 560.039
1.77 0.76 557.538
1.78 0.76 555.036
1.79 0.76 552.535
1.8 0.76 550.034
1.81 0.76 547.532
1.82 0.76 545.031
1.83 0.76 542.529
1.84 0.76 540.028
1.85 0.76 537.526
1.86 0.76 535.024
1.87 0.76 532.523
1.88 0.76 530.021
1.89 0.76 527.519
1.9 0.76 525.018
1.91 0.76 522.516
1.92 0.76 520.014
1.93 0.76 517.512
1.94 0.76 515.011
1.95 0.76 512.509
1.96 0.76 510.007
1.97 0.76 507.505
1.98 0.76 505.004
1.99 0.76 502.502
2 0.76 500

0 0.77 1000
0.01 0.77 997.498
0.02 0.77 994.996
0.03 0.77 992.495
0.04 0.77 989.993
0.05 0.77 987.491
0.06 0.77 984.989
0.07 0.77 982.488
0.08 0.77 979.986
0.09 0.77 977.484
0.1 0.77 974.982
0.11 0.77 972.481
0.12 0.77 969.979
0.13 0.77 967.477
0.14 0.77 964.976
0.15 0.77 962.474
0.16 0.77 959.972
0.17 0.77 957.471
0.18 0.77 954.969
0.19 0.77 952.468
0.2 0.77 949.966
0.21 0.77 947.465
0.22 0.77 944.964
0.23 0.77 942.462
0.24 0.77 939.961
0.25 0.77 937.46
0.26 0.77 934.958
0.27 0.77 932.457
0.28 0.77 929.956
0.29 0.77 927.455
0.3 0.77 924.954
0.31 0.77 922.453
0.32 0.77 919.952
0.33 0.77 917.451
0.34 0.77 914.95
0.35 0.77 912.449
0.36 0.77 909.948
0.37 0.77 907.448
0.38 0.77 904.947
0.39 0.77 902.446
0.4 0.77 899.946
0.41 0.77 897.445
0.42 0.77 894.945
0.43 0.77 892.444
0.44 0.77 889.944
0.45 0.77 887.444
0.46 0.77 884.943
0.47 0.77 882.443
0.48 0.77 879.943
0.49 0.77 877.443
0.5 0.77 874.943
0.51 0.77 872.443
0.52 0.77 869.943
0.53 0.77 867.443
0.54 0.77 864.943
0.55 0.77 862.444
0.56 0.77 859.944
0.57 0.77 857.444
0.58 0.77 854.945
0.59 0.77 852.445
0.6 0.77 849.946
0.61 0.77 847.446
0.62 0.77 844.947
0.63 0.77 842.448
0.64 0.77 839.948
0.65 0.77 837.449
0.66 0.77 834.95
0.67 0.77 832.451
0.68 0.77 829.952
0.69 0.77 827.453
0.7 0.77 824.954
0.71 0.77 822.455
0.72 0.77 819.956
0.73 0.77 817.457
0.74 0.77 814.958
0.75 0.77 812.46
0.76 0.77 809.961
0.77 0.77 807.462
0.78 0.77 804.964
0.79 0.77 802.465
0.8 0.77 799.966
0.81 0.77 797.468
0.82 0.77 794.969
0.83 0.77 792.471
0.84 0.77 789.972
0.85 0.77 787.474
0.86 0.77 784.976
0.87 0.77 782.477
0.88 0.77 779.979
0.89 0.77 777.481
0.9 0.77 774.982
0.91 0.77 772.484
0.92 0.77 769.986
0.93 0.77 767.488
0.94 0.77 764.989
0.95 0.77 762.491
0.96 0.77 759.993
0.97 0.77 757.495
0.98 0.77 754.996
0.99 0.77 752.498
1 0.77 750
1.01 0.77 747.502
1.02 0.77 745.004
1.03 0.77 742.505
1.04 0.77 740.007
1.05 0.77 737.509
1.06 0.77 735.011
1.07 0.77 732.512
1.08 0.77 730.014
1.09 0.77 727.516
1.1 0.77 725.018
1.11 0.77 722.519
1.12 0.77 720.021
1.13 0.77 717.523
1.14 0.77 715.024
1.15 0.77 712.526
1.16 0.77 710.028
1.17 0.77 707.529
1.18 0.77 705.031
1.19 0.77 702.532
1.2 0.77 700.034
1.21 0.77 697.535
1.22 0.77 695.036
1.23 0.77 692.538
1.24 0.77 690.039
1.25 0.77 687.54
1.26 0.77 685.042
1.27 0.77 682.543
1.28 0.77 680.044
1.29 0.77 677.545
1.3 0.77 675.046
1.31 0.77 672.547
1.32 0.77 670.048
1.33 0.77 667.549
1.34 0.77 665.05
1.35 0.77 662.551
1.36 0.77 660.052
1.37 0.77 657.552
1.38 0.77 655.053
1.39 0.77 652.554
1.4 0.77 650.054
1.41 0.77 647.555
1.42 0.77 645.055
1.43 0.77 642.556
1.44 0.77 640.056
1.45 0.77 637.556
1.46 0.77 635.057
1.47 0.77 632.557
1.48 0.77 630.057
1.49 0.77 627.557
1.5 0.77 625.057
1.51 0.77 622.557
1.52 0.77 620.057
1.53 0.77 617.557
1.54 0.77 615.057
1.55 0.77 612.556
1.56 0.77 610.056
1.57 0.77 607.556
1.58 0.77 605.055
1.59 0.77 602.555
1.6 0.77 600.054
1.61 0.77 597.554
1.62 0.77 595.053
1.63 0.77 592.552
1.64 0.77 590.052
1.65 0.77 587.551
1.66 0.77 585.05
1.67 0.77 582.549
1.68 0.77 580.048
1.69 0.77 577.547
1.7 0.77 575.046
1.71 0.77 572.545
1.72 0.77 570.044
1.73 0.77 567.543
1.74 0.77 565.042
1.75 0.77 562.54
1.76 0.77 560.039
1.77 0.77 557.538
1.78 0.77 555.036
1.79 0.77 552.535
1.8 0.77 550.034
1.81 0.77 547.532
1.82 0.77 545.031
1.83 0.77 542.529
1.84 0.77 540.028
1.85 0.77 537.526
1.86 0.77 535.024
1.87 0.77 532.523
1.88 0.77 530.021
1.89 0.77 527.519
1.9 0.77 525.018
1.91 0.77 522.516
1.92 0.77 520.014
1.93 0.77 517.512
1.94 0.77 515.011
1.95 0.77 512.509
1.96 0.77 510.007
1.97 0.77 507.505
1.98 0.77 505.004
1.99 0.77 502.502
2 0.77 500

0 0.78 1000
0.01 0.78 997.498
0.02 0.78 994.996
0.03 0.78 992.495
0.04 0.78 989.993
0.05 0.78 987.491
0.06 0.78 984.989
0.07 0.78 982.488
0.08 0.78 979.986
0.09 0.78 977.484
0.1 0.78 974.982
0.11 0.78 972.481
0.12 0.78 969.979
0.13 0.78 967.477
0.14 0.78 964.976
0.15 0.78 962.474
0.16 0.78 959.972
0.17 0.78 957.471
0.18 0.78 954.969
0.19 0.78 952.468
0.2 0.78 949.966
0.21 0.78 947.465
0.22 0.78 944.964
0.23 0.78 942.462
0.24 0.78 939.961
0.25 0.78 937.46
0.26 0.78 934.958
0.27 0.78 932.457
0.28 0.78 929.956
0.29 0.78 927.455
0.3 0.78 924.954
0.31 0.78 922.453
0.32 0.78 919.952
0.33 0.78 917.451
0.34 0.78 914.95
0.35 0.78 912.449
0.36 0.78 909.948
0.37 0.78 907.448
0.38 0.78 904.947
0.39 0.78 902.446
0.4 0.78 899.946
0.41 0.78 897.445
0.42 0.78 894.945
0.43 0.78 892.444
0.44 0.78 889.944
0.45 0.78 887.444
0.46 0.78 884.943
0.47 0.78 882.443
0.48 0.78 879.943
0.49 0.78 877.443
0.5 0.78 874.943
0.51 0.78 872.443
0.52 0.78 869.943
0.53 0.78 867.443
0.54 0.78 864.943
0.55 0.78 862.444
0.56 0.78 859.944
0.57 0.78 857.444
0.58 0.78 854.945
0.59 0.78 852.445
0.6 0.78 849.946
0.61 0.78 847.446
0.62 0.78 844.947
0.63 0.78 842.448
0.64 0.78 839.948
0.65 0.78 837.449
0.66 0.78 834.95
0.67 0.78 832.451
0.68 0.78 829.952
0.69 0.78 827.453
0.7 0.78 824.954
0.71 0.78 822.455
0.72 0.78 819.956
0.73 0.78 817.457
0.74 0.78 814.958
0.75 0.78 812.46
0.76 0.78 809.961
0.77 0.78 807.462
0.78 0.78 804.964
0.79 0.78 802.465
0.8 0.78 799.966
0.81 0.78 797.468
0.82 0.78 794.969
0.83 0.78 792.471
0.84 0.78 789.972
0.85 0.78 787.474
0.86 0.78 784.976
0.87 0.78 782.477
0.88 0.78 779.979
0.89 0.78 777.481
0.9 0.78 774.982
0.91 0.78 772.484
0.92 0.78 769.986
0.93 0.78 767.488
0.94 0.78 764.989
0.95 0.78 762.491
0.96 0.78 759.993
0.97 0.78 757.495
0.98 0.78 754.996
0.99 0.78 752.498
1 0.78 750
1.01 0.78 747.502
1.02 0.78 745.004
1.03 0.78 742.505
1.04 0.78 740.007
1.05 0.78 737.509
1.06 0.78 735.011
1.07 0.78 732.512
1.08 0.78 730.014
1.09 0.78 727.516
1.1 0.78 725.018
1.11 0.78 722.519
1.12 0.78 720.021
1.13 0.78 717.523
1.14 0.78 715.024
1.15 0.78 712.526
1.16 0.78 710.028
1.17 0.78 707.529
1.18 0.78 705.031
1.19 0.78 702.532
1.2 0.78 700.034
1.21 0.78 697.535
1.22 0.78 695.036
1.23 0.78 692.538
1.24 0.78 690.039
1.25 0.78 687.54
1.26 0.78 685.042
1.27 0.78 682.543
1.28 0.78 680.044
1.29 0.78 677.545
1.3 0.78 675.046
1.31 0.78 672.547
1.32 0.78 670.048
1.33 0.78 667.549
1.34 0.78 665.05
1.35 0.78 662.551
1.36 0.78 660.052
1.37 0.78 657.552
1.38 0.78 655.053
1.39 0.78 652.554
1.4 0.78 650.054
1.41 0.78 647.555
1.42 0.78 645.055
1.43 0.78 642.556
1.44 0.78 640.056
1.45 0.78 637.556
1.46 0.78 635.057
1.47 0.78 632.557
1.48 0.78 630.057
1.49 0.78 627.557
1.5 0.78 625.057
1.51 0.78 622.557
1.52 0.78 620.057
1.53 0.78 617.557
1.54 0.78 615.057
1.55 0.78 612.556
1.56 0.78 610.056
1.57 0.78 607.556
1.58 0.78 605.055
1.59 0.78 602.555
1.6 0.78 600.054
1.61 0.78 597.554
1.62 0.78 595.053
1.63 0.78 592.552
1.64 0.78 590.052
1.65 0.78 587.551
1.66 0.78 585.05
1.67 0.78 582.549
1.68 0.78 580.048
1.69 0.78 577.547
1.7 0.78 575.046
1.71 0.78 572.545
1.72 0.78 570.044
1.73 0.78 567.543
1.74 0.78 565.042
1.75 0.78 562.54
1.76 0.78 560.039
1.77 0.78 557.538
1.78 0.78 555.036
1.79 0.78 552.535
1.8 0.78 550.034
1.81 0.78 547.532
1.82 0.78 545.031
1.83 0.78 542.529
1.84 0.78 540.028
1.85 0.78 537.526
1.86 0.78 535.024
1.87 0.78 532.523
1.88 0.78 530.021
1.89 0.78 527.519
1.9 0.78 525.018
1.91 0.78 522.516
1.92 0.78 520.014
1.93 0.78 517.512
1.94 0.78 515.011
1.95 0.78 512.509
1.96 0.78 510.007
1.97 0.78 507.505
1.98 0.78 505.004
1.99 0.78 502.502
2 0.78 500

0 0.79 1000
0.01 0.79 997.498
0.02 0.79 994.996
0.03 0.79 992.495
0.04 0.79 989.993
0.05 0.79 987.491
0.06 0.79 984.989
0.07 0.79 982.488
0.08 0.79 979.986
0.09 0.79 977.484
0.1 0.79 974.982
0.11 0.79 972.481
0.12 0.79 969.979
0.13 0.79 967.477
0.14 0.79 964.976
0.15 0.79 962.474
0.16 0.79 959.972
0.17 0.79 957.471
0.18 0.79 954.969
0.19 0.79 952.468
0.2 0.79 949.966
0.21 0.79 947.465
0.22 0.79 944.964
0.23 0.79 942.462
0.24 0.79 939.961
0.25 0.79 937.46
0.26 0.79 934.958
0.27 0.79 932.457
0.28 0.79 929.956
0.29 0.79 927.455
0.3 0.79 924.954
0.31 0.79 922.453
0.32 0.79 919.952
0.33 0.79 917.451
0.34 0.79 914.95
0.35 0.79 912.449
0.36 0.79 909.948
0.37 0.79 907.448
0.38 0.79 904.947
0.39 0.79 902.446
0.4 0.79 899.946
0.41 0.79 897.445
0.42 0.79 894.945
0.43 0.79 892.444
0.44 0.79 889.944
0.45 0.79 887.444
0.46 0.79 884.943
0.47 0.79 882.443
0.48 0.79 879.943
0.49 0.79 877.443
0.5 0.79 874.943
0.51 0.79 872.443
0.52 0.79 869.943
0.53 0.79 867.443
0.54 0.79 864.943
0.55 0.79 862.444
0.56 0.79 859.944
0.57 0.79 857.444
0.58 0.79 854.945
0.59 0.79 852.445
0.6 0.79 849.946
0.61 0.79 847.446
0.62 0.79 844.947
0.63 0.79 842.448
0.64 0.79 839.948
0.65 0.79 837.449
0.66 0.79 834.95
0.67 0.79 832.451
0.68 0.79 829.952
0.69 0.79 827.453
0.7 0.79 824.954
0.71 0.79 822.455
0.72 0.79 819.956
0.73 0.79 817.457
0.74 0.79 814.958
0.75 0.79 812.46
0.76 0.79 809.961
0.77 0.79 807.462
0.78 0.79 804.964
0.79 0.79 802.465
0.8 0.79 799.966
0.81 0.79 797.468
0.82 0.79 794.969
0.83 0.79 792.471
0.84 0.79 789.972
0.85 0.79 787.474
0.86 0.79 784.976
0.87 0.79 782.477
0.88 0.79 779.979
0.89 0.79 777.481
0.9 0.79 774.982
0.91 0.79 772.484
0.92 0.79 769.986
0.93 0.79 767.488
0.94 0.79 764.989
0.95 0.79 762.491
0.96 0.79 759.993
0.97 0.79 757.495
0.98 0.79 754.996
0.99 0.79 752.498
1 0.79 750
1.01 0.79 747.502
1.02 0.79 745.004
1.03 0.79 742.505
1.04 0.79 740.007
1.05 0.79 737.509
1.06 0.79 735.011
1.07 0.79 732.512
1.08 0.79 730.014
1.09 0.79 727.516
1.1 0.79 725.018
1.11 0.79 722.519
1.12 0.79 720.021
1.13 0.79 717.523
1.14 0.79 715.024
1.15 0.79 712.526
1.16 0.79 710.028
1.17 0.79 707.529
1.18 0.79 705.031
1.19 0.79 702.532
1.2 0.79 700.034
1.21 0.79 697.535
1.22 0.79 695.036
1.23 0.79 692.538
1.24 0.79 690.039
1.25 0.79 687.54
1.26 0.79 685.042
1.27 0.79 682.543
1.28 0.79 680.044
1.29 0.79 677.545
1.3 0.79 675.046
1.31 0.79 672.547
1.32 0.79 670.048
1.33 0.79 667.549
1.34 0.79 665.05
1.35 0.79 662.551
1.36 0.79 660.052
1.37 0.79 657.552
1.38 0.79 655.053
1.39 0.79 652.554
1.4 0.79 650.054
1.41 0.79 647.555
1.42 0.79 645.055
1.43 0.79 642.556
1.44 0.79 640.056
1.45 0.79 637.556
1.46 0.79 635.057
1.47 0.79 632.557
1.48 0.79 630.057
1.49 0.79 627.557
1.5 0.79 625.057
1.51 0.79 622.557
1.52 0.79 620.057
1.53 0.79 617.557
1.54 0.79 615.057
1.55 0.79 612.556
1.56 0.79 610.056
1.57 0.79 607.556
1.58 0.79 605.055
1.59 0.79 602.555
1.6 0.79 600.054
1.61 0.79 597.554
1.62 0.79 595.053
1.63 0.79 592.552
1.64 0.79 590.052
1.65 0.79 587.551
1.66 0.79 585.05
1.67 0.79 582.549
1.68 0.79 580.048
1.69 0.79 577.547
1.7 0.79 575.046
1.71 0.79 572.545
1.72 0.79 570.044
1.73 0.79 567.543
1.74 0.79 565.042
1.75 0.79 562.54
1.76 0.79 560.039
1.77 0.79 557.538
1.78 0.79 555.036
1.79 0.79 552.535
1.8 0.79 550.034
1.81 0.79 547.532
1.82 0.79 545.031
1.83 0.79 542.529
1.84 0.79 540.028
1.85 0.79 537.526
1.86 0.79 535.024
1.87 0.79 532.523
1.88 0.79 530.021
1.89 0.79 527.519
1.9 0.79 525.018
1.91 0.79 522.516
1.92 0.79 520.014
1.93 0.79 517.512
1.94 0.79 515.011
1.95 0.79 512.509
1.96 0.79 510.007
1.97 0.79 507.505
1.98 0.79 505.004
1.99 0.79 502.502
2 0.79 500

0 0.8 1000
0.01 0.8 997.498
0.02 0.8 994.996
0.03 0.8 992.495
0.04 0.8 989.993
0.05 0.8 987.491
0.06 0.8 984.989
0.07 0.8 982.488
0.08 0.8 979.986
0.09 0.8 977.484
0.1 0.8 974.982
0.11 0.8 972.481
0.12 0.8 969.979
0.13 0.8 967.477
0.14 0.8 964.976
0.15 0.8 962.474
0.16 0.8 959.972
0.17 0.8 957.471
0.18 0.8 954.969
0.19 0.8 952.468
0.2 0.8 949.966
0.21 0.8 947.465
0.22 0.8 944.964
0.23 0.8 942.462
0.24 0.8 939.961
0.25 0.8 937.46
0.26 0.8 934.958
0.27 0.8 932.457
0.28 0.8 929.956
0.29 0.8 927.455
0.3 0.8 924.954
0.31 0.8 922.453
0.32 0.8 919.952
0.33 0.8 917.451
0.34 0.8 914.95
0.35 0.8 912.449
0.36 0.8 909.948
0.37 0.8 907.448
0.38 0.8 904.947
0.39 0.8 902.446
0.4 0.8 899.946
0.41 0.8 897.445
0.42 0.8 894.945
0.43 0.8 892.444
0.44 0.8 889.944
0.45 0.8 887.444
0.46 0.8 884.943
0.47 0.8 882.443
0.48 0.8 879.943
0.49 0.8 877.443
0.5 0.8 874.943
0.51 0.8 872.443
0.52 0.8 869.943
0.53 0.8 867.443
0.54 0.8 864.943
0.55 0.8 862.444
0.56 0.8 859.944
0.57 0.8 857.444
0.58 0.8 854.945
0.59 0.8 852.445
0.6 0.8 849.946
0.61 0.8 847.446
0.62 0.8 844.947
0.63 0.8 842.448
0.64 0.8 839.948
0.65 0.8 837.449
0.66 0.8 834.95
0.67 0.8 832.451
0.68 0.8 829.952
0.69 0.8 827.453
0.7 0.8 824.954
0.71 0.8 822.455
0.72 0.8 819.956
0.73 0.8 817.457
0.74 0.8 814.958
0.75 0.8 812.46
0.76 0.8 809.961
0.77 0.8 807.462
0.78 0.8 804.964
0.79 0.8 802.465
0.8 0.8 799.966
0.81 0.8 797.468
0.82 0.8 794.969
0.83 0.8 792.471
0.84 0.8 789.972
0.85 0.8 787.474
0.86 0.8 784.976
0.87 0.8 782.477
0.88 0.8 779.979
0.89 0.8 777.481
0.9 0.8 774.982
0.91 0.8 772.484
0.92 0.8 769.986
0.93 0.8 767.488
0.94 0.8 764.989
0.95 0.8 762.491
0.96 0.8 759.993
0.97 0.8 757.495
0.98 0.8 754.996
0.99 0.8 752.498
1 0.8 750
1.01 0.8 747.502
1.02 0.8 745.004
1.03 0.8 742.505
1.04 0.8 740.007
1.05 0.8 737.509
1.06 0.8 735.011
1.07 0.8 732.512
1.08 0.8 730.014
1.09 0.8 727.516
1.1 0.8 725.018
1.11 0.8 722.519
1.12 0.8 720.021
1.13 0.8 717.523
1.14 0.8 715.024
1.15 0.8 712.526
1.16 0.8 710.028
1.17 0.8 707.529
1.18 0.8 705.031
1.19 0.8 702.532
1.2 0.8 700.034
1.21 0.8 697.535
1.22 0.8 695.036
1.23 0.8 692.538
1.24 0.8 690.039
1.25 0.8 687.54
1.26 0.8 685.042
1.27 0.8 682.543
1.28 0.8 680.044
1.29 0.8 677.545
1.3 0.8 675.046
1.31 0.8 672.547
1.32 0.8 670.048
1.33 0.8 667.549
1.34 0.8 665.05
1.35 0.8 662.551
1.36 0.8 660.052
1.37 0.8 657.552
1.38 0.8 655.053
1.39 0.8 652.554
1.4 0.8 650.054
1.41 0.8 647.555
1.42 0.8 645.055
1.43 0.8 642.556
1.44 0.8 640.056
1.45 0.8 637.556
1.46 0.8 635.057
1.47 0.8 632.557
1.48 0.8 630.057
1.49 0.8 627.557
1.5 0.8 625.057
1.51 0.8 622.557
1.52 0.8 620.057
1.53 0.8 617.557
1.54 0.8 615.057
1.55 0.8 612.556
1.56 0.8 610.056
1.57 0.8 607.556
1.58 0.8 605.055
1.59 0.8 602.555
1.6 0.8 600.054
1.61 0.8 597.554
1.62 0.8 595.053
1.63 0.8 592.552
1.64 0.8 590.052
1.65 0.8 587.551
1.66 0.8 585.05
1.67 0.8 582.549
1.68 0.8 580.048
1.69 0.8 577.547
1.7 0.8 575.046
1.71 0.8 572.545
1.72 0.8 570.044
1.73 0.8 567.543
1.74 0.8 565.042
1.75 0.8 562.54
1.76 0.8 560.039
1.77 0.8 557.538
1.78 0.8 555.036
1.79 0.8 552.535
1.8 0.8 550.034
1.81 0.8 547.532
1.82 0.8 545.031
1.83 0.8 542.529
1.84 0.8 540.028
1.85 0.8 537.526
1.86 0.8 535.024
1.87 0.8 532.523
1.88 0.8 530.021
1.89 0.8 527.519
1.9 0.8 525.018
1.91 0.8 522.516
1.92 0.8 520.014
1.93 0.8 517.512
1.94 0.8 515.011
1.95 0.8 512.509
1.96 0.8 510.007
1.97 0.8 507.505
1.98 0.8 505.004
1.99 0.8 502.502
2 0.8 500

0 0.81 1000
0.01 0.81 997.498
0.02 0.81 994.996
0.03 0.81 992.495
0.04 0.81 989.993
0.05 0.81 987.491
0.06 0.81 984.989
0.07 0.81 982.488
0.08 0.81 979.986
0.09 0.81 977.484
0.1 0.81 974.982
0.11 0.81 972.481
0.12 0.81 969.979
0.13 0.81 967.477
0.14 0.81 964.976
0.15 0.81 962.474
0.16 0.81 959.972
0.17 0.81 957.471
0.18 0.81 954.969
0.19 0.81 952.468
0.2 0.81 949.966
0.21 0.81 947.465
0.22 0.81 944.964
0.23 0.81 942.462
0.24 0.81 939.961
0.25 0.81 937.46
0.26 0.81 934.958
0.27 0.81 932.457
0.28 0.81 929.956
0.29 0.81 927.455
0.3 0.81 924.954
0.31 0.81 922.453
0.32 0.81 919.952
0.33 0.81 917.451
0.34 0.81 914.95
0.35 0.81 912.449
0.36 0.81 909.948
0.37 0.81 907.448
0.38 0.81 904.947
0.39 0.81 902.446
0.4 0.81 899.946
0.41 0.81 897.445
0.42 0.81 894.945
0.43 0.81 892.444
0.44 0.81 889.944
0.45 0.81 887.444
0.46 0.81 884.943
0.47 0.81 882.443
0.48 0.81 879.943
0.49 0.81 877.443
0.5 0.81 874.943
0.51 0.81 872.443
0.52 0.81 869.943
0.53 0.81 867.443
0.54 0.81 864.943
0.55 0.81 862.444
0.56 0.81 859.944
0.57 0.81 857.444
0.58 0.81 854.945
0.59 0.81 852.445
0.6 0.81 849.946
0.61 0.81 847.446
0.62 0.81 844.947
0.63 0.81 842.448
0.64 0.81 839.948
0.65 0.81 837.449
0.66 0.81 834.95
0.67 0.81 832.451
0.68 0.81 829.952
0.69 0.81 827.453
0.7 0.81 824.954
0.71 0.81 822.455
0.72 0.81 819.956
0.73 0.81 817.457
0.74 0.81 814.958
0.75 0.81 812.46
0.76 0.81 809.961
0.77 0.81 807.462
0.78 0.81 804.964
0.79 0.81 802.465
0.8 0.81 799.966
0.81 0.81 797.468
0.82 0.81 794.969
0.83 0.81 792.471
0.84 0.81 789.972
0.85 0.81 787.474
0.86 0.81 784.976
0.87 0.81 782.477
0.88 0.81 779.979
0.89 0.81 777.481
0.9 0.81 774.982
0.91 0.81 772.484
0.92 0.81 769.986
0.93 0.81 767.488
0.94 0.81 764.989
0.95 0.81 762.491
0.96 0.81 759.993
0.97 0.81 757.495
0.98 0.81 754.996
0.99 0.81 752.498
1 0.81 750
1.01 0.81 747.502
1.02 0.81 745.004
1.03 0.81 742.505
1.04 0.81 740.007
1.05 0.81 737.509
1.06 0.81 735.011
1.07 0.81 732.512
1.08 0.81 730.014
1.09 0.81 727.516
1.1 0.81 725.018
1.11 0.81 722.519
1.12 0.81 720.021
1.13 0.81 717.523
1.14 0.81 715.024
1.15 0.81 712.526
1.16 0.81 710.028
1.17 0.81 707.529
1.18 0.81 705.031
1.19 0.81 702.532
1.2 0.81 700.034
1.21 0.81 697.535
1.22 0.81 695.036
1.23 0.81 692.538
1.24 0.81 690.039
1.25 0.81 687.54
1.26 0.81 685.042
1.27 0.81 682.543
1.28 0.81 680.044
1.29 0.81 677.545
1.3 0.81 675.046
1.31 0.81 672.547
1.32 0.81 670.048
1.33 0.81 667.549
1.34 0.81 665.05
1.35 0.81 662.551
1.36 0.81 660.052
1.37 0.81 657.552
1.38 0.81 655.053
1.39 0.81 652.554
1.4 0.81 650.054
1.41 0.81 647.555
1.42 0.81 645.055
1.43 0.81 642.556
1.44 0.81 640.056
1.45 0.81 637.556
1.46 0.81 635.057
1.47 0.81 632.557
1.48 0.81 630.057
1.49 0.81 627.557
1.5 0.81 625.057
1.51 0.81 622.557
1.52 0.81 620.057
1.53 0.81 617.557
1.54 0.81 615.057
1.55 0.81 612.556
1.56 0.81 610.056
1.57 0.81 607.556
1.58 0.81 605.055
1.59 0.81 602.555
1.6 0.81 600.054
1.61 0.81 597.554
1.62 0.81 595.053
1.63 0.81 592.552
1.64 0.81 590.052
1.65 0.81 587.551
1.66 0.81 585.05
1.67 0.81 582.549
1.68 0.81 580.048
1.69 0.81 577.547
1.7 0.81 575.046
1.71 0.81 572.545
1.72 0.81 570.044
1.73 0.81 567.543
1.74 0.81 565.042
1.75 0.81 562.54
1.76 0.81 560.039
1.77 0.81 557.538
1.78 0.81 555.036
1.79 0.81 552.535
1.8 0.81 550.034
1.81 0.81 547.532
1.82 0.81 545.031
1.83 0.81 542.529
1.84 0.81 540.028
1.85 0.81 537.526
1.86 0.81 535.024
1.87 0.81 532.523
1.88 0.81 530.021
1.89 0.81 527.519
1.9 0.81 525.018
1.91 0.81 522.516
1.92 0.81 520.014
1.93 0.81 517.512
1.94 0.81 515.011
1.95 0.81 512.509
1.96 0.81 510.007
1.97 0.81 507.505
1.98 0.81 505.004
1.99 0.81 502.502
2 0.81 500

0 0.82 1000
0.01 0.82 997.498
0.02 0.82 994.996
0.03 0.82 992.495
0.04 0.82 989.993
0.05 0.82 987.491
0.06 0.82 984.989
0.07 0.82 982.488
0.08 0.82 979.986
0.09 0.82 977.484
0.1 0.82 974.982
0.11 0.82 972.481
0.12 0.82 969.979
0.13 0.82 967.477
0.14 0.82 964.976
0.15 0.82 962.474
0.16 0.82 959.972
0.17 0.82 957.471
0.18 0.82 954.969
0.19 0.82 952.468
0.2 0.82 949.966
0.21 0.82 947.465
0.22 0.82 944.964
0.23 0.82 942.462
0.24 0.82 939.961
0.25 0.82 937.46
0.26 0.82 934.958
0.27 0.82 932.457
0.28 0.82 929.956
0.29 0.82 927.455
0.3 0.82 924.954
0.31 0.82 922.453
0.32 0.82 919.952
0.33 0.82 917.451
0.34 0.82 914.95
0.35 0.82 912.449
0.36 0.82 909.948
0.37 0.82 907.448
0.38 0.82 904.947
0.39 0.82 902.446
0.4 0.82 899.946
0.41 0.82 897.445
0.42 0.82 894.945
0.43 0.82 892.444
0.44 0.82 889.944
0.45 0.82 887.444
0.46 0.82 884.943
0.47 0.82 882.443
0.48 0.82 879.943
0.49 0.82 877.443
0.5 0.82 874.943
0.51 0.82 872.443
0.52 0.82 869.943
0.53 0.82 867.443
0.54 0.82 864.943
0.55 0.82 862.444
0.56 0.82 859.944
0.57 0.82 857.444
0.58 0.82 854.945
0.59 0.82 852.445
0.6 0.82 849.946
0.61 0.82 847.446
0.62 0.82 844.947
0.63 0.82 842.448
0.64 0.82 839.948
0.65 0.82 837.449
0.66 0.82 834.95
0.67 0.82 832.451
0.68 0.82 829.952
0.69 0.82 827.453
0.7 0.82 824.954
0.71 0.82 822.455
0.72 0.82 819.956
0.73 0.82 817.457
0.74 0.82 814.958
0.75 0.82 812.46
0.76 0.82 809.961
0.77 0.82 807.462
0.78 0.82 804.964
0.79 0.82 802.465
0.8 0.82 799.966
0.81 0.82 797.468
0.82 0.82 794.969
0.83 0.82 792.471
0.84 0.82 789.972
0.85 0.82 787.474
0.86 0.82 784.976
0.87 0.82 782.477
0.88 0.82 779.979
0.89 0.82 777.481
0.9 0.82 774.982
0.91 0.82 772.484
0.92 0.82 769.986
0.93 0.82 767.488
0.94 0.82 764.989
0.95 0.82 762.491
0.96 0.82 759.993
0.97 0.82 757.495
0.98 0.82 754.996
0.99 0.82 752.498
1 0.82 750
1.01 0.82 747.502
1.02 0.82 745.004
1.03 0.82 742.505
1.04 0.82 740.007
1.05 0.82 737.509
1.06 0.82 735.011
1.07 0.82 732.512
1.08 0.82 730.014
1.09 0.82 727.516
1.1 0.82 725.018
1.11 0.82 722.519
1.12 0.82 720.021
1.13 0.82 717.523
1.14 0.82 715.024
1.15 0.82 712.526
1.16 0.82 710.028
1.17 0.82 707.529
1.18 0.82 705.031
1.19 0.82 702.532
1.2 0.82 700.034
1.21 0.82 697.535
1.22 0.82 695.036
1.23 0.82 692.538
1.24 0.82 690.039
1.25 0.82 687.54
1.26 0.82 685.042
1.27 0.82 682.543
1.28 0.82 680.044
1.29 0.82 677.545
1.3 0.82 675.046
1.31 0.82 672.547
1.32 0.82 670.048
1.33 0.82 667.549
1.34 0.82 665.05
1.35 0.82 662.551
1.36 0.82 660.052
1.37 0.82 657.552
1.38 0.82 655.053
1.39 0.82 652.554
1.4 0.82 650.054
1.41 0.82 647.555
1.42 0.82 645.055
1.43 0.82 642.556
1.44 0.82 640.056
1.45 0.82 637.556
1.46 0.82 635.057
1.47 0.82 632.557
1.48 0.82 630.057
1.49 0.82 627.557
1.5 0.82 625.057
1.51 0.82 622.557
1.52 0.82 620.057
1.53 0.82 617.557
1.54 0.82 615.057
1.55 0.82 612.556
1.56 0.82 610.056
1.57 0.82 607.556
1.58 0.82 605.055
1.59 0.82 602.555
1.6 0.82 600.054
1.61 0.82 597.554
1.62 0.82 595.053
1.63 0.82 592.552
1.64 0.82 590.052
1.65 0.82 587.551
1.66 0.82 585.05
1.67 0.82 582.549
1.68 0.82 580.048
1.69 0.82 577.547
1.7 0.82 575.046
1.71 0.82 572.545
1.72 0.82 570.044
1.73 0.82 567.543
1.74 0.82 565.042
1.75 0.82 562.54
1.76 0.82 560.039
1.77 0.82 557.538
1.78 0.82 555.036
1.79 0.82 552.535
1.8 0.82 550.034
1.81 0.82 547.532
1.82 0.82 545.031
1.83 0.82 542.529
1.84 0.82 540.028
1.85 0.82 537.526
1.86 0.82 535.024
1.87 0.82 532.523
1.88 0.82 530.021
1.89 0.82 527.519
1.9 0.82 525.018
1.91 0.82 522.516
1.92 0.82 520.014
1.93 0.82 517.512
1.94 0.82 515.011
1.95 0.82 512.509
1.96 0.82 510.007
1.97 0.82 507.505
1.98 0.82 505.004
1.99 0.82 502.502
2 0.82 500

0 0.83 1000
0.01 0.83 997.498
0.02 0.83 994.996
0.03 0.83 992.495
0.04 0.83 989.993
0.05 0.83 987.491
0.06 0.83 984.989
0.07 0.83 982.488
0.08 0.83 979.986
0.09 0.83 977.484
0.1 0.83 974.982
0.11 0.83 972.481
0.12 0.83 969.979
0.13 0.83 967.477
0.14 0.83 964.976
0.15 0.83 962.474
0.16 0.83 959.972
0.17 0.83 957.471
0.18 0.83 954.969
0.19 0.83 952.468
0.2 0.83 949.966
0.21 0.83 947.465
0.22 0.83 944.964
0.23 0.83 942.462
0.24 0.83 939.961
0.25 0.83 937.46
0.26 0.83 934.958
0.27 0.83 932.457
0.28 0.83 929.956
0.29 0.83 927.455
0.3 0.83 924.954
0.31 0.83 922.453
0.32 0.83 919.952
0.33 0.83 917.451
0.34 0.83 914.95
0.35 0.83 912.449
0.36 0.83 909.948
0.37 0.83 907.448
0.38 0.83 904.947
0.39 0.83 902.446
0.4 0.83 899.946
0.41 0.83 897.445
0.42 0.83 894.945
0.43 0.83 892.444
0.44 0.83 889.944
0.45 0.83 887.444
0.46 0.83 884.943
0.47 0.83 882.443
0.48 0.83 879.943
0.49 0.83 877.443
0.5 0.83 874.943
0.51 0.83 872.443
0.52 0.83 869.943
0.53 0.83 867.443
0.54 0.83 864.943
0.55 0.83 862.444
0.56 0.83 859.944
0.57 0.83 857.444
0.58 0.83 854.945
0.59 0.83 852.445
0.6 0.83 849.946
0.61 0.83 847.446
0.62 0.83 844.947
0.63 0.83 842.448
0.64 0.83 839.948
0.65 0.83 837.449
0.66 0.83 834.95
0.67 0.83 832.451
0.68 0.83 829.952
0.69 0.83 827.453
0.7 0.83 824.954
0.71 0.83 822.455
0.72 0.83 819.956
0.73 0.83 817.457
0.74 0.83 814.958
0.75 0.83 812.46
0.76 0.83 809.961
0.77 0.83 807.462
0.78 0.83 804.964
0.79 0.83 802.465
0.8 0.83 799.966
0.81 0.83 797.468
0.82 0.83 794.969
0.83 0.83 792.471
0.84 0.83 789.972
0.85 0.83 787.474
0.86 0.83 784.976
0.87 0.83 782.477
0.88 0.83 779.979
0.89 0.83 777.481
0.9 0.83 774.982
0.91 0.83 772.484
0.92 0.83 769.986
0.93 0.83 767.488
0.94 0.83 764.989
0.95 0.83 762.491
0.96 0.83 759.993
0.97 0.83 757.495
0.98 0.83 754.996
0.99 0.83 752.498
1 0.83 750
1.01 0.83 747.502
1.02 0.83 745.004
1.03 0.83 742.505
1.04 0.83 740.007
1.05 0.83 737.509
1.06 0.83 735.011
1.07 0.83 732.512
1.08 0.83 730.014
1.09 0.83 727.516
1.1 0.83 725.018
1.11 0.83 722.519
1.12 0.83 720.021
1.13 0.83 717.523
1.14 0.83 715.024
1.15 0.83 712.526
1.16 0.83 710.028
1.17 0.83 707.529
1.18 0.83 705.031
1.19 0.83 702.532
1.2 0.83 700.034
1.21 0.83 697.535
1.22 0.83 695.036
1.23 0.83 692.538
1.24 0.83 690.039
1.25 0.83 687.54
1.26 0.83 685.042
1.27 0.83 682.543
1.28 0.83 680.044
1.29 0.83 677.545
1.3 0.83 675.046
1.31 0.83 672.547
1.32 0.83 670.048
1.33 0.83 667.549
1.34 0.83 665.05
1.35 0.83 662.551
1.36 0.83 660.052
1.37 0.83 657.552
1.38 0.83 655.053
1.39 0.83 652.554
1.4 0.83 650.054
1.41 0.83 647.555
1.42 0.83 645.055
1.43 0.83 642.556
1.44 0.83 640.056
1.45 0.83 637.556
1.46 0.83 635.057
1.47 0.83 632.557
1.48 0.83 630.057
1.49 0.83 627.557
1.5 0.83 625.057
1.51 0.83 622.557
1.52 0.83 620.057
1.53 0.83 617.557
1.54 0.83 615.057
1.55 0.83 612.556
1.56 0.83 610.056
1.57 0.83 607.556
1.58 0.83 605.055
1.59 0.83 602.555
1.6 0.83 600.054
1.61 0.83 597.554
1.62 0.83 595.053
1.63 0.83 592.552
1.64 0.83 590.052
1.65 0.83 587.551
1.66 0.83 585.05
1.67 0.83 582.549
1.68 0.83 580.048
1.69 0.83 577.547
1.7 0.83 575.046
1.71 0.83 572.545
1.72 0.83 570.044
1.73 0.83 567.543
1.74 0.83 565.042
1.75 0.83 562.54
1.76 0.83 560.039
1.77 0.83 557.538
1.78 0.83 555.036
1.79 0.83 552.535
1.8 0.83 550.034
1.81 0.83 547.532
1.82 0.83 545.031
1.83 0.83 542.529
1.84 0.83 540.028
1.85 0.83 537.526
1.86 0.83 535.024
1.87 0.83 532.523
1.88 0.83 530.021
1.89 0.83 527.519
1.9 0.83 525.018
1.91 0.83 522.516
1.92 0.83 520.014
1.93 0.83 517.512
1.94 0.83 515.011
1.95 0.83 512.509
1.96 0.83 510.007
1.97 0.83 507.505
1.98 0.83 505.004
1.99 0.83 502.502
2 0.83 500

0 0.84 1000
0.01 0.84 997.498
0.02 0.84 994.996
0.03 0.84 992.495
0.04 0.84 989.993
0.05 0.84 987.491
0.06 0.84 984.989
0.07 0.84 982.488
0.08 0.84 979.986
0.09 0.84 977.484
0.1 0.84 974.982
0.11 0.84 972.481
0.12 0.84 969.979
0.13 0.84 967.477
0.14 0.84 964.976
0.15 0.84 962.474
0.16 0.84 959.972
0.17 0.84 957.471
0.18 0.84 954.969
0.19 0.84 952.468
0.2 0.84 949.966
0.21 0.84 947.465
0.22 0.84 944.964
0.23 0.84 942.462
0.24 0.84 939.961
0.25 0.84 937.46
0.26 0.84 934.958
0.27 0.84 932.457
0.28 0.84 929.956
0.29 0.84 927.455
0.3 0.84 924.954
0.31 0.84 922.453
0.32 0.84 919.952
0.33 0.84 917.451
0.34 0.84 914.95
0.35 0.84 912.449
0.36 0.84 909.948
0.37 0.84 907.448
0.38 0.84 904.947
0.39 0.84 902.446
0.4 0.84 899.946
0.41 0.84 897.445
0.42 0.84 894.945
0.43 0.84 892.444
0.44 0.84 889.944
0.45 0.84 887.444
0.46 0.84 884.943
0.47 0.84 882.443
0.48 0.84 879.943
0.49 0.84 877.443
0.5 0.84 874.943
0.51 0.84 872.443
0.52 0.84 869.943
0.53 0.84 867.443
0.54 0.84 864.943
0.55 0.84 862.444
0.56 0.84 859.944
0.57 0.84 857.444
0.58 0.84 854.945
0.59 0.84 852.445
0.6 0.84 849.946
0.61 0.84 847.446
0.62 0.84 844.947
0.63 0.84 842.448
0.64 0.84 839.948
0.65 0.84 837.449
0.66 0.84 834.95
0.67 0.84 832.451
0.68 0.84 829.952
0.69 0.84 827.453
0.7 0.84 824.954
0.71 0.84 822.455
0.72 0.84 819.956
0.73 0.84 817.457
0.74 0.84 814.958
0.75 0.84 812.46
0.76 0.84 809.961
0.77 0.84 807.462
0.78 0.84 804.964
0.79 0.84 802.465
0.8 0.84 799.966
0.81 0.84 797.468
0.82 0.84 794.969
0.83 0.84 792.471
0.84 0.84 789.972
0.85 0.84 787.474
0.86 0.84 784.976
0.87 0.84 782.477
0.88 0.84 779.979
0.89 0.84 777.481
0.9 0.84 774.982
0.91 0.84 772.484
0.92 0.84 769.986
0.93 0.84 767.488
0.94 0.84 764.989
0.95 0.84 762.491
0.96 0.84 759.993
0.97 0.84 757.495
0.98 0.84 754.996
0.99 0.84 752.498
1 0.84 750
1.01 0.84 747.502
1.02 0.84 745.004
1.03 0.84 742.505
1.04 0.84 740.007
1.05 0.84 737.509
1.06 0.84 735.011
1.07 0.84 732.512
1.08 0.84 730.014
1.09 0.84 727.516
1.1 0.84 725.018
1.11 0.84 722.519
1.12 0.84 720.021
1.13 0.84 717.523
1.14 0.84 715.024
1.15 0.84 712.526
1.16 0.84 710.028
1.17 0.84 707.529
1.18 0.84 705.031
1.19 0.84 702.532
1.2 0.84 700.034
1.21 0.84 697.535
1.22 0.84 695.036
1.23 0.84 692.538
1.24 0.84 690.039
1.25 0.84 687.54
1.26 0.84 685.042
1.27 0.84 682.543
1.28 0.84 680.044
1.29 0.84 677.545
1.3 0.84 675.046
1.31 0.84 672.547
1.32 0.84 670.048
1.33 0.84 667.549
1.34 0.84 665.05
1.35 0.84 662.551
1.36 0.84 660.052
1.37 0.84 657.552
1.38 0.84 655.053
1.39 0.84 652.554
1.4 0.84 650.054
1.41 0.84 647.555
1.42 0.84 645.055
1.43 0.84 642.556
1.44 0.84 640.056
1.45 0.84 637.556
1.46 0.84 635.057
1.47 0.84 632.557
1.48 0.84 630.057
1.49 0.84 627.557
1.5 0.84 625.057
1.51 0.84 622.557
1.52 0.84 620.057
1.53 0.84 617.557
1.54 0.84 615.057
1.55 0.84 612.556
1.56 0.84 610.056
1.57 0.84 607.556
1.58 0.84 605.055
1.59 0.84 602.555
1.6 0.84 600.054
1.61 0.84 597.554
1.62 0.84 595.053
1.63 0.84 592.552
1.64 0.84 590.052
1.65 0.84 587.551
1.66 0.84 585.05
1.67 0.84 582.549
1.68 0.84 580.048
1.69 0.84 577.547
1.7 0.84 575.046
1.71 0.84 572.545
1.72 0.84 570.044
1.73 0.84 567.543
1.74 0.84 565.042
1.75 0.84 562.54
1.76 0.84 560.039
1.77 0.84 557.538
1.78 0.84 555.036
1.79 0.84 552.535
1.8 0.84 550.034
1.81 0.84 547.532
1.82 0.84 545.031
1.83 0.84 542.529
1.84 0.84 540.028
1.85 0.84 537.526
1.86 0.84 535.024
1.87 0.84 532.523
1.88 0.84 530.021
1.89 0.84 527.519
1.9 0.84 525.018
1.91 0.84 522.516
1.92 0.84 520.014
1.93 0.84 517.512
1.94 0.84 515.011
1.95 0.84 512.509
1.96 0.84 510.007
1.97 0.84 507.505
1.98 0.84 505.004
1.99 0.84 502.502
2 0.84 500

0 0.85 1000
0.01 0.85 997.498
0.02 0.85 994.996
0.03 0.85 992.495
0.04 0.85 989.993
0.05 0.85 987.491
0.06 0.85 984.989
0.07 0.85 982.488
0.08 0.85 979.986
0.09 0.85 977.484
0.1 0.85 974.982
0.11 0.85 972.481
0.12 0.85 969.979
0.13 0.85 967.477
0.14 0.85 964.976
0.15 0.85 962.474
0.16 0.85 959.972
0.17 0.85 957.471
0.18 0.85 954.969
0.19 0.85 952.468
0.2 0.85 949.966
0.21 0.85 947.465
0.22 0.85 944.964
0.23 0.85 942.462
0.24 0.85 939.961
0.25 0.85 937.46
0.26 0.85 934.958
0.27 0.85 932.457
0.28 0.85 929.956
0.29 0.85 927.455
0.3 0.85 924.954
0.31 0.85 922.453
0.32 0.85 919.952
0.33 0.85 917.451
0.34 0.85 914.95
0.35 0.85 912.449
0.36 0.85 909.948
0.37 0.85 907.448
0.38 0.85 904.947
0.39 0.85 902.446
0.4 0.85 899.946
0.41 0.85 897.445
0.42 0.85 894.945
0.43 0.85 892.444
0.44 0.85 889.944
0.45 0.85 887.444
0.46 0.85 884.943
0.47 0.85 882.443
0.48 0.85 879.943
0.49 0.85 877.443
0.5 0.85 874.943
0.51 0.85 872.443
0.52 0.85 869.943
0.53 0.85 867.443
0.54 0.85 864.943
0.55 0.85 862.444
0.56 0.85 859.944
0.57 0.85 857.444
0.58 0.85 854.945
0.59 0.85 852.445
0.6 0.85 849.946
0.61 0.85 847.446
0.62 0.85 844.947
0.63 0.85 842.448
0.64 0.85 839.948
0.65 0.85 837.449
0.66 0.85 834.95
0.67 0.85 832.451
0.68 0.85 829.952
0.69 0.85 827.453
0.7 0.85 824.954
0.71 0.85 822.455
0.72 0.85 819.956
0.73 0.85 817.457
0.74 0.85 814.958
0.75 0.85 812.46
0.76 0.85 809.961
0.77 0.85 807.462
0.78 0.85 804.964
0.79 0.85 802.465
0.8 0.85 799.966
0.81 0.85 797.468
0.82 0.85 794.969
0.83 0.85 792.471
0.84 0.85 789.972
0.85 0.85 787.474
0.86 0.85 784.976
0.87 0.85 782.477
0.88 0.85 779.979
0.89 0.85 777.481
0.9 0.85 774.982
0.91 0.85 772.484
0.92 0.85 769.986
0.93 0.85 767.488
0.94 0.85 764.989
0.95 0.85 762.491
0.96 0.85 759.993
0.97 0.85 757.495
0.98 0.85 754.996
0.99 0.85 752.498
1 0.85 750
1.01 0.85 747.502
1.02 0.85 745.004
1.03 0.85 742.505
1.04 0.85 740.007
1.05 0.85 737.509
1.06 0.85 735.011
1.07 0.85 732.512
1.08 0.85 730.014
1.09 0.85 727.516
1.1 0.85 725.018
1.11 0.85 722.519
1.12 0.85 720.021
1.13 0.85 717.523
1.14 0.85 715.024
1.15 0.85 712.526
1.16 0.85 710.028
1.17 0.85 707.529
1.18 0.85 705.031
1.19 0.85 702.532
1.2 0.85 700.034
1.21 0.85 697.535
1.22 0.85 695.036
1.23 0.85 692.538
1.24 0.85 690.039
1.25 0.85 687.54
1.26 0.85 685.042
1.27 0.85 682.543
1.28 0.85 680.044
1.29 0.85 677.545
1.3 0.85 675.046
1.31 0.85 672.547
1.32 0.85 670.048
1.33 0.85 667.549
1.34 0.85 665.05
1.35 0.85 662.551
1.36 0.85 660.052
1.37 0.85 657.552
1.38 0.85 655.053
1.39 0.85 652.554
1.4 0.85 650.054
1.41 0.85 647.555
1.42 0.85 645.055
1.43 0.85 642.556
1.44 0.85 640.056
1.45 0.85 637.556
1.46 0.85 635.057
1.47 0.85 632.557
1.48 0.85 630.057
1.49 0.85 627.557
1.5 0.85 625.057
1.51 0.85 622.557
1.52 0.85 620.057
1.53 0.85 617.557
1.54 0.85 615.057
1.55 0.85 612.556
1.56 0.85 610.056
1.57 0.85 607.556
1.58 0.85 605.055
1.59 0.85 602.555
1.6 0.85 600.054
1.61 0.85 597.554
1.62 0.85 595.053
1.63 0.85 592.552
1.64 0.85 590.052
1.65 0.85 587.551
1.66 0.85 585.05
1.67 0.85 582.549
1.68 0.85 580.048
1.69 0.85 577.547
1.7 0.85 575.046
1.71 0.85 572.545
1.72 0.85 570.044
1.73 0.85 567.543
1.74 0.85 565.042
1.75 0.85 562.54
1.76 0.85 560.039
1.77 0.85 557.538
1.78 0.85 555.036
1.79 0.85 552.535
1.8 0.85 550.034
1.81 0.85 547.532
1.82 0.85 545.031
1.83 0.85 542.529
1.84 0.85 540.028
1.85 0.85 537.526
1.86 0.85 535.024
1.87 0.85 532.523
1.88 0.85 530.021
1.89 0.85 527.519
1.9 0.85 525.018
1.91 0.85 522.516
1.92 0.85 520.014
1.93 0.85 517.512
1.94 0.85 515.011
1.95 0.85 512.509
1.96 0.85 510.007
1.97 0.85 507.505
1.98 0.85 505.004
1.99 0.85 502.502
2 0.85 500

0 0.86 1000
0.01 0.86 997.498
0.02 0.86 994.996
0.03 0.86 992.495
0.04 0.86 989.993
0.05 0.86 987.491
0.06 0.86 984.989
0.07 0.86 982.488
0.08 0.86 979.986
0.09 0.86 977.484
0.1 0.86 974.982
0.11 0.86 972.481
0.12 0.86 969.979
0.13 0.86 967.477
0.14 0.86 964.976
0.15 0.86 962.474
0.16 0.86 959.972
0.17 0.86 957.471
0.18 0.86 954.969
0.19 0.86 952.468
0.2 0.86 949.966
0.21 0.86 947.465
0.22 0.86 944.964
0.23 0.86 942.462
0.24 0.86 939.961
0.25 0.86 937.46
0.26 0.86 934.958
0.27 0.86 932.457
0.28 0.86 929.956
0.29 0.86 927.455
0.3 0.86 924.954
0.31 0.86 922.453
0.32 0.86 919.952
0.33 0.86 917.451
0.34 0.86 914.95
0.35 0.86 912.449
0.36 0.86 909.948
0.37 0.86 907.448
0.38 0.86 904.947
0.39 0.86 902.446
0.4 0.86 899.946
0.41 0.86 897.445
0.42 0.86 894.945
0.43 0.86 892.444
0.44 0.86 889.944
0.45 0.86 887.444
0.46 0.86 884.943
0.47 0.86 882.443
0.48 0.86 879.943
0.49 0.86 877.443
0.5 0.86 874.943
0.51 0.86 872.443
0.52 0.86 869.943
0.53 0.86 867.443
0.54 0.86 864.943
0.55 0.86 862.444
0.56 0.86 859.944
0.57 0.86 857.444
0.58 0.86 854.945
0.59 0.86 852.445
0.6 0.86 849.946
0.61 0.86 847.446
0.62 0.86 844.947
0.63 0.86 842.448
0.64 0.86 839.948
0.65 0.86 837.449
0.66 0.86 834.95
0.67 0.86 832.451
0.68 0.86 829.952
0.69 0.86 827.453
0.7 0.86 824.954
0.71 0.86 822.455
0.72 0.86 819.956
0.73 0.86 817.457
0.74 0.86 814.958
0.75 0.86 812.46
0.76 0.86 809.961
0.77 0.86 807.462
0.78 0.86 804.964
0.79 0.86 802.465
0.8 0.86 799.966
0.81 0.86 797.468
0.82 0.86 794.969
0.83 0.86 792.471
0.84 0.86 789.972
0.85 0.86 787.474
0.86 0.86 784.976
0.87 0.86 782.477
0.88 0.86 779.979
0.89 0.86 777.481
0.9 0.86 774.982
0.91 0.86 772.484
0.92 0.86 769.986
0.93 0.86 767.488
0.94 0.86 764.989
0.95 0.86 762.491
0.96 0.86 759.993
0.97 0.86 757.495
0.98 0.86 754.996
0.99 0.86 752.498
1 0.86 750
1.01 0.86 747.502
1.02 0.86 745.004
1.03 0.86 742.505
1.04 0.86 740.007
1.05 0.86 737.509
1.06 0.86 735.011
1.07 0.86 732.512
1.08 0.86 730.014
1.09 0.86 727.516
1.1 0.86 725.018
1.11 0.86 722.519
1.12 0.86 720.021
1.13 0.86 717.523
1.14 0.86 715.024
1.15 0.86 712.526
1.16 0.86 710.028
1.17 0.86 707.529
1.18 0.86 705.031
1.19 0.86 702.532
1.2 0.86 700.034
1.21 0.86 697.535
1.22 0.86 695.036
1.23 0.86 692.538
1.24 0.86 690.039
1.25 0.86 687.54
1.26 0.86 685.042
1.27 0.86 682.543
1.28 0.86 680.044
1.29 0.86 677.545
1.3 0.86 675.046
1.31 0.86 672.547
1.32 0.86 670.048
1.33 0.86 667.549
1.34 0.86 665.05
1.35 0.86 662.551
1.36 0.86 660.052
1.37 0.86 657.552
1.38 0.86 655.053
1.39 0.86 652.554
1.4 0.86 650.054
1.41 0.86 647.555
1.42 0.86 645.055
1.43 0.86 642.556
1.44 0.86 640.056
1.45 0.86 637.556
1.46 0.86 635.057
1.47 0.86 632.557
1.48 0.86 630.057
1.49 0.86 627.557
1.5 0.86 625.057
1.51 0.86 622.557
1.52 0.86 620.057
1.53 0.86 617.557
1.54 0.86 615.057
1.55 0.86 612.556
1.56 0.86 610.056
1.57 0.86 607.556
1.58 0.86 605.055
1.59 0.86 602.555
1.6 0.86 600.054
1.61 0.86 597.554
1.62 0.86 595.053
1.63 0.86 592.552
1.64 0.86 590.052
1.65 0.86 587.551
1.66 0.86 585.05
1.67 0.86 582.549
1.68 0.86 580.048
1.69 0.86 577.547
1.7 0.86 575.046
1.71 0.86 572.545
1.72 0.86 570.044
1.73 0.86 567.543
1.74 0.86 565.042
1.75 0.86 562.54
1.76 0.86 560.039
1.77 0.86 557.538
1.78 0.86 555.036
1.79 0.86 552.535
1.8 0.86 550.034
1.81 0.86 547.532
1.82 0.86 545.031
1.83 0.86 542.529
1.84 0.86 540.028
1.85 0.86 537.526
1.86 0.86 535.024
1.87 0.86 532.523
1.88 0.86 530.021
1.89 0.86 527.519
1.9 0.86 525.018
1.91 0.86 522.516
1.92 0.86 520.014
1.93 0.86 517.512
1.94 0.86 515.011
1.95 0.86 512.509
1.96 0.86 510.007
1.97 0.86 507.505
1.98 0.86 505.004
1.99 0.86 502.502
2 0.86 500

0 0.87 1000
0.01 0.87 997.498
0.02 0.87 994.996
0.03 0.87 992.495
0.04 0.87 989.993
0.05 0.87 987.491
0.06 0.87 984.989
0.07 0.87 982.488
0.08 0.87 979.986
0.09 0.87 977.484
0.1 0.87 974.982
0.11 0.87 972.481
0.12 0.87 969.979
0.13 0.87 967.477
0.14 0.87 964.976
0.15 0.87 962.474
0.16 0.87 959.972
0.17 0.87 957.471
0.18 0.87 954.969
0.19 0.87 952.468
0.2 0.87 949.966
0.21 0.87 947.465
0.22 0.87 944.964
0.23 0.87 942.462
0.24 0.87 939.961
0.25 0.87 937.46
0.26 0.87 934.958
0.27 0.87 932.457
0.28 0.87 929.956
0.29 0.87 927.455
0.3 0.87 924.954
0.31 0.87 922.453
0.32 0.87 919.952
0.33 0.87 917.451
0.34 0.87 914.95
0.35 0.87 912.449
0.36 0.87 909.948
0.37 0.87 907.448
0.38 0.87 904.947
0.39 0.87 902.446
0.4 0.87 899.946
0.41 0.87 897.445
0.42 0.87 894.945
0.43 0.87 892.444
0.44 0.87 889.944
0.45 0.87 887.444
0.46 0.87 884.943
0.47 0.87 882.443
0.48 0.87 879.943
0.49 0.87 877.443
0.5 0.87 874.943
0.51 0.87 872.443
0.52 0.87 869.943
0.53 0.87 867.443
0.54 0.87 864.943
0.55 0.87 862.444
0.56 0.87 859.944
0.57 0.87 857.444
0.58 0.87 854.945
0.59 0.87 852.445
0.6 0.87 849.946
0.61 0.87 847.446
0.62 0.87 844.947
0.63 0.87 842.448
0.64 0.87 839.948
0.65 0.87 837.449
0.66 0.87 834.95
0.67 0.87 832.451
0.68 0.87 829.952
0.69 0.87 827.453
0.7 0.87 824.954
0.71 0.87 822.455
0.72 0.87 819.956
0.73 0.87 817.457
0.74 0.87 814.958
0.75 0.87 812.46
0.76 0.87 809.961
0.77 0.87 807.462
0.78 0.87 804.964
0.79 0.87 802.465
0.8 0.87 799.966
0.81 0.87 797.468
0.82 0.87 794.969
0.83 0.87 792.471
0.84 0.87 789.972
0.85 0.87 787.474
0.86 0.87 784.976
0.87 0.87 782.477
0.88 0.87 779.979
0.89 0.87 777.481
0.9 0.87 774.982
0.91 0.87 772.484
0.92 0.87 769.986
0.93 0.87 767.488
0.94 0.87 764.989
0.95 0.87 762.491
0.96 0.87 759.993
0.97 0.87 757.495
0.98 0.87 754.996
0.99 0.87 752.498
1 0.87 750
1.01 0.87 747.502
1.02 0.87 745.004
1.03 0.87 742.505
1.04 0.87 740.007
1.05 0.87 737.509
1.06 0.87 735.011
1.07 0.87 732.512
1.08 0.87 730.014
1.09 0.87 727.516
1.1 0.87 725.018
1.11 0.87 722.519
1.12 0.87 720.021
1.13 0.87 717.523
1.14 0.87 715.024
1.15 0.87 712.526
1.16 0.87 710.028
1.17 0.87 707.529
1.18 0.87 705.031
1.19 0.87 702.532
1.2 0.87 700.034
1.21 0.87 697.535
1.22 0.87 695.036
1.23 0.87 692.538
1.24 0.87 690.039
1.25 0.87 687.54
1.26 0.87 685.042
1.27 0.87 682.543
1.28 0.87 680.044
1.29 0.87 677.545
1.3 0.87 675.046
1.31 0.87 672.547
1.32 0.87 670.048
1.33 0.87 667.549
1.34 0.87 665.05
1.35 0.87 662.551
1.36 0.87 660.052
1.37 0.87 657.552
1.38 0.87 655.053
1.39 0.87 652.554
1.4 0.87 650.054
1.41 0.87 647.555
1.42 0.87 645.055
1.43 0.87 642.556
1.44 0.87 640.056
1.45 0.87 637.556
1.46 0.87 635.057
1.47 0.87 632.557
1.48 0.87 630.057
1.49 0.87 627.557
1.5 0.87 625.057
1.51 0.87 622.557
1.52 0.87 620.057
1.53 0.87 617.557
1.54 0.87 615.057
1.55 0.87 612.556
1.56 0.87 610.056
1.57 0.87 607.556
1.58 0.87 605.055
1.59 0.87 602.555
1.6 0.87 600.054
1.61 0.87 597.554
1.62 0.87 595.053
1.63 0.87 592.552
1.64 0.87 590.052
1.65 0.87 587.551
1.66 0.87 585.05
1.67 0.87 582.549
1.68 0.87 580.048
1.69 0.87 577.547
1.7 0.87 575.046
1.71 0.87 572.545
1.72 0.87 570.044
1.73 0.87 567.543
1.74 0.87 565.042
1.75 0.87 562.54
1.76 0.87 560.039
1.77 0.87 557.538
1.78 0.87 555.036
1.79 0.87 552.535
1.8 0.87 550.034
1.81 0.87 547.532
1.82 0.87 545.031
1.83 0.87 542.529
1.84 0.87 540.028
1.85 0.87 537.526
1.86 0.87 535.024
1.87 0.87 532.523
1.88 0.87 530.021
1.89 0.87 527.519
1.9 0.87 525.018
1.91 0.87 522.516
1.92 0.87 520.014
1.93 0.87 517.512
1.94 0.87 515.011
1.95 0.87 512.509
1.96 0.87 510.007
1.97 0.87 507.505
1.98 0.87 505.004
1.99 0.87 502.502
2 0.87 500

0 0.88 1000
0.01 0.88 997.498
0.02 0.88 994.996
0.03 0.88 992.495
0.04 0.88 989.993
0.05 0.88 987.491
0.06 0.88 984.989
0.07 0.88 982.488
0.08 0.88 979.986
0.09 0.88 977.484
0.1 0.88 974.982
0.11 0.88 972.481
0.12 0.88 969.979
0.13 0.88 967.477
0.14 0.88 964.976
0.15 0.88 962.474
0.16 0.88 959.972
0.17 0.88 957.471
0.18 0.88 954.969
0.19 0.88 952.468
0.2 0.88 949.966
0.21 0.88 947.465
0.22 0.88 944.964
0.23 0.88 942.462
0.24 0.88 939.961
0.25 0.88 937.46
0.26 0.88 934.958
0.27 0.88 932.457
0.28 0.88 929.956
0.29 0.88 927.455
0.3 0.88 924.954
0.31 0.88 922.453
0.32 0.88 919.952
0.33 0.88 917.451
0.34 0.88 914.95
0.35 0.88 912.449
0.36 0.88 909.948
0.37 0.88 907.447
0.38 0.88 904.947
0.39 0.88 902.446
0.4 0.88 899.946
0.41 0.88 897.445
0.42 0.88 894.945
0.43 0.88 892.444
0.44 0.88 889.944
0.45 0.88 887.443
0.46 0.88 884.943
0.47 0.88 882.443
0.48 0.88 879.943
0.49 0.88 877.443
0.5 0.88 874.943
0.51 0.88 872.443
0.52 0.88 869.943
0.53 0.88 867.443
0.54 0.88 864.943
0.55 0.88 862.443
0.56 0.88 859.944
0.57 0.88 857.444
0.58 0.88 854.945
0.59 0.88 852.445
0.6 0.88 849.946
0.61 0.88 847.446
0.62 0.88 844.947
0.63 0.88 842.447
0.64 0.88 839.948
0.65 0.88 837.449
0.66 0.88 834.95
0.67 0.88 832.451
0.68 0.88 829.952
0.69 0.88 827.453
0.7 0.88 824.954
0.71 0.88 822.455
0.72 0.88 819.956
0.73 0.88 817.457
0.74 0.88 814.958
0.75 0.88 812.46
0.76 0.88 809.961
0.77 0.88 807.462
0.78 0.88 804.964
0.79 0.88 802.465
0.8 0.88 799.966
0.81 0.88 797.468
0.82 0.88 794.969
0.83 0.88 792.471
0.84 0.88 789.972
0.85 0.88 787.474
0.86 0.88 784.976
0.87 0.88 782.477
0.88 0.88 779.979
0.89 0.88 777.481
0.9 0.88 774.982
0.91 0.88 772.484
0.92 0.88 769.986
0.93 0.88 767.488
0.94 0.88 764.989
0.95 0.88 762.491
0.96 0.88 759.993
0.97 0.88 757.495
0.98 0.88 754.996
0.99 0.88 752.498
1 0.88 750
1.01 0.88 747.502
1.02 0.88 745.004
1.03 0.88 742.505
1.04 0.88 740.007
1.05 0.88 737.509
1.06 0.88 735.011
1.07 0.88 732.512
1.08 0.88 730.014
1.09 0.88 727.516
1.1 0.88 725.018
1.11 0.88 722.519
1.12 0.88 720.021
1.13 0.88 717.523
1.14 0.88 715.024
1.15 0.88 712.526
1.16 0.88 710.028
1.17 0.88 707.529
1.18 0.88 705.031
1.19 0.88 702.532
1.2 0.88 700.034
1.21 0.88 697.535
1.22 0.88 695.036
1.23 0.88 692.538
1.24 0.88 690.039
1.25 0.88 687.54
1.26 0.88 685.042
1.27 0.88 682.543
1.28 0.88 680.044
1.29 0.88 677.545
1.3 0.88 675.046
1.31 0.88 672.547
1.32 0.88 670.048
1.33 0.88 667.549
1.34 0.88 665.05
1.35 0.88 662.551
1.36 0.88 660.052
1.37 0.88 657.553
1.38 0.88 655.053
1.39 0.88 652.554
1.4 0.88 650.054
1.41 0.88 647.555
1.42 0.88 645.055
1.43 0.88 642.556
1.44 0.88 640.056
1.45 0.88 637.557
1.46 0.88 635.057
1.47 0.88 632.557
1.48 0.88 630.057
1.49 0.88 627.557
1.5 0.88 625.057
1.51 0.88 622.557
1.52 0.88 620.057
1.53 0.88 617.557
1.54 0.88 615.057
1.55 0.88 612.557
1.56 0.88 610.056
1.57 0.88 607.556
1.58 0.88 605.055
1.59 0.88 602.555
1.6 0.88 600.054
1.61 0.88 597.554
1.62 0.88 595.053
1.63 0.88 592.553
1.64 0.88 590.052
1.65 0.88 587.551
1.66 0.88 585.05
1.67 0.88 582.549
1.68 0.88 580.048
1.69 0.88 577.547
1.7 0.88 575.046
1.71 0.88 572.545
1.72 0.88 570.044
1.73 0.88 567.543
1.74 0.88 565.042
1.75 0.88 562.54
1.76 0.88 560.039
1.77 0.88 557.538
1.78 0.88 555.036
1.79 0.88 552.535
1.8 0.88 550.034
1.81 0.88 547.532
1.82 0.88 545.031
1.83 0.88 542.529
1.84 0.88 540.028
1.85 0.88 537.526
1.86 0.88 535.024
1.87 0.88 532.523
1.88 0.88 530.021
1.89 0.88 527.519
1.9 0.88 525.018
1.91 0.88 522.516
1.92 0.88 520.014
1.93 0.88 517.512
1.94 0.88 515.011
1.95 0.88 512.509
1.96 0.88 510.007
1.97 0.88 507.505
1.98 0.88 505.004
1.99 0.88 502.502
2 0.88 500

0 0.89 1000
0.01 0.89 997.498
0.02 0.89 994.996
0.03 0.89 992.495
0.04 0.89 989.993
0.05 0.89 987.491
0.06 0.89 984.989
0.07 0.89 982.488
0.08 0.89 979.986
0.09 0.89 977.484
0.1 0.89 974.982
0.11 0.89 972.481
0.12 0.89 969.979
0.13 0.89 967.477
0.14 0.89 964.976
0.15 0.89 962.474
0.16 0.89 959.972
0.17 0.89 957.471
0.18 0.89 954.969
0.19 0.89 952.468
0.2 0.89 949.966
0.21 0.89 947.465
0.22 0.89 944.964
0.23 0.89 942.462
0.24 0.89 939.961
0.25 0.89 937.46
0.26 0.89 934.958
0.27 0.89 932.457
0.28 0.89 929.956
0.29 0.89 927.455
0.3 0.89 924.954
0.31 0.89 922.453
0.32 0.89 919.952
0.33 0.89 917.451
0.34 0.89 914.95
0.35 0.89 912.449
0.36 0.89 909.948
0.37 0.89 907.447
0.38 0.89 904.947
0.39 0.89 902.446
0.4 0.89 899.946
0.41 0.89 897.445
0.42 0.89 894.945
0.43 0.89 892.444
0.44 0.89 889.944
0.45 0.89 887.443
0.46 0.89 884.943
0.47 0.89 882.443
0.48 0.89 879.943
0.49 0.89 877.443
0.5 0.89 874.943
0.51 0.89 872.443
0.52 0.89 869.943
0.53 0.89 867.443
0.54 0.89 864.943
0.55 0.89 862.443
0.56 0.89 859.944
0.57 0.89 857.444
0.58 0.89 854.945
0.59 0.89 852.445
0.6 0.89 849.946
0.61 0.89 847.446
0.62 0.89 844.947
0.63 0.89 842.447
0.64 0.89 839.948
0.65 0.89 837.449
0.66 0.89 834.95
0.67 0.89 832.451
0.68 0.89 829.952
0.69 0.89 827.453
0.7 0.89 824.954
0.71 0.89 822.455
0.72 0.89 819.956
0.73 0.89 817.457
0.74 0.89 814.958
0.75 0.89 812.46
0.76 0.89 809.961
0.77 0.89 807.462
0.78 0.89 804.964
0.79 0.89 802.465
0.8 0.89 799.966
0.81 0.89 797.468
0.82 0.89 794.969
0.83 0.89 792.471
0.84 0.89 789.972
0.85 0.89 787.474
0.86 0.89 784.976
0.87 0.89 782.477
0.88 0.89 779.979
0.89 0.89 777.481
0.9 0.89 774.982
0.91 0.89 772.484
0.92 0.89 769.986
0.93 0.89 767.488
0.94 0.89 764.989
0.95 0.89 762.491
0.96 0.89 759.993
0.97 0.89 757.495
0.98 0.89 754.996
0.99 0.89 752.498
1 0.89 750
1.01 0.89 747.502
1.02 0.89 745.004
1.03 0.89 742.505
1.04 0.89 740.007
1.05 0.89 737.509
1.06 0.89 735.011
1.07 0.89 732.512
1.08 0.89 730.014
1.09 0.89 727.516
1.1 0.89 725.018
1.11 0.89 722.519
1.12 0.89 720.021
1.13 0.89 717.523
1.14 0.89 715.024
1.15 0.89 712.526
1.16 0.89 710.028
1.17 0.89 707.529
1.18 0.89 705.031
1.19 0.89 702.532
1.2 0.89 700.034
1.21 0.89 697.535
1.22 0.89 695.036
1.23 0.89 692.538
1.24 0.89 690.039
1.25 0.89 687.54
1.26 0.89 685.042
1.27 0.89 682.543
1.28 0.89 680.044
1.29 0.89 677.545
1.3 0.89 675.046
1.31 0.89 672.547
1.32 0.89 670.048
1.33 0.89 667.549
1.34 0.89 665.05
1.35 0.89 662.551
1.36 0.89 660.052
1.37 0.89 657.553
1.38 0.89 655.053
1.39 0.89 652.554
1.4 0.89 650.054
1.41 0.89 647.555
1.42 0.89 645.055
1.43 0.89 642.556
1.44 0.89 640.056
1.45 0.89 637.557
1.46 0.89 635.057
1.47 0.89 632.557
1.48 0.89 630.057
1.49 0.89 627.557
1.5 0.89 625.057
1.51 0.89 622.557
1.52 0.89 620.057
1.53 0.89 617.557
1.54 0.89 615.057
1.55 0.89 612.557
1.56 0.89 610.056
1.57 0.89 607.556
1.58 0.89 605.055
1.59 0.89 602.555
1.6 0.89 600.054
1.61 0.89 597.554
1.62 0.89 595.053
1.63 0.89 592.553
1.64 0.89 590.052
1.65 0.89 587.551
1.66 0.89 585.05
1.67 0.89 582.549
1.68 0.89 580.048
1.69 0.89 577.547
1.7 0.89 575.046
1.71 0.89 572.545
1.72 0.89 570.044
1.73 0.89 567.543
1.74 0.89 565.042
1.75 0.89 562.54
1.76 0.89 560.039
1.77 0.89 557.538
1.78 0.89 555.036
1.79 0.89 552.535
1.8 0.89 550.034
1.81 0.89 547.532
1.82 0.89 545.031
1.83 0.89 542.529
1.84 0.89 540.028
1.85 0.89 537.526
1.86 0.89 535.024
1.87 0.89 532.523
1.88 0.89 530.021
1.89 0.89 527.519
1.9 0.89 525.018
1.91 0.89 522.516
1.92 0.89 520.014
1.93 0.89 517.512
1.94 0.89 515.011
1.95 0.89 512.509
1.96 0.89 510.007
1.97 0.89 507.505
1.98 0.89 505.004
1.99 0.89 502.502
2 0.89 500

0 0.9 1000
0.01 0.9 997.498
0.02 0.9 994.996
0.03 0.9 992.495
0.04 0.9 989.993
0.05 0.9 987.491
0.06 0.9 984.989
0.07 0.9 982.488
0.08 0.9 979.986
0.09 0.9 977.484
0.1 0.9 974.982
0.11 0.9 972.481
0.12 0.9 969.979
0.13 0.9 967.477
0.14 0.9 964.976
0.15 0.9 962.474
0.16 0.9 959.972
0.17 0.9 957.471
0.18 0.9 954.969
0.19 0.9 952.468
0.2 0.9 949.966
0.21 0.9 947.465
0.22 0.9 944.964
0.23 0.9 942.462
0.24 0.9 939.961
0.25 0.9 937.46
0.26 0.9 934.958
0.27 0.9 932.457
0.28 0.9 929.956
0.29 0.9 927.455
0.3 0.9 924.954
0.31 0.9 922.453
0.32 0.9 919.952
0.33 0.9 917.451
0.34 0.9 914.95
0.35 0.9 912.449
0.36 0.9 909.948
0.37 0.9 907.447
0.38 0.9 904.947
0.39 0.9 902.446
0.4 0.9 899.946
0.41 0.9 897.445
0.42 0.9 894.945
0.43 0.9 892.444
0.44 0.9 889.944
0.45 0.9 887.443
0.46 0.9 884.943
0.47 0.9 882.443
0.48 0.9 879.943
0.49 0.9 877.443
0.5 0.9 874.943
0.51 0.9 872.443
0.52 0.9 869.943
0.53 0.9 867.443
0.54 0.9 864.943
0.55 0.9 862.443
0.56 0.9 859.944
0.57 0.9 857.444
0.58 0.9 854.945
0.59 0.9 852.445
0.6 0.9 849.946
0.61 0.9 847.446
0.62 0.9 844.947
0.63 0.9 842.447
0.64 0.9 839.948
0.65 0.9 837.449
0.66 0.9 834.95
0.67 0.9 832.451
0.68 0.9 829.952
0.69 0.9 827.453
0.7 0.9 824.954
0.71 0.9 822.455
0.72 0.9 819.956
0.73 0.9 817.457
0.74 0.9 814.958
0.75 0.9 812.46
0.76 0.9 809.961
0.77 0.9 807.462
0.78 0.9 804.964
0.79 0.9 802.465
0.8 0.9 799.966
0.81 0.9 797.468
0.82 0.9 794.969
0.83 0.9 792.471
0.84 0.9 789.972
0.85 0.9 787.474
0.86 0.9 784.976
0.87 0.9 782.477
0.88 0.9 779.979
0.89 0.9 777.481
0.9 0.9 774.982
0.91 0.9 772.484
0.92 0.9 769.986
0.93 0.9 767.488
0.94 0.9 764.989
0.95 0.9 762.491
0.96 0.9 759.993
0.97 0.9 757.495
0.98 0.9 754.996
0.99 0.9 752.498
1 0.9 750
1.01 0.9 747.502
1.02 0.9 745.004
1.03 0.9 742.505
1.04 0.9 740.007
1.05 0.9 737.509
1.06 0.9 735.011
1.07 0.9 732.512
1.08 0.9 730.014
1.09 0.9 727.516
1.1 0.9 725.018
1.11 0.9 722.519
1.12 0.9 720.021
1.13 0.9 717.523
1.14 0.9 715.024
1.15 0.9 712.526
1.16 0.9 710.028
1.17 0.9 707.529
1.18 0.9 705.031
1.19 0.9 702.532
1.2 0.9 700.034
1.21 0.9 697.535
1.22 0.9 695.036
1.23 0.9 692.538
1.24 0.9 690.039
1.25 0.9 687.54
1.26 0.9 685.042
1.27 0.9 682.543
1.28 0.9 680.044
1.29 0.9 677.545
1.3 0.9 675.046
1.31 0.9 672.547
1.32 0.9 670.048
1.33 0.9 667.549
1.34 0.9 665.05
1.35 0.9 662.551
1.36 0.9 660.052
1.37 0.9 657.553
1.38 0.9 655.053
1.39 0.9 652.554
1.4 0.9 650.054
1.41 0.9 647.555
1.42 0.9 645.055
1.43 0.9 642.556
1.44 0.9 640.056
1.45 0.9 637.557
1.46 0.9 635.057
1.47 0.9 632.557
1.48 0.9 630.057
1.49 0.9 627.557
1.5 0.9 625.057
1.51 0.9 622.557
1.52 0.9 620.057
1.53 0.9 617.557
1.54 0.9 615.057
1.55 0.9 612.557
1.56 0.9 610.056
1.57 0.9 607.556
1.58 0.9 605.055
1.59 0.9 602.555
1.6 0.9 600.054
1.61 0.9 597.554
1.62 0.9 595.053
1.63 0.9 592.553
1.64 0.9 590.052
1.65 0.9 587.551
1.66 0.9 585.05
1.67 0.9 582.549
1.68 0.9 580.048
1.69 0.9 577.547
1.7 0.9 575.046
1.71 0.9 572.545
1.72 0.9 570.044
1.73 0.9 567.543
1.74 0.9 565.042
1.75 0.9 562.54
1.76 0.9 560.039
1.77 0.9 557.538
1.78 0.9 555.036
1.79 0.9 552.535
1.8 0.9 550.034
1.81 0.9 547.532
1.82 0.9 545.031
1.83 0.9 542.529
1.84 0.9 540.028
1.85 0.9 537.526
1.86 0.9 535.024
1.87 0.9 532.523
1.88 0.9 530.021
1.89 0.9 527.519
1.9 0.9 525.018
1.91 0.9 522.516
1.92 0.9 520.014
1.93 0.9 517.512
1.94 0.9 515.011
1.95 0.9 512.509
1.96 0.9 510.007
1.97 0.9 507.505
1.98 0.9 505.004
1.99 0.9 502.502
2 0.9 500

0 0.91 1000
0.01 0.91 997.498
0.02 0.91 994.996
0.03 0.91 992.495
0.04 0.91 989.993
0.05 0.91 987.491
0.06 0.91 984.989
0.07 0.91 982.488
0.08 0.91 979.986
0.09 0.91 977.484
0.1 0.91 974.982
0.11 0.91 972.481
0.12 0.91 969.979
0.13 0.91 967.477
0.14 0.91 964.976
0.15 0.91 962.474
0.16 0.91 959.972
0.17 0.91 957.471
0.18 0.91 954.969
0.19 0.91 952.468
0.2 0.91 949.966
0.21 0.91 947.465
0.22 0.91 944.964
0.23 0.91 942.462
0.24 0.91 939.961
0.25 0.91 937.46
0.26 0.91 934.958
0.27 0.91 932.457
0.28 0.91 929.956
0.29 0.91 927.455
0.3 0.91 924.954
0.31 0.91 922.453
0.32 0.91 919.952
0.33 0.91 917.451
0.34 0.91 914.95
0.35 0.91 912.449
0.36 0.91 909.948
0.37 0.91 907.447
0.38 0.91 904.947
0.39 0.91 902.446
0.4 0.91 899.946
0.41 0.91 897.445
0.42 0.91 894.945
0.43 0.91 892.444
0.44 0.91 889.944
0.45 0.91 887.443
0.46 0.91 884.943
0.47 0.91 882.443
0.48 0.91 879.943
0.49 0.91 877.443
0.5 0.91 874.943
0.51 0.91 872.443
0.52 0.91 869.943
0.53 0.91 867.443
0.54 0.91 864.943
0.55 0.91 862.443
0.56 0.91 859.944
0.57 0.91 857.444
0.58 0.91 854.945
0.59 0.91 852.445
0.6 0.91 849.946
0.61 0.91 847.446
0.62 0.91 844.947
0.63 0.91 842.447
0.64 0.91 839.948
0.65 0.91 837.449
0.66 0.91 834.95
0.67 0.91 832.451
0.68 0.91 829.952
0.69 0.91 827.453
0.7 0.91 824.954
0.71 0.91 822.455
0.72 0.91 819.956
0.73 0.91 817.457
0.74 0.91 814.958
0.75 0.91 812.46
0.76 0.91 809.961
0.77 0.91 807.462
0.78 0.91 804.964
0.79 0.91 802.465
0.8 0.91 799.966
0.81 0.91 797.468
0.82 0.91 794.969
0.83 0.91 792.471
0.84 0.91 789.972
0.85 0.91 787.474
0.86 0.91 784.976
0.87 0.91 782.477
0.88 0.91 779.979
0.89 0.91 777.481
0.9 0.91 774.982
0.91 0.91 772.484
0.92 0.91 769.986
0.93 0.91 767.488
0.94 0.91 764.989
0.95 0.91 762.491
0.96 0.91 759.993
0.97 0.91 757.495
0.98 0.91 754.996
0.99 0.91 752.498
1 0.91 750
1.01 0.91 747.502
1.02 0.91 745.004
1.03 0.91 742.505
1.04 0.91 740.007
1.05 0.91 737.509
1.06 0.91 735.011
1.07 0.91 732.512
1.08 0.91 730.014
1.09 0.91 727.516
1.1 0.91 725.018
1.11 0.91 722.519
1.12 0.91 720.021
1.13 0.91 717.523
1.14 0.91 715.024
1.15 0.91 712.526
1.16 0.91 710.028
1.17 0.91 707.529
1.18 0.91 705.031
1.19 0.91 702.532
1.2 0.91 700.034
1.21 0.91 697.535
1.22 0.91 695.036
1.23 0.91 692.538
1.24 0.91 690.039
1.25 0.91 687.54
1.26 0.91 685.042
1.27 0.91 682.543
1.28 0.91 680.044
1.29 0.91 677.545
1.3 0.91 675.046
1.31 0.91 672.547
1.32 0.91 670.048
1.33 0.91 667.549
1.34 0.91 665.05
1.35 0.91 662.551
1.36 0.91 660.052
1.37 0.91 657.553
1.38 0.91 655.053
1.39 0.91 652.554
1.4 0.91 650.054
1.41 0.91 647.555
1.42 0.91 645.055
1.43 0.91 642.556
1.44 0.91 640.056
1.45 0.91 637.557
1.46 0.91 635.057
1.47 0.91 632.557
1.48 0.91 630.057
1.49 0.91 627.557
1.5 0.91 625.057
1.51 0.91 622.557
1.52 0.91 620.057
1.53 0.91 617.557
1.54 0.91 615.057
1.55 0.91 612.557
1.56 0.91 610.056
1.57 0.91 607.556
1.58 0.91 605.055
1.59 0.91 602.555
1.6 0.91 600.054
1.61 0.91 597.554
1.62 0.91 595.053
1.63 0.91 592.553
1.64 0.91 590.052
1.65 0.91 587.551
1.66 0.91 585.05
1.67 0.91 582.549
1.68 0.91 580.048
1.69 0.91 577.547
1.7 0.91 575.046
1.71 0.91 572.545
1.72 0.91 570.044
1.73 0.91 567.543
1.74 0.91 565.042
1.75 0.91 562.54
1.76 0.91 560.039
1.77 0.91 557.538
1.78 0.91 555.036
1.79 0.91 552.535
1.8 0.91 550.034
1.81 0.91 547.532
1.82 0.91 545.031
1.83 0.91 542.529
1.84 0.91 540.028
1.85 0.91 537.526
1.86 0.91 535.024
1.87 0.91 532.523
1.88 0.91 530.021
1.89 0.91 527.519
1.9 0.91 525.018
1.91 0.91 522.516
1.92 0.91 520.014
1.93 0.91 517.512
1.94 0.91 515.011
1.95 0.91 512.509
1.96 0.91 510.007
1.97 0.91 507.505
1.98 0.91 505.004
1.99 0.91 502.502
2 0.91 500

0 0.92 1000
0.01 0.92 997.498
0.02 0.92 994.996
0.03 0.92 992.495
0.04 0.92 989.993
0.05 0.92 987.491
0.06 0.92 984.989
0.07 0.92 982.488
0.08 0.92 979.986
0.09 0.92 977.484
0.1 0.92 974.982
0.11 0.92 972.481
0.12 0.92 969.979
0.13 0.92 967.477
0.14 0.92 964.976
0.15 0.92 962.474
0.16 0.92 959.972
0.17 0.92 957.471
0.18 0.92 954.969
0.19 0.92 952.468
0.2 0.92 949.966
0.21 0.92 947.465
0.22 0.92 944.964
0.23 0.92 942.462
0.24 0.92 939.961
0.25 0.92 937.46
0.26 0.92 934.958
0.27 0.92 932.457
0.28 0.92 929.956
0.29 0.92 927.455
0.3 0.92 924.954
0.31 0.92 922.453
0.32 0.92 919.952
0.33 0.92 917.451
0.34 0.92 914.95
0.35 0.92 912.449
0.36 0.92 909.948
0.37 0.92 907.447
0.38 0.92 904.947
0.39 0.92 902.446
0.4 0.92 899.946
0.41 0.92 897.445
0.42 0.92 894.945
0.43 0.92 892.444
0.44 0.92 889.944
0.45 0.92 887.443
0.46 0.92 884.943
0.47 0.92 882.443
0.48 0.92 879.943
0.49 0.92 877.443
0.5 0.92 874.943
0.51 0.92 872.443
0.52 0.92 869.943
0.53 0.92 867.443
0.54 0.92 864.943
0.55 0.92 862.443
0.56 0.92 859.944
0.57 0.92 857.444
0.58 0.92 854.945
0.59 0.92 852.445
0.6 0.92 849.946
0.61 0.92 847.446
0.62 0.92 844.947
0.63 0.92 842.447
0.64 0.92 839.948
0.65 0.92 837.449
0.66 0.92 834.95
0.67 0.92 832.451
0.68 0.92 829.952
0.69 0.92 827.453
0.7 0.92 824.954
0.71 0.92 822.455
0.72 0.92 819.956
0.73 0.92 817.457
0.74 0.92 814.958
0.75 0.92 812.46
0.76 0.92 809.961
0.77 0.92 807.462
0.78 0.92 804.964
0.79 0.92 802.465
0.8 0.92 799.966
0.81 0.92 797.468
0.82 0.92 794.969
0.83 0.92 792.471
0.84 0.92 789.972
0.85 0.92 787.474
0.86 0.92 784.976
0.87 0.92 782.477
0.88 0.92 779.979
0.89 0.92 777.481
0.9 0.92 774.982
0.91 0.92 772.484
0.92 0.92 769.986
0.93 0.92 767.488
0.94 0.92 764.989
0.95 0.92 762.491
0.96 0.92 759.993
0.97 0.92 757.495
0.98 0.92 754.996
0.99 0.92 752.498
1 0.92 750
1.01 0.92 747.502
1.02 0.92 745.004
1.03 0.92 742.505
1.04 0.92 740.007
1.05 0.92 737.509
1.06 0.92 735.011
1.07 0.92 732.512
1.08 0.92 730.014
1.09 0.92 727.516
1.1 0.92 725.018
1.11 0.92 722.519
1.12 0.92 720.021
1.13 0.92 717.523
1.14 0.92 715.024
1.15 0.92 712.526
1.16 0.92 710.028
1.17 0.92 707.529
1.18 0.92 705.031
1.19 0.92 702.532
1.2 0.92 700.034
1.21 0.92 697.535
1.22 0.92 695.036
1.23 0.92 692.538
1.24 0.92 690.039
1.25 0.92 687.54
1.26 0.92 685.042
1.27 0.92 682.543
1.28 0.92 680.044
1.29 0.92 677.545
1.3 0.92 675.046
1.31 0.92 672.547
1.32 0.92 670.048
1.33 0.92 667.549
1.34 0.92 665.05
1.35 0.92 662.551
1.36 0.92 660.052
1.37 0.92 657.553
1.38 0.92 655.053
1.39 0.92 652.554
1.4 0.92 650.054
1.41 0.92 647.555
1.42 0.92 645.055
1.43 0.92 642.556
1.44 0.92 640.056
1.45 0.92 637.557
1.46 0.92 635.057
1.47 0.92 632.557
1.48 0.92 630.057
1.49 0.92 627.557
1.5 0.92 625.057
1.51 0.92 622.557
1.52 0.92 620.057
1.53 0.92 617.557
1.54 0.92 615.057
1.55 0.92 612.557
1.56 0.92 610.056
1.57 0.92 607.556
1.58 0.92 605.055
1.59 0.92 602.555
1.6 0.92 600.054
1.61 0.92 597.554
1.62 0.92 595.053
1.63 0.92 592.553
1.64 0.92 590.052
1.65 0.92 587.551
1.66 0.92 585.05
1.67 0.92 582.549
1.68 0.92 580.048
1.69 0.92 577.547
1.7 0.92 575.046
1.71 0.92 572.545
1.72 0.92 570.044
1.73 0.92 567.543
1.74 0.92 565.042
1.75 0.92 562.54
1.76 0.92 560.039
1.77 0.92 557.538
1.78 0.92 555.036
1.79 0.92 552.535
1.8 0.92 550.034
1.81 0.92 547.532
1.82 0.92 545.031
1.83 0.92 542.529
1.84 0.92 540.028
1.85 0.92 537.526
1.86 0.92 535.024
1.87 0.92 532.523
1.88 0.92 530.021
1.89 0.92 527.519
1.9 0.92 525.018
1.91 0.92 522.516
1.92 0.92 520.014
1.93 0.92 517.512
1.94 0.92 515.011
1.95 0.92 512.509
1.96 0.92 510.007
1.97 0.92 507.505
1.98 0.92 505.004
1.99 0.92 502.502
2 0.92 500

0 0.93 1000
0.01 0.93 997.498
0.02 0.93 994.996
0.03 0.93 992.495
0.04 0.93 989.993
0.05 0.93 987.491
0.06 0.93 984.989
0.07 0.93 982.488
0.08 0.93 979.986
0.09 0.93 977.484
0.1 0.93 974.982
0.11 0.93 972.481
0.12 0.93 969.979
0.13 0.93 967.477
0.14 0.93 964.976
0.15 0.93 962.474
0.16 0.93 959.972
0.17 0.93 957.471
0.18 0.93 954.969
0.19 0.93 952.468
0.2 0.93 949.966
0.21 0.93 947.465
0.22 0.93 944.964
0.23 0.93 942.462
0.24 0.93 939.961
0.25 0.93 937.46
0.26 0.93 934.958
0.27 0.93 932.457
0.28 0.93 929.956
0.29 0.93 927.455
0.3 0.93 924.954
0.31 0.93 922.453
0.32 0.93 919.952
0.33 0.93 917.451
0.34 0.93 914.95
0.35 0.93 912.449
0.36 0.93 909.948
0.37 0.93 907.447
0.38 0.93 904.947
0.39 0.93 902.446
0.4 0.93 899.946
0.41 0.93 897.445
0.42 0.93 894.945
0.43 0.93 892.444
0.44 0.93 889.944
0.45 0.93 887.443
0.46 0.93 884.943
0.47 0.93 882.443
0.48 0.93 879.943
0.49 0.93 877.443
0.5 0.93 874.943
0.51 0.93 872.443
0.52 0.93 869.943
0.53 0.93 867.443
0.54 0.93 864.943
0.55 0.93 862.443
0.56 0.93 859.944
0.57 0.93 857.444
0.58 0.93 854.945
0.59 0.93 852.445
0.6 0.93 849.946
0.61 0.93 847.446
0.62 0.93 844.947
0.63 0.93 842.447
0.64 0.93 839.948
0.65 0.93 837.449
0.66 0.93 834.95
0.67 0.93 832.451
0.68 0.93 829.952
0.69 0.93 827.453
0.7 0.93 824.954
0.71 0.93 822.455
0.72 0.93 819.956
0.73 0.93 817.457
0.74 0.93 814.958
0.75 0.93 812.46
0.76 0.93 809.961
0.77 0.93 807.462
0.78 0.93 804.964
0.79 0.93 802.465
0.8 0.93 799.966
0.81 0.93 797.468
0.82 0.93 794.969
0.83 0.93 792.471
0.84 0.93 789.972
0.85 0.93 787.474
0.86 0.93 784.976
0.87 0.93 782.477
0.88 0.93 779.979
0.89 0.93 777.481
0.9 0.93 774.982
0.91 0.93 772.484
0.92 0.93 769.986
0.93 0.93 767.488
0.94 0.93 764.989
0.95 0.93 762.491
0.96 0.93 759.993
0.97 0.93 757.495
0.98 0.93 754.996
0.99 0.93 752.498
1 0.93 750
1.01 0.93 747.502
1.02 0.93 745.004
1.03 0.93 742.505
1.04 0.93 740.007
1.05 0.93 737.509
1.06 0.93 735.011
1.07 0.93 732.512
1.08 0.93 730.014
1.09 0.93 727.516
1.1 0.93 725.018
1.11 0.93 722.519
1.12 0.93 720.021
1.13 0.93 717.523
1.14 0.93 715.024
1.15 0.93 712.526
1.16 0.93 710.028
1.17 0.93 707.529
1.18 0.93 705.031
1.19 0.93 702.532
1.2 0.93 700.034
1.21 0.93 697.535
1.22 0.93 695.036
1.23 0.93 692.538
1.24 0.93 690.039
1.25 0.93 687.54
1.26 0.93 685.042
1.27 0.93 682.543
1.28 0.93 680.044
1.29 0.93 677.545
1.3 0.93 675.046
1.31 0.93 672.547
1.32 0.93 670.048
1.33 0.93 667.549
1.34 0.93 665.05
1.35 0.93 662.551
1.36 0.93 660.052
1.37 0.93 657.553
1.38 0.93 655.053
1.39 0.93 652.554
1.4 0.93 650.054
1.41 0.93 647.555
1.42 0.93 645.055
1.43 0.93 642.556
1.44 0.93 640.056
1.45 0.93 637.557
1.46 0.93 635.057
1.47 0.93 632.557
1.48 0.93 630.057
1.49 0.93 627.557
1.5 0.93 625.057
1.51 0.93 622.557
1.52 0.93 620.057
1.53 0.93 617.557
1.54 0.93 615.057
1.55 0.93 612.557
1.56 0.93 610.056
1.57 0.93 607.556
1.58 0.93 605.055
1.59 0.93 602.555
1.6 0.93 600.054
1.61 0.93 597.554
1.62 0.93 595.053
1.63 0.93 592.553
1.64 0.93 590.052
1.65 0.93 587.551
1.66 0.93 585.05
1.67 0.93 582.549
1.68 0.93 580.048
1.69 0.93 577.547
1.7 0.93 575.046
1.71 0.93 572.545
1.72 0.93 570.044
1.73 0.93 567.543
1.74 0.93 565.042
1.75 0.93 562.54
1.76 0.93 560.039
1.77 0.93 557.538
1.78 0.93 555.036
1.79 0.93 552.535
1.8 0.93 550.034
1.81 0.93 547.532
1.82 0.93 545.031
1.83 0.93 542.529
1.84 0.93 540.028
1.85 0.93 537.526
1.86 0.93 535.024
1.87 0.93 532.523
1.88 0.93 530.021
1.89 0.93 527.519
1.9 0.93 525.018
1.91 0.93 522.516
1.92 0.93 520.014
1.93 0.93 517.512
1.94 0.93 515.011
1.95 0.93 512.509
1.96 0.93 510.007
1.97 0.93 507.505
1.98 0.93 505.004
1.99 0.93 502.502
2 0.93 500

0 0.94 1000
0.01 0.94 997.498
0.02 0.94 994.996
0.03 0.94 992.495
0.04 0.94 989.993
0.05 0.94 987.491
0.06 0.94 984.989
0.07 0.94 982.488
0.08 0.94 979.986
0.09 0.94 977.484
0.1 0.94 974.982
0.11 0.94 972.481
0.12 0.94 969.979
0.13 0.94 967.477
0.14 0.94 964.976
0.15 0.94 962.474
0.16 0.94 959.972
0.17 0.94 957.471
0.18 0.94 954.969
0.19 0.94 952.468
0.2 0.94 949.966
0.21 0.94 947.465
0.22 0.94 944.964
0.23 0.94 942.462
0.24 0.94 939.961
0.25 0.94 937.46
0.26 0.94 934.958
0.27 0.94 932.457
0.28 0.94 929.956
0.29 0.94 927.455
0.3 0.94 924.954
0.31 0.94 922.453
0.32 0.94 919.952
0.33 0.94 917.451
0.34 0.94 914.95
0.35 0.94 912.449
0.36 0.94 909.948
0.37 0.94 907.447
0.38 0.94 904.947
0.39 0.94 902.446
0.4 0.94 899.946
0.41 0.94 897.445
0.42 0.94 894.945
0.43 0.94 892.444
0.44 0.94 889.944
0.45 0.94 887.443
0.46 0.94 884.943
0.47 0.94 882.443
0.48 0.94 879.943
0.49 0.94 877.443
0.5 0.94 874.943
0.51 0.94 872.443
0.52 0.94 869.943
0.53 0.94 867.443
0.54 0.94 864.943
0.55 0.94 862.443
0.56 0.94 859.944
0.57 0.94 857.444
0.58 0.94 854.945
0.59 0.94 852.445
0.6 0.94 849.946
0.61 0.94 847.446
0.62 0.94 844.947
0.63 0.94 842.447
0.64 0.94 839.948
0.65 0.94 837.449
0.66 0.94 834.95
0.67 0.94 832.451
0.68 0.94 829.952
0.69 0.94 827.453
0.7 0.94 824.954
0.71 0.94 822.455
0.72 0.94 819.956
0.73 0.94 817.457
0.74 0.94 814.958
0.75 0.94 812.46
0.76 0.94 809.961
0.77 0.94 807.462
0.78 0.94 804.964
0.79 0.94 802.465
0.8 0.94 799.966
0.81 0.94 797.468
0.82 0.94 794.969
0.83 0.94 792.471
0.84 0.94 789.972
0.85 0.94 787.474
0.86 0.94 784.976
0.87 0.94 782.477
0.88 0.94 779.979
0.89 0.94 777.481
0.9 0.94 774.982
0.91 0.94 772.484
0.92 0.94 769.986
0.93 0.94 767.488
0.94 0.94 764.989
0.95 0.94 762.491
0.96 0.94 759.993
0.97 0.94 757.495
0.98 0.94 754.996
0.99 0.94 752.498
1 0.94 750
1.01 0.94 747.502
1.02 0.94 745.004
1.03 0.94 742.505
1.04 0.94 740.007
1.05 0.94 737.509
1.06 0.94 735.011
1.07 0.94 732.512
1.08 0.94 730.014
1.09 0.94 727.516
1.1 0.94 725.018
1.11 0.94 722.519
1.12 0.94 720.021
1.13 0.94 717.523
1.14 0.94 715.024
1.15 0.94 712.526
1.16 0.94 710.028
1.17 0.94 707.529
1.18 0.94 705.031
1.19 0.94 702.532
1.2 0.94 700.034
1.21 0.94 697.535
1.22 0.94 695.036
1.23 0.94 692.538
1.24 0.94 690.039
1.25 0.94 687.54
1.26 0.94 685.042
1.27 0.94 682.543
1.28 0.94 680.044
1.29 0.94 677.545
1.3 0.94 675.046
1.31 0.94 672.547
1.32 0.94 670.048
1.33 0.94 667.549
1.34 0.94 665.05
1.35 0.94 662.551
1.36 0.94 660.052
1.37 0.94 657.553
1.38 0.94 655.053
1.39 0.94 652.554
1.4 0.94 650.054
1.41 0.94 647.555
1.42 0.94 645.055
1.43 0.94 642.556
1.44 0.94 640.056
1.45 0.94 637.557
1.46 0.94 635.057
1.47 0.94 632.557
1.48 0.94 630.057
1.49 0.94 627.557
1.5 0.94 625.057
1.51 0.94 622.557
1.52 0.94 620.057
1.53 0.94 617.557
1.54 0.94 615.057
1.55 0.94 612.557
1.56 0.94 610.056
1.57 0.94 607.556
1.58 0.94 605.055
1.59 0.94 602.555
1.6 0.94 600.054
1.61 0.94 597.554
1.62 0.94 595.053
1.63 0.94 592.553
1.64 0.94 590.052
1.65 0.94 587.551
1.66 0.94 585.05
1.67 0.94 582.549
1.68 0.94 580.048
1.69 0.94 577.547
1.7 0.94 575.046
1.71 0.94 572.545
1.72 0.94 570.044
1.73 0.94 567.543
1.74 0.94 565.042
1.75 0.94 562.54
1.76 0.94 560.039
1.77 0.94 557.538
1.78 0.94 555.036
1.79 0.94 552.535
1.8 0.94 550.034
1.81 0.94 547.532
1.82 0.94 545.031
1.83 0.94 542.529
1.84 0.94 540.028
1.85 0.94 537.526
1.86 0.94 535.024
1.87 0.94 532.523
1.88 0.94 530.021
1.89 0.94 527.519
1.9 0.94 525.018
1.91 0.94 522.516
1.92 0.94 520.014
1.93 0.94 517.512
1.94 0.94 515.011
1.95 0.94 512.509
1.96 0.94 510.007
1.97 0.94 507.505
1.98 0.94 505.004
1.99 0.94 502.502
2 0.94 500

0 0.95 1000
0.01 0.95 997.498
0.02 0.95 994.996
0.03 0.95 992.495
0.04 0.95 989.993
0.05 0.95 987.491
0.06 0.95 984.989
0.07 0.95 982.488
0.08 0.95 979.986
0.09 0.95 977.484
0.1 0.95 974.982
0.11 0.95 972.481
0.12 0.95 969.979
0.13 0.95 967.477
0.14 0.95 964.976
0.15 0.95 962.474
0.16 0.95 959.972
0.17 0.95 957.471
0.18 0.95 954.969
0.19 0.95 952.468
0.2 0.95 949.966
0.21 0.95 947.465
0.22 0.95 944.964
0.23 0.95 942.462
0.24 0.95 939.961
0.25 0.95 937.46
0.26 0.95 934.958
0.27 0.95 932.457
0.28 0.95 929.956
0.29 0.95 927.455
0.3 0.95 924.954
0.31 0.95 922.453
0.32 0.95 919.952
0.33 0.95 917.451
0.34 0.95 914.95
0.35 0.95 912.449
0.36 0.95 909.948
0.37 0.95 907.447
0.38 0.95 904.947
0.39 0.95 902.446
0.4 0.95 899.946
0.41 0.95 897.445
0.42 0.95 894.945
0.43 0.95 892.444
0.44 0.95 889.944
0.45 0.95 887.443
0.46 0.95 884.943
0.47 0.95 882.443
0.48 0.95 879.943
0.49 0.95 877.443
0.5 0.95 874.943
0.51 0.95 872.443
0.52 0.95 869.943
0.53 0.95 867.443
0.54 0.95 864.943
0.55 0.95 862.443
0.56 0.95 859.944
0.57 0.95 857.444
0.58 0.95 854.945
0.59 0.95 852.445
0.6 0.95 849.946
0.61 0.95 847.446
0.62 0.95 844.947
0.63 0.95 842.447
0.64 0.95 839.948
0.65 0.95 837.449
0.66 0.95 834.95
0.67 0.95 832.451
0.68 0.95 829.952
0.69 0.95 827.453
0.7 0.95 824.954
0.71 0.95 822.455
0.72 0.95 819.956
0.73 0.95 817.457
0.74 0.95 814.958
0.75 0.95 812.46
0.76 0.95 809.961
0.77 0.95 807.462
0.78 0.95 804.964
0.79 0.95 802.465
0.8 0.95 799.966
0.81 0.95 797.468
0.82 0.95 794.969
0.83 0.95 792.471
0.84 0.95 789.972
0.85 0.95 787.474
0.86 0.95 784.976
0.87 0.95 782.477
0.88 0.95 779.979
0.89 0.95 777.481
0.9 0.95 774.982
0.91 0.95 772.484
0.92 0.95 769.986
0.93 0.95 767.488
0.94 0.95 764.989
0.95 0.95 762.491
0.96 0.95 759.993
0.97 0.95 757.495
0.98 0.95 754.996
0.99 0.95 752.498
1 0.95 750
1.01 0.95 747.502
1.02 0.95 745.004
1.03 0.95 742.505
1.04 0.95 740.007
1.05 0.95 737.509
1.06 0.95 735.011
1.07 0.95 732.512
1.08 0.95 730.014
1.09 0.95 727.516
1.1 0.95 725.018
1.11 0.95 722.519
1.12 0.95 720.021
1.13 0.95 717.523
1.14 0.95 715.024
1.15 0.95 712.526
1.16 0.95 710.028
1.17 0.95 707.529
1.18 0.95 705.031
1.19 0.95 702.532
1.2 0.95 700.034
1.21 0.95 697.535
1.22 0.95 695.036
1.23 0.95 692.538
1.24 0.95 690.039
1.25 0.95 687.54
1.26 0.95 685.042
1.27 0.95 682.543
1.28 0.95 680.044
1.29 0.95 677.545
1.3 0.95 675.046
1.31 0.95 672.547
1.32 0.95 670.048
1.33 0.95 667.549
1.34 0.95 665.05
1.35 0.95 662.551
1.36 0.95 660.052
1.37 0.95 657.553
1.38 0.95 655.053
1.39 0.95 652.554
1.4 0.95 650.054
1.41 0.95 647.555
1.42 0.95 645.055
1.43 0.95 642.556
1.44 0.95 640.056
1.45 0.95 637.557
1.46 0.95 635.057
1.47 0.95 632.557
1.48 0.95 630.057
1.49 0.95 627.557
1.5 0.95 625.057
1.51 0.95 622.557
1.52 0.95 620.057
1.53 0.95 617.557
1.54 0.95 615.057
1.55 0.95 612.557
1.56 0.95 610.056
1.57 0.95 607.556
1.58 0.95 605.055
1.59 0.95 602.555
1.6 0.95 600.054
1.61 0.95 597.554
1.62 0.95 595.053
1.63 0.95 592.553
1.64 0.95 590.052
1.65 0.95 587.551
1.66 0.95 585.05
1.67 0.95 582.549
1.68 0.95 580.048
1.69 0.95 577.547
1.7 0.95 575.046
1.71 0.95 572.545
1.72 0.95 570.044
1.73 0.95 567.543
1.74 0.95 565.042
1.75 0.95 562.54
1.76 0.95 560.039
1.77 0.95 557.538
1.78 0.95 555.036
1.79 0.95 552.535
1.8 0.95 550.034
1.81 0.95 547.532
1.82 0.95 545.031
1.83 0.95 542.529
1.84 0.95 540.028
1.85 0.95 537.526
1.86 0.95 535.024
1.87 0.95 532.523
1.88 0.95 530.021
1.89 0.95 527.519
1.9 0.95 525.018
1.91 0.95 522.516
1.92 0.95 520.014
1.93 0.95 517.512
1.94 0.95 515.011
1.95 0.95 512.509
1.96 0.95 510.007
1.97 0.95 507.505
1.98 0.95 505.004
1.99 0.95 502.502
2 0.95 500

0 0.96 1000
0.01 0.96 997.498
0.02 0.96 994.996
0.03 0.96 992.495
0.04 0.96 989.993
0.05 0.96 987.491
0.06 0.96 984.989
0.07 0.96 982.488
0.08 0.96 979.986
0.09 0.96 977.484
0.1 0.96 974.982
0.11 0.96 972.481
0.12 0.96 969.979
0.13 0.96 967.477
0.14 0.96 964.976
0.15 0.96 962.474
0.16 0.96 959.972
0.17 0.96 957.471
0.18 0.96 954.969
0.19 0.96 952.468
0.2 0.96 949.966
0.21 0.96 947.465
0.22 0.96 944.964
0.23 0.96 942.462
0.24 0.96 939.961
0.25 0.96 937.46
0.26 0.96 934.958
0.27 0.96 932.457
0.28 0.96 929.956
0.29 0.96 927.455
0.3 0.96 924.954
0.31 0.96 922.453
0.32 0.96 919.952
0.33 0.96 917.451
0.34 0.96 914.95
0.35 0.96 912.449
0.36 0.96 909.948
0.37 0.96 907.447
0.38 0.96 904.947
0.39 0.96 902.446
0.4 0.96 899.946
0.41 0.96 897.445
0.42 0.96 894.945
0.43 0.96 892.444
0.44 0.96 889.944
0.45 0.96 887.443
0.46 0.96 884.943
0.47 0.96 882.443
0.48 0.96 879.943
0.49 0.96 877.443
0.5 0.96 874.943
0.51 0.96 872.443
0.52 0.96 869.943
0.53 0.96 867.443
0.54 0.96 864.943
0.55 0.96 862.443
0.56 0.96 859.944
0.57 0.96 857.444
0.58 0.96 854.945
0.59 0.96 852.445
0.6 0.96 849.946
0.61 0.96 847.446
0.62 0.96 844.947
0.63 0.96 842.447
0.64 0.96 839.948
0.65 0.96 837.449
0.66 0.96 834.95
0.67 0.96 832.451
0.68 0.96 829.952
0.69 0.96 827.453
0.7 0.96 824.954
0.71 0.96 822.455
0.72 0.96 819.956
0.73 0.96 817.457
0.74 0.96 814.958
0.75 0.96 812.46
0.76 0.96 809.961
0.77 0.96 807.462
0.78 0.96 804.964
0.79 0.96 802.465
0.8 0.96 799.966
0.81 0.96 797.468
0.82 0.96 794.969
0.83 0.96 792.471
0.84 0.96 789.972
0.85 0.96 787.474
0.86 0.96 784.976
0.87 0.96 782.477
0.88 0.96 779.979
0.89 0.96 777.481
0.9 0.96 774.982
0.91 0.96 772.484
0.92 0.96 769.986
0.93 0.96 767.488
0.94 0.96 764.989
0.95 0.96 762.491
0.96 0.96 759.993
0.97 0.96 757.495
0.98 0.96 754.996
0.99 0.96 752.498
1 0.96 750
1.01 0.96 747.502
1.02 0.96 745.004
1.03 0.96 742.505
1.04 0.96 740.007
1.05 0.96 737.509
1.06 0.96 735.011
1.07 0.96 732.512
1.08 0.96 730.014
1.09 0.96 727.516
1.1 0.96 725.018
1.11 0.96 722.519
1.12 0.96 720.021
1.13 0.96 717.523
1.14 0.96 715.024
1.15 0.96 712.526
1.16 0.96 710.028
1.17 0.96 707.529
1.18 0.96 705.031
1.19 0.96 702.532
1.2 0.96 700.034
1.21 0.96 697.535
1.22 0.96 695.036
1.23 0.96 692.538
1.24 0.96 690.039
1.25 0.96 687.54
1.26 0.96 685.042
1.27 0.96 682.543
1.28 0.96 680.044
1.29 0.96 677.545
1.3 0.96 675.046
1.31 0.96 672.547
1.32 0.96 670.048
1.33 0.96 667.549
1.34 0.96 665.05
1.35 0.96 662.551
1.36 0.96 660.052
1.37 0.96 657.553
1.38 0.96 655.053
1.39 0.96 652.554
1.4 0.96 650.054
1.41 0.96 647.555
1.42 0.96 645.055
1.43 0.96 642.556
1.44 0.96 640.056
1.45 0.96 637.557
1.46 0.96 635.057
1.47 0.96 632.557
1.48 0.96 630.057
1.49 0.96 627.557
1.5 0.96 625.057
1.51 0.96 622.557
1.52 0.96 620.057
1.53 0.96 617.557
1.54 0.96 615.057
1.55 0.96 612.557
1.56 0.96 610.056
1.57 0.96 607.556
1.58 0.96 605.055
1.59 0.96 602.555
1.6 0.96 600.054
1.61 0.96 597.554
1.62 0.96 595.053
1.63 0.96 592.553
1.64 0.96 590.052
1.65 0.96 587.551
1.66 0.96 585.05
1.67 0.96 582.549
1.68 0.96 580.048
1.69 0.96 577.547
1.7 0.96 575.046
1.71 0.96 572.545
1.72 0.96 570.044
1.73 0.96 567.543
1.74 0.96 565.042
1.75 0.96 562.54
1.76 0.96 560.039
1.77 0.96 557.538
1.78 0.96 555.036
1.79 0.96 552.535
1.8 0.96 550.034
1.81 0.96 547.532
1.82 0.96 545.031
1.83 0.96 542.529
1.84 0.96 540.028
1.85 0.96 537.526
1.86 0.96 535.024
1.87 0.96 532.523
1.88 0.96 530.021
1.89 0.96 527.519
1.9 0.96 525.018
1.91 0.96 522.516
1.92 0.96 520.014
1.93 0.96 517.512
1.94 0.96 515.011
1.95 0.96 512.509
1.96 0.96 510.007
1.97 0.96 507.505
1.98 0.96 505.004
1.99 0.96 502.502
2 0.96 500

0 0.97 1000
0.01 0.97 997.498
0.02 0.97 994.996
0.03 0.97 992.495
0.04 0.97 989.993
0.05 0.97 987.491
0.06 0.97 984.989
0.07 0.97 982.488
0.08 0.97 979.986
0.09 0.97 977.484
0.1 0.97 974.982
0.11 0.97 972.481
0.12 0.97 969.979
0.13 0.97 967.477
0.14 0.97 964.976
0.15 0.97 962.474
0.16 0.97 959.972
0.17 0.97 957.471
0.18 0.97 954.969
0.19 0.97 952.468
0.2 0.97 949.966
0.21 0.97 947.465
0.22 0.97 944.964
0.23 0.97 942.462
0.24 0.97 939.961
0.25 0.97 937.46
0.26 0.97 934.958
0.27 0.97 932.457
0.28 0.97 929.956
0.29 0.97 927.455
0.3 0.97 924.954
0.31 0.97 922.453
0.32 0.97 919.952
0.33 0.97 917.451
0.34 0.97 914.95
0.35 0.97 912.449
0.36 0.97 909.948
0.37 0.97 907.447
0.38 0.97 904.947
0.39 0.97 902.446
0.4 0.97 899.946
0.41 0.97 897.445
0.42 0.97 894.945
0.43 0.97 892.444
0.44 0.97 889.944
0.45 0.97 887.443
0.46 0.97 884.943
0.47 0.97 882.443
0.48 0.97 879.943
0.49 0.97 877.443
0.5 0.97 874.943
0.51 0.97 872.443
0.52 0.97 869.943
0.53 0.97 867.443
0.54 0.97 864.943
0.55 0.97 862.443
0.56 0.97 859.944
0.57 0.97 857.444
0.58 0.97 854.945
0.59 0.97 852.445
0.6 0.97 849.946
0.61 0.97 847.446
0.62 0.97 844.947
0.63 0.97 842.447
0.64 0.97 839.948
0.65 0.97 837.449
0.66 0.97 834.95
0.67 0.97 832.451
0.68 0.97 829.952
0.69 0.97 827.453
0.7 0.97 824.954
0.71 0.97 822.455
0.72 0.97 819.956
0.73 0.97 817.457
0.74 0.97 814.958
0.75 0.97 812.46
0.76 0.97 809.961
0.77 0.97 807.462
0.78 0.97 804.964
0.79 0.97 802.465
0.8 0.97 799.966
0.81 0.97 797.468
0.82 0.97 794.969
0.83 0.97 792.471
0.84 0.97 789.972
0.85 0.97 787.474
0.86 0.97 784.976
0.87 0.97 782.477
0.88 0.97 779.979
0.89 0.97 777.481
0.9 0.97 774.982
0.91 0.97 772.484
0.92 0.97 769.986
0.93 0.97 767.488
0.94 0.97 764.989
0.95 0.97 762.491
0.96 0.97 759.993
0.97 0.97 757.495
0.98 0.97 754.996
0.99 0.97 752.498
1 0.97 750
1.01 0.97 747.502
1.02 0.97 745.004
1.03 0.97 742.505
1.04 0.97 740.007
1.05 0.97 737.509
1.06 0.97 735.011
1.07 0.97 732.512
1.08 0.97 730.014
1.09 0.97 727.516
1.1 0.97 725.018
1.11 0.97 722.519
1.12 0.97 720.021
1.13 0.97 717.523
1.14 0.97 715.024
1.15 0.97 712.526
1.16 0.97 710.028
1.17 0.97 707.529
1.18 0.97 705.031
1.19 0.97 702.532
1.2 0.97 700.034
1.21 0.97 697.535
1.22 0.97 695.036
1.23 0.97 692.538
1.24 0.97 690.039
1.25 0.97 687.54
1.26 0.97 685.042
1.27 0.97 682.543
1.28 0.97 680.044
1.29 0.97 677.545
1.3 0.97 675.046
1.31 0.97 672.547
1.32 0.97 670.048
1.33 0.97 667.549
1.34 0.97 665.05
1.35 0.97 662.551
1.36 0.97 660.052
1.37 0.97 657.553
1.38 0.97 655.053
1.39 0.97 652.554
1.4 0.97 650.054
1.41 0.97 647.555
1.42 0.97 645.055
1.43 0.97 642.556
1.44 0.97 640.056
1.45 0.97 637.557
1.46 0.97 635.057
1.47 0.97 632.557
1.48 0.97 630.057
1.49 0.97 627.557
1.5 0.97 625.057
1.51 0.97 622.557
1.52 0.97 620.057
1.53 0.97 617.557
1.54 0.97 615.057
1.55 0.97 612.557
1.56 0.97 610.056
1.57 0.97 607.556
1.58 0.97 605.055
1.59 0.97 602.555
1.6 0.97 600.054
1.61 0.97 597.554
1.62 0.97 595.053
1.63 0.97 592.553
1.64 0.97 590.052
1.65 0.97 587.551
1.66 0.97 585.05
1.67 0.97 582.549
1.68 0.97 580.048
1.69 0.97 577.547
1.7 0.97 575.046
1.71 0.97 572.545
1.72 0.97 570.044
1.73 0.97 567.543
1.74 0.97 565.042
1.75 0.97 562.54
1.76 0.97 560.039
1.77 0.97 557.538
1.78 0.97 555.036
1.79 0.97 552.535
1.8 0.97 550.034
1.81 0.97 547.532
1.82 0.97 545.031
1.83 0.97 542.529
1.84 0.97 540.028
1.85 0.97 537.526
1.86 0.97 535.024
1.87 0.97 532.523
1.88 0.97 530.021
1.89 0.97 527.519
1.9 0.97 525.018
1.91 0.97 522.516
1.92 0.97 520.014
1.93 0.97 517.512
1.94 0.97 515.011
1.95 0.97 512.509
1.96 0.97 510.007
1.97 0.97 507.505
1.98 0.97 505.004
1.99 0.97 502.502
2 0.97 500

0 0.98 1000
0.01 0.98 997.498
0.02 0.98 994.996
0.03 0.98 992.495
0.04 0.98 989.993
0.05 0.98 987.491
0.06 0.98 984.989
0.07 0.98 982.488
0.08 0.98 979.986
0.09 0.98 977.484
0.1 0.98 974.982
0.11 0.98 972.481
0.12 0.98 969.979
0.13 0.98 967.477
0.14 0.98 964.976
0.15 0.98 962.474
0.16 0.98 959.972
0.17 0.98 957.471
0.18 0.98 954.969
0.19 0.98 952.468
0.2 0.98 949.966
0.21 0.98 947.465
0.22 0.98 944.963
0.23 0.98 942.462
0.24 0.98 939.961
0.25 0.98 937.46
0.26 0.98 934.958
0.27 0.98 932.457
0.28 0.98 929.956
0.29 0.98 927.455
0.3 0.98 924.954
0.31 0.98 922.453
0.32 0.98 919.952
0.33 0.98 917.451
0.34 0.98 914.95
0.35 0.98 912.449
0.36 0.98 909.948
0.37 0.98 907.447
0.38 0.98 904.947
0.39 0.98 902.446
0.4 0.98 899.946
0.41 0.98 897.445
0.42 0.98 894.945
0.43 0.98 892.444
0.44 0.98 889.944
0.45 0.98 887.443
0.46 0.98 884.943
0.47 0.98 882.443
0.48 0.98 879.943
0.49 0.98 877.443
0.5 0.98 874.943
0.51 0.98 872.443
0.52 0.98 869.943
0.53 0.98 867.443
0.54 0.98 864.943
0.55 0.98 862.443
0.56 0.98 859.944
0.57 0.98 857.444
0.58 0.98 854.945
0.59 0.98 852.445
0.6 0.98 849.946
0.61 0.98 847.446
0.62 0.98 844.947
0.63 0.98 842.447
0.64 0.98 839.948
0.65 0.98 837.449
0.66 0.98 834.95
0.67 0.98 832.451
0.68 0.98 829.952
0.69 0.98 827.453
0.7 0.98 824.954
0.71 0.98 822.455
0.72 0.98 819.956
0.73 0.98 817.457
0.74 0.98 814.958
0.75 0.98 812.46
0.76 0.98 809.961
0.77 0.98 807.462
0.78 0.98 804.963
0.79 0.98 802.465
0.8 0.98 799.966
0.81 0.98 797.468
0.82 0.98 794.969
0.83 0.98 792.471
0.84 0.98 789.972
0.85 0.98 787.474
0.86 0.98 784.976
0.87 0.98 782.477
0.88 0.98 779.979
0.89 0.98 777.481
0.9 0.98 774.982
0.91 0.98 772.484
0.92 0.98 769.986
0.93 0.98 767.488
0.94 0.98 764.989
0.95 0.98 762.491
0.96 0.98 759.993
0.97 0.98 757.495
0.98 0.98 754.996
0.99 0.98 752.498
1 0.98 750
1.01 0.98 747.502
1.02 0.98 745.004
1.03 0.98 742.505
1.04 0.98 740.007
1.05 0.98 737.509
1.06 0.98 735.011
1.07 0.98 732.512
1.08 0.98 730.014
1.09 0.98 727.516
1.1 0.98 725.018
1.11 0.98 722.519
1.12 0.98 720.021
1.13 0.98 717.523
1.14 0.98 715.024
1.15 0.98 712.526
1.16 0.98 710.028
1.17 0.98 707.529
1.18 0.98 705.031
1.19 0.98 702.532
1.2 0.98 700.034
1.21 0.98 697.535
1.22 0.98 695.037
1.23 0.98 692.538
1.24 0.98 690.039
1.25 0.98 687.54
1.26 0.98 685.042
1.27 0.98 682.543
1.28 0.98 680.044
1.29 0.98 677.545
1.3 0.98 675.046
1.31 0.98 672.547
1.32 0.98 670.048
1.33 0.98 667.549
1.34 0.98 665.05
1.35 0.98 662.551
1.36 0.98 660.052
1.37 0.98 657.553
1.38 0.98 655.053
1.39 0.98 652.554
1.4 0.98 650.054
1.41 0.98 647.555
1.42 0.98 645.055
1.43 0.98 642.556
1.44 0.98 640.056
1.45 0.98 637.557
1.46 0.98 635.057
1.47 0.98 632.557
1.48 0.98 630.057
1.49 0.98 627.557
1.5 0.98 625.057
1.51 0.98 622.557
1.52 0.98 620.057
1.53 0.98 617.557
1.54 0.98 615.057
1.55 0.98 612.557
1.56 0.98 610.056
1.57 0.98 607.556
1.58 0.98 605.055
1.59 0.98 602.555
1.6 0.98 600.054
1.61 0.98 597.554
1.62 0.98 595.053
1.63 0.98 592.553
1.64 0.98 590.052
1.65 0.98 587.551
1.66 0.98 585.05
1.67 0.98 582.549
1.68 0.98 580.048
1.69 0.98 577.547
1.7 0.98 575.046
1.71 0.98 572.545
1.72 0.98 570.044
1.73 0.98 567.543
1.74 0.98 565.042
1.75 0.98 562.54
1.76 0.98 560.039
1.77 0.98 557.538
1.78 0.98 555.037
1.79 0.98 552.535
1.8 0.98 550.034
1.81 0.98 547.532
1.82 0.98 545.031
1.83 0.98 542.529
1.84 0.98 540.028
1.85 0.98 537.526
1.86 0.98 535.024
1.87 0.98 532.523
1.88 0.98 530.021
1.89 0.98 527.519
1.9 0.98 525.018
1.91 0.98 522.516
1.92 0.98 520.014
1.93 0.98 517.512
1.94 0.98 515.011
1.95 0.98 512.509
1.96 0.98 510.007
1.97 0.98 507.505
1.98 0.98 505.004
1.99 0.98 502.502
2 0.98 500

0 0.99 1000
0.01 0.99 997.498
0.02 0.99 994.996
0.03 0.99 992.495
0.04 0.99 989.993
0.05 0.99 987.491
0.06 0.99 984.989
0.07 0.99 982.488
0.08 0.99 979.986
0.09 0.99 977.484
0.1 0.99 974.982
0.11 0.99 972.481
0.12 0.99 969.979
0.13 0.99 967.477
0.14 0.99 964.976
0.15 0.99 962.474
0.16 0.99 959.972
0.17 0.99 957.471
0.18 0.99 954.969
0.19 0.99 952.468
0.2 0.99 949.966
0.21 0.99 947.465
0.22 0.99 944.963
0.23 0.99 942.462
0.24 0.99 939.961
0.25 0.99 937.46
0.26 0.99 934.958
0.27 0.99 932.457
0.28 0.99 929.956
0.29 0.99 927.455
0.3 0.99 924.954
0.31 0.99 922.453
0.32 0.99 919.952
0.33 0.99 917.451
0.34 0.99 914.95
0.35 0.99 912.449
0.36 0.99 909.948
0.37 0.99 907.447
0.38 0.99 904.947
0.39 0.99 902.446
0.4 0.99 899.946
0.41 0.99 897.445
0.42 0.99 894.945
0.43 0.99 892.444
0.44 0.99 889.944
0.45 0.99 887.443
0.46 0.99 884.943
0.47 0.99 882.443
0.48 0.99 879.943
0.49 0.99 877.443
0.5 0.99 874.943
0.51 0.99 872.443
0.52 0.99 869.943
0.53 0.99 867.443
0.54 0.99 864.943
0.55 0.99 862.443
0.56 0.99 859.944
0.57 0.99 857.444
0.58 0.99 854.945
0.59 0.99 852.445
0.6 0.99 849.946
0.61 0.99 847.446
0.62 0.99 844.947
0.63 0.99 842.447
0.64 0.99 839.948
0.65 0.99 837.449
0.66 0.99 834.95
0.67 0.99 832.451
0.68 0.99 829.952
0.69 0.99 827.453
0.7 0.99 824.954
0.71 0.99 822.455
0.72 0.99 819.956
0.73 0.99 817.457
0.74 0.99 814.958
0.75 0.99 812.46
0.76 0.99 809.961
0.77 0.99 807.462
0.78 0.99 804.963
0.79 0.99 802.465
0.8 0.99 799.966
0.81 0.99 797.468
0.82 0.99 794.969
0.83 0.99 792.471
0.84 0.99 789.972
0.85 0.99 787.474
0.86 0.99 784.976
0.87 0.99 782.477
0.88 0.99 779.979
0.89 0.99 777.481
0.9 0.99 774.982
0.91 0.99 772.484
0.92 0.99 769.986
0.93 0.99 767.488
0.94 0.99 764.989
0.95 0.99 762.491
0.96 0.99 759.993
0.97 0.99 757.495
0.98 0.99 754.996
0.99 0.99 752.498
1 0.99 750
1.01 0.99 747.502
1.02 0.99 745.004
1.03 0.99 742.505
1.04 0.99 740.007
1.05 0.99 737.509
1.06 0.99 735.011
1.07 0.99 732.512
1.08 0.99 730.014
1.09 0.99 727.516
1.1 0.99 725.018
1.11 0.99 722.519
1.12 0.99 720.021
1.13 0.99 717.523
1.14 0.99 715.024
1.15 0.99 712.526
1.16 0.99 710.028
1.17 0.99 707.529
1.18 0.99 705.031
1.19 0.99 702.532
1.2 0.99 700.034
1.21 0.99 697.535
1.22 0.99 695.037
1.23 0.99 692.538
1.24 0.99 690.039
1.25 0.99 687.54
1.26 0.99 685.042
1.27 0.99 682.543
1.28 0.99 680.044
1.29 0.99 677.545
1.3 0.99 675.046
1.31 0.99 672.547
1.32 0.99 670.048
1.33 0.99 667.549
1.34 0.99 665.05
1.35 0.99 662.551
1.36 0.99 660.052
1.37 0.99 657.553
1.38 0.99 655.053
1.39 0.99 652.554
1.4 0.99 650.054
1.41 0.99 647.555
1.42 0.99 645.055
1.43 0.99 642.556
1.44 0.99 640.056
1.45 0.99 637.557
1.46 0.99 635.057
1.47 0.99 632.557
1.48 0.99 630.057
1.49 0.99 627.557
1.5 0.99 625.057
1.51 0.99 622.557
1.52 0.99 620.057
1.53 0.99 617.557
1.54 0.99 615.057
1.55 0.99 612.557
1.56 0.99 610.056
1.57 0.99 607.556
1.58 0.99 605.055
1.59 0.99 602.555
1.6 0.99 600.054
1.61 0.99 597.554
1.62 0.99 595.053
1.63 0.99 592.553
1.64 0.99 590.052
1.65 0.99 587.551
1.66 0.99 585.05
1.67 0.99 582.549
1.68 0.99 580.048
1.69 0.99 577.547
1.7 0.99 575.046
1.71 0.99 572.545
1.72 0.99 570.044
1.73 0.99 567.543
1.74 0.99 565.042
1.75 0.99 562.54
1.76 0.99 560.039
1.77 0.99 557.538
1.78 0.99 555.037
1.79 0.99 552.535
1.8 0.99 550.034
1.81 0.99 547.532
1.82 0.99 545.031
1.83 0.99 542.529
1.84 0.99 540.028
1.85 0.99 537.526
1.86 0.99 535.024
1.87 0.99 532.523
1.88 0.99 530.021
1.89 0.99 527.519
1.9 0.99 525.018
1.91 0.99 522.516
1.92 0.99 520.014
1.93 0.99 517.512
1.94 0.99 515.011
1.95 0.99 512.509
1.96 0.99 510.007
1.97 0.99 507.505
1.98 0.99 505.004
1.99 0.99 502.502
2 0.99 500

0 1 1000
0.01 1 997.498
0.02 1 994.996
0.03 1 992.495
0.04 1 989.993
0.05 1 987.491
0.06 1 984.989
0.07 1 982.488
0.08 1 979.986
0.09 1 977.484
0.1 1 974.982
0.11 1 972.481
0.12 1 969.979
0.13 1 967.477
0.14 1 964.976
0.15 1 962.474
0.16 1 959.972
0.17 1 957.471
0.18 1 954.969
0.19 1 952.468
0.2 1 949.966
0.21 1 947.465
0.22 1 944.963
0.23 1 942.462
0.24 1 939.961
0.25 1 937.459
0.26 1 934.958
0.27 1 932.457
0.28 1 929.956
0.29 1 927.455
0.3 1 924.954
0.31 1 922.453
0.32 1 919.952
0.33 1 917.451
0.34 1 914.95
0.35 1 912.449
0.36 1 909.948
0.37 1 907.447
0.38 1 904.947
0.39 1 902.446
0.4 1 899.946
0.41 1 897.445
0.42 1 894.945
0.43 1 892.444
0.44 1 889.944
0.45 1 887.443
0.46 1 884.943
0.47 1 882.443
0.48 1 879.943
0.49 1 877.443
0.5 1 874.943
0.51 1 872.443
0.52 1 869.943
0.53 1 867.443
0.54 1 864.943
0.55 1 862.443
0.56 1 859.944
0.57 1 857.444
0.58 1 854.945
0.59 1 852.445
0.6 1 849.946
0.61 1 847.446
0.62 1 844.947
0.63 1 842.447
0.64 1 839.948
0.65 1 837.449
0.66 1 834.95
0.67 1 832.451
0.68 1 829.952
0.69 1 827.453
0.7 1 824.954
0.71 1 822.455
0.72 1 819.956
0.73 1 817.457
0.74 1 814.958
0.75 1 812.459
0.76 1 809.961
0.77 1 807.462
0.78 1 804.963
0.79 1 802.465
0.8 1 799.966
0.81 1 797.468
0.82 1 794.969
0.83 1 792.471
0.84 1 789.972
0.85 1 787.474
0.86 1 784.976
0.87 1 782.477
0.88 1 779.979
0.89 1 777.481
0.9 1 774.982
0.91 1 772.484
0.92 1 769.986
0.93 1 767.488
0.94 1 764.989
0.95 1 762.491
0.96 1 759.993
0.97 1 757.495
0.98 1 754.996
0.99 1 752.498
1 1 750
1.01 1 747.502
1.02 1 745.004
1.03 1 742.505
1.04 1 740.007
1.05 1 737.509
1.06 1 735.011
1.07 1 732.512
1.08 1 730.014
1.09 1 727.516
1.1 1 725.018
1.11 1 722.519
1.12 1 720.021
1.13 1 717.523
1.14 1 715.024
1.15 1 712.526
1.16 1 710.028
1.17 1 707.529
1.18 1 705.031
1.19 1 702.532
1.2 1 700.034
1.21 1 697.535
1.22 1 695.037
1.23 1 692.538
1.24 1 690.039
1.25 1 687.541
1.26 1 685.042
1.27 1 682.543
1.28 1 680.044
1.29 1 677.545
1.3 1 675.046
1.31 1 672.547
1.32 1 670.048
1.33 1 667.549
1.34 1 665.05
1.35 1 662.551
1.36 1 660.052
1.37 1 657.553
1.38 1 655.053
1.39 1 652.554
1.4 1 650.054
1.41 1 647.555
1.42 1 645.055
1.43 1 642.556
1.44 1 640.056
1.45 1 637.557
1.46 1 635.057
1.47 1 632.557
1.48 1 630.057
1.49 1 627.557
1.5 1 625.057
1.51 1 622.557
1.52 1 620.057
1.53 1 617.557
1.54 1 615.057
1.55 1 612.557
1.56 1 610.056
1.57 1 607.556
1.58 1 605.055
1.59 1 602.555
1.6 1 600.054
1.61 1 597.554
1.62 1 595.053
1.63 1 592.553
1.64 1 590.052
1.65 1 587.551
1.66 1 585.05
1.67 1 582.549
1.68 1 580.048
1.69 1 577.547
1.7 1 575.046
1.71 1 572.545
1.72 1 570.044
1.73 1 567.543
1.74 1 565.042
1.75 1 562.541
1.76 1 560.039
1.77 1 557.538
1.78 1 555.037
1.79 1 552.535
1.8 1 550.034
1.81 1 547.532
1.82 1 545.031
1.83 1 542.529
1.84 1 540.028
1.85 1 537.526
1.86 1 535.024
1.87 1 532.523
1.88 1 530.021
1.89 1 527.519
1.9 1 525.018
1.91 1 522.516
1.92 1 520.014
1.93 1 517.512
1.94 1 515.011
1.95 1 512.509
1.96 1 510.007
1.97 1 507.505
1.98 1 505.004
1.99 1 502.502
2 1 500

