0 0 1000
0.01 0 997.502
0.02 0 995.004
0.03 0 992.505
0.04 0 990.007
0.05 0 987.509
0.06 0 985.011
0.07 0 982.512
0.08 0 980.014
0.09 0 977.516
0.1 0 975.018
0.11 0 972.519
0.12 0 970.021
0.13 0 967.523
0.14 0 965.024
0.15 0 962.526
0.16 0 960.028
0.17 0 957.53
0.18 0 955.031
0.19 0 952.533
0.2 0 950.035
0.21 0 947.536
0.22 0 945.038
0.23 0 942.54
0.24 0 940.041
0.25 0 937.543
0.26 0 935.045
0.27 0 932.546
0.28 0 930.048
0.29 0 927.549
0.3 0 925.051
0.31 0 922.553
0.32 0 920.054
0.33 0 917.556
0.34 0 915.057
0.35 0 912.559
0.36 0 910.06
0.37 0 907.562
0.38 0 905.063
0.39 0 902.565
0.4 0 900.066
0.41 0 897.568
0.42 0 895.069
0.43 0 892.57
0.44 0 890.072
0.45 0 887.573
0.46 0 885.075
0.47 0 882.576
0.48 0 880.077
0.49 0 877.579
0.5 0 875.08
0.51 0 872.581
0.52 0 870.082
0.53 0 867.584
0.54 0 865.085
0.55 0 862.586
0.56 0 860.087
0.57 0 857.588
0.58 0 855.089
0.59 0 852.591
0.6 0 850.092
0.61 0 847.593
0.62 0 845.094
0.63 0 842.595
0.64 0 840.096
0.65 0 837.597
0.66 0 835.098
0.67 0 832.599
0.68 0 830.1
0.69 0 827.6
0.7 0 825.101
0.71 0 822.602
0.72 0 820.103
0.73 0 817.604
0.74 0 815.105
0.75 0 812.605
0.76 0 810.106
0.77 0 807.607
0.78 0 805.107
0.79 0 802.608
0.8 0 800.109
0.81 0 797.609
0.82 0 795.11
0.83 0 792.61
0.84 0 790.111
0.85 0 787.611
0.86 0 785.112
0.87 0 782.612
0.88 0 780.113
0.89 0 777.613
0.9 0 775.113
0.91 0 772.614
0.92 0 770.114
0.93 0 767.614
0.94 0 765.115
0.95 0 762.615
0.96 0 760.115
0.97 0 757.615
0.98 0 755.115
0.99 0 752.615
1 0 750.115
1.01 0 747.615
1.02 0 745.115
1.03 0 742.615
1.04 0 740.115
1.05 0 737.615
1.06 0 735.115
1.07 0 732.615
1.08 0 730.115
1.09 0 727.615
1.1 0 725.115
1.11 0 722.614
1.12 0 720.114
1.13 0 717.614
1.14 0 715.113
1.15 0 712.613
1.16 0 710.113
1.17 0 707.612
1.18 0 705.112
1.19 0 702.611
1.2 0 700.111
1.21 0 697.61
1.22 0 695.11
1.23 0 692.609
1.24 0 690.109
1.25 0 687.608
1.26 0 685.107
1.27 0 682.607
1.28 0 680.106
1.29 0 677.605
1.3 0 675.104
1.31 0 672.603
1.32 0 670.103
1.33 0 667.602
1.34 0 665.101
1.35 0 662.6
1.36 0 660.099
1.37 0 657.598
1.38 0 655.097
1.39 0 652.596
1.4 0 650.095
1.41 0 647.594
1.42 0 645.093
1.43 0 642.592
1.44 0 640.091
1.45 0 637.589
1.46 0 635.088
1.47 0 632.587
1.48 0 630.086
1.49 0 627.585
1.5 0 625.083
1.51 0 622.582
1.52 0 620.081
1.53 0 617.579
1.54 0 615.078
1.55 0 612.577
1.56 0 610.075
1.57 0 607.574
1.58 0 605.072
1.59 0 602.571
1.6 0 600.069
1.61 0 597.568
1.62 0 595.066
1.63 0 592.565
1.64 0 590.063
1.65 0 587.562
1.66 0 585.06
1.67 0 582.559
1.68 0 580.057
1.69 0 577.555
1.7 0 575.054
1.71 0 572.552
1.72 0 570.05
1.73 0 567.549
1.74 0 565.047
1.75 0 562.545
1.76 0 560.044
1.77 0 557.542
1.78 0 555.04
1.79 0 552.538
1.8 0 550.037
1.81 0 547.535
1.82 0 545.033
1.83 0 542.531
1.84 0 540.03
1.85 0 537.528
1.86 0 535.026
1.87 0 532.524
1.88 0 530.022
1.89 0 527.52
1.9 0 525.019
1.91 0 522.517
1.92 0 520.015
1.93 0 517.513
1.94 0 515.011
1.95 0 512.509
1.96 0 510.007
1.97 0 507.506
1.98 0 505.004
1.99 0 502.502
2 0 500

0 0.01 1000
0.01 0.01 997.502
0.02 0.01 995.004
0.03 0.01 992.505
0.04 0.01 990.007
0.05 0.01 987.509
0.06 0.01 985.011
0.07 0.01 982.512
0.08 0.01 980.014
0.09 0.01 977.516
0.1 0.01 975.018
0.11 0.01 972.519
0.12 0.01 970.021
0.13 0.01 967.523
0.14 0.01 965.024
0.15 0.01 962.526
0.16 0.01 960.028
0.17 0.01 957.53
0.18 0.01 955.031
0.19 0.01 952.533
0.2 0.01 950.035
0.21 0.01 947.536
0.22 0.01 945.038
0.23 0.01 942.54
0.24 0.01 940.041
0.25 0.01 937.543
0.26 0.01 935.045
0.27 0.01 932.546
0.28 0.01 930.048
0.29 0.01 927.549
0.3 0.01 925.051
0.31 0.01 922.553
0.32 0.01 920.054
0.33 0.01 917.556
0.34 0.01 915.057
0.35 0.01 912.559
0.36 0.01 910.06
0.37 0.01 907.562
0.38 0.01 905.063
0.39 0.01 902.565
0.4 0.01 900.066
0.41 0.01 897.568
0.42 0.01 895.069
0.43 0.01 892.57
0.44 0.01 890.072
0.45 0.01 887.573
0.46 0.01 885.075
0.47 0.01 882.576
0.48 0.01 880.077
0.49 0.01 877.579
0.5 0.01 875.08
0.51 0.01 872.581
0.52 0.01 870.082
0.53 0.01 867.584
0.54 0.01 865.085
0.55 0.01 862.586
0.56 0.01 860.087
0.57 0.01 857.588
0.58 0.01 855.089
0.59 0.01 852.591
0.6 0.01 850.092
0.61 0.01 847.593
0.62 0.01 845.094
0.63 0.01 842.595
0.64 0.01 840.096
0.65 0.01 837.597
0.66 0.01 835.098
0.67 0.01 832.599
0.68 0.01 830.1
0.69 0.01 827.6
0.7 0.01 825.101
0.71 0.01 822.602
0.72 0.01 820.103
0.73 0.01 817.604
0.74 0.01 815.105
0.75 0.01 812.605
0.76 0.01 810.106
0.77 0.01 807.607
0.78 0.01 805.107
0.79 0.01 802.608
0.8 0.01 800.109
0.81 0.01 797.609
0.82 0.01 795.11
0.83 0.01 792.61
0.84 0.01 790.111
0.85 0.01 787.611
0.86 0.01 785.112
0.87 0.01 782.612
0.88 0.01 780.113
0.89 0.01 777.613
0.9 0.01 775.113
0.91 0.01 772.614
0.92 0.01 770.114
0.93 0.01 767.614
0.94 0.01 765.115
0.95 0.01 762.615
0.96 0.01 760.115
0.97 0.01 757.615
0.98 0.01 755.115
0.99 0.01 752.615
1 0.01 750.115
1.01 0.01 747.615
1.02 0.01 745.115
1.03 0.01 742.615
1.04 0.01 740.115
1.05 0.01 737.615
1.06 0.01 735.115
1.07 0.01 732.615
1.08 0.01 730.115
1.09 0.01 727.615
1.1 0.01 725.115
1.11 0.01 722.614
1.12 0.01 720.114
1.13 0.01 717.614
1.14 0.01 715.113
1.15 0.01 712.613
1.16 0.01 710.113
1.17 0.01 707.612
1.18 0.01 705.112
1.19 0.01 702.611
1.2 0.01 700.111
1.21 0.01 697.61
1.22 0.01 695.11
1.23 0.01 692.609
1.24 0.01 690.109
1.25 0.01 687.608
1.26 0.01 685.107
1.27 0.01 682.606
1.28 0.01 680.106
1.29 0.01 677.605
1.3 0.01 675.104
1.31 0.01 672.603
1.32 0.01 670.103
1.33 0.01 667.602
1.34 0.01 665.101
1.35 0.01 662.6
1.36 0.01 660.099
1.37 0.01 657.598
1.38 0.01 655.097
1.39 0.01 652.596
1.4 0.01 650.095
1.41 0.01 647.594
1.42 0.01 645.093
1.43 0.01 642.592
1.44 0.01 640.091
1.45 0.01 637.589
1.46 0.01 635.088
1.47 0.01 632.587
1.48 0.01 630.086
1.49 0.01 627.585
1.5 0.01 625.083
1.51 0.01 622.582
1.52 0.01 620.081
1.53 0.01 617.579
1.54 0.01 615.078
1.55 0.01 612.577
1.56 0.01 610.075
1.57 0.01 607.574
1.58 0.01 605.072
1.59 0.01 602.571
1.6 0.01 600.069
1.61 0.01 597.568
1.62 0.01 595.066
1.63 0.01 592.565
1.64 0.01 590.063
1.65 0.01 587.562
1.66 0.01 585.06
1.67 0.01 582.559
1.68 0.01 580.057
1.69 0.01 577.555
1.7 0.01 575.054
1.71 0.01 572.552
1.72 0.01 570.05
1.73 0.01 567.549
1.74 0.01 565.047
1.75 0.01 562.545
1.76 0.01 560.044
1.77 0.01 557.542
1.78 0.01 555.04
1.79 0.01 552.538
1.8 0.01 550.037
1.81 0.01 547.535
1.82 0.01 545.033
1.83 0.01 542.531
1.84 0.01 540.03
1.85 0.01 537.528
1.86 0.01 535.026
1.87 0.01 532.524
1.88 0.01 530.022
1.89 0.01 527.52
1.9 0.01 525.019
1.91 0.01 522.517
1.92 0.01 520.015
1.93 0.01 517.513
1.94 0.01 515.011
1.95 0.01 512.509
1.96 0.01 510.007
1.97 0.01 507.506
1.98 0.01 505.004
1.99 0.01 502.502
2 0.01 500

0 0.02 1000
0.01 0.02 997.502
0.02 0.02 995.004
0.03 0.02 992.505
0.04 0.02 990.007
0.05 0.02 987.509
0.06 0.02 985.011
0.07 0.02 982.512
0.08 0.02 980.014
0.09 0.02 977.516
0.1 0.02 975.018
0.11 0.02 972.519
0.12 0.02 970.021
0.13 0.02 967.523
0.14 0.02 965.024
0.15 0.02 962.526
0.16 0.02 960.028
0.17 0.02 957.53
0.18 0.02 955.031
0.19 0.02 952.533
0.2 0.02 950.035
0.21 0.02 947.536
0.22 0.02 945.038
0.23 0.02 942.54
0.24 0.02 940.041
0.25 0.02 937.543
0.26 0.02 935.045
0.27 0.02 932.546
0.28 0.02 930.048
0.29 0.02 927.549
0.3 0.02 925.051
0.31 0.02 922.553
0.32 0.02 920.054
0.33 0.02 917.556
0.34 0.02 915.057
0.35 0.02 912.559
0.36 0.02 910.06
0.37 0.02 907.562
0.38 0.02 905.063
0.39 0.02 902.565
0.4 0.02 900.066
0.41 0.02 897.568
0.42 0.02 895.069
0.43 0.02 892.57
0.44 0.02 890.072
0.45 0.02 887.573
0.46 0.02 885.075
0.47 0.02 882.576
0.48 0.02 880.077
0.49 0.02 877.579
0.5 0.02 875.08
0.51 0.02 872.581
0.52 0.02 870.082
0.53 0.02 867.584
0.54 0.02 865.085
0.55 0.02 862.586
0.56 0.02 860.087
0.57 0.02 857.588
0.58 0.02 855.089
0.59 0.02 852.591
0.6 0.02 850.092
0.61 0.02 847.593
0.62 0.02 845.094
0.63 0.02 842.595
0.64 0.02 840.096
0.65 0.02 837.597
0.66 0.02 835.098
0.67 0.02 832.599
0.68 0.02 830.1
0.69 0.02 827.6
0.7 0.02 825.101
0.71 0.02 822.602
0.72 0.02 820.103
0.73 0.02 817.604
0.74 0.02 815.105
0.75 0.02 812.605
0.76 0.02 810.106
0.77 0.02 807.607
0.78 0.02 805.107
0.79 0.02 802.608
0.8 0.02 800.109
0.81 0.02 797.609
0.82 0.02 795.11
0.83 0.02 792.61
0.84 0.02 790.111
0.85 0.02 787.611
0.86 0.02 785.112
0.87 0.02 782.612
0.88 0.02 780.113
0.89 0.02 777.613
0.9 0.02 775.113
0.91 0.02 772.614
0.92 0.02 770.114
0.93 0.02 767.614
0.94 0.02 765.115
0.95 0.02 762.615
0.96 0.02 760.115
0.97 0.02 757.615
0.98 0.02 755.115
0.99 0.02 752.615
1 0.02 750.115
1.01 0.02 747.615
1.02 0.02 745.115
1.03 0.02 742.615
1.04 0.02 740.115
1.05 0.02 737.615
1.06 0.02 735.115
1.07 0.02 732.615
1.08 0.02 730.115
1.09 0.02 727.615
1.1 0.02 725.115
1.11 0.02 722.614
1.12 0.02 720.114
1.13 0.02 717.614
1.14 0.02 715.113
1.15 0.02 712.613
1.16 0.02 710.113
1.17 0.02 707.612
1.18 0.02 705.112
1.19 0.02 702.611
1.2 0.02 700.111
1.21 0.02 697.61
1.22 0.02 695.11
1.23 0.02 692.609
1.24 0.02 690.108
1.25 0.02 687.608
1.26 0.02 685.107
1.27 0.02 682.606
1.28 0.02 680.106
1.29 0.02 677.605
1.3 0.02 675.104
1.31 0.02 672.603
1.32 0.02 670.103
1.33 0.02 667.602
1.34 0.02 665.101
1.35 0.02 662.6
1.36 0.02 660.099
1.37 0.02 657.598
1.38 0.02 655.097
1.39 0.02 652.596
1.4 0.02 650.095
1.41 0.02 647.594
1.42 0.02 645.093
1.43 0.02 642.592
1.44 0.02 640.091
1.45 0.02 637.589
1.46 0.02 635.088
1.47 0.02 632.587
1.48 0.02 630.086
1.49 0.02 627.585
1.5 0.02 625.083
1.51 0.02 622.582
1.52 0.02 620.081
1.53 0.02 617.579
1.54 0.02 615.078
1.55 0.02 612.577
1.56 0.02 610.075
1.57 0.02 607.574
1.58 0.02 605.072
1.59 0.02 602.571
1.6 0.02 600.069
1.61 0.02 597.568
1.62 0.02 595.066
1.63 0.02 592.565
1.64 0.02 590.063
1.65 0.02 587.562
1.66 0.02 585.06
1.67 0.02 582.559
1.68 0.02 580.057
1.69 0.02 577.555
1.7 0.02 575.054
1.71 0.02 572.552
1.72 0.02 570.05
1.73 0.02 567.549
1.74 0.02 565.047
1.75 0.02 562.545
1.76 0.02 560.044
1.77 0.02 557.542
1.78 0.02 555.04
1.79 0.02 552.538
1.8 0.02 550.037
1.81 0.02 547.535
1.82 0.02 545.033
1.83 0.02 542.531
1.84 0.02 540.029
1.85 0.02 537.528
1.86 0.02 535.026
1.87 0.02 532.524
1.88 0.02 530.022
1.89 0.02 527.52
1.9 0.02 525.019
1.91 0.02 522.517
1.92 0.02 520.015
1.93 0.02 517.513
1.94 0.02 515.011
1.95 0.02 512.509
1.96 0.02 510.007
1.97 0.02 507.506
1.98 0.02 505.004
1.99 0.02 502.502
2 0.02 500

0 0.03 1000
0.01 0.03 997.502
0.02 0.03 995.004
0.03 0.03 992.505
0.04 0.03 990.007
0.05 0.03 987.509
0.06 0.03 985.011
0.07 0.03 982.512
0.08 0.03 980.014
0.09 0.03 977.516
0.1 0.03 975.018
0.11 0.03 972.519
0.12 0.03 970.021
0.13 0.03 967.523
0.14 0.03 965.024
0.15 0.03 962.526
0.16 0.03 960.028
0.17 0.03 957.53
0.18 0.03 955.031
0.19 0.03 952.533
0.2 0.03 950.035
0.21 0.03 947.536
0.22 0.03 945.038
0.23 0.03 942.54
0.24 0.03 940.041
0.25 0.03 937.543
0.26 0.03 935.045
0.27 0.03 932.546
0.28 0.03 930.048
0.29 0.03 927.549
0.3 0.03 925.051
0.31 0.03 922.553
0.32 0.03 920.054
0.33 0.03 917.556
0.34 0.03 915.057
0.35 0.03 912.559
0.36 0.03 910.06
0.37 0.03 907.562
0.38 0.03 905.063
0.39 0.03 902.565
0.4 0.03 900.066
0.41 0.03 897.568
0.42 0.03 895.069
0.43 0.03 892.57
0.44 0.03 890.072
0.45 0.03 887.573
0.46 0.03 885.075
0.47 0.03 882.576
0.48 0.03 880.077
0.49 0.03 877.579
0.5 0.03 875.08
0.51 0.03 872.581
0.52 0.03 870.082
0.53 0.03 867.584
0.54 0.03 865.085
0.55 0.03 862.586
0.56 0.03 860.087
0.57 0.03 857.588
0.58 0.03 855.089
0.59 0.03 852.591
0.6 0.03 850.092
0.61 0.03 847.593
0.62 0.03 845.094
0.63 0.03 842.595
0.64 0.03 840.096
0.65 0.03 837.597
0.66 0.03 835.098
0.67 0.03 832.599
0.68 0.03 830.1
0.69 0.03 827.6
0.7 0.03 825.101
0.71 0.03 822.602
0.72 0.03 820.103
0.73 0.03 817.604
0.74 0.03 815.105
0.75 0.03 812.605
0.76 0.03 810.106
0.77 0.03 807.607
0.78 0.03 805.107
0.79 0.03 802.608
0.8 0.03 800.109
0.81 0.03 797.609
0.82 0.03 795.11
0.83 0.03 792.61
0.84 0.03 790.111
0.85 0.03 787.611
0.86 0.03 785.112
0.87 0.03 782.612
0.88 0.03 780.113
0.89 0.03 777.613
0.9 0.03 775.113
0.91 0.03 772.614
0.92 0.03 770.114
0.93 0.03 767.614
0.94 0.03 765.115
0.95 0.03 762.615
0.96 0.03 760.115
0.97 0.03 757.615
0.98 0.03 755.115
0.99 0.03 752.615
1 0.03 750.115
1.01 0.03 747.615
1.02 0.03 745.115
1.03 0.03 742.615
1.04 0.03 740.115
1.05 0.03 737.615
1.06 0.03 735.115
1.07 0.03 732.615
1.08 0.03 730.115
1.09 0.03 727.615
1.1 0.03 725.115
1.11 0.03 722.614
1.12 0.03 720.114
1.13 0.03 717.614
1.14 0.03 715.113
1.15 0.03 712.613
1.16 0.03 710.113
1.17 0.03 707.612
1.18 0.03 705.112
1.19 0.03 702.611
1.2 0.03 700.111
1.21 0.03 697.61
1.22 0.03 695.11
1.23 0.03 692.609
1.24 0.03 690.108
1.25 0.03 687.608
1.26 0.03 685.107
1.27 0.03 682.606
1.28 0.03 680.106
1.29 0.03 677.605
1.3 0.03 675.104
1.31 0.03 672.603
1.32 0.03 670.103
1.33 0.03 667.602
1.34 0.03 665.101
1.35 0.03 662.6
1.36 0.03 660.099
1.37 0.03 657.598
1.38 0.03 655.097
1.39 0.03 652.596
1.4 0.03 650.095
1.41 0.03 647.594
1.42 0.03 645.093
1.43 0.03 642.592
1.44 0.03 640.091
1.45 0.03 637.589
1.46 0.03 635.088
1.47 0.03 632.587
1.48 0.03 630.086
1.49 0.03 627.585
1.5 0.03 625.083
1.51 0.03 622.582
1.52 0.03 620.081
1.53 0.03 617.579
1.54 0.03 615.078
1.55 0.03 612.577
1.56 0.03 610.075
1.57 0.03 607.574
1.58 0.03 605.072
1.59 0.03 602.571
1.6 0.03 600.069
1.61 0.03 597.568
1.62 0.03 595.066
1.63 0.03 592.565
1.64 0.03 590.063
1.65 0.03 587.562
1.66 0.03 585.06
1.67 0.03 582.559
1.68 0.03 580.057
1.69 0.03 577.555
1.7 0.03 575.054
1.71 0.03 572.552
1.72 0.03 570.05
1.73 0.03 567.549
1.74 0.03 565.047
1.75 0.03 562.545
1.76 0.03 560.044
1.77 0.03 557.542
1.78 0.03 555.04
1.79 0.03 552.538
1.8 0.03 550.037
1.81 0.03 547.535
1.82 0.03 545.033
1.83 0.03 542.531
1.84 0.03 540.029
1.85 0.03 537.528
1.86 0.03 535.026
1.87 0.03 532.524
1.88 0.03 530.022
1.89 0.03 527.52
1.9 0.03 525.019
1.91 0.03 522.517
1.92 0.03 520.015
1.93 0.03 517.513
1.94 0.03 515.011
1.95 0.03 512.509
1.96 0.03 510.007
1.97 0.03 507.506
1.98 0.03 505.004
1.99 0.03 502.502
2 0.03 500

0 0.04 1000
0.01 0.04 997.502
0.02 0.04 995.004
0.03 0.04 992.505
0.04 0.04 990.007
0.05 0.04 987.509
0.06 0.04 985.011
0.07 0.04 982.512
0.08 0.04 980.014
0.09 0.04 977.516
0.1 0.04 975.018
0.11 0.04 972.519
0.12 0.04 970.021
0.13 0.04 967.523
0.14 0.04 965.024
0.15 0.04 962.526
0.16 0.04 960.028
0.17 0.04 957.53
0.18 0.04 955.031
0.19 0.04 952.533
0.2 0.04 950.035
0.21 0.04 947.536
0.22 0.04 945.038
0.23 0.04 942.54
0.24 0.04 940.041
0.25 0.04 937.543
0.26 0.04 935.045
0.27 0.04 932.546
0.28 0.04 930.048
0.29 0.04 927.549
0.3 0.04 925.051
0.31 0.04 922.553
0.32 0.04 920.054
0.33 0.04 917.556
0.34 0.04 915.057
0.35 0.04 912.559
0.36 0.04 910.06
0.37 0.04 907.562
0.38 0.04 905.063
0.39 0.04 902.565
0.4 0.04 900.066
0.41 0.04 897.568
0.42 0.04 895.069
0.43 0.04 892.57
0.44 0.04 890.072
0.45 0.04 887.573
0.46 0.04 885.075
0.47 0.04 882.576
0.48 0.04 880.077
0.49 0.04 877.579
0.5 0.04 875.08
0.51 0.04 872.581
0.52 0.04 870.082
0.53 0.04 867.584
0.54 0.04 865.085
0.55 0.04 862.586
0.56 0.04 860.087
0.57 0.04 857.588
0.58 0.04 855.089
0.59 0.04 852.591
0.6 0.04 850.092
0.61 0.04 847.593
0.62 0.04 845.094
0.63 0.04 842.595
0.64 0.04 840.096
0.65 0.04 837.597
0.66 0.04 835.098
0.67 0.04 832.599
0.68 0.04 830.1
0.69 0.04 827.6
0.7 0.04 825.101
0.71 0.04 822.602
0.72 0.04 820.103
0.73 0.04 817.604
0.74 0.04 815.105
0.75 0.04 812.605
0.76 0.04 810.106
0.77 0.04 807.607
0.78 0.04 805.107
0.79 0.04 802.608
0.8 0.04 800.109
0.81 0.04 797.609
0.82 0.04 795.11
0.83 0.04 792.61
0.84 0.04 790.111
0.85 0.04 787.611
0.86 0.04 785.112
0.87 0.04 782.612
0.88 0.04 780.113
0.89 0.04 777.613
0.9 0.04 775.113
0.91 0.04 772.614
0.92 0.04 770.114
0.93 0.04 767.614
0.94 0.04 765.115
0.95 0.04 762.615
0.96 0.04 760.115
0.97 0.04 757.615
0.98 0.04 755.115
0.99 0.04 752.615
1 0.04 750.115
1.01 0.04 747.615
1.02 0.04 745.115
1.03 0.04 742.615
1.04 0.04 740.115
1.05 0.04 737.615
1.06 0.04 735.115
1.07 0.04 732.615
1.08 0.04 730.115
1.09 0.04 727.615
1.1 0.04 725.115
1.11 0.04 722.614
1.12 0.04 720.114
1.13 0.04 717.614
1.14 0.04 715.113
1.15 0.04 712.613
1.16 0.04 710.113
1.17 0.04 707.612
1.18 0.04 705.112
1.19 0.04 702.611
1.2 0.04 700.111
1.21 0.04 697.61
1.22 0.04 695.11
1.23 0.04 692.609
1.24 0.04 690.108
1.25 0.04 687.608
1.26 0.04 685.107
1.27 0.04 682.606
1.28 0.04 680.106
1.29 0.04 677.605
1.3 0.04 675.104
1.31 0.04 672.603
1.32 0.04 670.103
1.33 0.04 667.602
1.34 0.04 665.101
1.35 0.04 662.6
1.36 0.04 660.099
1.37 0.04 657.598
1.38 0.04 655.097
1.39 0.04 652.596
1.4 0.04 650.095
1.41 0.04 647.594
1.42 0.04 645.093
1.43 0.04 642.592
1.44 0.04 640.091
1.45 0.04 637.589
1.46 0.04 635.088
1.47 0.04 632.587
1.48 0.04 630.086
1.49 0.04 627.585
1.5 0.04 625.083
1.51 0.04 622.582
1.52 0.04 620.081
1.53 0.04 617.579
1.54 0.04 615.078
1.55 0.04 612.577
1.56 0.04 610.075
1.57 0.04 607.574
1.58 0.04 605.072
1.59 0.04 602.571
1.6 0.04 600.069
1.61 0.04 597.568
1.62 0.04 595.066
1.63 0.04 592.565
1.64 0.04 590.063
1.65 0.04 587.562
1.66 0.04 585.06
1.67 0.04 582.559
1.68 0.04 580.057
1.69 0.04 577.555
1.7 0.04 575.054
1.71 0.04 572.552
1.72 0.04 570.05
1.73 0.04 567.549
1.74 0.04 565.047
1.75 0.04 562.545
1.76 0.04 560.044
1.77 0.04 557.542
1.78 0.04 555.04
1.79 0.04 552.538
1.8 0.04 550.037
1.81 0.04 547.535
1.82 0.04 545.033
1.83 0.04 542.531
1.84 0.04 540.029
1.85 0.04 537.528
1.86 0.04 535.026
1.87 0.04 532.524
1.88 0.04 530.022
1.89 0.04 527.52
1.9 0.04 525.019
1.91 0.04 522.517
1.92 0.04 520.015
1.93 0.04 517.513
1.94 0.04 515.011
1.95 0.04 512.509
1.96 0.04 510.007
1.97 0.04 507.506
1.98 0.04 505.004
1.99 0.04 502.502
2 0.04 500

0 0.05 1000
0.01 0.05 997.502
0.02 0.05 995.004
0.03 0.05 992.505
0.04 0.05 990.007
0.05 0.05 987.509
0.06 0.05 985.011
0.07 0.05 982.512
0.08 0.05 980.014
0.09 0.05 977.516
0.1 0.05 975.018
0.11 0.05 972.519
0.12 0.05 970.021
0.13 0.05 967.523
0.14 0.05 965.024
0.15 0.05 962.526
0.16 0.05 960.028
0.17 0.05 957.53
0.18 0.05 955.031
0.19 0.05 952.533
0.2 0.05 950.035
0.21 0.05 947.536
0.22 0.05 945.038
0.23 0.05 942.54
0.24 0.05 940.041
0.25 0.05 937.543
0.26 0.05 935.045
0.27 0.05 932.546
0.28 0.05 930.048
0.29 0.05 927.549
0.3 0.05 925.051
0.31 0.05 922.553
0.32 0.05 920.054
0.33 0.05 917.556
0.34 0.05 915.057
0.35 0.05 912.559
0.36 0.05 910.06
0.37 0.05 907.562
0.38 0.05 905.063
0.39 0.05 902.565
0.4 0.05 900.066
0.41 0.05 897.568
0.42 0.05 895.069
0.43 0.05 892.57
0.44 0.05 890.072
0.45 0.05 887.573
0.46 0.05 885.075
0.47 0.05 882.576
0.48 0.05 880.077
0.49 0.05 877.578
0.5 0.05 875.08
0.51 0.05 872.581
0.52 0.05 870.082
0.53 0.05 867.584
0.54 0.05 865.085
0.55 0.05 862.586
0.56 0.05 860.087
0.57 0.05 857.588
0.58 0.05 855.089
0.59 0.05 852.591
0.6 0.05 850.092
0.61 0.05 847.593
0.62 0.05 845.094
0.63 0.05 842.595
0.64 0.05 840.096
0.65 0.05 837.597
0.66 0.05 835.098
0.67 0.05 832.599
0.68 0.05 830.1
0.69 0.05 827.6
0.7 0.05 825.101
0.71 0.05 822.602
0.72 0.05 820.103
0.73 0.05 817.604
0.74 0.05 815.105
0.75 0.05 812.605
0.76 0.05 810.106
0.77 0.05 807.607
0.78 0.05 805.107
0.79 0.05 802.608
0.8 0.05 800.109
0.81 0.05 797.609
0.82 0.05 795.11
0.83 0.05 792.61
0.84 0.05 790.111
0.85 0.05 787.611
0.86 0.05 785.112
0.87 0.05 782.612
0.88 0.05 780.113
0.89 0.05 777.613
0.9 0.05 775.113
0.91 0.05 772.614
0.92 0.05 770.114
0.93 0.05 767.614
0.94 0.05 765.115
0.95 0.05 762.615
0.96 0.05 760.115
0.97 0.05 757.615
0.98 0.05 755.115
0.99 0.05 752.615
1 0.05 750.115
1.01 0.05 747.615
1.02 0.05 745.115
1.03 0.05 742.615
1.04 0.05 740.115
1.05 0.05 737.615
1.06 0.05 735.115
1.07 0.05 732.615
1.08 0.05 730.115
1.09 0.05 727.615
1.1 0.05 725.114
1.11 0.05 722.614
1.12 0.05 720.114
1.13 0.05 717.614
1.14 0.05 715.113
1.15 0.05 712.613
1.16 0.05 710.113
1.17 0.05 707.612
1.18 0.05 705.112
1.19 0.05 702.611
1.2 0.05 700.111
1.21 0.05 697.61
1.22 0.05 695.11
1.23 0.05 692.609
1.24 0.05 690.108
1.25 0.05 687.608
1.26 0.05 685.107
1.27 0.05 682.606
1.28 0.05 680.106
1.29 0.05 677.605
1.3 0.05 675.104
1.31 0.05 672.603
1.32 0.05 670.103
1.33 0.05 667.602
1.34 0.05 665.101
1.35 0.05 662.6
1.36 0.05 660.099
1.37 0.05 657.598
1.38 0.05 655.097
1.39 0.05 652.596
1.4 0.05 650.095
1.41 0.05 647.594
1.42 0.05 645.093
1.43 0.05 642.592
1.44 0.05 640.091
1.45 0.05 637.589
1.46 0.05 635.088
1.47 0.05 632.587
1.48 0.05 630.086
1.49 0.05 627.585
1.5 0.05 625.083
1.51 0.05 622.582
1.52 0.05 620.081
1.53 0.05 617.579
1.54 0.05 615.078
1.55 0.05 612.577
1.56 0.05 610.075
1.57 0.05 607.574
1.58 0.05 605.072
1.59 0.05 602.571
1.6 0.05 600.069
1.61 0.05 597.568
1.62 0.05 595.066
1.63 0.05 592.565
1.64 0.05 590.063
1.65 0.05 587.562
1.66 0.05 585.06
1.67 0.05 582.559
1.68 0.05 580.057
1.69 0.05 577.555
1.7 0.05 575.054
1.71 0.05 572.552
1.72 0.05 570.05
1.73 0.05 567.549
1.74 0.05 565.047
1.75 0.05 562.545
1.76 0.05 560.044
1.77 0.05 557.542
1.78 0.05 555.04
1.79 0.05 552.538
1.8 0.05 550.037
1.81 0.05 547.535
1.82 0.05 545.033
1.83 0.05 542.531
1.84 0.05 540.029
1.85 0.05 537.528
1.86 0.05 535.026
1.87 0.05 532.524
1.88 0.05 530.022
1.89 0.05 527.52
1.9 0.05 525.019
1.91 0.05 522.517
1.92 0.05 520.015
1.93 0.05 517.513
1.94 0.05 515.011
1.95 0.05 512.509
1.96 0.05 510.007
1.97 0.05 507.506
1.98 0.05 505.004
1.99 0.05 502.502
2 0.05 500

0 0.06 1000
0.01 0.06 997.502
0.02 0.06 995.004
0.03 0.06 992.505
0.04 0.06 990.007
0.05 0.06 987.509
0.06 0.06 985.011
0.07 0.06 982.512
0.08 0.06 980.014
0.09 0.06 977.516
0.1 0.06 975.018
0.11 0.06 972.519
0.12 0.06 970.021
0.13 0.06 967.523
0.14 0.06 965.024
0.15 0.06 962.526
0.16 0.06 960.028
0.17 0.06 957.53
0.18 0.06 955.031
0.19 0.06 952.533
0.2 0.06 950.035
0.21 0.06 947.536
0.22 0.06 945.038
0.23 0.06 942.54
0.24 0.06 940.041
0.25 0.06 937.543
0.26 0.06 935.045
0.27 0.06 932.546
0.28 0.06 930.048
0.29 0.06 927.549
0.3 0.06 925.051
0.31 0.06 922.553
0.32 0.06 920.054
0.33 0.06 917.556
0.34 0.06 915.057
0.35 0.06 912.559
0.36 0.06 910.06
0.37 0.06 907.562
0.38 0.06 905.063
0.39 0.06 902.565
0.4 0.06 900.066
0.41 0.06 897.568
0.42 0.06 895.069
0.43 0.06 892.57
0.44 0.06 890.072
0.45 0.06 887.573
0.46 0.06 885.075
0.47 0.06 882.576
0.48 0.06 880.077
0.49 0.06 877.578
0.5 0.06 875.08
0.51 0.06 872.581
0.52 0.06 870.082
0.53 0.06 867.584
0.54 0.06 865.085
0.55 0.06 862.586
0.56 0.06 860.087
0.57 0.06 857.588
0.58 0.06 855.089
0.59 0.06 852.591
0.6 0.06 850.092
0.61 0.06 847.593
0.62 0.06 845.094
0.63 0.06 842.595
0.64 0.06 840.096
0.65 0.06 837.597
0.66 0.06 835.098
0.67 0.06 832.599
0.68 0.06 830.1
0.69 0.06 827.6
0.7 0.06 825.101
0.71 0.06 822.602
0.72 0.06 820.103
0.73 0.06 817.604
0.74 0.06 815.105
0.75 0.06 812.605
0.76 0.06 810.106
0.77 0.06 807.607
0.78 0.06 805.107
0.79 0.06 802.608
0.8 0.06 800.109
0.81 0.06 797.609
0.82 0.06 795.11
0.83 0.06 792.61
0.84 0.06 790.111
0.85 0.06 787.611
0.86 0.06 785.112
0.87 0.06 782.612
0.88 0.06 780.113
0.89 0.06 777.613
0.9 0.06 775.113
0.91 0.06 772.614
0.92 0.06 770.114
0.93 0.06 767.614
0.94 0.06 765.115
0.95 0.06 762.615
0.96 0.06 760.115
0.97 0.06 757.615
0.98 0.06 755.115
0.99 0.06 752.615
1 0.06 750.115
1.01 0.06 747.615
1.02 0.06 745.115
1.03 0.06 742.615
1.04 0.06 740.115
1.05 0.06 737.615
1.06 0.06 735.115
1.07 0.06 732.615
1.08 0.06 730.115
1.09 0.06 727.615
1.1 0.06 725.114
1.11 0.06 722.614
1.12 0.06 720.114
1.13 0.06 717.614
1.14 0.06 715.113
1.15 0.06 712.613
1.16 0.06 710.113
1.17 0.06 707.612
1.18 0.06 705.112
1.19 0.06 702.611
1.2 0.06 700.111
1.21 0.06 697.61
1.22 0.06 695.11
1.23 0.06 692.609
1.24 0.06 690.108
1.25 0.06 687.608
1.26 0.06 685.107
1.27 0.06 682.606
1.28 0.06 680.106
1.29 0.06 677.605
1.3 0.06 675.104
1.31 0.06 672.603
1.32 0.06 670.103
1.33 0.06 667.602
1.34 0.06 665.101
1.35 0.06 662.6
1.36 0.06 660.099
1.37 0.06 657.598
1.38 0.06 655.097
1.39 0.06 652.596
1.4 0.06 650.095
1.41 0.06 647.594
1.42 0.06 645.093
1.43 0.06 642.592
1.44 0.06 640.091
1.45 0.06 637.589
1.46 0.06 635.088
1.47 0.06 632.587
1.48 0.06 630.086
1.49 0.06 627.585
1.5 0.06 625.083
1.51 0.06 622.582
1.52 0.06 620.081
1.53 0.06 617.579
1.54 0.06 615.078
1.55 0.06 612.577
1.56 0.06 610.075
1.57 0.06 607.574
1.58 0.06 605.072
1.59 0.06 602.571
1.6 0.06 600.069
1.61 0.06 597.568
1.62 0.06 595.066
1.63 0.06 592.565
1.64 0.06 590.063
1.65 0.06 587.562
1.66 0.06 585.06
1.67 0.06 582.559
1.68 0.06 580.057
1.69 0.06 577.555
1.7 0.06 575.054
1.71 0.06 572.552
1.72 0.06 570.05
1.73 0.06 567.549
1.74 0.06 565.047
1.75 0.06 562.545
1.76 0.06 560.044
1.77 0.06 557.542
1.78 0.06 555.04
1.79 0.06 552.538
1.8 0.06 550.037
1.81 0.06 547.535
1.82 0.06 545.033
1.83 0.06 542.531
1.84 0.06 540.029
1.85 0.06 537.528
1.86 0.06 535.026
1.87 0.06 532.524
1.88 0.06 530.022
1.89 0.06 527.52
1.9 0.06 525.019
1.91 0.06 522.517
1.92 0.06 520.015
1.93 0.06 517.513
1.94 0.06 515.011
1.95 0.06 512.509
1.96 0.06 510.007
1.97 0.06 507.506
1.98 0.06 505.004
1.99 0.06 502.502
2 0.06 500

0 0.07 1000
0.01 0.07 997.502
0.02 0.07 995.004
0.03 0.07 992.505
0.04 0.07 990.007
0.05 0.07 987.509
0.06 0.07 985.011
0.07 0.07 982.512
0.08 0.07 980.014
0.09 0.07 977.516
0.1 0.07 975.018
0.11 0.07 972.519
0.12 0.07 970.021
0.13 0.07 967.523
0.14 0.07 965.024
0.15 0.07 962.526
0.16 0.07 960.028
0.17 0.07 957.53
0.18 0.07 955.031
0.19 0.07 952.533
0.2 0.07 950.035
0.21 0.07 947.536
0.22 0.07 945.038
0.23 0.07 942.54
0.24 0.07 940.041
0.25 0.07 937.543
0.26 0.07 935.045
0.27 0.07 932.546
0.28 0.07 930.048
0.29 0.07 927.549
0.3 0.07 925.051
0.31 0.07 922.553
0.32 0.07 920.054
0.33 0.07 917.556
0.34 0.07 915.057
0.35 0.07 912.559
0.36 0.07 910.06
0.37 0.07 907.562
0.38 0.07 905.063
0.39 0.07 902.565
0.4 0.07 900.066
0.41 0.07 897.568
0.42 0.07 895.069
0.43 0.07 892.57
0.44 0.07 890.072
0.45 0.07 887.573
0.46 0.07 885.075
0.47 0.07 882.576
0.48 0.07 880.077
0.49 0.07 877.578
0.5 0.07 875.08
0.51 0.07 872.581
0.52 0.07 870.082
0.53 0.07 867.584
0.54 0.07 865.085
0.55 0.07 862.586
0.56 0.07 860.087
0.57 0.07 857.588
0.58 0.07 855.089
0.59 0.07 852.591
0.6 0.07 850.092
0.61 0.07 847.593
0.62 0.07 845.094
0.63 0.07 842.595
0.64 0.07 840.096
0.65 0.07 837.597
0.66 0.07 835.098
0.67 0.07 832.599
0.68 0.07 830.1
0.69 0.07 827.6
0.7 0.07 825.101
0.71 0.07 822.602
0.72 0.07 820.103
0.73 0.07 817.604
0.74 0.07 815.105
0.75 0.07 812.605
0.76 0.07 810.106
0.77 0.07 807.607
0.78 0.07 805.107
0.79 0.07 802.608
0.8 0.07 800.109
0.81 0.07 797.609
0.82 0.07 795.11
0.83 0.07 792.61
0.84 0.07 790.111
0.85 0.07 787.611
0.86 0.07 785.112
0.87 0.07 782.612
0.88 0.07 780.113
0.89 0.07 777.613
0.9 0.07 775.113
0.91 0.07 772.614
0.92 0.07 770.114
0.93 0.07 767.614
0.94 0.07 765.115
0.95 0.07 762.615
0.96 0.07 760.115
0.97 0.07 757.615
0.98 0.07 755.115
0.99 0.07 752.615
1 0.07 750.115
1.01 0.07 747.615
1.02 0.07 745.115
1.03 0.07 742.615
1.04 0.07 740.115
1.05 0.07 737.615
1.06 0.07 735.115
1.07 0.07 732.615
1.08 0.07 730.115
1.09 0.07 727.615
1.1 0.07 725.114
1.11 0.07 722.614
1.12 0.07 720.114
1.13 0.07 717.614
1.14 0.07 715.113
1.15 0.07 712.613
1.16 0.07 710.113
1.17 0.07 707.612
1.18 0.07 705.112
1.19 0.07 702.611
1.2 0.07 700.111
1.21 0.07 697.61
1.22 0.07 695.11
1.23 0.07 692.609
1.24 0.07 690.108
1.25 0.07 687.608
1.26 0.07 685.107
1.27 0.07 682.606
1.28 0.07 680.106
1.29 0.07 677.605
1.3 0.07 675.104
1.31 0.07 672.603
1.32 0.07 670.103
1.33 0.07 667.602
1.34 0.07 665.101
1.35 0.07 662.6
1.36 0.07 660.099
1.37 0.07 657.598
1.38 0.07 655.097
1.39 0.07 652.596
1.4 0.07 650.095
1.41 0.07 647.594
1.42 0.07 645.093
1.43 0.07 642.592
1.44 0.07 640.091
1.45 0.07 637.589
1.46 0.07 635.088
1.47 0.07 632.587
1.48 0.07 630.086
1.49 0.07 627.585
1.5 0.07 625.083
1.51 0.07 622.582
1.52 0.07 620.081
1.53 0.07 617.579
1.54 0.07 615.078
1.55 0.07 612.577
1.56 0.07 610.075
1.57 0.07 607.574
1.58 0.07 605.072
1.59 0.07 602.571
1.6 0.07 600.069
1.61 0.07 597.568
1.62 0.07 595.066
1.63 0.07 592.565
1.64 0.07 590.063
1.65 0.07 587.562
1.66 0.07 585.06
1.67 0.07 582.559
1.68 0.07 580.057
1.69 0.07 577.555
1.7 0.07 575.054
1.71 0.07 572.552
1.72 0.07 570.05
1.73 0.07 567.549
1.74 0.07 565.047
1.75 0.07 562.545
1.76 0.07 560.044
1.77 0.07 557.542
1.78 0.07 555.04
1.79 0.07 552.538
1.8 0.07 550.037
1.81 0.07 547.535
1.82 0.07 545.033
1.83 0.07 542.531
1.84 0.07 540.029
1.85 0.07 537.528
1.86 0.07 535.026
1.87 0.07 532.524
1.88 0.07 530.022
1.89 0.07 527.52
1.9 0.07 525.019
1.91 0.07 522.517
1.92 0.07 520.015
1.93 0.07 517.513
1.94 0.07 515.011
1.95 0.07 512.509
1.96 0.07 510.007
1.97 0.07 507.506
1.98 0.07 505.004
1.99 0.07 502.502
2 0.07 500

0 0.08 1000
0.01 0.08 997.502
0.02 0.08 995.004
0.03 0.08 992.505
0.04 0.08 990.007
0.05 0.08 987.509
0.06 0.08 985.011
0.07 0.08 982.512
0.08 0.08 980.014
0.09 0.08 977.516
0.1 0.08 975.018
0.11 0.08 972.519
0.12 0.08 970.021
0.13 0.08 967.523
0.14 0.08 965.024
0.15 0.08 962.526
0.16 0.08 960.028
0.17 0.08 957.53
0.18 0.08 955.031
0.19 0.08 952.533
0.2 0.08 950.035
0.21 0.08 947.536
0.22 0.08 945.038
0.23 0.08 942.54
0.24 0.08 940.041
0.25 0.08 937.543
0.26 0.08 935.045
0.27 0.08 932.546
0.28 0.08 930.048
0.29 0.08 927.549
0.3 0.08 925.051
0.31 0.08 922.553
0.32 0.08 920.054
0.33 0.08 917.556
0.34 0.08 915.057
0.35 0.08 912.559
0.36 0.08 910.06
0.37 0.08 907.562
0.38 0.08 905.063
0.39 0.08 902.565
0.4 0.08 900.066
0.41 0.08 897.568
0.42 0.08 895.069
0.43 0.08 892.57
0.44 0.08 890.072
0.45 0.08 887.573
0.46 0.08 885.075
0.47 0.08 882.576
0.48 0.08 880.077
0.49 0.08 877.578
0.5 0.08 875.08
0.51 0.08 872.581
0.52 0.08 870.082
0.53 0.08 867.584
0.54 0.08 865.085
0.55 0.08 862.586
0.56 0.08 860.087
0.57 0.08 857.588
0.58 0.08 855.089
0.59 0.08 852.591
0.6 0.08 850.092
0.61 0.08 847.593
0.62 0.08 845.094
0.63 0.08 842.595
0.64 0.08 840.096
0.65 0.08 837.597
0.66 0.08 835.098
0.67 0.08 832.599
0.68 0.08 830.1
0.69 0.08 827.6
0.7 0.08 825.101
0.71 0.08 822.602
0.72 0.08 820.103
0.73 0.08 817.604
0.74 0.08 815.105
0.75 0.08 812.605
0.76 0.08 810.106
0.77 0.08 807.607
0.78 0.08 805.107
0.79 0.08 802.608
0.8 0.08 800.109
0.81 0.08 797.609
0.82 0.08 795.11
0.83 0.08 792.61
0.84 0.08 790.111
0.85 0.08 787.611
0.86 0.08 785.112
0.87 0.08 782.612
0.88 0.08 780.113
0.89 0.08 777.613
0.9 0.08 775.113
0.91 0.08 772.614
0.92 0.08 770.114
0.93 0.08 767.614
0.94 0.08 765.114
0.95 0.08 762.615
0.96 0.08 760.115
0.97 0.08 757.615
0.98 0.08 755.115
0.99 0.08 752.615
1 0.08 750.115
1.01 0.08 747.615
1.02 0.08 745.115
1.03 0.08 742.615
1.04 0.08 740.115
1.05 0.08 737.615
1.06 0.08 735.115
1.07 0.08 732.615
1.08 0.08 730.115
1.09 0.08 727.615
1.1 0.08 725.114
1.11 0.08 722.614
1.12 0.08 720.114
1.13 0.08 717.614
1.14 0.08 715.113
1.15 0.08 712.613
1.16 0.08 710.113
1.17 0.08 707.612
1.18 0.08 705.112
1.19 0.08 702.611
1.2 0.08 700.111
1.21 0.08 697.61
1.22 0.08 695.11
1.23 0.08 692.609
1.24 0.08 690.108
1.25 0.08 687.608
1.26 0.08 685.107
1.27 0.08 682.606
1.28 0.08 680.106
1.29 0.08 677.605
1.3 0.08 675.104
1.31 0.08 672.603
1.32 0.08 670.103
1.33 0.08 667.602
1.34 0.08 665.101
1.35 0.08 662.6
1.36 0.08 660.099
1.37 0.08 657.598
1.38 0.08 655.097
1.39 0.08 652.596
1.4 0.08 650.095
1.41 0.08 647.594
1.42 0.08 645.093
1.43 0.08 642.592
1.44 0.08 640.091
1.45 0.08 637.589
1.46 0.08 635.088
1.47 0.08 632.587
1.48 0.08 630.086
1.49 0.08 627.585
1.5 0.08 625.083
1.51 0.08 622.582
1.52 0.08 620.081
1.53 0.08 617.579
1.54 0.08 615.078
1.55 0.08 612.577
1.56 0.08 610.075
1.57 0.08 607.574
1.58 0.08 605.072
1.59 0.08 602.571
1.6 0.08 600.069
1.61 0.08 597.568
1.62 0.08 595.066
1.63 0.08 592.565
1.64 0.08 590.063
1.65 0.08 587.562
1.66 0.08 585.06
1.67 0.08 582.559
1.68 0.08 580.057
1.69 0.08 577.555
1.7 0.08 575.054
1.71 0.08 572.552
1.72 0.08 570.05
1.73 0.08 567.549
1.74 0.08 565.047
1.75 0.08 562.545
1.76 0.08 560.044
1.77 0.08 557.542
1.78 0.08 555.04
1.79 0.08 552.538
1.8 0.08 550.037
1.81 0.08 547.535
1.82 0.08 545.033
1.83 0.08 542.531
1.84 0.08 540.029
1.85 0.08 537.528
1.86 0.08 535.026
1.87 0.08 532.524
1.88 0.08 530.022
1.89 0.08 527.52
1.9 0.08 525.019
1.91 0.08 522.517
1.92 0.08 520.015
1.93 0.08 517.513
1.94 0.08 515.011
1.95 0.08 512.509
1.96 0.08 510.007
1.97 0.08 507.506
1.98 0.08 505.004
1.99 0.08 502.502
2 0.08 500

0 0.09 1000
0.01 0.09 997.502
0.02 0.09 995.004
0.03 0.09 992.505
0.04 0.09 990.007
0.05 0.09 987.509
0.06 0.09 985.011
0.07 0.09 982.512
0.08 0.09 980.014
0.09 0.09 977.516
0.1 0.09 975.018
0.11 0.09 972.519
0.12 0.09 970.021
0.13 0.09 967.523
0.14 0.09 965.024
0.15 0.09 962.526
0.16 0.09 960.028
0.17 0.09 957.53
0.18 0.09 955.031
0.19 0.09 952.533
0.2 0.09 950.035
0.21 0.09 947.536
0.22 0.09 945.038
0.23 0.09 942.54
0.24 0.09 940.041
0.25 0.09 937.543
0.26 0.09 935.045
0.27 0.09 932.546
0.28 0.09 930.048
0.29 0.09 927.549
0.3 0.09 925.051
0.31 0.09 922.553
0.32 0.09 920.054
0.33 0.09 917.556
0.34 0.09 915.057
0.35 0.09 912.559
0.36 0.09 910.06
0.37 0.09 907.562
0.38 0.09 905.063
0.39 0.09 902.565
0.4 0.09 900.066
0.41 0.09 897.568
0.42 0.09 895.069
0.43 0.09 892.57
0.44 0.09 890.072
0.45 0.09 887.573
0.46 0.09 885.075
0.47 0.09 882.576
0.48 0.09 880.077
0.49 0.09 877.578
0.5 0.09 875.08
0.51 0.09 872.581
0.52 0.09 870.082
0.53 0.09 867.584
0.54 0.09 865.085
0.55 0.09 862.586
0.56 0.09 860.087
0.57 0.09 857.588
0.58 0.09 855.089
0.59 0.09 852.591
0.6 0.09 850.092
0.61 0.09 847.593
0.62 0.09 845.094
0.63 0.09 842.595
0.64 0.09 840.096
0.65 0.09 837.597
0.66 0.09 835.098
0.67 0.09 832.599
0.68 0.09 830.1
0.69 0.09 827.6
0.7 0.09 825.101
0.71 0.09 822.602
0.72 0.09 820.103
0.73 0.09 817.604
0.74 0.09 815.105
0.75 0.09 812.605
0.76 0.09 810.106
0.77 0.09 807.607
0.78 0.09 805.107
0.79 0.09 802.608
0.8 0.09 800.109
0.81 0.09 797.609
0.82 0.09 795.11
0.83 0.09 792.61
0.84 0.09 790.111
0.85 0.09 787.611
0.86 0.09 785.112
0.87 0.09 782.612
0.88 0.09 780.113
0.89 0.09 777.613
0.9 0.09 775.113
0.91 0.09 772.614
0.92 0.09 770.114
0.93 0.09 767.614
0.94 0.09 765.114
0.95 0.09 762.615
0.96 0.09 760.115
0.97 0.09 757.615
0.98 0.09 755.115
0.99 0.09 752.615
1 0.09 750.115
1.01 0.09 747.615
1.02 0.09 745.115
1.03 0.09 742.615
1.04 0.09 740.115
1.05 0.09 737.615
1.06 0.09 735.115
1.07 0.09 732.615
1.08 0.09 730.115
1.09 0.09 727.615
1.1 0.09 725.114
1.11 0.09 722.614
1.12 0.09 720.114
1.13 0.09 717.614
1.14 0.09 715.113
1.15 0.09 712.613
1.16 0.09 710.113
1.17 0.09 707.612
1.18 0.09 705.112
1.19 0.09 702.611
1.2 0.09 700.111
1.21 0.09 697.61
1.22 0.09 695.11
1.23 0.09 692.609
1.24 0.09 690.108
1.25 0.09 687.608
1.26 0.09 685.107
1.27 0.09 682.606
1.28 0.09 680.106
1.29 0.09 677.605
1.3 0.09 675.104
1.31 0.09 672.603
1.32 0.09 670.103
1.33 0.09 667.602
1.34 0.09 665.101
1.35 0.09 662.6
1.36 0.09 660.099
1.37 0.09 657.598
1.38 0.09 655.097
1.39 0.09 652.596
1.4 0.09 650.095
1.41 0.09 647.594
1.42 0.09 645.093
1.43 0.09 642.592
1.44 0.09 640.091
1.45 0.09 637.589
1.46 0.09 635.088
1.47 0.09 632.587
1.48 0.09 630.086
1.49 0.09 627.585
1.5 0.09 625.083
1.51 0.09 622.582
1.52 0.09 620.081
1.53 0.09 617.579
1.54 0.09 615.078
1.55 0.09 612.577
1.56 0.09 610.075
1.57 0.09 607.574
1.58 0.09 605.072
1.59 0.09 602.571
1.6 0.09 600.069
1.61 0.09 597.568
1.62 0.09 595.066
1.63 0.09 592.565
1.64 0.09 590.063
1.65 0.09 587.562
1.66 0.09 585.06
1.67 0.09 582.559
1.68 0.09 580.057
1.69 0.09 577.555
1.7 0.09 575.054
1.71 0.09 572.552
1.72 0.09 570.05
1.73 0.09 567.549
1.74 0.09 565.047
1.75 0.09 562.545
1.76 0.09 560.044
1.77 0.09 557.542
1.78 0.09 555.04
1.79 0.09 552.538
1.8 0.09 550.037
1.81 0.09 547.535
1.82 0.09 545.033
1.83 0.09 542.531
1.84 0.09 540.029
1.85 0.09 537.528
1.86 0.09 535.026
1.87 0.09 532.524
1.88 0.09 530.022
1.89 0.09 527.52
1.9 0.09 525.019
1.91 0.09 522.517
1.92 0.09 520.015
1.93 0.09 517.513
1.94 0.09 515.011
1.95 0.09 512.509
1.96 0.09 510.007
1.97 0.09 507.506
1.98 0.09 505.004
1.99 0.09 502.502
2 0.09 500

0 0.1 1000
0.01 0.1 997.502
0.02 0.1 995.004
0.03 0.1 992.505
0.04 0.1 990.007
0.05 0.1 987.509
0.06 0.1 985.011
0.07 0.1 982.512
0.08 0.1 980.014
0.09 0.1 977.516
0.1 0.1 975.018
0.11 0.1 972.519
0.12 0.1 970.021
0.13 0.1 967.523
0.14 0.1 965.024
0.15 0.1 962.526
0.16 0.1 960.028
0.17 0.1 957.53
0.18 0.1 955.031
0.19 0.1 952.533
0.2 0.1 950.035
0.21 0.1 947.536
0.22 0.1 945.038
0.23 0.1 942.54
0.24 0.1 940.041
0.25 0.1 937.543
0.26 0.1 935.045
0.27 0.1 932.546
0.28 0.1 930.048
0.29 0.1 927.549
0.3 0.1 925.051
0.31 0.1 922.553
0.32 0.1 920.054
0.33 0.1 917.556
0.34 0.1 915.057
0.35 0.1 912.559
0.36 0.1 910.06
0.37 0.1 907.562
0.38 0.1 905.063
0.39 0.1 902.565
0.4 0.1 900.066
0.41 0.1 897.568
0.42 0.1 895.069
0.43 0.1 892.57
0.44 0.1 890.072
0.45 0.1 887.573
0.46 0.1 885.075
0.47 0.1 882.576
0.48 0.1 880.077
0.49 0.1 877.578
0.5 0.1 875.08
0.51 0.1 872.581
0.52 0.1 870.082
0.53 0.1 867.584
0.54 0.1 865.085
0.55 0.1 862.586
0.56 0.1 860.087
0.57 0.1 857.588
0.58 0.1 855.089
0.59 0.1 852.591
0.6 0.1 850.092
0.61 0.1 847.593
0.62 0.1 845.094
0.63 0.1 842.595
0.64 0.1 840.096
0.65 0.1 837.597
0.66 0.1 835.098
0.67 0.1 832.599
0.68 0.1 830.1
0.69 0.1 827.6
0.7 0.1 825.101
0.71 0.1 822.602
0.72 0.1 820.103
0.73 0.1 817.604
0.74 0.1 815.105
0.75 0.1 812.605
0.76 0.1 810.106
0.77 0.1 807.607
0.78 0.1 805.107
0.79 0.1 802.608
0.8 0.1 800.109
0.81 0.1 797.609
0.82 0.1 795.11
0.83 0.1 792.61
0.84 0.1 790.111
0.85 0.1 787.611
0.86 0.1 785.112
0.87 0.1 782.612
0.88 0.1 780.113
0.89 0.1 777.613
0.9 0.1 775.113
0.91 0.1 772.614
0.92 0.1 770.114
0.93 0.1 767.614
0.94 0.1 765.114
0.95 0.1 762.615
0.96 0.1 760.115
0.97 0.1 757.615
0.98 0.1 755.115
0.99 0.1 752.615
1 0.1 750.115
1.01 0.1 747.615
1.02 0.1 745.115
1.03 0.1 742.615
1.04 0.1 740.115
1.05 0.1 737.615
1.06 0.1 735.115
1.07 0.1 732.615
1.08 0.1 730.115
1.09 0.1 727.615
1.1 0.1 725.114
1.11 0.1 722.614
1.12 0.1 720.114
1.13 0.1 717.614
1.14 0.1 715.113
1.15 0.1 712.613
1.16 0.1 710.113
1.17 0.1 707.612
1.18 0.1 705.112
1.19 0.1 702.611
1.2 0.1 700.111
1.21 0.1 697.61
1.22 0.1 695.11
1.23 0.1 692.609
1.24 0.1 690.108
1.25 0.1 687.608
1.26 0.1 685.107
1.27 0.1 682.606
1.28 0.1 680.106
1.29 0.1 677.605
1.3 0.1 675.104
1.31 0.1 672.603
1.32 0.1 670.103
1.33 0.1 667.602
1.34 0.1 665.101
1.35 0.1 662.6
1.36 0.1 660.099
1.37 0.1 657.598
1.38 0.1 655.097
1.39 0.1 652.596
1.4 0.1 650.095
1.41 0.1 647.594
1.42 0.1 645.093
1.43 0.1 642.592
1.44 0.1 640.091
1.45 0.1 637.589
1.46 0.1 635.088
1.47 0.1 632.587
1.48 0.1 630.086
1.49 0.1 627.585
1.5 0.1 625.083
1.51 0.1 622.582
1.52 0.1 620.081
1.53 0.1 617.579
1.54 0.1 615.078
1.55 0.1 612.577
1.56 0.1 610.075
1.57 0.1 607.574
1.58 0.1 605.072
1.59 0.1 602.571
1.6 0.1 600.069
1.61 0.1 597.568
1.62 0.1 595.066
1.63 0.1 592.565
1.64 0.1 590.063
1.65 0.1 587.562
1.66 0.1 585.06
1.67 0.1 582.559
1.68 0.1 580.057
1.69 0.1 577.555
1.7 0.1 575.054
1.71 0.1 572.552
1.72 0.1 570.05
1.73 0.1 567.549
1.74 0.1 565.047
1.75 0.1 562.545
1.76 0.1 560.044
1.77 0.1 557.542
1.78 0.1 555.04
1.79 0.1 552.538
1.8 0.1 550.037
1.81 0.1 547.535
1.82 0.1 545.033
1.83 0.1 542.531
1.84 0.1 540.029
1.85 0.1 537.528
1.86 0.1 535.026
1.87 0.1 532.524
1.88 0.1 530.022
1.89 0.1 527.52
1.9 0.1 525.019
1.91 0.1 522.517
1.92 0.1 520.015
1.93 0.1 517.513
1.94 0.1 515.011
1.95 0.1 512.509
1.96 0.1 510.007
1.97 0.1 507.506
1.98 0.1 505.004
1.99 0.1 502.502
2 0.1 500

0 0.11 1000
0.01 0.11 997.502
0.02 0.11 995.004
0.03 0.11 992.505
0.04 0.11 990.007
0.05 0.11 987.509
0.06 0.11 985.011
0.07 0.11 982.512
0.08 0.11 980.014
0.09 0.11 977.516
0.1 0.11 975.018
0.11 0.11 972.519
0.12 0.11 970.021
0.13 0.11 967.523
0.14 0.11 965.024
0.15 0.11 962.526
0.16 0.11 960.028
0.17 0.11 957.53
0.18 0.11 955.031
0.19 0.11 952.533
0.2 0.11 950.035
0.21 0.11 947.536
0.22 0.11 945.038
0.23 0.11 942.54
0.24 0.11 940.041
0.25 0.11 937.543
0.26 0.11 935.045
0.27 0.11 932.546
0.28 0.11 930.048
0.29 0.11 927.549
0.3 0.11 925.051
0.31 0.11 922.553
0.32 0.11 920.054
0.33 0.11 917.556
0.34 0.11 915.057
0.35 0.11 912.559
0.36 0.11 910.06
0.37 0.11 907.562
0.38 0.11 905.063
0.39 0.11 902.565
0.4 0.11 900.066
0.41 0.11 897.568
0.42 0.11 895.069
0.43 0.11 892.57
0.44 0.11 890.072
0.45 0.11 887.573
0.46 0.11 885.074
0.47 0.11 882.576
0.48 0.11 880.077
0.49 0.11 877.578
0.5 0.11 875.08
0.51 0.11 872.581
0.52 0.11 870.082
0.53 0.11 867.584
0.54 0.11 865.085
0.55 0.11 862.586
0.56 0.11 860.087
0.57 0.11 857.588
0.58 0.11 855.089
0.59 0.11 852.591
0.6 0.11 850.092
0.61 0.11 847.593
0.62 0.11 845.094
0.63 0.11 842.595
0.64 0.11 840.096
0.65 0.11 837.597
0.66 0.11 835.098
0.67 0.11 832.599
0.68 0.11 830.1
0.69 0.11 827.6
0.7 0.11 825.101
0.71 0.11 822.602
0.72 0.11 820.103
0.73 0.11 817.604
0.74 0.11 815.105
0.75 0.11 812.605
0.76 0.11 810.106
0.77 0.11 807.607
0.78 0.11 805.107
0.79 0.11 802.608
0.8 0.11 800.109
0.81 0.11 797.609
0.82 0.11 795.11
0.83 0.11 792.61
0.84 0.11 790.111
0.85 0.11 787.611
0.86 0.11 785.112
0.87 0.11 782.612
0.88 0.11 780.113
0.89 0.11 777.613
0.9 0.11 775.113
0.91 0.11 772.614
0.92 0.11 770.114
0.93 0.11 767.614
0.94 0.11 765.114
0.95 0.11 762.615
0.96 0.11 760.115
0.97 0.11 757.615
0.98 0.11 755.115
0.99 0.11 752.615
1 0.11 750.115
1.01 0.11 747.615
1.02 0.11 745.115
1.03 0.11 742.615
1.04 0.11 740.115
1.05 0.11 737.615
1.06 0.11 735.115
1.07 0.11 732.615
1.08 0.11 730.115
1.09 0.11 727.615
1.1 0.11 725.114
1.11 0.11 722.614
1.12 0.11 720.114
1.13 0.11 717.614
1.14 0.11 715.113
1.15 0.11 712.613
1.16 0.11 710.113
1.17 0.11 707.612
1.18 0.11 705.112
1.19 0.11 702.611
1.2 0.11 700.111
1.21 0.11 697.61
1.22 0.11 695.11
1.23 0.11 692.609
1.24 0.11 690.108
1.25 0.11 687.608
1.26 0.11 685.107
1.27 0.11 682.606
1.28 0.11 680.106
1.29 0.11 677.605
1.3 0.11 675.104
1.31 0.11 672.603
1.32 0.11 670.103
1.33 0.11 667.602
1.34 0.11 665.101
1.35 0.11 662.6
1.36 0.11 660.099
1.37 0.11 657.598
1.38 0.11 655.097
1.39 0.11 652.596
1.4 0.11 650.095
1.41 0.11 647.594
1.42 0.11 645.093
1.43 0.11 642.592
1.44 0.11 640.091
1.45 0.11 637.589
1.46 0.11 635.088
1.47 0.11 632.587
1.48 0.11 630.086
1.49 0.11 627.585
1.5 0.11 625.083
1.51 0.11 622.582
1.52 0.11 620.081
1.53 0.11 617.579
1.54 0.11 615.078
1.55 0.11 612.577
1.56 0.11 610.075
1.57 0.11 607.574
1.58 0.11 605.072
1.59 0.11 602.571
1.6 0.11 600.069
1.61 0.11 597.568
1.62 0.11 595.066
1.63 0.11 592.565
1.64 0.11 590.063
1.65 0.11 587.562
1.66 0.11 585.06
1.67 0.11 582.559
1.68 0.11 580.057
1.69 0.11 577.555
1.7 0.11 575.054
1.71 0.11 572.552
1.72 0.11 570.05
1.73 0.11 567.549
1.74 0.11 565.047
1.75 0.11 562.545
1.76 0.11 560.044
1.77 0.11 557.542
1.78 0.11 555.04
1.79 0.11 552.538
1.8 0.11 550.037
1.81 0.11 547.535
1.82 0.11 545.033
1.83 0.11 542.531
1.84 0.11 540.029
1.85 0.11 537.528
1.86 0.11 535.026
1.87 0.11 532.524
1.88 0.11 530.022
1.89 0.11 527.52
1.9 0.11 525.019
1.91 0.11 522.517
1.92 0.11 520.015
1.93 0.11 517.513
1.94 0.11 515.011
1.95 0.11 512.509
1.96 0.11 510.007
1.97 0.11 507.506
1.98 0.11 505.004
1.99 0.11 502.502
2 0.11 500

0 0.12 1000
0.01 0.12 997.502
0.02 0.12 995.004
0.03 0.12 992.505
0.04 0.12 990.007
0.05 0.12 987.509
0.06 0.12 985.011
0.07 0.12 982.512
0.08 0.12 980.014
0.09 0.12 977.516
0.1 0.12 975.018
0.11 0.12 972.519
0.12 0.12 970.021
0.13 0.12 967.523
0.14 0.12 965.024
0.15 0.12 962.526
0.16 0.12 960.028
0.17 0.12 957.53
0.18 0.12 955.031
0.19 0.12 952.533
0.2 0.12 950.035
0.21 0.12 947.536
0.22 0.12 945.038
0.23 0.12 942.54
0.24 0.12 940.041
0.25 0.12 937.543
0.26 0.12 935.045
0.27 0.12 932.546
0.28 0.12 930.048
0.29 0.12 927.549
0.3 0.12 925.051
0.31 0.12 922.552
0.32 0.12 920.054
0.33 0.12 917.556
0.34 0.12 915.057
0.35 0.12 912.559
0.36 0.12 910.06
0.37 0.12 907.562
0.38 0.12 905.063
0.39 0.12 902.565
0.4 0.12 900.066
0.41 0.12 897.568
0.42 0.12 895.069
0.43 0.12 892.57
0.44 0.12 890.072
0.45 0.12 887.573
0.46 0.12 885.074
0.47 0.12 882.576
0.48 0.12 880.077
0.49 0.12 877.578
0.5 0.12 875.08
0.51 0.12 872.581
0.52 0.12 870.082
0.53 0.12 867.584
0.54 0.12 865.085
0.55 0.12 862.586
0.56 0.12 860.087
0.57 0.12 857.588
0.58 0.12 855.089
0.59 0.12 852.591
0.6 0.12 850.092
0.61 0.12 847.593
0.62 0.12 845.094
0.63 0.12 842.595
0.64 0.12 840.096
0.65 0.12 837.597
0.66 0.12 835.098
0.67 0.12 832.599
0.68 0.12 830.1
0.69 0.12 827.6
0.7 0.12 825.101
0.71 0.12 822.602
0.72 0.12 820.103
0.73 0.12 817.604
0.74 0.12 815.105
0.75 0.12 812.605
0.76 0.12 810.106
0.77 0.12 807.607
0.78 0.12 805.107
0.79 0.12 802.608
0.8 0.12 800.109
0.81 0.12 797.609
0.82 0.12 795.11
0.83 0.12 792.61
0.84 0.12 790.111
0.85 0.12 787.611
0.86 0.12 785.112
0.87 0.12 782.612
0.88 0.12 780.113
0.89 0.12 777.613
0.9 0.12 775.113
0.91 0.12 772.614
0.92 0.12 770.114
0.93 0.12 767.614
0.94 0.12 765.114
0.95 0.12 762.615
0.96 0.12 760.115
0.97 0.12 757.615
0.98 0.12 755.115
0.99 0.12 752.615
1 0.12 750.115
1.01 0.12 747.615
1.02 0.12 745.115
1.03 0.12 742.615
1.04 0.12 740.115
1.05 0.12 737.615
1.06 0.12 735.115
1.07 0.12 732.615
1.08 0.12 730.115
1.09 0.12 727.615
1.1 0.12 725.114
1.11 0.12 722.614
1.12 0.12 720.114
1.13 0.12 717.614
1.14 0.12 715.113
1.15 0.12 712.613
1.16 0.12 710.113
1.17 0.12 707.612
1.18 0.12 705.112
1.19 0.12 702.611
1.2 0.12 700.111
1.21 0.12 697.61
1.22 0.12 695.11
1.23 0.12 692.609
1.24 0.12 690.108
1.25 0.12 687.608
1.26 0.12 685.107
1.27 0.12 682.606
1.28 0.12 680.106
1.29 0.12 677.605
1.3 0.12 675.104
1.31 0.12 672.603
1.32 0.12 670.103
1.33 0.12 667.602
1.34 0.12 665.101
1.35 0.12 662.6
1.36 0.12 660.099
1.37 0.12 657.598
1.38 0.12 655.097
1.39 0.12 652.596
1.4 0.12 650.095
1.41 0.12 647.594
1.42 0.12 645.093
1.43 0.12 642.592
1.44 0.12 640.091
1.45 0.12 637.589
1.46 0.12 635.088
1.47 0.12 632.587
1.48 0.12 630.086
1.49 0.12 627.585
1.5 0.12 625.083
1.51 0.12 622.582
1.52 0.12 620.081
1.53 0.12 617.579
1.54 0.12 615.078
1.55 0.12 612.577
1.56 0.12 610.075
1.57 0.12 607.574
1.58 0.12 605.072
1.59 0.12 602.571
1.6 0.12 600.069
1.61 0.12 597.568
1.62 0.12 595.066
1.63 0.12 592.565
1.64 0.12 590.063
1.65 0.12 587.562
1.66 0.12 585.06
1.67 0.12 582.559
1.68 0.12 580.057
1.69 0.12 577.555
1.7 0.12 575.054
1.71 0.12 572.552
1.72 0.12 570.05
1.73 0.12 567.549
1.74 0.12 565.047
1.75 0.12 562.545
1.76 0.12 560.044
1.77 0.12 557.542
1.78 0.12 555.04
1.79 0.12 552.538
1.8 0.12 550.037
1.81 0.12 547.535
1.82 0.12 545.033
1.83 0.12 542.531
1.84 0.12 540.029
1.85 0.12 537.528
1.86 0.12 535.026
1.87 0.12 532.524
1.88 0.12 530.022
1.89 0.12 527.52
1.9 0.12 525.019
1.91 0.12 522.517
1.92 0.12 520.015
1.93 0.12 517.513
1.94 0.12 515.011
1.95 0.12 512.509
1.96 0.12 510.007
1.97 0.12 507.506
1.98 0.12 505.004
1.99 0.12 502.502
2 0.12 500

0 0.13 1000
0.01 0.13 997.502
0.02 0.13 995.004
0.03 0.13 992.505
0.04 0.13 990.007
0.05 0.13 987.509
0.06 0.13 985.011
0.07 0.13 982.512
0.08 0.13 980.014
0.09 0.13 977.516
0.1 0.13 975.018
0.11 0.13 972.519
0.12 0.13 970.021
0.13 0.13 967.523
0.14 0.13 965.024
0.15 0.13 962.526
0.16 0.13 960.028
0.17 0.13 957.53
0.18 0.13 955.031
0.19 0.13 952.533
0.2 0.13 950.035
0.21 0.13 947.536
0.22 0.13 945.038
0.23 0.13 942.54
0.24 0.13 940.041
0.25 0.13 937.543
0.26 0.13 935.045
0.27 0.13 932.546
0.28 0.13 930.048
0.29 0.13 927.549
0.3 0.13 925.051
0.31 0.13 922.552
0.32 0.13 920.054
0.33 0.13 917.556
0.34 0.13 915.057
0.35 0.13 912.559
0.36 0.13 910.06
0.37 0.13 907.562
0.38 0.13 905.063
0.39 0.13 902.565
0.4 0.13 900.066
0.41 0.13 897.568
0.42 0.13 895.069
0.43 0.13 892.57
0.44 0.13 890.072
0.45 0.13 887.573
0.46 0.13 885.074
0.47 0.13 882.576
0.48 0.13 880.077
0.49 0.13 877.578
0.5 0.13 875.08
0.51 0.13 872.581
0.52 0.13 870.082
0.53 0.13 867.584
0.54 0.13 865.085
0.55 0.13 862.586
0.56 0.13 860.087
0.57 0.13 857.588
0.58 0.13 855.089
0.59 0.13 852.59
0.6 0.13 850.092
0.61 0.13 847.593
0.62 0.13 845.094
0.63 0.13 842.595
0.64 0.13 840.096
0.65 0.13 837.597
0.66 0.13 835.098
0.67 0.13 832.599
0.68 0.13 830.1
0.69 0.13 827.6
0.7 0.13 825.101
0.71 0.13 822.602
0.72 0.13 820.103
0.73 0.13 817.604
0.74 0.13 815.105
0.75 0.13 812.605
0.76 0.13 810.106
0.77 0.13 807.607
0.78 0.13 805.107
0.79 0.13 802.608
0.8 0.13 800.109
0.81 0.13 797.609
0.82 0.13 795.11
0.83 0.13 792.61
0.84 0.13 790.111
0.85 0.13 787.611
0.86 0.13 785.112
0.87 0.13 782.612
0.88 0.13 780.113
0.89 0.13 777.613
0.9 0.13 775.113
0.91 0.13 772.614
0.92 0.13 770.114
0.93 0.13 767.614
0.94 0.13 765.114
0.95 0.13 762.615
0.96 0.13 760.115
0.97 0.13 757.615
0.98 0.13 755.115
0.99 0.13 752.615
1 0.13 750.115
1.01 0.13 747.615
1.02 0.13 745.115
1.03 0.13 742.615
1.04 0.13 740.115
1.05 0.13 737.615
1.06 0.13 735.115
1.07 0.13 732.615
1.08 0.13 730.115
1.09 0.13 727.615
1.1 0.13 725.114
1.11 0.13 722.614
1.12 0.13 720.114
1.13 0.13 717.614
1.14 0.13 715.113
1.15 0.13 712.613
1.16 0.13 710.113
1.17 0.13 707.612
1.18 0.13 705.112
1.19 0.13 702.611
1.2 0.13 700.111
1.21 0.13 697.61
1.22 0.13 695.11
1.23 0.13 692.609
1.24 0.13 690.108
1.25 0.13 687.608
1.26 0.13 685.107
1.27 0.13 682.606
1.28 0.13 680.106
1.29 0.13 677.605
1.3 0.13 675.104
1.31 0.13 672.603
1.32 0.13 670.103
1.33 0.13 667.602
1.34 0.13 665.101
1.35 0.13 662.6
1.36 0.13 660.099
1.37 0.13 657.598
1.38 0.13 655.097
1.39 0.13 652.596
1.4 0.13 650.095
1.41 0.13 647.594
1.42 0.13 645.093
1.43 0.13 642.592
1.44 0.13 640.091
1.45 0.13 637.589
1.46 0.13 635.088
1.47 0.13 632.587
1.48 0.13 630.086
1.49 0.13 627.585
1.5 0.13 625.083
1.51 0.13 622.582
1.52 0.13 620.081
1.53 0.13 617.579
1.54 0.13 615.078
1.55 0.13 612.577
1.56 0.13 610.075
1.57 0.13 607.574
1.58 0.13 605.072
1.59 0.13 602.571
1.6 0.13 600.069
1.61 0.13 597.568
1.62 0.13 595.066
1.63 0.13 592.565
1.64 0.13 590.063
1.65 0.13 587.562
1.66 0.13 585.06
1.67 0.13 582.559
1.68 0.13 580.057
1.69 0.13 577.555
1.7 0.13 575.054
1.71 0.13 572.552
1.72 0.13 570.05
1.73 0.13 567.549
1.74 0.13 565.047
1.75 0.13 562.545
1.76 0.13 560.044
1.77 0.13 557.542
1.78 0.13 555.04
1.79 0.13 552.538
1.8 0.13 550.037
1.81 0.13 547.535
1.82 0.13 545.033
1.83 0.13 542.531
1.84 0.13 540.029
1.85 0.13 537.528
1.86 0.13 535.026
1.87 0.13 532.524
1.88 0.13 530.022
1.89 0.13 527.52
1.9 0.13 525.019
1.91 0.13 522.517
1.92 0.13 520.015
1.93 0.13 517.513
1.94 0.13 515.011
1.95 0.13 512.509
1.96 0.13 510.007
1.97 0.13 507.506
1.98 0.13 505.004
1.99 0.13 502.502
2 0.13 500

0 0.14 1000
0.01 0.14 997.502
0.02 0.14 995.004
0.03 0.14 992.505
0.04 0.14 990.007
0.05 0.14 987.509
0.06 0.14 985.011
0.07 0.14 982.512
0.08 0.14 980.014
0.09 0.14 977.516
0.1 0.14 975.018
0.11 0.14 972.519
0.12 0.14 970.021
0.13 0.14 967.523
0.14 0.14 965.024
0.15 0.14 962.526
0.16 0.14 960.028
0.17 0.14 957.53
0.18 0.14 955.031
0.19 0.14 952.533
0.2 0.14 950.035
0.21 0.14 947.536
0.22 0.14 945.038
0.23 0.14 942.54
0.24 0.14 940.041
0.25 0.14 937.543
0.26 0.14 935.045
0.27 0.14 932.546
0.28 0.14 930.048
0.29 0.14 927.549
0.3 0.14 925.051
0.31 0.14 922.552
0.32 0.14 920.054
0.33 0.14 917.556
0.34 0.14 915.057
0.35 0.14 912.559
0.36 0.14 910.06
0.37 0.14 907.562
0.38 0.14 905.063
0.39 0.14 902.565
0.4 0.14 900.066
0.41 0.14 897.568
0.42 0.14 895.069
0.43 0.14 892.57
0.44 0.14 890.072
0.45 0.14 887.573
0.46 0.14 885.074
0.47 0.14 882.576
0.48 0.14 880.077
0.49 0.14 877.578
0.5 0.14 875.08
0.51 0.14 872.581
0.52 0.14 870.082
0.53 0.14 867.584
0.54 0.14 865.085
0.55 0.14 862.586
0.56 0.14 860.087
0.57 0.14 857.588
0.58 0.14 855.089
0.59 0.14 852.59
0.6 0.14 850.092
0.61 0.14 847.593
0.62 0.14 845.094
0.63 0.14 842.595
0.64 0.14 840.096
0.65 0.14 837.597
0.66 0.14 835.098
0.67 0.14 832.599
0.68 0.14 830.1
0.69 0.14 827.6
0.7 0.14 825.101
0.71 0.14 822.602
0.72 0.14 820.103
0.73 0.14 817.604
0.74 0.14 815.105
0.75 0.14 812.605
0.76 0.14 810.106
0.77 0.14 807.607
0.78 0.14 805.107
0.79 0.14 802.608
0.8 0.14 800.109
0.81 0.14 797.609
0.82 0.14 795.11
0.83 0.14 792.61
0.84 0.14 790.111
0.85 0.14 787.611
0.86 0.14 785.112
0.87 0.14 782.612
0.88 0.14 780.113
0.89 0.14 777.613
0.9 0.14 775.113
0.91 0.14 772.614
0.92 0.14 770.114
0.93 0.14 767.614
0.94 0.14 765.114
0.95 0.14 762.615
0.96 0.14 760.115
0.97 0.14 757.615
0.98 0.14 755.115
0.99 0.14 752.615
1 0.14 750.115
1.01 0.14 747.615
1.02 0.14 745.115
1.03 0.14 742.615
1.04 0.14 740.115
1.05 0.14 737.615
1.06 0.14 735.115
1.07 0.14 732.615
1.08 0.14 730.115
1.09 0.14 727.615
1.1 0.14 725.114
1.11 0.14 722.614
1.12 0.14 720.114
1.13 0.14 717.614
1.14 0.14 715.113
1.15 0.14 712.613
1.16 0.14 710.113
1.17 0.14 707.612
1.18 0.14 705.112
1.19 0.14 702.611
1.2 0.14 700.111
1.21 0.14 697.61
1.22 0.14 695.11
1.23 0.14 692.609
1.24 0.14 690.108
1.25 0.14 687.608
1.26 0.14 685.107
1.27 0.14 682.606
1.28 0.14 680.106
1.29 0.14 677.605
1.3 0.14 675.104
1.31 0.14 672.603
1.32 0.14 670.103
1.33 0.14 667.602
1.34 0.14 665.101
1.35 0.14 662.6
1.36 0.14 660.099
1.37 0.14 657.598
1.38 0.14 655.097
1.39 0.14 652.596
1.4 0.14 650.095
1.41 0.14 647.594
1.42 0.14 645.093
1.43 0.14 642.592
1.44 0.14 640.091
1.45 0.14 637.589
1.46 0.14 635.088
1.47 0.14 632.587
1.48 0.14 630.086
1.49 0.14 627.585
1.5 0.14 625.083
1.51 0.14 622.582
1.52 0.14 620.081
1.53 0.14 617.579
1.54 0.14 615.078
1.55 0.14 612.577
1.56 0.14 610.075
1.57 0.14 607.574
1.58 0.14 605.072
1.59 0.14 602.571
1.6 0.14 600.069
1.61 0.14 597.568
1.62 0.14 595.066
1.63 0.14 592.565
1.64 0.14 590.063
1.65 0.14 587.562
1.66 0.14 585.06
1.67 0.14 582.559
1.68 0.14 580.057
1.69 0.14 577.555
1.7 0.14 575.054
1.71 0.14 572.552
1.72 0.14 570.05
1.73 0.14 567.549
1.74 0.14 565.047
1.75 0.14 562.545
1.76 0.14 560.044
1.77 0.14 557.542
1.78 0.14 555.04
1.79 0.14 552.538
1.8 0.14 550.037
1.81 0.14 547.535
1.82 0.14 545.033
1.83 0.14 542.531
1.84 0.14 540.029
1.85 0.14 537.528
1.86 0.14 535.026
1.87 0.14 532.524
1.88 0.14 530.022
1.89 0.14 527.52
1.9 0.14 525.019
1.91 0.14 522.517
1.92 0.14 520.015
1.93 0.14 517.513
1.94 0.14 515.011
1.95 0.14 512.509
1.96 0.14 510.007
1.97 0.14 507.506
1.98 0.14 505.004
1.99 0.14 502.502
2 0.14 500

0 0.15 1000
0.01 0.15 997.502
0.02 0.15 995.004
0.03 0.15 992.505
0.04 0.15 990.007
0.05 0.15 987.509
0.06 0.15 985.011
0.07 0.15 982.512
0.08 0.15 980.014
0.09 0.15 977.516
0.1 0.15 975.018
0.11 0.15 972.519
0.12 0.15 970.021
0.13 0.15 967.523
0.14 0.15 965.024
0.15 0.15 962.526
0.16 0.15 960.028
0.17 0.15 957.53
0.18 0.15 955.031
0.19 0.15 952.533
0.2 0.15 950.035
0.21 0.15 947.536
0.22 0.15 945.038
0.23 0.15 942.54
0.24 0.15 940.041
0.25 0.15 937.543
0.26 0.15 935.045
0.27 0.15 932.546
0.28 0.15 930.048
0.29 0.15 927.549
0.3 0.15 925.051
0.31 0.15 922.552
0.32 0.15 920.054
0.33 0.15 917.556
0.34 0.15 915.057
0.35 0.15 912.559
0.36 0.15 910.06
0.37 0.15 907.562
0.38 0.15 905.063
0.39 0.15 902.565
0.4 0.15 900.066
0.41 0.15 897.568
0.42 0.15 895.069
0.43 0.15 892.57
0.44 0.15 890.072
0.45 0.15 887.573
0.46 0.15 885.074
0.47 0.15 882.576
0.48 0.15 880.077
0.49 0.15 877.578
0.5 0.15 875.08
0.51 0.15 872.581
0.52 0.15 870.082
0.53 0.15 867.584
0.54 0.15 865.085
0.55 0.15 862.586
0.56 0.15 860.087
0.57 0.15 857.588
0.58 0.15 855.089
0.59 0.15 852.59
0.6 0.15 850.092
0.61 0.15 847.593
0.62 0.15 845.094
0.63 0.15 842.595
0.64 0.15 840.096
0.65 0.15 837.597
0.66 0.15 835.098
0.67 0.15 832.599
0.68 0.15 830.1
0.69 0.15 827.6
0.7 0.15 825.101
0.71 0.15 822.602
0.72 0.15 820.103
0.73 0.15 817.604
0.74 0.15 815.105
0.75 0.15 812.605
0.76 0.15 810.106
0.77 0.15 807.607
0.78 0.15 805.107
0.79 0.15 802.608
0.8 0.15 800.109
0.81 0.15 797.609
0.82 0.15 795.11
0.83 0.15 792.61
0.84 0.15 790.111
0.85 0.15 787.611
0.86 0.15 785.112
0.87 0.15 782.612
0.88 0.15 780.113
0.89 0.15 777.613
0.9 0.15 775.113
0.91 0.15 772.614
0.92 0.15 770.114
0.93 0.15 767.614
0.94 0.15 765.114
0.95 0.15 762.615
0.96 0.15 760.115
0.97 0.15 757.615
0.98 0.15 755.115
0.99 0.15 752.615
1 0.15 750.115
1.01 0.15 747.615
1.02 0.15 745.115
1.03 0.15 742.615
1.04 0.15 740.115
1.05 0.15 737.615
1.06 0.15 735.115
1.07 0.15 732.615
1.08 0.15 730.115
1.09 0.15 727.615
1.1 0.15 725.114
1.11 0.15 722.614
1.12 0.15 720.114
1.13 0.15 717.614
1.14 0.15 715.113
1.15 0.15 712.613
1.16 0.15 710.113
1.17 0.15 707.612
1.18 0.15 705.112
1.19 0.15 702.611
1.2 0.15 700.111
1.21 0.15 697.61
1.22 0.15 695.11
1.23 0.15 692.609
1.24 0.15 690.108
1.25 0.15 687.608
1.26 0.15 685.107
1.27 0.15 682.606
1.28 0.15 680.106
1.29 0.15 677.605
1.3 0.15 675.104
1.31 0.15 672.603
1.32 0.15 670.103
1.33 0.15 667.602
1.34 0.15 665.101
1.35 0.15 662.6
1.36 0.15 660.099
1.37 0.15 657.598
1.38 0.15 655.097
1.39 0.15 652.596
1.4 0.15 650.095
1.41 0.15 647.594
1.42 0.15 645.093
1.43 0.15 642.592
1.44 0.15 640.091
1.45 0.15 637.589
1.46 0.15 635.088
1.47 0.15 632.587
1.48 0.15 630.086
1.49 0.15 627.585
1.5 0.15 625.083
1.51 0.15 622.582
1.52 0.15 620.081
1.53 0.15 617.579
1.54 0.15 615.078
1.55 0.15 612.577
1.56 0.15 610.075
1.57 0.15 607.574
1.58 0.15 605.072
1.59 0.15 602.571
1.6 0.15 600.069
1.61 0.15 597.568
1.62 0.15 595.066
1.63 0.15 592.565
1.64 0.15 590.063
1.65 0.15 587.562
1.66 0.15 585.06
1.67 0.15 582.559
1.68 0.15 580.057
1.69 0.15 577.555
1.7 0.15 575.054
1.71 0.15 572.552
1.72 0.15 570.05
1.73 0.15 567.549
1.74 0.15 565.047
1.75 0.15 562.545
1.76 0.15 560.044
1.77 0.15 557.542
1.78 0.15 555.04
1.79 0.15 552.538
1.8 0.15 550.037
1.81 0.15 547.535
1.82 0.15 545.033
1.83 0.15 542.531
1.84 0.15 540.029
1.85 0.15 537.528
1.86 0.15 535.026
1.87 0.15 532.524
1.88 0.15 530.022
1.89 0.15 527.52
1.9 0.15 525.019
1.91 0.15 522.517
1.92 0.15 520.015
1.93 0.15 517.513
1.94 0.15 515.011
1.95 0.15 512.509
1.96 0.15 510.007
1.97 0.15 507.506
1.98 0.15 505.004
1.99 0.15 502.502
2 0.15 500

0 0.16 1000
0.01 0.16 997.502
0.02 0.16 995.004
0.03 0.16 992.505
0.04 0.16 990.007
0.05 0.16 987.509
0.06 0.16 985.011
0.07 0.16 982.512
0.08 0.16 980.014
0.09 0.16 977.516
0.1 0.16 975.018
0.11 0.16 972.519
0.12 0.16 970.021
0.13 0.16 967.523
0.14 0.16 965.024
0.15 0.16 962.526
0.16 0.16 960.028
0.17 0.16 957.53
0.18 0.16 955.031
0.19 0.16 952.533
0.2 0.16 950.035
0.21 0.16 947.536
0.22 0.16 945.038
0.23 0.16 942.54
0.24 0.16 940.041
0.25 0.16 937.543
0.26 0.16 935.045
0.27 0.16 932.546
0.28 0.16 930.048
0.29 0.16 927.549
0.3 0.16 925.051
0.31 0.16 922.552
0.32 0.16 920.054
0.33 0.16 917.556
0.34 0.16 915.057
0.35 0.16 912.559
0.36 0.16 910.06
0.37 0.16 907.562
0.38 0.16 905.063
0.39 0.16 902.565
0.4 0.16 900.066
0.41 0.16 897.568
0.42 0.16 895.069
0.43 0.16 892.57
0.44 0.16 890.072
0.45 0.16 887.573
0.46 0.16 885.074
0.47 0.16 882.576
0.48 0.16 880.077
0.49 0.16 877.578
0.5 0.16 875.08
0.51 0.16 872.581
0.52 0.16 870.082
0.53 0.16 867.584
0.54 0.16 865.085
0.55 0.16 862.586
0.56 0.16 860.087
0.57 0.16 857.588
0.58 0.16 855.089
0.59 0.16 852.59
0.6 0.16 850.092
0.61 0.16 847.593
0.62 0.16 845.094
0.63 0.16 842.595
0.64 0.16 840.096
0.65 0.16 837.597
0.66 0.16 835.098
0.67 0.16 832.599
0.68 0.16 830.1
0.69 0.16 827.6
0.7 0.16 825.101
0.71 0.16 822.602
0.72 0.16 820.103
0.73 0.16 817.604
0.74 0.16 815.105
0.75 0.16 812.605
0.76 0.16 810.106
0.77 0.16 807.607
0.78 0.16 805.107
0.79 0.16 802.608
0.8 0.16 800.109
0.81 0.16 797.609
0.82 0.16 795.11
0.83 0.16 792.61
0.84 0.16 790.111
0.85 0.16 787.611
0.86 0.16 785.112
0.87 0.16 782.612
0.88 0.16 780.113
0.89 0.16 777.613
0.9 0.16 775.113
0.91 0.16 772.614
0.92 0.16 770.114
0.93 0.16 767.614
0.94 0.16 765.114
0.95 0.16 762.615
0.96 0.16 760.115
0.97 0.16 757.615
0.98 0.16 755.115
0.99 0.16 752.615
1 0.16 750.115
1.01 0.16 747.615
1.02 0.16 745.115
1.03 0.16 742.615
1.04 0.16 740.115
1.05 0.16 737.615
1.06 0.16 735.115
1.07 0.16 732.615
1.08 0.16 730.115
1.09 0.16 727.615
1.1 0.16 725.114
1.11 0.16 722.614
1.12 0.16 720.114
1.13 0.16 717.614
1.14 0.16 715.113
1.15 0.16 712.613
1.16 0.16 710.113
1.17 0.16 707.612
1.18 0.16 705.112
1.19 0.16 702.611
1.2 0.16 700.111
1.21 0.16 697.61
1.22 0.16 695.11
1.23 0.16 692.609
1.24 0.16 690.108
1.25 0.16 687.608
1.26 0.16 685.107
1.27 0.16 682.606
1.28 0.16 680.106
1.29 0.16 677.605
1.3 0.16 675.104
1.31 0.16 672.603
1.32 0.16 670.103
1.33 0.16 667.602
1.34 0.16 665.101
1.35 0.16 662.6
1.36 0.16 660.099
1.37 0.16 657.598
1.38 0.16 655.097
1.39 0.16 652.596
1.4 0.16 650.095
1.41 0.16 647.594
1.42 0.16 645.093
1.43 0.16 642.592
1.44 0.16 640.091
1.45 0.16 637.589
1.46 0.16 635.088
1.47 0.16 632.587
1.48 0.16 630.086
1.49 0.16 627.585
1.5 0.16 625.083
1.51 0.16 622.582
1.52 0.16 620.081
1.53 0.16 617.579
1.54 0.16 615.078
1.55 0.16 612.577
1.56 0.16 610.075
1.57 0.16 607.574
1.58 0.16 605.072
1.59 0.16 602.571
1.6 0.16 600.069
1.61 0.16 597.568
1.62 0.16 595.066
1.63 0.16 592.565
1.64 0.16 590.063
1.65 0.16 587.562
1.66 0.16 585.06
1.67 0.16 582.559
1.68 0.16 580.057
1.69 0.16 577.555
1.7 0.16 575.054
1.71 0.16 572.552
1.72 0.16 570.05
1.73 0.16 567.549
1.74 0.16 565.047
1.75 0.16 562.545
1.76 0.16 560.044
1.77 0.16 557.542
1.78 0.16 555.04
1.79 0.16 552.538
1.8 0.16 550.037
1.81 0.16 547.535
1.82 0.16 545.033
1.83 0.16 542.531
1.84 0.16 540.029
1.85 0.16 537.528
1.86 0.16 535.026
1.87 0.16 532.524
1.88 0.16 530.022
1.89 0.16 527.52
1.9 0.16 525.019
1.91 0.16 522.517
1.92 0.16 520.015
1.93 0.16 517.513
1.94 0.16 515.011
1.95 0.16 512.509
1.96 0.16 510.007
1.97 0.16 507.506
1.98 0.16 505.004
1.99 0.16 502.502
2 0.16 500

0 0.17 1000
0.01 0.17 997.502
0.02 0.17 995.004
0.03 0.17 992.505
0.04 0.17 990.007
0.05 0.17 987.509
0.06 0.17 985.011
0.07 0.17 982.512
0.08 0.17 980.014
0.09 0.17 977.516
0.1 0.17 975.018
0.11 0.17 972.519
0.12 0.17 970.021
0.13 0.17 967.523
0.14 0.17 965.024
0.15 0.17 962.526
0.16 0.17 960.028
0.17 0.17 957.53
0.18 0.17 955.031
0.19 0.17 952.533
0.2 0.17 950.035
0.21 0.17 947.536
0.22 0.17 945.038
0.23 0.17 942.54
0.24 0.17 940.041
0.25 0.17 937.543
0.26 0.17 935.045
0.27 0.17 932.546
0.28 0.17 930.048
0.29 0.17 927.549
0.3 0.17 925.051
0.31 0.17 922.552
0.32 0.17 920.054
0.33 0.17 917.556
0.34 0.17 915.057
0.35 0.17 912.559
0.36 0.17 910.06
0.37 0.17 907.562
0.38 0.17 905.063
0.39 0.17 902.565
0.4 0.17 900.066
0.41 0.17 897.568
0.42 0.17 895.069
0.43 0.17 892.57
0.44 0.17 890.072
0.45 0.17 887.573
0.46 0.17 885.074
0.47 0.17 882.576
0.48 0.17 880.077
0.49 0.17 877.578
0.5 0.17 875.08
0.51 0.17 872.581
0.52 0.17 870.082
0.53 0.17 867.583
0.54 0.17 865.085
0.55 0.17 862.586
0.56 0.17 860.087
0.57 0.17 857.588
0.58 0.17 855.089
0.59 0.17 852.59
0.6 0.17 850.092
0.61 0.17 847.593
0.62 0.17 845.094
0.63 0.17 842.595
0.64 0.17 840.096
0.65 0.17 837.597
0.66 0.17 835.098
0.67 0.17 832.599
0.68 0.17 830.1
0.69 0.17 827.6
0.7 0.17 825.101
0.71 0.17 822.602
0.72 0.17 820.103
0.73 0.17 817.604
0.74 0.17 815.105
0.75 0.17 812.605
0.76 0.17 810.106
0.77 0.17 807.607
0.78 0.17 805.107
0.79 0.17 802.608
0.8 0.17 800.109
0.81 0.17 797.609
0.82 0.17 795.11
0.83 0.17 792.61
0.84 0.17 790.111
0.85 0.17 787.611
0.86 0.17 785.112
0.87 0.17 782.612
0.88 0.17 780.113
0.89 0.17 777.613
0.9 0.17 775.113
0.91 0.17 772.614
0.92 0.17 770.114
0.93 0.17 767.614
0.94 0.17 765.114
0.95 0.17 762.615
0.96 0.17 760.115
0.97 0.17 757.615
0.98 0.17 755.115
0.99 0.17 752.615
1 0.17 750.115
1.01 0.17 747.615
1.02 0.17 745.115
1.03 0.17 742.615
1.04 0.17 740.115
1.05 0.17 737.615
1.06 0.17 735.115
1.07 0.17 732.615
1.08 0.17 730.115
1.09 0.17 727.615
1.1 0.17 725.114
1.11 0.17 722.614
1.12 0.17 720.114
1.13 0.17 717.614
1.14 0.17 715.113
1.15 0.17 712.613
1.16 0.17 710.113
1.17 0.17 707.612
1.18 0.17 705.112
1.19 0.17 702.611
1.2 0.17 700.111
1.21 0.17 697.61
1.22 0.17 695.11
1.23 0.17 692.609
1.24 0.17 690.108
1.25 0.17 687.608
1.26 0.17 685.107
1.27 0.17 682.606
1.28 0.17 680.106
1.29 0.17 677.605
1.3 0.17 675.104
1.31 0.17 672.603
1.32 0.17 670.103
1.33 0.17 667.602
1.34 0.17 665.101
1.35 0.17 662.6
1.36 0.17 660.099
1.37 0.17 657.598
1.38 0.17 655.097
1.39 0.17 652.596
1.4 0.17 650.095
1.41 0.17 647.594
1.42 0.17 645.093
1.43 0.17 642.592
1.44 0.17 640.091
1.45 0.17 637.589
1.46 0.17 635.088
1.47 0.17 632.587
1.48 0.17 630.086
1.49 0.17 627.585
1.5 0.17 625.083
1.51 0.17 622.582
1.52 0.17 620.081
1.53 0.17 617.579
1.54 0.17 615.078
1.55 0.17 612.577
1.56 0.17 610.075
1.57 0.17 607.574
1.58 0.17 605.072
1.59 0.17 602.571
1.6 0.17 600.069
1.61 0.17 597.568
1.62 0.17 595.066
1.63 0.17 592.565
1.64 0.17 590.063
1.65 0.17 587.562
1.66 0.17 585.06
1.67 0.17 582.559
1.68 0.17 580.057
1.69 0.17 577.555
1.7 0.17 575.054
1.71 0.17 572.552
1.72 0.17 570.05
1.73 0.17 567.549
1.74 0.17 565.047
1.75 0.17 562.545
1.76 0.17 560.044
1.77 0.17 557.542
1.78 0.17 555.04
1.79 0.17 552.538
1.8 0.17 550.037
1.81 0.17 547.535
1.82 0.17 545.033
1.83 0.17 542.531
1.84 0.17 540.029
1.85 0.17 537.528
1.86 0.17 535.026
1.87 0.17 532.524
1.88 0.17 530.022
1.89 0.17 527.52
1.9 0.17 525.019
1.91 0.17 522.517
1.92 0.17 520.015
1.93 0.17 517.513
1.94 0.17 515.011
1.95 0.17 512.509
1.96 0.17 510.007
1.97 0.17 507.506
1.98 0.17 505.004
1.99 0.17 502.502
2 0.17 500

0 0.18 1000
0.01 0.18 997.502
0.02 0.18 995.004
0.03 0.18 992.505
0.04 0.18 990.007
0.05 0.18 987.509
0.06 0.18 985.011
0.07 0.18 982.512
0.08 0.18 980.014
0.09 0.18 977.516
0.1 0.18 975.018
0.11 0.18 972.519
0.12 0.18 970.021
0.13 0.18 967.523
0.14 0.18 965.024
0.15 0.18 962.526
0.16 0.18 960.028
0.17 0.18 957.53
0.18 0.18 955.031
0.19 0.18 952.533
0.2 0.18 950.035
0.21 0.18 947.536
0.22 0.18 945.038
0.23 0.18 942.54
0.24 0.18 940.041
0.25 0.18 937.543
0.26 0.18 935.045
0.27 0.18 932.546
0.28 0.18 930.048
0.29 0.18 927.549
0.3 0.18 925.051
0.31 0.18 922.552
0.32 0.18 920.054
0.33 0.18 917.556
0.34 0.18 915.057
0.35 0.18 912.559
0.36 0.18 910.06
0.37 0.18 907.562
0.38 0.18 905.063
0.39 0.18 902.565
0.4 0.18 900.066
0.41 0.18 897.568
0.42 0.18 895.069
0.43 0.18 892.57
0.44 0.18 890.072
0.45 0.18 887.573
0.46 0.18 885.074
0.47 0.18 882.576
0.48 0.18 880.077
0.49 0.18 877.578
0.5 0.18 875.08
0.51 0.18 872.581
0.52 0.18 870.082
0.53 0.18 867.583
0.54 0.18 865.085
0.55 0.18 862.586
0.56 0.18 860.087
0.57 0.18 857.588
0.58 0.18 855.089
0.59 0.18 852.59
0.6 0.18 850.092
0.61 0.18 847.593
0.62 0.18 845.094
0.63 0.18 842.595
0.64 0.18 840.096
0.65 0.18 837.597
0.66 0.18 835.098
0.67 0.18 832.599
0.68 0.18 830.1
0.69 0.18 827.6
0.7 0.18 825.101
0.71 0.18 822.602
0.72 0.18 820.103
0.73 0.18 817.604
0.74 0.18 815.105
0.75 0.18 812.605
0.76 0.18 810.106
0.77 0.18 807.607
0.78 0.18 805.107
0.79 0.18 802.608
0.8 0.18 800.109
0.81 0.18 797.609
0.82 0.18 795.11
0.83 0.18 792.61
0.84 0.18 790.111
0.85 0.18 787.611
0.86 0.18 785.112
0.87 0.18 782.612
0.88 0.18 780.113
0.89 0.18 777.613
0.9 0.18 775.113
0.91 0.18 772.614
0.92 0.18 770.114
0.93 0.18 767.614
0.94 0.18 765.114
0.95 0.18 762.615
0.96 0.18 760.115
0.97 0.18 757.615
0.98 0.18 755.115
0.99 0.18 752.615
1 0.18 750.115
1.01 0.18 747.615
1.02 0.18 745.115
1.03 0.18 742.615
1.04 0.18 740.115
1.05 0.18 737.615
1.06 0.18 735.115
1.07 0.18 732.615
1.08 0.18 730.115
1.09 0.18 727.615
1.1 0.18 725.114
1.11 0.18 722.614
1.12 0.18 720.114
1.13 0.18 717.614
1.14 0.18 715.113
1.15 0.18 712.613
1.16 0.18 710.113
1.17 0.18 707.612
1.18 0.18 705.112
1.19 0.18 702.611
1.2 0.18 700.111
1.21 0.18 697.61
1.22 0.18 695.11
1.23 0.18 692.609
1.24 0.18 690.108
1.25 0.18 687.608
1.26 0.18 685.107
1.27 0.18 682.606
1.28 0.18 680.106
1.29 0.18 677.605
1.3 0.18 675.104
1.31 0.18 672.603
1.32 0.18 670.103
1.33 0.18 667.602
1.34 0.18 665.101
1.35 0.18 662.6
1.36 0.18 660.099
1.37 0.18 657.598
1.38 0.18 655.097
1.39 0.18 652.596
1.4 0.18 650.095
1.41 0.18 647.594
1.42 0.18 645.093
1.43 0.18 642.592
1.44 0.18 640.091
1.45 0.18 637.589
1.46 0.18 635.088
1.47 0.18 632.587
1.48 0.18 630.086
1.49 0.18 627.585
1.5 0.18 625.083
1.51 0.18 622.582
1.52 0.18 620.081
1.53 0.18 617.579
1.54 0.18 615.078
1.55 0.18 612.577
1.56 0.18 610.075
1.57 0.18 607.574
1.58 0.18 605.072
1.59 0.18 602.571
1.6 0.18 600.069
1.61 0.18 597.568
1.62 0.18 595.066
1.63 0.18 592.565
1.64 0.18 590.063
1.65 0.18 587.562
1.66 0.18 585.06
1.67 0.18 582.559
1.68 0.18 580.057
1.69 0.18 577.555
1.7 0.18 575.054
1.71 0.18 572.552
1.72 0.18 570.05
1.73 0.18 567.549
1.74 0.18 565.047
1.75 0.18 562.545
1.76 0.18 560.044
1.77 0.18 557.542
1.78 0.18 555.04
1.79 0.18 552.538
1.8 0.18 550.037
1.81 0.18 547.535
1.82 0.18 545.033
1.83 0.18 542.531
1.84 0.18 540.029
1.85 0.18 537.528
1.86 0.18 535.026
1.87 0.18 532.524
1.88 0.18 530.022
1.89 0.18 527.52
1.9 0.18 525.019
1.91 0.18 522.517
1.92 0.18 520.015
1.93 0.18 517.513
1.94 0.18 515.011
1.95 0.18 512.509
1.96 0.18 510.007
1.97 0.18 507.506
1.98 0.18 505.004
1.99 0.18 502.502
2 0.18 500

0 0.19 1000
0.01 0.19 997.502
0.02 0.19 995.004
0.03 0.19 992.505
0.04 0.19 990.007
0.05 0.19 987.509
0.06 0.19 985.011
0.07 0.19 982.512
0.08 0.19 980.014
0.09 0.19 977.516
0.1 0.19 975.018
0.11 0.19 972.519
0.12 0.19 970.021
0.13 0.19 967.523
0.14 0.19 965.024
0.15 0.19 962.526
0.16 0.19 960.028
0.17 0.19 957.53
0.18 0.19 955.031
0.19 0.19 952.533
0.2 0.19 950.035
0.21 0.19 947.536
0.22 0.19 945.038
0.23 0.19 942.54
0.24 0.19 940.041
0.25 0.19 937.543
0.26 0.19 935.045
0.27 0.19 932.546
0.28 0.19 930.048
0.29 0.19 927.549
0.3 0.19 925.051
0.31 0.19 922.552
0.32 0.19 920.054
0.33 0.19 917.556
0.34 0.19 915.057
0.35 0.19 912.559
0.36 0.19 910.06
0.37 0.19 907.562
0.38 0.19 905.063
0.39 0.19 902.565
0.4 0.19 900.066
0.41 0.19 897.568
0.42 0.19 895.069
0.43 0.19 892.57
0.44 0.19 890.072
0.45 0.19 887.573
0.46 0.19 885.074
0.47 0.19 882.576
0.48 0.19 880.077
0.49 0.19 877.578
0.5 0.19 875.08
0.51 0.19 872.581
0.52 0.19 870.082
0.53 0.19 867.583
0.54 0.19 865.085
0.55 0.19 862.586
0.56 0.19 860.087
0.57 0.19 857.588
0.58 0.19 855.089
0.59 0.19 852.59
0.6 0.19 850.092
0.61 0.19 847.593
0.62 0.19 845.094
0.63 0.19 842.595
0.64 0.19 840.096
0.65 0.19 837.597
0.66 0.19 835.098
0.67 0.19 832.599
0.68 0.19 830.1
0.69 0.19 827.6
0.7 0.19 825.101
0.71 0.19 822.602
0.72 0.19 820.103
0.73 0.19 817.604
0.74 0.19 815.105
0.75 0.19 812.605
0.76 0.19 810.106
0.77 0.19 807.607
0.78 0.19 805.107
0.79 0.19 802.608
0.8 0.19 800.109
0.81 0.19 797.609
0.82 0.19 795.11
0.83 0.19 792.61
0.84 0.19 790.111
0.85 0.19 787.611
0.86 0.19 785.112
0.87 0.19 782.612
0.88 0.19 780.113
0.89 0.19 777.613
0.9 0.19 775.113
0.91 0.19 772.614
0.92 0.19 770.114
0.93 0.19 767.614
0.94 0.19 765.114
0.95 0.19 762.615
0.96 0.19 760.115
0.97 0.19 757.615
0.98 0.19 755.115
0.99 0.19 752.615
1 0.19 750.115
1.01 0.19 747.615
1.02 0.19 745.115
1.03 0.19 742.615
1.04 0.19 740.115
1.05 0.19 737.615
1.06 0.19 735.115
1.07 0.19 732.615
1.08 0.19 730.115
1.09 0.19 727.615
1.1 0.19 725.114
1.11 0.19 722.614
1.12 0.19 720.114
1.13 0.19 717.614
1.14 0.19 715.113
1.15 0.19 712.613
1.16 0.19 710.113
1.17 0.19 707.612
1.18 0.19 705.112
1.19 0.19 702.611
1.2 0.19 700.111
1.21 0.19 697.61
1.22 0.19 695.11
1.23 0.19 692.609
1.24 0.19 690.108
1.25 0.19 687.608
1.26 0.19 685.107
1.27 0.19 682.606
1.28 0.19 680.106
1.29 0.19 677.605
1.3 0.19 675.104
1.31 0.19 672.603
1.32 0.19 670.103
1.33 0.19 667.602
1.34 0.19 665.101
1.35 0.19 662.6
1.36 0.19 660.099
1.37 0.19 657.598
1.38 0.19 655.097
1.39 0.19 652.596
1.4 0.19 650.095
1.41 0.19 647.594
1.42 0.19 645.093
1.43 0.19 642.592
1.44 0.19 640.091
1.45 0.19 637.589
1.46 0.19 635.088
1.47 0.19 632.587
1.48 0.19 630.086
1.49 0.19 627.585
1.5 0.19 625.083
1.51 0.19 622.582
1.52 0.19 620.081
1.53 0.19 617.579
1.54 0.19 615.078
1.55 0.19 612.577
1.56 0.19 610.075
1.57 0.19 607.574
1.58 0.19 605.072
1.59 0.19 602.571
1.6 0.19 600.069
1.61 0.19 597.568
1.62 0.19 595.066
1.63 0.19 592.565
1.64 0.19 590.063
1.65 0.19 587.562
1.66 0.19 585.06
1.67 0.19 582.559
1.68 0.19 580.057
1.69 0.19 577.555
1.7 0.19 575.054
1.71 0.19 572.552
1.72 0.19 570.05
1.73 0.19 567.549
1.74 0.19 565.047
1.75 0.19 562.545
1.76 0.19 560.044
1.77 0.19 557.542
1.78 0.19 555.04
1.79 0.19 552.538
1.8 0.19 550.037
1.81 0.19 547.535
1.82 0.19 545.033
1.83 0.19 542.531
1.84 0.19 540.029
1.85 0.19 537.528
1.86 0.19 535.026
1.87 0.19 532.524
1.88 0.19 530.022
1.89 0.19 527.52
1.9 0.19 525.019
1.91 0.19 522.517
1.92 0.19 520.015
1.93 0.19 517.513
1.94 0.19 515.011
1.95 0.19 512.509
1.96 0.19 510.007
1.97 0.19 507.506
1.98 0.19 505.004
1.99 0.19 502.502
2 0.19 500

0 0.2 1000
0.01 0.2 997.502
0.02 0.2 995.004
0.03 0.2 992.505
0.04 0.2 990.007
0.05 0.2 987.509
0.06 0.2 985.011
0.07 0.2 982.512
0.08 0.2 980.014
0.09 0.2 977.516
0.1 0.2 975.017
0.11 0.2 972.519
0.12 0.2 970.021
0.13 0.2 967.523
0.14 0.2 965.024
0.15 0.2 962.526
0.16 0.2 960.028
0.17 0.2 957.53
0.18 0.2 955.031
0.19 0.2 952.533
0.2 0.2 950.035
0.21 0.2 947.536
0.22 0.2 945.038
0.23 0.2 942.54
0.24 0.2 940.041
0.25 0.2 937.543
0.26 0.2 935.045
0.27 0.2 932.546
0.28 0.2 930.048
0.29 0.2 927.549
0.3 0.2 925.051
0.31 0.2 922.552
0.32 0.2 920.054
0.33 0.2 917.556
0.34 0.2 915.057
0.35 0.2 912.559
0.36 0.2 910.06
0.37 0.2 907.562
0.38 0.2 905.063
0.39 0.2 902.565
0.4 0.2 900.066
0.41 0.2 897.568
0.42 0.2 895.069
0.43 0.2 892.57
0.44 0.2 890.072
0.45 0.2 887.573
0.46 0.2 885.074
0.47 0.2 882.576
0.48 0.2 880.077
0.49 0.2 877.578
0.5 0.2 875.08
0.51 0.2 872.581
0.52 0.2 870.082
0.53 0.2 867.583
0.54 0.2 865.085
0.55 0.2 862.586
0.56 0.2 860.087
0.57 0.2 857.588
0.58 0.2 855.089
0.59 0.2 852.59
0.6 0.2 850.092
0.61 0.2 847.593
0.62 0.2 845.094
0.63 0.2 842.595
0.64 0.2 840.096
0.65 0.2 837.597
0.66 0.2 835.098
0.67 0.2 832.599
0.68 0.2 830.1
0.69 0.2 827.6
0.7 0.2 825.101
0.71 0.2 822.602
0.72 0.2 820.103
0.73 0.2 817.604
0.74 0.2 815.104
0.75 0.2 812.605
0.76 0.2 810.106
0.77 0.2 807.607
0.78 0.2 805.107
0.79 0.2 802.608
0.8 0.2 800.109
0.81 0.2 797.609
0.82 0.2 795.11
0.83 0.2 792.61
0.84 0.2 790.111
0.85 0.2 787.611
0.86 0.2 785.112
0.87 0.2 782.612
0.88 0.2 780.113
0.89 0.2 777.613
0.9 0.2 775.113
0.91 0.2 772.614
0.92 0.2 770.114
0.93 0.2 767.614
0.94 0.2 765.114
0.95 0.2 762.615
0.96 0.2 760.115
0.97 0.2 757.615
0.98 0.2 755.115
0.99 0.2 752.615
1 0.2 750.115
1.01 0.2 747.615
1.02 0.2 745.115
1.03 0.2 742.615
1.04 0.2 740.115
1.05 0.2 737.615
1.06 0.2 735.115
1.07 0.2 732.615
1.08 0.2 730.115
1.09 0.2 727.615
1.1 0.2 725.114
1.11 0.2 722.614
1.12 0.2 720.114
1.13 0.2 717.614
1.14 0.2 715.113
1.15 0.2 712.613
1.16 0.2 710.113
1.17 0.2 707.612
1.18 0.2 705.112
1.19 0.2 702.611
1.2 0.2 700.111
1.21 0.2 697.61
1.22 0.2 695.11
1.23 0.2 692.609
1.24 0.2 690.108
1.25 0.2 687.608
1.26 0.2 685.107
1.27 0.2 682.606
1.28 0.2 680.106
1.29 0.2 677.605
1.3 0.2 675.104
1.31 0.2 672.603
1.32 0.2 670.103
1.33 0.2 667.602
1.34 0.2 665.101
1.35 0.2 662.6
1.36 0.2 660.099
1.37 0.2 657.598
1.38 0.2 655.097
1.39 0.2 652.596
1.4 0.2 650.095
1.41 0.2 647.594
1.42 0.2 645.093
1.43 0.2 642.592
1.44 0.2 640.091
1.45 0.2 637.589
1.46 0.2 635.088
1.47 0.2 632.587
1.48 0.2 630.086
1.49 0.2 627.585
1.5 0.2 625.083
1.51 0.2 622.582
1.52 0.2 620.081
1.53 0.2 617.579
1.54 0.2 615.078
1.55 0.2 612.577
1.56 0.2 610.075
1.57 0.2 607.574
1.58 0.2 605.072
1.59 0.2 602.571
1.6 0.2 600.069
1.61 0.2 597.568
1.62 0.2 595.066
1.63 0.2 592.565
1.64 0.2 590.063
1.65 0.2 587.562
1.66 0.2 585.06
1.67 0.2 582.559
1.68 0.2 580.057
1.69 0.2 577.555
1.7 0.2 575.054
1.71 0.2 572.552
1.72 0.2 570.05
1.73 0.2 567.549
1.74 0.2 565.047
1.75 0.2 562.545
1.76 0.2 560.044
1.77 0.2 557.542
1.78 0.2 555.04
1.79 0.2 552.538
1.8 0.2 550.037
1.81 0.2 547.535
1.82 0.2 545.033
1.83 0.2 542.531
1.84 0.2 540.029
1.85 0.2 537.528
1.86 0.2 535.026
1.87 0.2 532.524
1.88 0.2 530.022
1.89 0.2 527.52
1.9 0.2 525.019
1.91 0.2 522.517
1.92 0.2 520.015
1.93 0.2 517.513
1.94 0.2 515.011
1.95 0.2 512.509
1.96 0.2 510.007
1.97 0.2 507.506
1.98 0.2 505.004
1.99 0.2 502.502
2 0.2 500

0 0.21 1000
0.01 0.21 997.502
0.02 0.21 995.004
0.03 0.21 992.505
0.04 0.21 990.007
0.05 0.21 987.509
0.06 0.21 985.011
0.07 0.21 982.512
0.08 0.21 980.014
0.09 0.21 977.516
0.1 0.21 975.017
0.11 0.21 972.519
0.12 0.21 970.021
0.13 0.21 967.523
0.14 0.21 965.024
0.15 0.21 962.526
0.16 0.21 960.028
0.17 0.21 957.53
0.18 0.21 955.031
0.19 0.21 952.533
0.2 0.21 950.035
0.21 0.21 947.536
0.22 0.21 945.038
0.23 0.21 942.54
0.24 0.21 940.041
0.25 0.21 937.543
0.26 0.21 935.045
0.27 0.21 932.546
0.28 0.21 930.048
0.29 0.21 927.549
0.3 0.21 925.051
0.31 0.21 922.552
0.32 0.21 920.054
0.33 0.21 917.556
0.34 0.21 915.057
0.35 0.21 912.559
0.36 0.21 910.06
0.37 0.21 907.562
0.38 0.21 905.063
0.39 0.21 902.565
0.4 0.21 900.066
0.41 0.21 897.568
0.42 0.21 895.069
0.43 0.21 892.57
0.44 0.21 890.072
0.45 0.21 887.573
0.46 0.21 885.074
0.47 0.21 882.576
0.48 0.21 880.077
0.49 0.21 877.578
0.5 0.21 875.08
0.51 0.21 872.581
0.52 0.21 870.082
0.53 0.21 867.583
0.54 0.21 865.085
0.55 0.21 862.586
0.56 0.21 860.087
0.57 0.21 857.588
0.58 0.21 855.089
0.59 0.21 852.59
0.6 0.21 850.092
0.61 0.21 847.593
0.62 0.21 845.094
0.63 0.21 842.595
0.64 0.21 840.096
0.65 0.21 837.597
0.66 0.21 835.098
0.67 0.21 832.599
0.68 0.21 830.1
0.69 0.21 827.6
0.7 0.21 825.101
0.71 0.21 822.602
0.72 0.21 820.103
0.73 0.21 817.604
0.74 0.21 815.104
0.75 0.21 812.605
0.76 0.21 810.106
0.77 0.21 807.607
0.78 0.21 805.107
0.79 0.21 802.608
0.8 0.21 800.109
0.81 0.21 797.609
0.82 0.21 795.11
0.83 0.21 792.61
0.84 0.21 790.111
0.85 0.21 787.611
0.86 0.21 785.112
0.87 0.21 782.612
0.88 0.21 780.113
0.89 0.21 777.613
0.9 0.21 775.113
0.91 0.21 772.614
0.92 0.21 770.114
0.93 0.21 767.614
0.94 0.21 765.114
0.95 0.21 762.615
0.96 0.21 760.115
0.97 0.21 757.615
0.98 0.21 755.115
0.99 0.21 752.615
1 0.21 750.115
1.01 0.21 747.615
1.02 0.21 745.115
1.03 0.21 742.615
1.04 0.21 740.115
1.05 0.21 737.615
1.06 0.21 735.115
1.07 0.21 732.615
1.08 0.21 730.115
1.09 0.21 727.615
1.1 0.21 725.114
1.11 0.21 722.614
1.12 0.21 720.114
1.13 0.21 717.614
1.14 0.21 715.113
1.15 0.21 712.613
1.16 0.21 710.113
1.17 0.21 707.612
1.18 0.21 705.112
1.19 0.21 702.611
1.2 0.21 700.111
1.21 0.21 697.61
1.22 0.21 695.11
1.23 0.21 692.609
1.24 0.21 690.108
1.25 0.21 687.608
1.26 0.21 685.107
1.27 0.21 682.606
1.28 0.21 680.106
1.29 0.21 677.605
1.3 0.21 675.104
1.31 0.21 672.603
1.32 0.21 670.103
1.33 0.21 667.602
1.34 0.21 665.101
1.35 0.21 662.6
1.36 0.21 660.099
1.37 0.21 657.598
1.38 0.21 655.097
1.39 0.21 652.596
1.4 0.21 650.095
1.41 0.21 647.594
1.42 0.21 645.093
1.43 0.21 642.592
1.44 0.21 640.091
1.45 0.21 637.589
1.46 0.21 635.088
1.47 0.21 632.587
1.48 0.21 630.086
1.49 0.21 627.585
1.5 0.21 625.083
1.51 0.21 622.582
1.52 0.21 620.081
1.53 0.21 617.579
1.54 0.21 615.078
1.55 0.21 612.577
1.56 0.21 610.075
1.57 0.21 607.574
1.58 0.21 605.072
1.59 0.21 602.571
1.6 0.21 600.069
1.61 0.21 597.568
1.62 0.21 595.066
1.63 0.21 592.565
1.64 0.21 590.063
1.65 0.21 587.562
1.66 0.21 585.06
1.67 0.21 582.559
1.68 0.21 580.057
1.69 0.21 577.555
1.7 0.21 575.054
1.71 0.21 572.552
1.72 0.21 570.05
1.73 0.21 567.549
1.74 0.21 565.047
1.75 0.21 562.545
1.76 0.21 560.044
1.77 0.21 557.542
1.78 0.21 555.04
1.79 0.21 552.538
1.8 0.21 550.037
1.81 0.21 547.535
1.82 0.21 545.033
1.83 0.21 542.531
1.84 0.21 540.029
1.85 0.21 537.528
1.86 0.21 535.026
1.87 0.21 532.524
1.88 0.21 530.022
1.89 0.21 527.52
1.9 0.21 525.019
1.91 0.21 522.517
1.92 0.21 520.015
1.93 0.21 517.513
1.94 0.21 515.011
1.95 0.21 512.509
1.96 0.21 510.007
1.97 0.21 507.506
1.98 0.21 505.004
1.99 0.21 502.502
2 0.21 500

0 0.22 1000
0.01 0.22 997.502
0.02 0.22 995.004
0.03 0.22 992.505
0.04 0.22 990.007
0.05 0.22 987.509
0.06 0.22 985.011
0.07 0.22 982.512
0.08 0.22 980.014
0.09 0.22 977.516
0.1 0.22 975.017
0.11 0.22 972.519
0.12 0.22 970.021
0.13 0.22 967.523
0.14 0.22 965.024
0.15 0.22 962.526
0.16 0.22 960.028
0.17 0.22 957.53
0.18 0.22 955.031
0.19 0.22 952.533
0.2 0.22 950.035
0.21 0.22 947.536
0.22 0.22 945.038
0.23 0.22 942.54
0.24 0.22 940.041
0.25 0.22 937.543
0.26 0.22 935.044
0.27 0.22 932.546
0.28 0.22 930.048
0.29 0.22 927.549
0.3 0.22 925.051
0.31 0.22 922.552
0.32 0.22 920.054
0.33 0.22 917.556
0.34 0.22 915.057
0.35 0.22 912.559
0.36 0.22 910.06
0.37 0.22 907.562
0.38 0.22 905.063
0.39 0.22 902.565
0.4 0.22 900.066
0.41 0.22 897.568
0.42 0.22 895.069
0.43 0.22 892.57
0.44 0.22 890.072
0.45 0.22 887.573
0.46 0.22 885.074
0.47 0.22 882.576
0.48 0.22 880.077
0.49 0.22 877.578
0.5 0.22 875.08
0.51 0.22 872.581
0.52 0.22 870.082
0.53 0.22 867.583
0.54 0.22 865.085
0.55 0.22 862.586
0.56 0.22 860.087
0.57 0.22 857.588
0.58 0.22 855.089
0.59 0.22 852.59
0.6 0.22 850.092
0.61 0.22 847.593
0.62 0.22 845.094
0.63 0.22 842.595
0.64 0.22 840.096
0.65 0.22 837.597
0.66 0.22 835.098
0.67 0.22 832.599
0.68 0.22 830.1
0.69 0.22 827.6
0.7 0.22 825.101
0.71 0.22 822.602
0.72 0.22 820.103
0.73 0.22 817.604
0.74 0.22 815.104
0.75 0.22 812.605
0.76 0.22 810.106
0.77 0.22 807.607
0.78 0.22 805.107
0.79 0.22 802.608
0.8 0.22 800.109
0.81 0.22 797.609
0.82 0.22 795.11
0.83 0.22 792.61
0.84 0.22 790.111
0.85 0.22 787.611
0.86 0.22 785.112
0.87 0.22 782.612
0.88 0.22 780.113
0.89 0.22 777.613
0.9 0.22 775.113
0.91 0.22 772.614
0.92 0.22 770.114
0.93 0.22 767.614
0.94 0.22 765.114
0.95 0.22 762.615
0.96 0.22 760.115
0.97 0.22 757.615
0.98 0.22 755.115
0.99 0.22 752.615
1 0.22 750.115
1.01 0.22 747.615
1.02 0.22 745.115
1.03 0.22 742.615
1.04 0.22 740.115
1.05 0.22 737.615
1.06 0.22 735.115
1.07 0.22 732.615
1.08 0.22 730.115
1.09 0.22 727.615
1.1 0.22 725.114
1.11 0.22 722.614
1.12 0.22 720.114
1.13 0.22 717.614
1.14 0.22 715.113
1.15 0.22 712.613
1.16 0.22 710.113
1.17 0.22 707.612
1.18 0.22 705.112
1.19 0.22 702.611
1.2 0.22 700.111
1.21 0.22 697.61
1.22 0.22 695.11
1.23 0.22 692.609
1.24 0.22 690.108
1.25 0.22 687.608
1.26 0.22 685.107
1.27 0.22 682.606
1.28 0.22 680.106
1.29 0.22 677.605
1.3 0.22 675.104
1.31 0.22 672.603
1.32 0.22 670.103
1.33 0.22 667.602
1.34 0.22 665.101
1.35 0.22 662.6
1.36 0.22 660.099
1.37 0.22 657.598
1.38 0.22 655.097
1.39 0.22 652.596
1.4 0.22 650.095
1.41 0.22 647.594
1.42 0.22 645.093
1.43 0.22 642.592
1.44 0.22 640.091
1.45 0.22 637.589
1.46 0.22 635.088
1.47 0.22 632.587
1.48 0.22 630.086
1.49 0.22 627.585
1.5 0.22 625.083
1.51 0.22 622.582
1.52 0.22 620.081
1.53 0.22 617.579
1.54 0.22 615.078
1.55 0.22 612.577
1.56 0.22 610.075
1.57 0.22 607.574
1.58 0.22 605.072
1.59 0.22 602.571
1.6 0.22 600.069
1.61 0.22 597.568
1.62 0.22 595.066
1.63 0.22 592.565
1.64 0.22 590.063
1.65 0.22 587.562
1.66 0.22 585.06
1.67 0.22 582.559
1.68 0.22 580.057
1.69 0.22 577.555
1.7 0.22 575.054
1.71 0.22 572.552
1.72 0.22 570.05
1.73 0.22 567.549
1.74 0.22 565.047
1.75 0.22 562.545
1.76 0.22 560.044
1.77 0.22 557.542
1.78 0.22 555.04
1.79 0.22 552.538
1.8 0.22 550.037
1.81 0.22 547.535
1.82 0.22 545.033
1.83 0.22 542.531
1.84 0.22 540.029
1.85 0.22 537.528
1.86 0.22 535.026
1.87 0.22 532.524
1.88 0.22 530.022
1.89 0.22 527.52
1.9 0.22 525.019
1.91 0.22 522.517
1.92 0.22 520.015
1.93 0.22 517.513
1.94 0.22 515.011
1.95 0.22 512.509
1.96 0.22 510.007
1.97 0.22 507.506
1.98 0.22 505.004
1.99 0.22 502.502
2 0.22 500

0 0.23 1000
0.01 0.23 997.502
0.02 0.23 995.004
0.03 0.23 992.505
0.04 0.23 990.007
0.05 0.23 987.509
0.06 0.23 985.011
0.07 0.23 982.512
0.08 0.23 980.014
0.09 0.23 977.516
0.1 0.23 975.017
0.11 0.23 972.519
0.12 0.23 970.021
0.13 0.23 967.523
0.14 0.23 965.024
0.15 0.23 962.526
0.16 0.23 960.028
0.17 0.23 957.53
0.18 0.23 955.031
0.19 0.23 952.533
0.2 0.23 950.035
0.21 0.23 947.536
0.22 0.23 945.038
0.23 0.23 942.54
0.24 0.23 940.041
0.25 0.23 937.543
0.26 0.23 935.044
0.27 0.23 932.546
0.28 0.23 930.048
0.29 0.23 927.549
0.3 0.23 925.051
0.31 0.23 922.552
0.32 0.23 920.054
0.33 0.23 917.556
0.34 0.23 915.057
0.35 0.23 912.559
0.36 0.23 910.06
0.37 0.23 907.562
0.38 0.23 905.063
0.39 0.23 902.565
0.4 0.23 900.066
0.41 0.23 897.568
0.42 0.23 895.069
0.43 0.23 892.57
0.44 0.23 890.072
0.45 0.23 887.573
0.46 0.23 885.074
0.47 0.23 882.576
0.48 0.23 880.077
0.49 0.23 877.578
0.5 0.23 875.08
0.51 0.23 872.581
0.52 0.23 870.082
0.53 0.23 867.583
0.54 0.23 865.085
0.55 0.23 862.586
0.56 0.23 860.087
0.57 0.23 857.588
0.58 0.23 855.089
0.59 0.23 852.59
0.6 0.23 850.092
0.61 0.23 847.593
0.62 0.23 845.094
0.63 0.23 842.595
0.64 0.23 840.096
0.65 0.23 837.597
0.66 0.23 835.098
0.67 0.23 832.599
0.68 0.23 830.1
0.69 0.23 827.6
0.7 0.23 825.101
0.71 0.23 822.602
0.72 0.23 820.103
0.73 0.23 817.604
0.74 0.23 815.104
0.75 0.23 812.605
0.76 0.23 810.106
0.77 0.23 807.607
0.78 0.23 805.107
0.79 0.23 802.608
0.8 0.23 800.109
0.81 0.23 797.609
0.82 0.23 795.11
0.83 0.23 792.61
0.84 0.23 790.111
0.85 0.23 787.611
0.86 0.23 785.112
0.87 0.23 782.612
0.88 0.23 780.113
0.89 0.23 777.613
0.9 0.23 775.113
0.91 0.23 772.614
0.92 0.23 770.114
0.93 0.23 767.614
0.94 0.23 765.114
0.95 0.23 762.615
0.96 0.23 760.115
0.97 0.23 757.615
0.98 0.23 755.115
0.99 0.23 752.615
1 0.23 750.115
1.01 0.23 747.615
1.02 0.23 745.115
1.03 0.23 742.615
1.04 0.23 740.115
1.05 0.23 737.615
1.06 0.23 735.115
1.07 0.23 732.615
1.08 0.23 730.115
1.09 0.23 727.615
1.1 0.23 725.114
1.11 0.23 722.614
1.12 0.23 720.114
1.13 0.23 717.614
1.14 0.23 715.113
1.15 0.23 712.613
1.16 0.23 710.113
1.17 0.23 707.612
1.18 0.23 705.112
1.19 0.23 702.611
1.2 0.23 700.111
1.21 0.23 697.61
1.22 0.23 695.11
1.23 0.23 692.609
1.24 0.23 690.108
1.25 0.23 687.608
1.26 0.23 685.107
1.27 0.23 682.606
1.28 0.23 680.106
1.29 0.23 677.605
1.3 0.23 675.104
1.31 0.23 672.603
1.32 0.23 670.103
1.33 0.23 667.602
1.34 0.23 665.101
1.35 0.23 662.6
1.36 0.23 660.099
1.37 0.23 657.598
1.38 0.23 655.097
1.39 0.23 652.596
1.4 0.23 650.095
1.41 0.23 647.594
1.42 0.23 645.093
1.43 0.23 642.592
1.44 0.23 640.091
1.45 0.23 637.589
1.46 0.23 635.088
1.47 0.23 632.587
1.48 0.23 630.086
1.49 0.23 627.585
1.5 0.23 625.083
1.51 0.23 622.582
1.52 0.23 620.081
1.53 0.23 617.579
1.54 0.23 615.078
1.55 0.23 612.577
1.56 0.23 610.075
1.57 0.23 607.574
1.58 0.23 605.072
1.59 0.23 602.571
1.6 0.23 600.069
1.61 0.23 597.568
1.62 0.23 595.066
1.63 0.23 592.565
1.64 0.23 590.063
1.65 0.23 587.562
1.66 0.23 585.06
1.67 0.23 582.559
1.68 0.23 580.057
1.69 0.23 577.555
1.7 0.23 575.054
1.71 0.23 572.552
1.72 0.23 570.05
1.73 0.23 567.549
1.74 0.23 565.047
1.75 0.23 562.545
1.76 0.23 560.044
1.77 0.23 557.542
1.78 0.23 555.04
1.79 0.23 552.538
1.8 0.23 550.037
1.81 0.23 547.535
1.82 0.23 545.033
1.83 0.23 542.531
1.84 0.23 540.029
1.85 0.23 537.528
1.86 0.23 535.026
1.87 0.23 532.524
1.88 0.23 530.022
1.89 0.23 527.52
1.9 0.23 525.019
1.91 0.23 522.517
1.92 0.23 520.015
1.93 0.23 517.513
1.94 0.23 515.011
1.95 0.23 512.509
1.96 0.23 510.007
1.97 0.23 507.506
1.98 0.23 505.004
1.99 0.23 502.502
2 0.23 500

0 0.24 1000
0.01 0.24 997.502
0.02 0.24 995.004
0.03 0.24 992.505
0.04 0.24 990.007
0.05 0.24 987.509
0.06 0.24 985.011
0.07 0.24 982.512
0.08 0.24 980.014
0.09 0.24 977.516
0.1 0.24 975.017
0.11 0.24 972.519
0.12 0.24 970.021
0.13 0.24 967.523
0.14 0.24 965.024
0.15 0.24 962.526
0.16 0.24 960.028
0.17 0.24 957.53
0.18 0.24 955.031
0.19 0.24 952.533
0.2 0.24 950.035
0.21 0.24 947.536
0.22 0.24 945.038
0.23 0.24 942.54
0.24 0.24 940.041
0.25 0.24 937.543
0.26 0.24 935.044
0.27 0.24 932.546
0.28 0.24 930.048
0.29 0.24 927.549
0.3 0.24 925.051
0.31 0.24 922.552
0.32 0.24 920.054
0.33 0.24 917.556
0.34 0.24 915.057
0.35 0.24 912.559
0.36 0.24 910.06
0.37 0.24 907.562
0.38 0.24 905.063
0.39 0.24 902.565
0.4 0.24 900.066
0.41 0.24 897.568
0.42 0.24 895.069
0.43 0.24 892.57
0.44 0.24 890.072
0.45 0.24 887.573
0.46 0.24 885.074
0.47 0.24 882.576
0.48 0.24 880.077
0.49 0.24 877.578
0.5 0.24 875.08
0.51 0.24 872.581
0.52 0.24 870.082
0.53 0.24 867.583
0.54 0.24 865.085
0.55 0.24 862.586
0.56 0.24 860.087
0.57 0.24 857.588
0.58 0.24 855.089
0.59 0.24 852.59
0.6 0.24 850.092
0.61 0.24 847.593
0.62 0.24 845.094
0.63 0.24 842.595
0.64 0.24 840.096
0.65 0.24 837.597
0.66 0.24 835.098
0.67 0.24 832.599
0.68 0.24 830.1
0.69 0.24 827.6
0.7 0.24 825.101
0.71 0.24 822.602
0.72 0.24 820.103
0.73 0.24 817.604
0.74 0.24 815.104
0.75 0.24 812.605
0.76 0.24 810.106
0.77 0.24 807.607
0.78 0.24 805.107
0.79 0.24 802.608
0.8 0.24 800.109
0.81 0.24 797.609
0.82 0.24 795.11
0.83 0.24 792.61
0.84 0.24 790.111
0.85 0.24 787.611
0.86 0.24 785.112
0.87 0.24 782.612
0.88 0.24 780.113
0.89 0.24 777.613
0.9 0.24 775.113
0.91 0.24 772.614
0.92 0.24 770.114
0.93 0.24 767.614
0.94 0.24 765.114
0.95 0.24 762.615
0.96 0.24 760.115
0.97 0.24 757.615
0.98 0.24 755.115
0.99 0.24 752.615
1 0.24 750.115
1.01 0.24 747.615
1.02 0.24 745.115
1.03 0.24 742.615
1.04 0.24 740.115
1.05 0.24 737.615
1.06 0.24 735.115
1.07 0.24 732.615
1.08 0.24 730.115
1.09 0.24 727.615
1.1 0.24 725.114
1.11 0.24 722.614
1.12 0.24 720.114
1.13 0.24 717.614
1.14 0.24 715.113
1.15 0.24 712.613
1.16 0.24 710.113
1.17 0.24 707.612
1.18 0.24 705.112
1.19 0.24 702.611
1.2 0.24 700.111
1.21 0.24 697.61
1.22 0.24 695.11
1.23 0.24 692.609
1.24 0.24 690.108
1.25 0.24 687.608
1.26 0.24 685.107
1.27 0.24 682.606
1.28 0.24 680.106
1.29 0.24 677.605
1.3 0.24 675.104
1.31 0.24 672.603
1.32 0.24 670.102
1.33 0.24 667.602
1.34 0.24 665.101
1.35 0.24 662.6
1.36 0.24 660.099
1.37 0.24 657.598
1.38 0.24 655.097
1.39 0.24 652.596
1.4 0.24 650.095
1.41 0.24 647.594
1.42 0.24 645.093
1.43 0.24 642.592
1.44 0.24 640.091
1.45 0.24 637.589
1.46 0.24 635.088
1.47 0.24 632.587
1.48 0.24 630.086
1.49 0.24 627.585
1.5 0.24 625.083
1.51 0.24 622.582
1.52 0.24 620.081
1.53 0.24 617.579
1.54 0.24 615.078
1.55 0.24 612.577
1.56 0.24 610.075
1.57 0.24 607.574
1.58 0.24 605.072
1.59 0.24 602.571
1.6 0.24 600.069
1.61 0.24 597.568
1.62 0.24 595.066
1.63 0.24 592.565
1.64 0.24 590.063
1.65 0.24 587.562
1.66 0.24 585.06
1.67 0.24 582.559
1.68 0.24 580.057
1.69 0.24 577.555
1.7 0.24 575.054
1.71 0.24 572.552
1.72 0.24 570.05
1.73 0.24 567.549
1.74 0.24 565.047
1.75 0.24 562.545
1.76 0.24 560.044
1.77 0.24 557.542
1.78 0.24 555.04
1.79 0.24 552.538
1.8 0.24 550.037
1.81 0.24 547.535
1.82 0.24 545.033
1.83 0.24 542.531
1.84 0.24 540.029
1.85 0.24 537.528
1.86 0.24 535.026
1.87 0.24 532.524
1.88 0.24 530.022
1.89 0.24 527.52
1.9 0.24 525.019
1.91 0.24 522.517
1.92 0.24 520.015
1.93 0.24 517.513
1.94 0.24 515.011
1.95 0.24 512.509
1.96 0.24 510.007
1.97 0.24 507.506
1.98 0.24 505.004
1.99 0.24 502.502
2 0.24 500

0 0.25 1000
0.01 0.25 997.502
0.02 0.25 995.004
0.03 0.25 992.505
0.04 0.25 990.007
0.05 0.25 987.509
0.06 0.25 985.011
0.07 0.25 982.512
0.08 0.25 980.014
0.09 0.25 977.516
0.1 0.25 975.017
0.11 0.25 972.519
0.12 0.25 970.021
0.13 0.25 967.523
0.14 0.25 965.024
0.15 0.25 962.526
0.16 0.25 960.028
0.17 0.25 957.53
0.18 0.25 955.031
0.19 0.25 952.533
0.2 0.25 950.035
0.21 0.25 947.536
0.22 0.25 945.038
0.23 0.25 942.54
0.24 0.25 940.041
0.25 0.25 937.543
0.26 0.25 935.044
0.27 0.25 932.546
0.28 0.25 930.048
0.29 0.25 927.549
0.3 0.25 925.051
0.31 0.25 922.552
0.32 0.25 920.054
0.33 0.25 917.556
0.34 0.25 915.057
0.35 0.25 912.559
0.36 0.25 910.06
0.37 0.25 907.562
0.38 0.25 905.063
0.39 0.25 902.565
0.4 0.25 900.066
0.41 0.25 897.568
0.42 0.25 895.069
0.43 0.25 892.57
0.44 0.25 890.072
0.45 0.25 887.573
0.46 0.25 885.074
0.47 0.25 882.576
0.48 0.25 880.077
0.49 0.25 877.578
0.5 0.25 875.08
0.51 0.25 872.581
0.52 0.25 870.082
0.53 0.25 867.583
0.54 0.25 865.085
0.55 0.25 862.586
0.56 0.25 860.087
0.57 0.25 857.588
0.58 0.25 855.089
0.59 0.25 852.59
0.6 0.25 850.092
0.61 0.25 847.593
0.62 0.25 845.094
0.63 0.25 842.595
0.64 0.25 840.096
0.65 0.25 837.597
0.66 0.25 835.098
0.67 0.25 832.599
0.68 0.25 830.099
0.69 0.25 827.6
0.7 0.25 825.101
0.71 0.25 822.602
0.72 0.25 820.103
0.73 0.25 817.604
0.74 0.25 815.104
0.75 0.25 812.605
0.76 0.25 810.106
0.77 0.25 807.607
0.78 0.25 805.107
0.79 0.25 802.608
0.8 0.25 800.109
0.81 0.25 797.609
0.82 0.25 795.11
0.83 0.25 792.61
0.84 0.25 790.111
0.85 0.25 787.611
0.86 0.25 785.112
0.87 0.25 782.612
0.88 0.25 780.113
0.89 0.25 777.613
0.9 0.25 775.113
0.91 0.25 772.614
0.92 0.25 770.114
0.93 0.25 767.614
0.94 0.25 765.114
0.95 0.25 762.615
0.96 0.25 760.115
0.97 0.25 757.615
0.98 0.25 755.115
0.99 0.25 752.615
1 0.25 750.115
1.01 0.25 747.615
1.02 0.25 745.115
1.03 0.25 742.615
1.04 0.25 740.115
1.05 0.25 737.615
1.06 0.25 735.115
1.07 0.25 732.615
1.08 0.25 730.115
1.09 0.25 727.615
1.1 0.25 725.114
1.11 0.25 722.614
1.12 0.25 720.114
1.13 0.25 717.614
1.14 0.25 715.113
1.15 0.25 712.613
1.16 0.25 710.112
1.17 0.25 707.612
1.18 0.25 705.112
1.19 0.25 702.611
1.2 0.25 700.111
1.21 0.25 697.61
1.22 0.25 695.11
1.23 0.25 692.609
1.24 0.25 690.108
1.25 0.25 687.608
1.26 0.25 685.107
1.27 0.25 682.606
1.28 0.25 680.106
1.29 0.25 677.605
1.3 0.25 675.104
1.31 0.25 672.603
1.32 0.25 670.102
1.33 0.25 667.602
1.34 0.25 665.101
1.35 0.25 662.6
1.36 0.25 660.099
1.37 0.25 657.598
1.38 0.25 655.097
1.39 0.25 652.596
1.4 0.25 650.095
1.41 0.25 647.594
1.42 0.25 645.093
1.43 0.25 642.592
1.44 0.25 640.091
1.45 0.25 637.589
1.46 0.25 635.088
1.47 0.25 632.587
1.48 0.25 630.086
1.49 0.25 627.585
1.5 0.25 625.083
1.51 0.25 622.582
1.52 0.25 620.081
1.53 0.25 617.579
1.54 0.25 615.078
1.55 0.25 612.577
1.56 0.25 610.075
1.57 0.25 607.574
1.58 0.25 605.072
1.59 0.25 602.571
1.6 0.25 600.069
1.61 0.25 597.568
1.62 0.25 595.066
1.63 0.25 592.565
1.64 0.25 590.063
1.65 0.25 587.562
1.66 0.25 585.06
1.67 0.25 582.559
1.68 0.25 580.057
1.69 0.25 577.555
1.7 0.25 575.054
1.71 0.25 572.552
1.72 0.25 570.05
1.73 0.25 567.549
1.74 0.25 565.047
1.75 0.25 562.545
1.76 0.25 560.044
1.77 0.25 557.542
1.78 0.25 555.04
1.79 0.25 552.538
1.8 0.25 550.037
1.81 0.25 547.535
1.82 0.25 545.033
1.83 0.25 542.531
1.84 0.25 540.029
1.85 0.25 537.528
1.86 0.25 535.026
1.87 0.25 532.524
1.88 0.25 530.022
1.89 0.25 527.52
1.9 0.25 525.019
1.91 0.25 522.517
1.92 0.25 520.015
1.93 0.25 517.513
1.94 0.25 515.011
1.95 0.25 512.509
1.96 0.25 510.007
1.97 0.25 507.506
1.98 0.25 505.004
1.99 0.25 502.502
2 0.25 500

0 0.26 1000
0.01 0.26 997.502
0.02 0.26 995.004
0.03 0.26 992.505
0.04 0.26 990.007
0.05 0.26 987.509
0.06 0.26 985.011
0.07 0.26 982.512
0.08 0.26 980.014
0.09 0.26 977.516
0.1 0.26 975.017
0.11 0.26 972.519
0.12 0.26 970.021
0.13 0.26 967.523
0.14 0.26 965.024
0.15 0.26 962.526
0.16 0.26 960.028
0.17 0.26 957.53
0.18 0.26 955.031
0.19 0.26 952.533
0.2 0.26 950.035
0.21 0.26 947.536
0.22 0.26 945.038
0.23 0.26 942.54
0.24 0.26 940.041
0.25 0.26 937.543
0.26 0.26 935.044
0.27 0.26 932.546
0.28 0.26 930.048
0.29 0.26 927.549
0.3 0.26 925.051
0.31 0.26 922.552
0.32 0.26 920.054
0.33 0.26 917.556
0.34 0.26 915.057
0.35 0.26 912.559
0.36 0.26 910.06
0.37 0.26 907.562
0.38 0.26 905.063
0.39 0.26 902.565
0.4 0.26 900.066
0.41 0.26 897.568
0.42 0.26 895.069
0.43 0.26 892.57
0.44 0.26 890.072
0.45 0.26 887.573
0.46 0.26 885.074
0.47 0.26 882.576
0.48 0.26 880.077
0.49 0.26 877.578
0.5 0.26 875.08
0.51 0.26 872.581
0.52 0.26 870.082
0.53 0.26 867.583
0.54 0.26 865.085
0.55 0.26 862.586
0.56 0.26 860.087
0.57 0.26 857.588
0.58 0.26 855.089
0.59 0.26 852.59
0.6 0.26 850.092
0.61 0.26 847.593
0.62 0.26 845.094
0.63 0.26 842.595
0.64 0.26 840.096
0.65 0.26 837.597
0.66 0.26 835.098
0.67 0.26 832.599
0.68 0.26 830.099
0.69 0.26 827.6
0.7 0.26 825.101
0.71 0.26 822.602
0.72 0.26 820.103
0.73 0.26 817.604
0.74 0.26 815.104
0.75 0.26 812.605
0.76 0.26 810.106
0.77 0.26 807.607
0.78 0.26 805.107
0.79 0.26 802.608
0.8 0.26 800.109
0.81 0.26 797.609
0.82 0.26 795.11
0.83 0.26 792.61
0.84 0.26 790.111
0.85 0.26 787.611
0.86 0.26 785.112
0.87 0.26 782.612
0.88 0.26 780.113
0.89 0.26 777.613
0.9 0.26 775.113
0.91 0.26 772.614
0.92 0.26 770.114
0.93 0.26 767.614
0.94 0.26 765.114
0.95 0.26 762.615
0.96 0.26 760.115
0.97 0.26 757.615
0.98 0.26 755.115
0.99 0.26 752.615
1 0.26 750.115
1.01 0.26 747.615
1.02 0.26 745.115
1.03 0.26 742.615
1.04 0.26 740.115
1.05 0.26 737.615
1.06 0.26 735.115
1.07 0.26 732.615
1.08 0.26 730.115
1.09 0.26 727.615
1.1 0.26 725.114
1.11 0.26 722.614
1.12 0.26 720.114
1.13 0.26 717.614
1.14 0.26 715.113
1.15 0.26 712.613
1.16 0.26 710.112
1.17 0.26 707.612
1.18 0.26 705.112
1.19 0.26 702.611
1.2 0.26 700.111
1.21 0.26 697.61
1.22 0.26 695.11
1.23 0.26 692.609
1.24 0.26 690.108
1.25 0.26 687.608
1.26 0.26 685.107
1.27 0.26 682.606
1.28 0.26 680.106
1.29 0.26 677.605
1.3 0.26 675.104
1.31 0.26 672.603
1.32 0.26 670.102
1.33 0.26 667.602
1.34 0.26 665.101
1.35 0.26 662.6
1.36 0.26 660.099
1.37 0.26 657.598
1.38 0.26 655.097
1.39 0.26 652.596
1.4 0.26 650.095
1.41 0.26 647.594
1.42 0.26 645.093
1.43 0.26 642.592
1.44 0.26 640.091
1.45 0.26 637.589
1.46 0.26 635.088
1.47 0.26 632.587
1.48 0.26 630.086
1.49 0.26 627.585
1.5 0.26 625.083
1.51 0.26 622.582
1.52 0.26 620.081
1.53 0.26 617.579
1.54 0.26 615.078
1.55 0.26 612.577
1.56 0.26 610.075
1.57 0.26 607.574
1.58 0.26 605.072
1.59 0.26 602.571
1.6 0.26 600.069
1.61 0.26 597.568
1.62 0.26 595.066
1.63 0.26 592.565
1.64 0.26 590.063
1.65 0.26 587.562
1.66 0.26 585.06
1.67 0.26 582.559
1.68 0.26 580.057
1.69 0.26 577.555
1.7 0.26 575.054
1.71 0.26 572.552
1.72 0.26 570.05
1.73 0.26 567.549
1.74 0.26 565.047
1.75 0.26 562.545
1.76 0.26 560.044
1.77 0.26 557.542
1.78 0.26 555.04
1.79 0.26 552.538
1.8 0.26 550.037
1.81 0.26 547.535
1.82 0.26 545.033
1.83 0.26 542.531
1.84 0.26 540.029
1.85 0.26 537.528
1.86 0.26 535.026
1.87 0.26 532.524
1.88 0.26 530.022
1.89 0.26 527.52
1.9 0.26 525.019
1.91 0.26 522.517
1.92 0.26 520.015
1.93 0.26 517.513
1.94 0.26 515.011
1.95 0.26 512.509
1.96 0.26 510.007
1.97 0.26 507.506
1.98 0.26 505.004
1.99 0.26 502.502
2 0.26 500

0 0.27 1000
0.01 0.27 997.502
0.02 0.27 995.004
0.03 0.27 992.505
0.04 0.27 990.007
0.05 0.27 987.509
0.06 0.27 985.011
0.07 0.27 982.512
0.08 0.27 980.014
0.09 0.27 977.516
0.1 0.27 975.017
0.11 0.27 972.519
0.12 0.27 970.021
0.13 0.27 967.523
0.14 0.27 965.024
0.15 0.27 962.526
0.16 0.27 960.028
0.17 0.27 957.53
0.18 0.27 955.031
0.19 0.27 952.533
0.2 0.27 950.035
0.21 0.27 947.536
0.22 0.27 945.038
0.23 0.27 942.54
0.24 0.27 940.041
0.25 0.27 937.543
0.26 0.27 935.044
0.27 0.27 932.546
0.28 0.27 930.048
0.29 0.27 927.549
0.3 0.27 925.051
0.31 0.27 922.552
0.32 0.27 920.054
0.33 0.27 917.556
0.34 0.27 915.057
0.35 0.27 912.559
0.36 0.27 910.06
0.37 0.27 907.562
0.38 0.27 905.063
0.39 0.27 902.565
0.4 0.27 900.066
0.41 0.27 897.567
0.42 0.27 895.069
0.43 0.27 892.57
0.44 0.27 890.072
0.45 0.27 887.573
0.46 0.27 885.074
0.47 0.27 882.576
0.48 0.27 880.077
0.49 0.27 877.578
0.5 0.27 875.08
0.51 0.27 872.581
0.52 0.27 870.082
0.53 0.27 867.583
0.54 0.27 865.085
0.55 0.27 862.586
0.56 0.27 860.087
0.57 0.27 857.588
0.58 0.27 855.089
0.59 0.27 852.59
0.6 0.27 850.092
0.61 0.27 847.593
0.62 0.27 845.094
0.63 0.27 842.595
0.64 0.27 840.096
0.65 0.27 837.597
0.66 0.27 835.098
0.67 0.27 832.599
0.68 0.27 830.099
0.69 0.27 827.6
0.7 0.27 825.101
0.71 0.27 822.602
0.72 0.27 820.103
0.73 0.27 817.604
0.74 0.27 815.104
0.75 0.27 812.605
0.76 0.27 810.106
0.77 0.27 807.607
0.78 0.27 805.107
0.79 0.27 802.608
0.8 0.27 800.109
0.81 0.27 797.609
0.82 0.27 795.11
0.83 0.27 792.61
0.84 0.27 790.111
0.85 0.27 787.611
0.86 0.27 785.112
0.87 0.27 782.612
0.88 0.27 780.113
0.89 0.27 777.613
0.9 0.27 775.113
0.91 0.27 772.614
0.92 0.27 770.114
0.93 0.27 767.614
0.94 0.27 765.114
0.95 0.27 762.615
0.96 0.27 760.115
0.97 0.27 757.615
0.98 0.27 755.115
0.99 0.27 752.615
1 0.27 750.115
1.01 0.27 747.615
1.02 0.27 745.115
1.03 0.27 742.615
1.04 0.27 740.115
1.05 0.27 737.615
1.06 0.27 735.115
1.07 0.27 732.615
1.08 0.27 730.115
1.09 0.27 727.615
1.1 0.27 725.114
1.11 0.27 722.614
1.12 0.27 720.114
1.13 0.27 717.614
1.14 0.27 715.113
1.15 0.27 712.613
1.16 0.27 710.112
1.17 0.27 707.612
1.18 0.27 705.112
1.19 0.27 702.611
1.2 0.27 700.111
1.21 0.27 697.61
1.22 0.27 695.11
1.23 0.27 692.609
1.24 0.27 690.108
1.25 0.27 687.608
1.26 0.27 685.107
1.27 0.27 682.606
1.28 0.27 680.106
1.29 0.27 677.605
1.3 0.27 675.104
1.31 0.27 672.603
1.32 0.27 670.102
1.33 0.27 667.602
1.34 0.27 665.101
1.35 0.27 662.6
1.36 0.27 660.099
1.37 0.27 657.598
1.38 0.27 655.097
1.39 0.27 652.596
1.4 0.27 650.095
1.41 0.27 647.594
1.42 0.27 645.093
1.43 0.27 642.592
1.44 0.27 640.091
1.45 0.27 637.589
1.46 0.27 635.088
1.47 0.27 632.587
1.48 0.27 630.086
1.49 0.27 627.585
1.5 0.27 625.083
1.51 0.27 622.582
1.52 0.27 620.081
1.53 0.27 617.579
1.54 0.27 615.078
1.55 0.27 612.577
1.56 0.27 610.075
1.57 0.27 607.574
1.58 0.27 605.072
1.59 0.27 602.571
1.6 0.27 600.069
1.61 0.27 597.568
1.62 0.27 595.066
1.63 0.27 592.565
1.64 0.27 590.063
1.65 0.27 587.562
1.66 0.27 585.06
1.67 0.27 582.559
1.68 0.27 580.057
1.69 0.27 577.555
1.7 0.27 575.054
1.71 0.27 572.552
1.72 0.27 570.05
1.73 0.27 567.549
1.74 0.27 565.047
1.75 0.27 562.545
1.76 0.27 560.044
1.77 0.27 557.542
1.78 0.27 555.04
1.79 0.27 552.538
1.8 0.27 550.037
1.81 0.27 547.535
1.82 0.27 545.033
1.83 0.27 542.531
1.84 0.27 540.029
1.85 0.27 537.528
1.86 0.27 535.026
1.87 0.27 532.524
1.88 0.27 530.022
1.89 0.27 527.52
1.9 0.27 525.019
1.91 0.27 522.517
1.92 0.27 520.015
1.93 0.27 517.513
1.94 0.27 515.011
1.95 0.27 512.509
1.96 0.27 510.007
1.97 0.27 507.506
1.98 0.27 505.004
1.99 0.27 502.502
2 0.27 500

0 0.28 1000
0.01 0.28 997.502
0.02 0.28 995.004
0.03 0.28 992.505
0.04 0.28 990.007
0.05 0.28 987.509
0.06 0.28 985.011
0.07 0.28 982.512
0.08 0.28 980.014
0.09 0.28 977.516
0.1 0.28 975.017
0.11 0.28 972.519
0.12 0.28 970.021
0.13 0.28 967.523
0.14 0.28 965.024
0.15 0.28 962.526
0.16 0.28 960.028
0.17 0.28 957.53
0.18 0.28 955.031
0.19 0.28 952.533
0.2 0.28 950.035
0.21 0.28 947.536
0.22 0.28 945.038
0.23 0.28 942.54
0.24 0.28 940.041
0.25 0.28 937.543
0.26 0.28 935.044
0.27 0.28 932.546
0.28 0.28 930.048
0.29 0.28 927.549
0.3 0.28 925.051
0.31 0.28 922.552
0.32 0.28 920.054
0.33 0.28 917.556
0.34 0.28 915.057
0.35 0.28 912.559
0.36 0.28 910.06
0.37 0.28 907.562
0.38 0.28 905.063
0.39 0.28 902.565
0.4 0.28 900.066
0.41 0.28 897.567
0.42 0.28 895.069
0.43 0.28 892.57
0.44 0.28 890.072
0.45 0.28 887.573
0.46 0.28 885.074
0.47 0.28 882.576
0.48 0.28 880.077
0.49 0.28 877.578
0.5 0.28 875.08
0.51 0.28 872.581
0.52 0.28 870.082
0.53 0.28 867.583
0.54 0.28 865.085
0.55 0.28 862.586
0.56 0.28 860.087
0.57 0.28 857.588
0.58 0.28 855.089
0.59 0.28 852.59
0.6 0.28 850.092
0.61 0.28 847.593
0.62 0.28 845.094
0.63 0.28 842.595
0.64 0.28 840.096
0.65 0.28 837.597
0.66 0.28 835.098
0.67 0.28 832.599
0.68 0.28 830.099
0.69 0.28 827.6
0.7 0.28 825.101
0.71 0.28 822.602
0.72 0.28 820.103
0.73 0.28 817.604
0.74 0.28 815.104
0.75 0.28 812.605
0.76 0.28 810.106
0.77 0.28 807.607
0.78 0.28 805.107
0.79 0.28 802.608
0.8 0.28 800.109
0.81 0.28 797.609
0.82 0.28 795.11
0.83 0.28 792.61
0.84 0.28 790.111
0.85 0.28 787.611
0.86 0.28 785.112
0.87 0.28 782.612
0.88 0.28 780.113
0.89 0.28 777.613
0.9 0.28 775.113
0.91 0.28 772.614
0.92 0.28 770.114
0.93 0.28 767.614
0.94 0.28 765.114
0.95 0.28 762.615
0.96 0.28 760.115
0.97 0.28 757.615
0.98 0.28 755.115
0.99 0.28 752.615
1 0.28 750.115
1.01 0.28 747.615
1.02 0.28 745.115
1.03 0.28 742.615
1.04 0.28 740.115
1.05 0.28 737.615
1.06 0.28 735.115
1.07 0.28 732.615
1.08 0.28 730.115
1.09 0.28 727.615
1.1 0.28 725.114
1.11 0.28 722.614
1.12 0.28 720.114
1.13 0.28 717.614
1.14 0.28 715.113
1.15 0.28 712.613
1.16 0.28 710.112
1.17 0.28 707.612
1.18 0.28 705.112
1.19 0.28 702.611
1.2 0.28 700.111
1.21 0.28 697.61
1.22 0.28 695.11
1.23 0.28 692.609
1.24 0.28 690.108
1.25 0.28 687.608
1.26 0.28 685.107
1.27 0.28 682.606
1.28 0.28 680.106
1.29 0.28 677.605
1.3 0.28 675.104
1.31 0.28 672.603
1.32 0.28 670.102
1.33 0.28 667.602
1.34 0.28 665.101
1.35 0.28 662.6
1.36 0.28 660.099
1.37 0.28 657.598
1.38 0.28 655.097
1.39 0.28 652.596
1.4 0.28 650.095
1.41 0.28 647.594
1.42 0.28 645.093
1.43 0.28 642.592
1.44 0.28 640.091
1.45 0.28 637.589
1.46 0.28 635.088
1.47 0.28 632.587
1.48 0.28 630.086
1.49 0.28 627.585
1.5 0.28 625.083
1.51 0.28 622.582
1.52 0.28 620.081
1.53 0.28 617.579
1.54 0.28 615.078
1.55 0.28 612.577
1.56 0.28 610.075
1.57 0.28 607.574
1.58 0.28 605.072
1.59 0.28 602.571
1.6 0.28 600.069
1.61 0.28 597.568
1.62 0.28 595.066
1.63 0.28 592.565
1.64 0.28 590.063
1.65 0.28 587.562
1.66 0.28 585.06
1.67 0.28 582.559
1.68 0.28 580.057
1.69 0.28 577.555
1.7 0.28 575.054
1.71 0.28 572.552
1.72 0.28 570.05
1.73 0.28 567.549
1.74 0.28 565.047
1.75 0.28 562.545
1.76 0.28 560.044
1.77 0.28 557.542
1.78 0.28 555.04
1.79 0.28 552.538
1.8 0.28 550.037
1.81 0.28 547.535
1.82 0.28 545.033
1.83 0.28 542.531
1.84 0.28 540.029
1.85 0.28 537.528
1.86 0.28 535.026
1.87 0.28 532.524
1.88 0.28 530.022
1.89 0.28 527.52
1.9 0.28 525.019
1.91 0.28 522.517
1.92 0.28 520.015
1.93 0.28 517.513
1.94 0.28 515.011
1.95 0.28 512.509
1.96 0.28 510.007
1.97 0.28 507.506
1.98 0.28 505.004
1.99 0.28 502.502
2 0.28 500

0 0.29 1000
0.01 0.29 997.502
0.02 0.29 995.004
0.03 0.29 992.505
0.04 0.29 990.007
0.05 0.29 987.509
0.06 0.29 985.011
0.07 0.29 982.512
0.08 0.29 980.014
0.09 0.29 977.516
0.1 0.29 975.017
0.11 0.29 972.519
0.12 0.29 970.021
0.13 0.29 967.523
0.14 0.29 965.024
0.15 0.29 962.526
0.16 0.29 960.028
0.17 0.29 957.53
0.18 0.29 955.031
0.19 0.29 952.533
0.2 0.29 950.035
0.21 0.29 947.536
0.22 0.29 945.038
0.23 0.29 942.54
0.24 0.29 940.041
0.25 0.29 937.543
0.26 0.29 935.044
0.27 0.29 932.546
0.28 0.29 930.048
0.29 0.29 927.549
0.3 0.29 925.051
0.31 0.29 922.552
0.32 0.29 920.054
0.33 0.29 917.556
0.34 0.29 915.057
0.35 0.29 912.559
0.36 0.29 910.06
0.37 0.29 907.562
0.38 0.29 905.063
0.39 0.29 902.565
0.4 0.29 900.066
0.41 0.29 897.567
0.42 0.29 895.069
0.43 0.29 892.57
0.44 0.29 890.072
0.45 0.29 887.573
0.46 0.29 885.074
0.47 0.29 882.576
0.48 0.29 880.077
0.49 0.29 877.578
0.5 0.29 875.08
0.51 0.29 872.581
0.52 0.29 870.082
0.53 0.29 867.583
0.54 0.29 865.085
0.55 0.29 862.586
0.56 0.29 860.087
0.57 0.29 857.588
0.58 0.29 855.089
0.59 0.29 852.59
0.6 0.29 850.092
0.61 0.29 847.593
0.62 0.29 845.094
0.63 0.29 842.595
0.64 0.29 840.096
0.65 0.29 837.597
0.66 0.29 835.098
0.67 0.29 832.599
0.68 0.29 830.099
0.69 0.29 827.6
0.7 0.29 825.101
0.71 0.29 822.602
0.72 0.29 820.103
0.73 0.29 817.604
0.74 0.29 815.104
0.75 0.29 812.605
0.76 0.29 810.106
0.77 0.29 807.607
0.78 0.29 805.107
0.79 0.29 802.608
0.8 0.29 800.109
0.81 0.29 797.609
0.82 0.29 795.11
0.83 0.29 792.61
0.84 0.29 790.111
0.85 0.29 787.611
0.86 0.29 785.112
0.87 0.29 782.612
0.88 0.29 780.113
0.89 0.29 777.613
0.9 0.29 775.113
0.91 0.29 772.614
0.92 0.29 770.114
0.93 0.29 767.614
0.94 0.29 765.114
0.95 0.29 762.615
0.96 0.29 760.115
0.97 0.29 757.615
0.98 0.29 755.115
0.99 0.29 752.615
1 0.29 750.115
1.01 0.29 747.615
1.02 0.29 745.115
1.03 0.29 742.615
1.04 0.29 740.115
1.05 0.29 737.615
1.06 0.29 735.115
1.07 0.29 732.615
1.08 0.29 730.115
1.09 0.29 727.615
1.1 0.29 725.114
1.11 0.29 722.614
1.12 0.29 720.114
1.13 0.29 717.614
1.14 0.29 715.113
1.15 0.29 712.613
1.16 0.29 710.112
1.17 0.29 707.612
1.18 0.29 705.112
1.19 0.29 702.611
1.2 0.29 700.111
1.21 0.29 697.61
1.22 0.29 695.11
1.23 0.29 692.609
1.24 0.29 690.108
1.25 0.29 687.608
1.26 0.29 685.107
1.27 0.29 682.606
1.28 0.29 680.106
1.29 0.29 677.605
1.3 0.29 675.104
1.31 0.29 672.603
1.32 0.29 670.102
1.33 0.29 667.602
1.34 0.29 665.101
1.35 0.29 662.6
1.36 0.29 660.099
1.37 0.29 657.598
1.38 0.29 655.097
1.39 0.29 652.596
1.4 0.29 650.095
1.41 0.29 647.594
1.42 0.29 645.093
1.43 0.29 642.592
1.44 0.29 640.091
1.45 0.29 637.589
1.46 0.29 635.088
1.47 0.29 632.587
1.48 0.29 630.086
1.49 0.29 627.585
1.5 0.29 625.083
1.51 0.29 622.582
1.52 0.29 620.081
1.53 0.29 617.579
1.54 0.29 615.078
1.55 0.29 612.577
1.56 0.29 610.075
1.57 0.29 607.574
1.58 0.29 605.072
1.59 0.29 602.571
1.6 0.29 600.069
1.61 0.29 597.568
1.62 0.29 595.066
1.63 0.29 592.565
1.64 0.29 590.063
1.65 0.29 587.562
1.66 0.29 585.06
1.67 0.29 582.559
1.68 0.29 580.057
1.69 0.29 577.555
1.7 0.29 575.054
1.71 0.29 572.552
1.72 0.29 570.05
1.73 0.29 567.549
1.74 0.29 565.047
1.75 0.29 562.545
1.76 0.29 560.044
1.77 0.29 557.542
1.78 0.29 555.04
1.79 0.29 552.538
1.8 0.29 550.037
1.81 0.29 547.535
1.82 0.29 545.033
1.83 0.29 542.531
1.84 0.29 540.029
1.85 0.29 537.528
1.86 0.29 535.026
1.87 0.29 532.524
1.88 0.29 530.022
1.89 0.29 527.52
1.9 0.29 525.019
1.91 0.29 522.517
1.92 0.29 520.015
1.93 0.29 517.513
1.94 0.29 515.011
1.95 0.29 512.509
1.96 0.29 510.007
1.97 0.29 507.506
1.98 0.29 505.004
1.99 0.29 502.502
2 0.29 500

0 0.3 1000
0.01 0.3 997.502
0.02 0.3 995.004
0.03 0.3 992.505
0.04 0.3 990.007
0.05 0.3 987.509
0.06 0.3 985.011
0.07 0.3 982.512
0.08 0.3 980.014
0.09 0.3 977.516
0.1 0.3 975.017
0.11 0.3 972.519
0.12 0.3 970.021
0.13 0.3 967.523
0.14 0.3 965.024
0.15 0.3 962.526
0.16 0.3 960.028
0.17 0.3 957.53
0.18 0.3 955.031
0.19 0.3 952.533
0.2 0.3 950.035
0.21 0.3 947.536
0.22 0.3 945.038
0.23 0.3 942.54
0.24 0.3 940.041
0.25 0.3 937.543
0.26 0.3 935.044
0.27 0.3 932.546
0.28 0.3 930.048
0.29 0.3 927.549
0.3 0.3 925.051
0.31 0.3 922.552
0.32 0.3 920.054
0.33 0.3 917.556
0.34 0.3 915.057
0.35 0.3 912.559
0.36 0.3 910.06
0.37 0.3 907.562
0.38 0.3 905.063
0.39 0.3 902.565
0.4 0.3 900.066
0.41 0.3 897.567
0.42 0.3 895.069
0.43 0.3 892.57
0.44 0.3 890.072
0.45 0.3 887.573
0.46 0.3 885.074
0.47 0.3 882.576
0.48 0.3 880.077
0.49 0.3 877.578
0.5 0.3 875.08
0.51 0.3 872.581
0.52 0.3 870.082
0.53 0.3 867.583
0.54 0.3 865.085
0.55 0.3 862.586
0.56 0.3 860.087
0.57 0.3 857.588
0.58 0.3 855.089
0.59 0.3 852.59
0.6 0.3 850.092
0.61 0.3 847.593
0.62 0.3 845.094
0.63 0.3 842.595
0.64 0.3 840.096
0.65 0.3 837.597
0.66 0.3 835.098
0.67 0.3 832.599
0.68 0.3 830.099
0.69 0.3 827.6
0.7 0.3 825.101
0.71 0.3 822.602
0.72 0.3 820.103
0.73 0.3 817.604
0.74 0.3 815.104
0.75 0.3 812.605
0.76 0.3 810.106
0.77 0.3 807.607
0.78 0.3 805.107
0.79 0.3 802.608
0.8 0.3 800.109
0.81 0.3 797.609
0.82 0.3 795.11
0.83 0.3 792.61
0.84 0.3 790.111
0.85 0.3 787.611
0.86 0.3 785.112
0.87 0.3 782.612
0.88 0.3 780.113
0.89 0.3 777.613
0.9 0.3 775.113
0.91 0.3 772.614
0.92 0.3 770.114
0.93 0.3 767.614
0.94 0.3 765.114
0.95 0.3 762.615
0.96 0.3 760.115
0.97 0.3 757.615
0.98 0.3 755.115
0.99 0.3 752.615
1 0.3 750.115
1.01 0.3 747.615
1.02 0.3 745.115
1.03 0.3 742.615
1.04 0.3 740.115
1.05 0.3 737.615
1.06 0.3 735.115
1.07 0.3 732.615
1.08 0.3 730.115
1.09 0.3 727.615
1.1 0.3 725.114
1.11 0.3 722.614
1.12 0.3 720.114
1.13 0.3 717.614
1.14 0.3 715.113
1.15 0.3 712.613
1.16 0.3 710.112
1.17 0.3 707.612
1.18 0.3 705.112
1.19 0.3 702.611
1.2 0.3 700.111
1.21 0.3 697.61
1.22 0.3 695.11
1.23 0.3 692.609
1.24 0.3 690.108
1.25 0.3 687.608
1.26 0.3 685.107
1.27 0.3 682.606
1.28 0.3 680.106
1.29 0.3 677.605
1.3 0.3 675.104
1.31 0.3 672.603
1.32 0.3 670.102
1.33 0.3 667.602
1.34 0.3 665.101
1.35 0.3 662.6
1.36 0.3 660.099
1.37 0.3 657.598
1.38 0.3 655.097
1.39 0.3 652.596
1.4 0.3 650.095
1.41 0.3 647.594
1.42 0.3 645.093
1.43 0.3 642.592
1.44 0.3 640.091
1.45 0.3 637.589
1.46 0.3 635.088
1.47 0.3 632.587
1.48 0.3 630.086
1.49 0.3 627.584
1.5 0.3 625.083
1.51 0.3 622.582
1.52 0.3 620.081
1.53 0.3 617.579
1.54 0.3 615.078
1.55 0.3 612.577
1.56 0.3 610.075
1.57 0.3 607.574
1.58 0.3 605.072
1.59 0.3 602.571
1.6 0.3 600.069
1.61 0.3 597.568
1.62 0.3 595.066
1.63 0.3 592.565
1.64 0.3 590.063
1.65 0.3 587.562
1.66 0.3 585.06
1.67 0.3 582.559
1.68 0.3 580.057
1.69 0.3 577.555
1.7 0.3 575.054
1.71 0.3 572.552
1.72 0.3 570.05
1.73 0.3 567.549
1.74 0.3 565.047
1.75 0.3 562.545
1.76 0.3 560.044
1.77 0.3 557.542
1.78 0.3 555.04
1.79 0.3 552.538
1.8 0.3 550.037
1.81 0.3 547.535
1.82 0.3 545.033
1.83 0.3 542.531
1.84 0.3 540.029
1.85 0.3 537.528
1.86 0.3 535.026
1.87 0.3 532.524
1.88 0.3 530.022
1.89 0.3 527.52
1.9 0.3 525.019
1.91 0.3 522.517
1.92 0.3 520.015
1.93 0.3 517.513
1.94 0.3 515.011
1.95 0.3 512.509
1.96 0.3 510.007
1.97 0.3 507.506
1.98 0.3 505.004
1.99 0.3 502.502
2 0.3 500

0 0.31 1000
0.01 0.31 997.502
0.02 0.31 995.004
0.03 0.31 992.505
0.04 0.31 990.007
0.05 0.31 987.509
0.06 0.31 985.011
0.07 0.31 982.512
0.08 0.31 980.014
0.09 0.31 977.516
0.1 0.31 975.017
0.11 0.31 972.519
0.12 0.31 970.021
0.13 0.31 967.523
0.14 0.31 965.024
0.15 0.31 962.526
0.16 0.31 960.028
0.17 0.31 957.53
0.18 0.31 955.031
0.19 0.31 952.533
0.2 0.31 950.035
0.21 0.31 947.536
0.22 0.31 945.038
0.23 0.31 942.54
0.24 0.31 940.041
0.25 0.31 937.543
0.26 0.31 935.044
0.27 0.31 932.546
0.28 0.31 930.048
0.29 0.31 927.549
0.3 0.31 925.051
0.31 0.31 922.552
0.32 0.31 920.054
0.33 0.31 917.556
0.34 0.31 915.057
0.35 0.31 912.559
0.36 0.31 910.06
0.37 0.31 907.562
0.38 0.31 905.063
0.39 0.31 902.565
0.4 0.31 900.066
0.41 0.31 897.567
0.42 0.31 895.069
0.43 0.31 892.57
0.44 0.31 890.072
0.45 0.31 887.573
0.46 0.31 885.074
0.47 0.31 882.576
0.48 0.31 880.077
0.49 0.31 877.578
0.5 0.31 875.08
0.51 0.31 872.581
0.52 0.31 870.082
0.53 0.31 867.583
0.54 0.31 865.085
0.55 0.31 862.586
0.56 0.31 860.087
0.57 0.31 857.588
0.58 0.31 855.089
0.59 0.31 852.59
0.6 0.31 850.092
0.61 0.31 847.593
0.62 0.31 845.094
0.63 0.31 842.595
0.64 0.31 840.096
0.65 0.31 837.597
0.66 0.31 835.098
0.67 0.31 832.599
0.68 0.31 830.099
0.69 0.31 827.6
0.7 0.31 825.101
0.71 0.31 822.602
0.72 0.31 820.103
0.73 0.31 817.604
0.74 0.31 815.104
0.75 0.31 812.605
0.76 0.31 810.106
0.77 0.31 807.607
0.78 0.31 805.107
0.79 0.31 802.608
0.8 0.31 800.109
0.81 0.31 797.609
0.82 0.31 795.11
0.83 0.31 792.61
0.84 0.31 790.111
0.85 0.31 787.611
0.86 0.31 785.112
0.87 0.31 782.612
0.88 0.31 780.113
0.89 0.31 777.613
0.9 0.31 775.113
0.91 0.31 772.614
0.92 0.31 770.114
0.93 0.31 767.614
0.94 0.31 765.114
0.95 0.31 762.615
0.96 0.31 760.115
0.97 0.31 757.615
0.98 0.31 755.115
0.99 0.31 752.615
1 0.31 750.115
1.01 0.31 747.615
1.02 0.31 745.115
1.03 0.31 742.615
1.04 0.31 740.115
1.05 0.31 737.615
1.06 0.31 735.115
1.07 0.31 732.615
1.08 0.31 730.115
1.09 0.31 727.615
1.1 0.31 725.114
1.11 0.31 722.614
1.12 0.31 720.114
1.13 0.31 717.614
1.14 0.31 715.113
1.15 0.31 712.613
1.16 0.31 710.112
1.17 0.31 707.612
1.18 0.31 705.112
1.19 0.31 702.611
1.2 0.31 700.111
1.21 0.31 697.61
1.22 0.31 695.11
1.23 0.31 692.609
1.24 0.31 690.108
1.25 0.31 687.608
1.26 0.31 685.107
1.27 0.31 682.606
1.28 0.31 680.106
1.29 0.31 677.605
1.3 0.31 675.104
1.31 0.31 672.603
1.32 0.31 670.102
1.33 0.31 667.602
1.34 0.31 665.101
1.35 0.31 662.6
1.36 0.31 660.099
1.37 0.31 657.598
1.38 0.31 655.097
1.39 0.31 652.596
1.4 0.31 650.095
1.41 0.31 647.594
1.42 0.31 645.093
1.43 0.31 642.592
1.44 0.31 640.091
1.45 0.31 637.589
1.46 0.31 635.088
1.47 0.31 632.587
1.48 0.31 630.086
1.49 0.31 627.584
1.5 0.31 625.083
1.51 0.31 622.582
1.52 0.31 620.081
1.53 0.31 617.579
1.54 0.31 615.078
1.55 0.31 612.577
1.56 0.31 610.075
1.57 0.31 607.574
1.58 0.31 605.072
1.59 0.31 602.571
1.6 0.31 600.069
1.61 0.31 597.568
1.62 0.31 595.066
1.63 0.31 592.565
1.64 0.31 590.063
1.65 0.31 587.562
1.66 0.31 585.06
1.67 0.31 582.559
1.68 0.31 580.057
1.69 0.31 577.555
1.7 0.31 575.054
1.71 0.31 572.552
1.72 0.31 570.05
1.73 0.31 567.549
1.74 0.31 565.047
1.75 0.31 562.545
1.76 0.31 560.044
1.77 0.31 557.542
1.78 0.31 555.04
1.79 0.31 552.538
1.8 0.31 550.037
1.81 0.31 547.535
1.82 0.31 545.033
1.83 0.31 542.531
1.84 0.31 540.029
1.85 0.31 537.528
1.86 0.31 535.026
1.87 0.31 532.524
1.88 0.31 530.022
1.89 0.31 527.52
1.9 0.31 525.019
1.91 0.31 522.517
1.92 0.31 520.015
1.93 0.31 517.513
1.94 0.31 515.011
1.95 0.31 512.509
1.96 0.31 510.007
1.97 0.31 507.506
1.98 0.31 505.004
1.99 0.31 502.502
2 0.31 500

0 0.32 1000
0.01 0.32 997.502
0.02 0.32 995.004
0.03 0.32 992.505
0.04 0.32 990.007
0.05 0.32 987.509
0.06 0.32 985.011
0.07 0.32 982.512
0.08 0.32 980.014
0.09 0.32 977.516
0.1 0.32 975.017
0.11 0.32 972.519
0.12 0.32 970.021
0.13 0.32 967.523
0.14 0.32 965.024
0.15 0.32 962.526
0.16 0.32 960.028
0.17 0.32 957.53
0.18 0.32 955.031
0.19 0.32 952.533
0.2 0.32 950.035
0.21 0.32 947.536
0.22 0.32 945.038
0.23 0.32 942.54
0.24 0.32 940.041
0.25 0.32 937.543
0.26 0.32 935.044
0.27 0.32 932.546
0.28 0.32 930.048
0.29 0.32 927.549
0.3 0.32 925.051
0.31 0.32 922.552
0.32 0.32 920.054
0.33 0.32 917.556
0.34 0.32 915.057
0.35 0.32 912.559
0.36 0.32 910.06
0.37 0.32 907.562
0.38 0.32 905.063
0.39 0.32 902.565
0.4 0.32 900.066
0.41 0.32 897.567
0.42 0.32 895.069
0.43 0.32 892.57
0.44 0.32 890.072
0.45 0.32 887.573
0.46 0.32 885.074
0.47 0.32 882.576
0.48 0.32 880.077
0.49 0.32 877.578
0.5 0.32 875.08
0.51 0.32 872.581
0.52 0.32 870.082
0.53 0.32 867.583
0.54 0.32 865.085
0.55 0.32 862.586
0.56 0.32 860.087
0.57 0.32 857.588
0.58 0.32 855.089
0.59 0.32 852.59
0.6 0.32 850.092
0.61 0.32 847.593
0.62 0.32 845.094
0.63 0.32 842.595
0.64 0.32 840.096
0.65 0.32 837.597
0.66 0.32 835.098
0.67 0.32 832.599
0.68 0.32 830.099
0.69 0.32 827.6
0.7 0.32 825.101
0.71 0.32 822.602
0.72 0.32 820.103
0.73 0.32 817.604
0.74 0.32 815.104
0.75 0.32 812.605
0.76 0.32 810.106
0.77 0.32 807.607
0.78 0.32 805.107
0.79 0.32 802.608
0.8 0.32 800.109
0.81 0.32 797.609
0.82 0.32 795.11
0.83 0.32 792.61
0.84 0.32 790.111
0.85 0.32 787.611
0.86 0.32 785.112
0.87 0.32 782.612
0.88 0.32 780.113
0.89 0.32 777.613
0.9 0.32 775.113
0.91 0.32 772.614
0.92 0.32 770.114
0.93 0.32 767.614
0.94 0.32 765.114
0.95 0.32 762.615
0.96 0.32 760.115
0.97 0.32 757.615
0.98 0.32 755.115
0.99 0.32 752.615
1 0.32 750.115
1.01 0.32 747.615
1.02 0.32 745.115
1.03 0.32 742.615
1.04 0.32 740.115
1.05 0.32 737.615
1.06 0.32 735.115
1.07 0.32 732.615
1.08 0.32 730.115
1.09 0.32 727.615
1.1 0.32 725.114
1.11 0.32 722.614
1.12 0.32 720.114
1.13 0.32 717.614
1.14 0.32 715.113
1.15 0.32 712.613
1.16 0.32 710.112
1.17 0.32 707.612
1.18 0.32 705.112
1.19 0.32 702.611
1.2 0.32 700.111
1.21 0.32 697.61
1.22 0.32 695.11
1.23 0.32 692.609
1.24 0.32 690.108
1.25 0.32 687.608
1.26 0.32 685.107
1.27 0.32 682.606
1.28 0.32 680.106
1.29 0.32 677.605
1.3 0.32 675.104
1.31 0.32 672.603
1.32 0.32 670.102
1.33 0.32 667.602
1.34 0.32 665.101
1.35 0.32 662.6
1.36 0.32 660.099
1.37 0.32 657.598
1.38 0.32 655.097
1.39 0.32 652.596
1.4 0.32 650.095
1.41 0.32 647.594
1.42 0.32 645.093
1.43 0.32 642.592
1.44 0.32 640.091
1.45 0.32 637.589
1.46 0.32 635.088
1.47 0.32 632.587
1.48 0.32 630.086
1.49 0.32 627.584
1.5 0.32 625.083
1.51 0.32 622.582
1.52 0.32 620.081
1.53 0.32 617.579
1.54 0.32 615.078
1.55 0.32 612.577
1.56 0.32 610.075
1.57 0.32 607.574
1.58 0.32 605.072
1.59 0.32 602.571
1.6 0.32 600.069
1.61 0.32 597.568
1.62 0.32 595.066
1.63 0.32 592.565
1.64 0.32 590.063
1.65 0.32 587.562
1.66 0.32 585.06
1.67 0.32 582.559
1.68 0.32 580.057
1.69 0.32 577.555
1.7 0.32 575.054
1.71 0.32 572.552
1.72 0.32 570.05
1.73 0.32 567.549
1.74 0.32 565.047
1.75 0.32 562.545
1.76 0.32 560.044
1.77 0.32 557.542
1.78 0.32 555.04
1.79 0.32 552.538
1.8 0.32 550.037
1.81 0.32 547.535
1.82 0.32 545.033
1.83 0.32 542.531
1.84 0.32 540.029
1.85 0.32 537.528
1.86 0.32 535.026
1.87 0.32 532.524
1.88 0.32 530.022
1.89 0.32 527.52
1.9 0.32 525.019
1.91 0.32 522.517
1.92 0.32 520.015
1.93 0.32 517.513
1.94 0.32 515.011
1.95 0.32 512.509
1.96 0.32 510.007
1.97 0.32 507.506
1.98 0.32 505.004
1.99 0.32 502.502
2 0.32 500

0 0.33 1000
0.01 0.33 997.502
0.02 0.33 995.004
0.03 0.33 992.505
0.04 0.33 990.007
0.05 0.33 987.509
0.06 0.33 985.011
0.07 0.33 982.512
0.08 0.33 980.014
0.09 0.33 977.516
0.1 0.33 975.017
0.11 0.33 972.519
0.12 0.33 970.021
0.13 0.33 967.523
0.14 0.33 965.024
0.15 0.33 962.526
0.16 0.33 960.028
0.17 0.33 957.53
0.18 0.33 955.031
0.19 0.33 952.533
0.2 0.33 950.035
0.21 0.33 947.536
0.22 0.33 945.038
0.23 0.33 942.54
0.24 0.33 940.041
0.25 0.33 937.543
0.26 0.33 935.044
0.27 0.33 932.546
0.28 0.33 930.048
0.29 0.33 927.549
0.3 0.33 925.051
0.31 0.33 922.552
0.32 0.33 920.054
0.33 0.33 917.556
0.34 0.33 915.057
0.35 0.33 912.559
0.36 0.33 910.06
0.37 0.33 907.562
0.38 0.33 905.063
0.39 0.33 902.565
0.4 0.33 900.066
0.41 0.33 897.567
0.42 0.33 895.069
0.43 0.33 892.57
0.44 0.33 890.072
0.45 0.33 887.573
0.46 0.33 885.074
0.47 0.33 882.576
0.48 0.33 880.077
0.49 0.33 877.578
0.5 0.33 875.08
0.51 0.33 872.581
0.52 0.33 870.082
0.53 0.33 867.583
0.54 0.33 865.085
0.55 0.33 862.586
0.56 0.33 860.087
0.57 0.33 857.588
0.58 0.33 855.089
0.59 0.33 852.59
0.6 0.33 850.092
0.61 0.33 847.593
0.62 0.33 845.094
0.63 0.33 842.595
0.64 0.33 840.096
0.65 0.33 837.597
0.66 0.33 835.098
0.67 0.33 832.599
0.68 0.33 830.099
0.69 0.33 827.6
0.7 0.33 825.101
0.71 0.33 822.602
0.72 0.33 820.103
0.73 0.33 817.604
0.74 0.33 815.104
0.75 0.33 812.605
0.76 0.33 810.106
0.77 0.33 807.607
0.78 0.33 805.107
0.79 0.33 802.608
0.8 0.33 800.109
0.81 0.33 797.609
0.82 0.33 795.11
0.83 0.33 792.61
0.84 0.33 790.111
0.85 0.33 787.611
0.86 0.33 785.112
0.87 0.33 782.612
0.88 0.33 780.113
0.89 0.33 777.613
0.9 0.33 775.113
0.91 0.33 772.614
0.92 0.33 770.114
0.93 0.33 767.614
0.94 0.33 765.114
0.95 0.33 762.615
0.96 0.33 760.115
0.97 0.33 757.615
0.98 0.33 755.115
0.99 0.33 752.615
1 0.33 750.115
1.01 0.33 747.615
1.02 0.33 745.115
1.03 0.33 742.615
1.04 0.33 740.115
1.05 0.33 737.615
1.06 0.33 735.115
1.07 0.33 732.615
1.08 0.33 730.115
1.09 0.33 727.615
1.1 0.33 725.114
1.11 0.33 722.614
1.12 0.33 720.114
1.13 0.33 717.614
1.14 0.33 715.113
1.15 0.33 712.613
1.16 0.33 710.112
1.17 0.33 707.612
1.18 0.33 705.112
1.19 0.33 702.611
1.2 0.33 700.111
1.21 0.33 697.61
1.22 0.33 695.11
1.23 0.33 692.609
1.24 0.33 690.108
1.25 0.33 687.608
1.26 0.33 685.107
1.27 0.33 682.606
1.28 0.33 680.106
1.29 0.33 677.605
1.3 0.33 675.104
1.31 0.33 672.603
1.32 0.33 670.102
1.33 0.33 667.602
1.34 0.33 665.101
1.35 0.33 662.6
1.36 0.33 660.099
1.37 0.33 657.598
1.38 0.33 655.097
1.39 0.33 652.596
1.4 0.33 650.095
1.41 0.33 647.594
1.42 0.33 645.093
1.43 0.33 642.592
1.44 0.33 640.091
1.45 0.33 637.589
1.46 0.33 635.088
1.47 0.33 632.587
1.48 0.33 630.086
1.49 0.33 627.584
1.5 0.33 625.083
1.51 0.33 622.582
1.52 0.33 620.081
1.53 0.33 617.579
1.54 0.33 615.078
1.55 0.33 612.577
1.56 0.33 610.075
1.57 0.33 607.574
1.58 0.33 605.072
1.59 0.33 602.571
1.6 0.33 600.069
1.61 0.33 597.568
1.62 0.33 595.066
1.63 0.33 592.565
1.64 0.33 590.063
1.65 0.33 587.562
1.66 0.33 585.06
1.67 0.33 582.559
1.68 0.33 580.057
1.69 0.33 577.555
1.7 0.33 575.054
1.71 0.33 572.552
1.72 0.33 570.05
1.73 0.33 567.549
1.74 0.33 565.047
1.75 0.33 562.545
1.76 0.33 560.044
1.77 0.33 557.542
1.78 0.33 555.04
1.79 0.33 552.538
1.8 0.33 550.037
1.81 0.33 547.535
1.82 0.33 545.033
1.83 0.33 542.531
1.84 0.33 540.029
1.85 0.33 537.528
1.86 0.33 535.026
1.87 0.33 532.524
1.88 0.33 530.022
1.89 0.33 527.52
1.9 0.33 525.019
1.91 0.33 522.517
1.92 0.33 520.015
1.93 0.33 517.513
1.94 0.33 515.011
1.95 0.33 512.509
1.96 0.33 510.007
1.97 0.33 507.506
1.98 0.33 505.004
1.99 0.33 502.502
2 0.33 500

0 0.34 1000
0.01 0.34 997.502
0.02 0.34 995.004
0.03 0.34 992.505
0.04 0.34 990.007
0.05 0.34 987.509
0.06 0.34 985.011
0.07 0.34 982.512
0.08 0.34 980.014
0.09 0.34 977.516
0.1 0.34 975.017
0.11 0.34 972.519
0.12 0.34 970.021
0.13 0.34 967.523
0.14 0.34 965.024
0.15 0.34 962.526
0.16 0.34 960.028
0.17 0.34 957.53
0.18 0.34 955.031
0.19 0.34 952.533
0.2 0.34 950.035
0.21 0.34 947.536
0.22 0.34 945.038
0.23 0.34 942.54
0.24 0.34 940.041
0.25 0.34 937.543
0.26 0.34 935.044
0.27 0.34 932.546
0.28 0.34 930.048
0.29 0.34 927.549
0.3 0.34 925.051
0.31 0.34 922.552
0.32 0.34 920.054
0.33 0.34 917.556
0.34 0.34 915.057
0.35 0.34 912.559
0.36 0.34 910.06
0.37 0.34 907.562
0.38 0.34 905.063
0.39 0.34 902.565
0.4 0.34 900.066
0.41 0.34 897.567
0.42 0.34 895.069
0.43 0.34 892.57
0.44 0.34 890.072
0.45 0.34 887.573
0.46 0.34 885.074
0.47 0.34 882.576
0.48 0.34 880.077
0.49 0.34 877.578
0.5 0.34 875.08
0.51 0.34 872.581
0.52 0.34 870.082
0.53 0.34 867.583
0.54 0.34 865.085
0.55 0.34 862.586
0.56 0.34 860.087
0.57 0.34 857.588
0.58 0.34 855.089
0.59 0.34 852.59
0.6 0.34 850.092
0.61 0.34 847.593
0.62 0.34 845.094
0.63 0.34 842.595
0.64 0.34 840.096
0.65 0.34 837.597
0.66 0.34 835.098
0.67 0.34 832.599
0.68 0.34 830.099
0.69 0.34 827.6
0.7 0.34 825.101
0.71 0.34 822.602
0.72 0.34 820.103
0.73 0.34 817.604
0.74 0.34 815.104
0.75 0.34 812.605
0.76 0.34 810.106
0.77 0.34 807.607
0.78 0.34 805.107
0.79 0.34 802.608
0.8 0.34 800.109
0.81 0.34 797.609
0.82 0.34 795.11
0.83 0.34 792.61
0.84 0.34 790.111
0.85 0.34 787.611
0.86 0.34 785.112
0.87 0.34 782.612
0.88 0.34 780.113
0.89 0.34 777.613
0.9 0.34 775.113
0.91 0.34 772.614
0.92 0.34 770.114
0.93 0.34 767.614
0.94 0.34 765.114
0.95 0.34 762.615
0.96 0.34 760.115
0.97 0.34 757.615
0.98 0.34 755.115
0.99 0.34 752.615
1 0.34 750.115
1.01 0.34 747.615
1.02 0.34 745.115
1.03 0.34 742.615
1.04 0.34 740.115
1.05 0.34 737.615
1.06 0.34 735.115
1.07 0.34 732.615
1.08 0.34 730.115
1.09 0.34 727.615
1.1 0.34 725.114
1.11 0.34 722.614
1.12 0.34 720.114
1.13 0.34 717.614
1.14 0.34 715.113
1.15 0.34 712.613
1.16 0.34 710.112
1.17 0.34 707.612
1.18 0.34 705.112
1.19 0.34 702.611
1.2 0.34 700.111
1.21 0.34 697.61
1.22 0.34 695.11
1.23 0.34 692.609
1.24 0.34 690.108
1.25 0.34 687.608
1.26 0.34 685.107
1.27 0.34 682.606
1.28 0.34 680.106
1.29 0.34 677.605
1.3 0.34 675.104
1.31 0.34 672.603
1.32 0.34 670.102
1.33 0.34 667.602
1.34 0.34 665.101
1.35 0.34 662.6
1.36 0.34 660.099
1.37 0.34 657.598
1.38 0.34 655.097
1.39 0.34 652.596
1.4 0.34 650.095
1.41 0.34 647.594
1.42 0.34 645.093
1.43 0.34 642.592
1.44 0.34 640.091
1.45 0.34 637.589
1.46 0.34 635.088
1.47 0.34 632.587
1.48 0.34 630.086
1.49 0.34 627.584
1.5 0.34 625.083
1.51 0.34 622.582
1.52 0.34 620.081
1.53 0.34 617.579
1.54 0.34 615.078
1.55 0.34 612.577
1.56 0.34 610.075
1.57 0.34 607.574
1.58 0.34 605.072
1.59 0.34 602.571
1.6 0.34 600.069
1.61 0.34 597.568
1.62 0.34 595.066
1.63 0.34 592.565
1.64 0.34 590.063
1.65 0.34 587.562
1.66 0.34 585.06
1.67 0.34 582.559
1.68 0.34 580.057
1.69 0.34 577.555
1.7 0.34 575.054
1.71 0.34 572.552
1.72 0.34 570.05
1.73 0.34 567.549
1.74 0.34 565.047
1.75 0.34 562.545
1.76 0.34 560.044
1.77 0.34 557.542
1.78 0.34 555.04
1.79 0.34 552.538
1.8 0.34 550.037
1.81 0.34 547.535
1.82 0.34 545.033
1.83 0.34 542.531
1.84 0.34 540.029
1.85 0.34 537.528
1.86 0.34 535.026
1.87 0.34 532.524
1.88 0.34 530.022
1.89 0.34 527.52
1.9 0.34 525.019
1.91 0.34 522.517
1.92 0.34 520.015
1.93 0.34 517.513
1.94 0.34 515.011
1.95 0.34 512.509
1.96 0.34 510.007
1.97 0.34 507.506
1.98 0.34 505.004
1.99 0.34 502.502
2 0.34 500

0 0.35 1000
0.01 0.35 997.502
0.02 0.35 995.004
0.03 0.35 992.505
0.04 0.35 990.007
0.05 0.35 987.509
0.06 0.35 985.011
0.07 0.35 982.512
0.08 0.35 980.014
0.09 0.35 977.516
0.1 0.35 975.017
0.11 0.35 972.519
0.12 0.35 970.021
0.13 0.35 967.523
0.14 0.35 965.024
0.15 0.35 962.526
0.16 0.35 960.028
0.17 0.35 957.53
0.18 0.35 955.031
0.19 0.35 952.533
0.2 0.35 950.035
0.21 0.35 947.536
0.22 0.35 945.038
0.23 0.35 942.54
0.24 0.35 940.041
0.25 0.35 937.543
0.26 0.35 935.044
0.27 0.35 932.546
0.28 0.35 930.048
0.29 0.35 927.549
0.3 0.35 925.051
0.31 0.35 922.552
0.32 0.35 920.054
0.33 0.35 917.556
0.34 0.35 915.057
0.35 0.35 912.559
0.36 0.35 910.06
0.37 0.35 907.562
0.38 0.35 905.063
0.39 0.35 902.565
0.4 0.35 900.066
0.41 0.35 897.567
0.42 0.35 895.069
0.43 0.35 892.57
0.44 0.35 890.072
0.45 0.35 887.573
0.46 0.35 885.074
0.47 0.35 882.576
0.48 0.35 880.077
0.49 0.35 877.578
0.5 0.35 875.08
0.51 0.35 872.581
0.52 0.35 870.082
0.53 0.35 867.583
0.54 0.35 865.085
0.55 0.35 862.586
0.56 0.35 860.087
0.57 0.35 857.588
0.58 0.35 855.089
0.59 0.35 852.59
0.6 0.35 850.092
0.61 0.35 847.593
0.62 0.35 845.094
0.63 0.35 842.595
0.64 0.35 840.096
0.65 0.35 837.597
0.66 0.35 835.098
0.67 0.35 832.599
0.68 0.35 830.099
0.69 0.35 827.6
0.7 0.35 825.101
0.71 0.35 822.602
0.72 0.35 820.103
0.73 0.35 817.604
0.74 0.35 815.104
0.75 0.35 812.605
0.76 0.35 810.106
0.77 0.35 807.607
0.78 0.35 805.107
0.79 0.35 802.608
0.8 0.35 800.109
0.81 0.35 797.609
0.82 0.35 795.11
0.83 0.35 792.61
0.84 0.35 790.111
0.85 0.35 787.611
0.86 0.35 785.112
0.87 0.35 782.612
0.88 0.35 780.113
0.89 0.35 777.613
0.9 0.35 775.113
0.91 0.35 772.614
0.92 0.35 770.114
0.93 0.35 767.614
0.94 0.35 765.114
0.95 0.35 762.615
0.96 0.35 760.115
0.97 0.35 757.615
0.98 0.35 755.115
0.99 0.35 752.615
1 0.35 750.115
1.01 0.35 747.615
1.02 0.35 745.115
1.03 0.35 742.615
1.04 0.35 740.115
1.05 0.35 737.615
1.06 0.35 735.115
1.07 0.35 732.615
1.08 0.35 730.115
1.09 0.35 727.615
1.1 0.35 725.114
1.11 0.35 722.614
1.12 0.35 720.114
1.13 0.35 717.614
1.14 0.35 715.113
1.15 0.35 712.613
1.16 0.35 710.112
1.17 0.35 707.612
1.18 0.35 705.112
1.19 0.35 702.611
1.2 0.35 700.111
1.21 0.35 697.61
1.22 0.35 695.11
1.23 0.35 692.609
1.24 0.35 690.108
1.25 0.35 687.608
1.26 0.35 685.107
1.27 0.35 682.606
1.28 0.35 680.106
1.29 0.35 677.605
1.3 0.35 675.104
1.31 0.35 672.603
1.32 0.35 670.102
1.33 0.35 667.602
1.34 0.35 665.101
1.35 0.35 662.6
1.36 0.35 660.099
1.37 0.35 657.598
1.38 0.35 655.097
1.39 0.35 652.596
1.4 0.35 650.095
1.41 0.35 647.594
1.42 0.35 645.093
1.43 0.35 642.592
1.44 0.35 640.091
1.45 0.35 637.589
1.46 0.35 635.088
1.47 0.35 632.587
1.48 0.35 630.086
1.49 0.35 627.584
1.5 0.35 625.083
1.51 0.35 622.582
1.52 0.35 620.081
1.53 0.35 617.579
1.54 0.35 615.078
1.55 0.35 612.577
1.56 0.35 610.075
1.57 0.35 607.574
1.58 0.35 605.072
1.59 0.35 602.571
1.6 0.35 600.069
1.61 0.35 597.568
1.62 0.35 595.066
1.63 0.35 592.565
1.64 0.35 590.063
1.65 0.35 587.562
1.66 0.35 585.06
1.67 0.35 582.559
1.68 0.35 580.057
1.69 0.35 577.555
1.7 0.35 575.054
1.71 0.35 572.552
1.72 0.35 570.05
1.73 0.35 567.549
1.74 0.35 565.047
1.75 0.35 562.545
1.76 0.35 560.044
1.77 0.35 557.542
1.78 0.35 555.04
1.79 0.35 552.538
1.8 0.35 550.037
1.81 0.35 547.535
1.82 0.35 545.033
1.83 0.35 542.531
1.84 0.35 540.029
1.85 0.35 537.528
1.86 0.35 535.026
1.87 0.35 532.524
1.88 0.35 530.022
1.89 0.35 527.52
1.9 0.35 525.019
1.91 0.35 522.517
1.92 0.35 520.015
1.93 0.35 517.513
1.94 0.35 515.011
1.95 0.35 512.509
1.96 0.35 510.007
1.97 0.35 507.506
1.98 0.35 505.004
1.99 0.35 502.502
2 0.35 500

0 0.36 1000
0.01 0.36 997.502
0.02 0.36 995.004
0.03 0.36 992.505
0.04 0.36 990.007
0.05 0.36 987.509
0.06 0.36 985.011
0.07 0.36 982.512
0.08 0.36 980.014
0.09 0.36 977.516
0.1 0.36 975.017
0.11 0.36 972.519
0.12 0.36 970.021
0.13 0.36 967.523
0.14 0.36 965.024
0.15 0.36 962.526
0.16 0.36 960.028
0.17 0.36 957.53
0.18 0.36 955.031
0.19 0.36 952.533
0.2 0.36 950.035
0.21 0.36 947.536
0.22 0.36 945.038
0.23 0.36 942.54
0.24 0.36 940.041
0.25 0.36 937.543
0.26 0.36 935.044
0.27 0.36 932.546
0.28 0.36 930.048
0.29 0.36 927.549
0.3 0.36 925.051
0.31 0.36 922.552
0.32 0.36 920.054
0.33 0.36 917.556
0.34 0.36 915.057
0.35 0.36 912.559
0.36 0.36 910.06
0.37 0.36 907.562
0.38 0.36 905.063
0.39 0.36 902.565
0.4 0.36 900.066
0.41 0.36 897.567
0.42 0.36 895.069
0.43 0.36 892.57
0.44 0.36 890.072
0.45 0.36 887.573
0.46 0.36 885.074
0.47 0.36 882.576
0.48 0.36 880.077
0.49 0.36 877.578
0.5 0.36 875.08
0.51 0.36 872.581
0.52 0.36 870.082
0.53 0.36 867.583
0.54 0.36 865.085
0.55 0.36 862.586
0.56 0.36 860.087
0.57 0.36 857.588
0.58 0.36 855.089
0.59 0.36 852.59
0.6 0.36 850.092
0.61 0.36 847.593
0.62 0.36 845.094
0.63 0.36 842.595
0.64 0.36 840.096
0.65 0.36 837.597
0.66 0.36 835.098
0.67 0.36 832.599
0.68 0.36 830.099
0.69 0.36 827.6
0.7 0.36 825.101
0.71 0.36 822.602
0.72 0.36 820.103
0.73 0.36 817.604
0.74 0.36 815.104
0.75 0.36 812.605
0.76 0.36 810.106
0.77 0.36 807.607
0.78 0.36 805.107
0.79 0.36 802.608
0.8 0.36 800.109
0.81 0.36 797.609
0.82 0.36 795.11
0.83 0.36 792.61
0.84 0.36 790.111
0.85 0.36 787.611
0.86 0.36 785.112
0.87 0.36 782.612
0.88 0.36 780.113
0.89 0.36 777.613
0.9 0.36 775.113
0.91 0.36 772.614
0.92 0.36 770.114
0.93 0.36 767.614
0.94 0.36 765.114
0.95 0.36 762.615
0.96 0.36 760.115
0.97 0.36 757.615
0.98 0.36 755.115
0.99 0.36 752.615
1 0.36 750.115
1.01 0.36 747.615
1.02 0.36 745.115
1.03 0.36 742.615
1.04 0.36 740.115
1.05 0.36 737.615
1.06 0.36 735.115
1.07 0.36 732.615
1.08 0.36 730.115
1.09 0.36 727.615
1.1 0.36 725.114
1.11 0.36 722.614
1.12 0.36 720.114
1.13 0.36 717.614
1.14 0.36 715.113
1.15 0.36 712.613
1.16 0.36 710.112
1.17 0.36 707.612
1.18 0.36 705.112
1.19 0.36 702.611
1.2 0.36 700.111
1.21 0.36 697.61
1.22 0.36 695.11
1.23 0.36 692.609
1.24 0.36 690.108
1.25 0.36 687.608
1.26 0.36 685.107
1.27 0.36 682.606
1.28 0.36 680.106
1.29 0.36 677.605
1.3 0.36 675.104
1.31 0.36 672.603
1.32 0.36 670.102
1.33 0.36 667.602
1.34 0.36 665.101
1.35 0.36 662.6
1.36 0.36 660.099
1.37 0.36 657.598
1.38 0.36 655.097
1.39 0.36 652.596
1.4 0.36 650.095
1.41 0.36 647.594
1.42 0.36 645.093
1.43 0.36 642.592
1.44 0.36 640.091
1.45 0.36 637.589
1.46 0.36 635.088
1.47 0.36 632.587
1.48 0.36 630.086
1.49 0.36 627.584
1.5 0.36 625.083
1.51 0.36 622.582
1.52 0.36 620.081
1.53 0.36 617.579
1.54 0.36 615.078
1.55 0.36 612.577
1.56 0.36 610.075
1.57 0.36 607.574
1.58 0.36 605.072
1.59 0.36 602.571
1.6 0.36 600.069
1.61 0.36 597.568
1.62 0.36 595.066
1.63 0.36 592.565
1.64 0.36 590.063
1.65 0.36 587.562
1.66 0.36 585.06
1.67 0.36 582.559
1.68 0.36 580.057
1.69 0.36 577.555
1.7 0.36 575.054
1.71 0.36 572.552
1.72 0.36 570.05
1.73 0.36 567.549
1.74 0.36 565.047
1.75 0.36 562.545
1.76 0.36 560.044
1.77 0.36 557.542
1.78 0.36 555.04
1.79 0.36 552.538
1.8 0.36 550.037
1.81 0.36 547.535
1.82 0.36 545.033
1.83 0.36 542.531
1.84 0.36 540.029
1.85 0.36 537.528
1.86 0.36 535.026
1.87 0.36 532.524
1.88 0.36 530.022
1.89 0.36 527.52
1.9 0.36 525.019
1.91 0.36 522.517
1.92 0.36 520.015
1.93 0.36 517.513
1.94 0.36 515.011
1.95 0.36 512.509
1.96 0.36 510.007
1.97 0.36 507.506
1.98 0.36 505.004
1.99 0.36 502.502
2 0.36 500

0 0.37 1000
0.01 0.37 997.502
0.02 0.37 995.004
0.03 0.37 992.505
0.04 0.37 990.007
0.05 0.37 987.509
0.06 0.37 985.011
0.07 0.37 982.512
0.08 0.37 980.014
0.09 0.37 977.516
0.1 0.37 975.017
0.11 0.37 972.519
0.12 0.37 970.021
0.13 0.37 967.523
0.14 0.37 965.024
0.15 0.37 962.526
0.16 0.37 960.028
0.17 0.37 957.53
0.18 0.37 955.031
0.19 0.37 952.533
0.2 0.37 950.035
0.21 0.37 947.536
0.22 0.37 945.038
0.23 0.37 942.54
0.24 0.37 940.041
0.25 0.37 937.543
0.26 0.37 935.044
0.27 0.37 932.546
0.28 0.37 930.048
0.29 0.37 927.549
0.3 0.37 925.051
0.31 0.37 922.552
0.32 0.37 920.054
0.33 0.37 917.556
0.34 0.37 915.057
0.35 0.37 912.559
0.36 0.37 910.06
0.37 0.37 907.562
0.38 0.37 905.063
0.39 0.37 902.565
0.4 0.37 900.066
0.41 0.37 897.567
0.42 0.37 895.069
0.43 0.37 892.57
0.44 0.37 890.072
0.45 0.37 887.573
0.46 0.37 885.074
0.47 0.37 882.576
0.48 0.37 880.077
0.49 0.37 877.578
0.5 0.37 875.08
0.51 0.37 872.581
0.52 0.37 870.082
0.53 0.37 867.583
0.54 0.37 865.085
0.55 0.37 862.586
0.56 0.37 860.087
0.57 0.37 857.588
0.58 0.37 855.089
0.59 0.37 852.59
0.6 0.37 850.092
0.61 0.37 847.593
0.62 0.37 845.094
0.63 0.37 842.595
0.64 0.37 840.096
0.65 0.37 837.597
0.66 0.37 835.098
0.67 0.37 832.599
0.68 0.37 830.099
0.69 0.37 827.6
0.7 0.37 825.101
0.71 0.37 822.602
0.72 0.37 820.103
0.73 0.37 817.604
0.74 0.37 815.104
0.75 0.37 812.605
0.76 0.37 810.106
0.77 0.37 807.607
0.78 0.37 805.107
0.79 0.37 802.608
0.8 0.37 800.109
0.81 0.37 797.609
0.82 0.37 795.11
0.83 0.37 792.61
0.84 0.37 790.111
0.85 0.37 787.611
0.86 0.37 785.112
0.87 0.37 782.612
0.88 0.37 780.113
0.89 0.37 777.613
0.9 0.37 775.113
0.91 0.37 772.614
0.92 0.37 770.114
0.93 0.37 767.614
0.94 0.37 765.114
0.95 0.37 762.615
0.96 0.37 760.115
0.97 0.37 757.615
0.98 0.37 755.115
0.99 0.37 752.615
1 0.37 750.115
1.01 0.37 747.615
1.02 0.37 745.115
1.03 0.37 742.615
1.04 0.37 740.115
1.05 0.37 737.615
1.06 0.37 735.115
1.07 0.37 732.615
1.08 0.37 730.115
1.09 0.37 727.615
1.1 0.37 725.114
1.11 0.37 722.614
1.12 0.37 720.114
1.13 0.37 717.614
1.14 0.37 715.113
1.15 0.37 712.613
1.16 0.37 710.112
1.17 0.37 707.612
1.18 0.37 705.112
1.19 0.37 702.611
1.2 0.37 700.111
1.21 0.37 697.61
1.22 0.37 695.11
1.23 0.37 692.609
1.24 0.37 690.108
1.25 0.37 687.608
1.26 0.37 685.107
1.27 0.37 682.606
1.28 0.37 680.106
1.29 0.37 677.605
1.3 0.37 675.104
1.31 0.37 672.603
1.32 0.37 670.102
1.33 0.37 667.602
1.34 0.37 665.101
1.35 0.37 662.6
1.36 0.37 660.099
1.37 0.37 657.598
1.38 0.37 655.097
1.39 0.37 652.596
1.4 0.37 650.095
1.41 0.37 647.594
1.42 0.37 645.093
1.43 0.37 642.592
1.44 0.37 640.09
1.45 0.37 637.589
1.46 0.37 635.088
1.47 0.37 632.587
1.48 0.37 630.086
1.49 0.37 627.584
1.5 0.37 625.083
1.51 0.37 622.582
1.52 0.37 620.081
1.53 0.37 617.579
1.54 0.37 615.078
1.55 0.37 612.577
1.56 0.37 610.075
1.57 0.37 607.574
1.58 0.37 605.072
1.59 0.37 602.571
1.6 0.37 600.069
1.61 0.37 597.568
1.62 0.37 595.066
1.63 0.37 592.565
1.64 0.37 590.063
1.65 0.37 587.562
1.66 0.37 585.06
1.67 0.37 582.559
1.68 0.37 580.057
1.69 0.37 577.555
1.7 0.37 575.054
1.71 0.37 572.552
1.72 0.37 570.05
1.73 0.37 567.549
1.74 0.37 565.047
1.75 0.37 562.545
1.76 0.37 560.044
1.77 0.37 557.542
1.78 0.37 555.04
1.79 0.37 552.538
1.8 0.37 550.037
1.81 0.37 547.535
1.82 0.37 545.033
1.83 0.37 542.531
1.84 0.37 540.029
1.85 0.37 537.528
1.86 0.37 535.026
1.87 0.37 532.524
1.88 0.37 530.022
1.89 0.37 527.52
1.9 0.37 525.019
1.91 0.37 522.517
1.92 0.37 520.015
1.93 0.37 517.513
1.94 0.37 515.011
1.95 0.37 512.509
1.96 0.37 510.007
1.97 0.37 507.506
1.98 0.37 505.004
1.99 0.37 502.502
2 0.37 500

0 0.38 1000
0.01 0.38 997.502
0.02 0.38 995.004
0.03 0.38 992.505
0.04 0.38 990.007
0.05 0.38 987.509
0.06 0.38 985.011
0.07 0.38 982.512
0.08 0.38 980.014
0.09 0.38 977.516
0.1 0.38 975.017
0.11 0.38 972.519
0.12 0.38 970.021
0.13 0.38 967.523
0.14 0.38 965.024
0.15 0.38 962.526
0.16 0.38 960.028
0.17 0.38 957.53
0.18 0.38 955.031
0.19 0.38 952.533
0.2 0.38 950.035
0.21 0.38 947.536
0.22 0.38 945.038
0.23 0.38 942.54
0.24 0.38 940.041
0.25 0.38 937.543
0.26 0.38 935.044
0.27 0.38 932.546
0.28 0.38 930.048
0.29 0.38 927.549
0.3 0.38 925.051
0.31 0.38 922.552
0.32 0.38 920.054
0.33 0.38 917.556
0.34 0.38 915.057
0.35 0.38 912.559
0.36 0.38 910.06
0.37 0.38 907.562
0.38 0.38 905.063
0.39 0.38 902.565
0.4 0.38 900.066
0.41 0.38 897.567
0.42 0.38 895.069
0.43 0.38 892.57
0.44 0.38 890.072
0.45 0.38 887.573
0.46 0.38 885.074
0.47 0.38 882.576
0.48 0.38 880.077
0.49 0.38 877.578
0.5 0.38 875.08
0.51 0.38 872.581
0.52 0.38 870.082
0.53 0.38 867.583
0.54 0.38 865.085
0.55 0.38 862.586
0.56 0.38 860.087
0.57 0.38 857.588
0.58 0.38 855.089
0.59 0.38 852.59
0.6 0.38 850.092
0.61 0.38 847.593
0.62 0.38 845.094
0.63 0.38 842.595
0.64 0.38 840.096
0.65 0.38 837.597
0.66 0.38 835.098
0.67 0.38 832.599
0.68 0.38 830.099
0.69 0.38 827.6
0.7 0.38 825.101
0.71 0.38 822.602
0.72 0.38 820.103
0.73 0.38 817.604
0.74 0.38 815.104
0.75 0.38 812.605
0.76 0.38 810.106
0.77 0.38 807.607
0.78 0.38 805.107
0.79 0.38 802.608
0.8 0.38 800.109
0.81 0.38 797.609
0.82 0.38 795.11
0.83 0.38 792.61
0.84 0.38 790.111
0.85 0.38 787.611
0.86 0.38 785.112
0.87 0.38 782.612
0.88 0.38 780.113
0.89 0.38 777.613
0.9 0.38 775.113
0.91 0.38 772.614
0.92 0.38 770.114
0.93 0.38 767.614
0.94 0.38 765.114
0.95 0.38 762.615
0.96 0.38 760.115
0.97 0.38 757.615
0.98 0.38 755.115
0.99 0.38 752.615
1 0.38 750.115
1.01 0.38 747.615
1.02 0.38 745.115
1.03 0.38 742.615
1.04 0.38 740.115
1.05 0.38 737.615
1.06 0.38 735.115
1.07 0.38 732.615
1.08 0.38 730.115
1.09 0.38 727.615
1.1 0.38 725.114
1.11 0.38 722.614
1.12 0.38 720.114
1.13 0.38 717.614
1.14 0.38 715.113
1.15 0.38 712.613
1.16 0.38 710.112
1.17 0.38 707.612
1.18 0.38 705.112
1.19 0.38 702.611
1.2 0.38 700.111
1.21 0.38 697.61
1.22 0.38 695.11
1.23 0.38 692.609
1.24 0.38 690.108
1.25 0.38 687.608
1.26 0.38 685.107
1.27 0.38 682.606
1.28 0.38 680.106
1.29 0.38 677.605
1.3 0.38 675.104
1.31 0.38 672.603
1.32 0.38 670.102
1.33 0.38 667.602
1.34 0.38 665.101
1.35 0.38 662.6
1.36 0.38 660.099
1.37 0.38 657.598
1.38 0.38 655.097
1.39 0.38 652.596
1.4 0.38 650.095
1.41 0.38 647.594
1.42 0.38 645.093
1.43 0.38 642.592
1.44 0.38 640.09
1.45 0.38 637.589
1.46 0.38 635.088
1.47 0.38 632.587
1.48 0.38 630.086
1.49 0.38 627.584
1.5 0.38 625.083
1.51 0.38 622.582
1.52 0.38 620.081
1.53 0.38 617.579
1.54 0.38 615.078
1.55 0.38 612.577
1.56 0.38 610.075
1.57 0.38 607.574
1.58 0.38 605.072
1.59 0.38 602.571
1.6 0.38 600.069
1.61 0.38 597.568
1.62 0.38 595.066
1.63 0.38 592.565
1.64 0.38 590.063
1.65 0.38 587.562
1.66 0.38 585.06
1.67 0.38 582.559
1.68 0.38 580.057
1.69 0.38 577.555
1.7 0.38 575.054
1.71 0.38 572.552
1.72 0.38 570.05
1.73 0.38 567.549
1.74 0.38 565.047
1.75 0.38 562.545
1.76 0.38 560.044
1.77 0.38 557.542
1.78 0.38 555.04
1.79 0.38 552.538
1.8 0.38 550.037
1.81 0.38 547.535
1.82 0.38 545.033
1.83 0.38 542.531
1.84 0.38 540.029
1.85 0.38 537.528
1.86 0.38 535.026
1.87 0.38 532.524
1.88 0.38 530.022
1.89 0.38 527.52
1.9 0.38 525.019
1.91 0.38 522.517
1.92 0.38 520.015
1.93 0.38 517.513
1.94 0.38 515.011
1.95 0.38 512.509
1.96 0.38 510.007
1.97 0.38 507.506
1.98 0.38 505.004
1.99 0.38 502.502
2 0.38 500

0 0.39 1000
0.01 0.39 997.502
0.02 0.39 995.004
0.03 0.39 992.505
0.04 0.39 990.007
0.05 0.39 987.509
0.06 0.39 985.011
0.07 0.39 982.512
0.08 0.39 980.014
0.09 0.39 977.516
0.1 0.39 975.017
0.11 0.39 972.519
0.12 0.39 970.021
0.13 0.39 967.523
0.14 0.39 965.024
0.15 0.39 962.526
0.16 0.39 960.028
0.17 0.39 957.53
0.18 0.39 955.031
0.19 0.39 952.533
0.2 0.39 950.035
0.21 0.39 947.536
0.22 0.39 945.038
0.23 0.39 942.54
0.24 0.39 940.041
0.25 0.39 937.543
0.26 0.39 935.044
0.27 0.39 932.546
0.28 0.39 930.048
0.29 0.39 927.549
0.3 0.39 925.051
0.31 0.39 922.552
0.32 0.39 920.054
0.33 0.39 917.556
0.34 0.39 915.057
0.35 0.39 912.559
0.36 0.39 910.06
0.37 0.39 907.562
0.38 0.39 905.063
0.39 0.39 902.565
0.4 0.39 900.066
0.41 0.39 897.567
0.42 0.39 895.069
0.43 0.39 892.57
0.44 0.39 890.072
0.45 0.39 887.573
0.46 0.39 885.074
0.47 0.39 882.576
0.48 0.39 880.077
0.49 0.39 877.578
0.5 0.39 875.08
0.51 0.39 872.581
0.52 0.39 870.082
0.53 0.39 867.583
0.54 0.39 865.085
0.55 0.39 862.586
0.56 0.39 860.087
0.57 0.39 857.588
0.58 0.39 855.089
0.59 0.39 852.59
0.6 0.39 850.092
0.61 0.39 847.593
0.62 0.39 845.094
0.63 0.39 842.595
0.64 0.39 840.096
0.65 0.39 837.597
0.66 0.39 835.098
0.67 0.39 832.599
0.68 0.39 830.099
0.69 0.39 827.6
0.7 0.39 825.101
0.71 0.39 822.602
0.72 0.39 820.103
0.73 0.39 817.604
0.74 0.39 815.104
0.75 0.39 812.605
0.76 0.39 810.106
0.77 0.39 807.607
0.78 0.39 805.107
0.79 0.39 802.608
0.8 0.39 800.109
0.81 0.39 797.609
0.82 0.39 795.11
0.83 0.39 792.61
0.84 0.39 790.111
0.85 0.39 787.611
0.86 0.39 785.112
0.87 0.39 782.612
0.88 0.39 780.113
0.89 0.39 777.613
0.9 0.39 775.113
0.91 0.39 772.614
0.92 0.39 770.114
0.93 0.39 767.614
0.94 0.39 765.114
0.95 0.39 762.615
0.96 0.39 760.115
0.97 0.39 757.615
0.98 0.39 755.115
0.99 0.39 752.615
1 0.39 750.115
1.01 0.39 747.615
1.02 0.39 745.115
1.03 0.39 742.615
1.04 0.39 740.115
1.05 0.39 737.615
1.06 0.39 735.115
1.07 0.39 732.615
1.08 0.39 730.115
1.09 0.39 727.615
1.1 0.39 725.114
1.11 0.39 722.614
1.12 0.39 720.114
1.13 0.39 717.614
1.14 0.39 715.113
1.15 0.39 712.613
1.16 0.39 710.112
1.17 0.39 707.612
1.18 0.39 705.112
1.19 0.39 702.611
1.2 0.39 700.111
1.21 0.39 697.61
1.22 0.39 695.11
1.23 0.39 692.609
1.24 0.39 690.108
1.25 0.39 687.608
1.26 0.39 685.107
1.27 0.39 682.606
1.28 0.39 680.106
1.29 0.39 677.605
1.3 0.39 675.104
1.31 0.39 672.603
1.32 0.39 670.102
1.33 0.39 667.602
1.34 0.39 665.101
1.35 0.39 662.6
1.36 0.39 660.099
1.37 0.39 657.598
1.38 0.39 655.097
1.39 0.39 652.596
1.4 0.39 650.095
1.41 0.39 647.594
1.42 0.39 645.093
1.43 0.39 642.592
1.44 0.39 640.09
1.45 0.39 637.589
1.46 0.39 635.088
1.47 0.39 632.587
1.48 0.39 630.086
1.49 0.39 627.584
1.5 0.39 625.083
1.51 0.39 622.582
1.52 0.39 620.081
1.53 0.39 617.579
1.54 0.39 615.078
1.55 0.39 612.577
1.56 0.39 610.075
1.57 0.39 607.574
1.58 0.39 605.072
1.59 0.39 602.571
1.6 0.39 600.069
1.61 0.39 597.568
1.62 0.39 595.066
1.63 0.39 592.565
1.64 0.39 590.063
1.65 0.39 587.562
1.66 0.39 585.06
1.67 0.39 582.559
1.68 0.39 580.057
1.69 0.39 577.555
1.7 0.39 575.054
1.71 0.39 572.552
1.72 0.39 570.05
1.73 0.39 567.549
1.74 0.39 565.047
1.75 0.39 562.545
1.76 0.39 560.044
1.77 0.39 557.542
1.78 0.39 555.04
1.79 0.39 552.538
1.8 0.39 550.037
1.81 0.39 547.535
1.82 0.39 545.033
1.83 0.39 542.531
1.84 0.39 540.029
1.85 0.39 537.528
1.86 0.39 535.026
1.87 0.39 532.524
1.88 0.39 530.022
1.89 0.39 527.52
1.9 0.39 525.019
1.91 0.39 522.517
1.92 0.39 520.015
1.93 0.39 517.513
1.94 0.39 515.011
1.95 0.39 512.509
1.96 0.39 510.007
1.97 0.39 507.506
1.98 0.39 505.004
1.99 0.39 502.502
2 0.39 500

0 0.4 1000
0.01 0.4 997.502
0.02 0.4 995.004
0.03 0.4 992.505
0.04 0.4 990.007
0.05 0.4 987.509
0.06 0.4 985.011
0.07 0.4 982.512
0.08 0.4 980.014
0.09 0.4 977.516
0.1 0.4 975.017
0.11 0.4 972.519
0.12 0.4 970.021
0.13 0.4 967.523
0.14 0.4 965.024
0.15 0.4 962.526
0.16 0.4 960.028
0.17 0.4 957.53
0.18 0.4 955.031
0.19 0.4 952.533
0.2 0.4 950.035
0.21 0.4 947.536
0.22 0.4 945.038
0.23 0.4 942.54
0.24 0.4 940.041
0.25 0.4 937.543
0.26 0.4 935.044
0.27 0.4 932.546
0.28 0.4 930.048
0.29 0.4 927.549
0.3 0.4 925.051
0.31 0.4 922.552
0.32 0.4 920.054
0.33 0.4 917.556
0.34 0.4 915.057
0.35 0.4 912.559
0.36 0.4 910.06
0.37 0.4 907.562
0.38 0.4 905.063
0.39 0.4 902.565
0.4 0.4 900.066
0.41 0.4 897.567
0.42 0.4 895.069
0.43 0.4 892.57
0.44 0.4 890.072
0.45 0.4 887.573
0.46 0.4 885.074
0.47 0.4 882.576
0.48 0.4 880.077
0.49 0.4 877.578
0.5 0.4 875.08
0.51 0.4 872.581
0.52 0.4 870.082
0.53 0.4 867.583
0.54 0.4 865.085
0.55 0.4 862.586
0.56 0.4 860.087
0.57 0.4 857.588
0.58 0.4 855.089
0.59 0.4 852.59
0.6 0.4 850.092
0.61 0.4 847.593
0.62 0.4 845.094
0.63 0.4 842.595
0.64 0.4 840.096
0.65 0.4 837.597
0.66 0.4 835.098
0.67 0.4 832.599
0.68 0.4 830.099
0.69 0.4 827.6
0.7 0.4 825.101
0.71 0.4 822.602
0.72 0.4 820.103
0.73 0.4 817.604
0.74 0.4 815.104
0.75 0.4 812.605
0.76 0.4 810.106
0.77 0.4 807.607
0.78 0.4 805.107
0.79 0.4 802.608
0.8 0.4 800.109
0.81 0.4 797.609
0.82 0.4 795.11
0.83 0.4 792.61
0.84 0.4 790.111
0.85 0.4 787.611
0.86 0.4 785.112
0.87 0.4 782.612
0.88 0.4 780.113
0.89 0.4 777.613
0.9 0.4 775.113
0.91 0.4 772.614
0.92 0.4 770.114
0.93 0.4 767.614
0.94 0.4 765.114
0.95 0.4 762.615
0.96 0.4 760.115
0.97 0.4 757.615
0.98 0.4 755.115
0.99 0.4 752.615
1 0.4 750.115
1.01 0.4 747.615
1.02 0.4 745.115
1.03 0.4 742.615
1.04 0.4 740.115
1.05 0.4 737.615
1.06 0.4 735.115
1.07 0.4 732.615
1.08 0.4 730.115
1.09 0.4 727.615
1.1 0.4 725.114
1.11 0.4 722.614
1.12 0.4 720.114
1.13 0.4 717.614
1.14 0.4 715.113
1.15 0.4 712.613
1.16 0.4 710.112
1.17 0.4 707.612
1.18 0.4 705.112
1.19 0.4 702.611
1.2 0.4 700.111
1.21 0.4 697.61
1.22 0.4 695.11
1.23 0.4 692.609
1.24 0.4 690.108
1.25 0.4 687.608
1.26 0.4 685.107
1.27 0.4 682.606
1.28 0.4 680.106
1.29 0.4 677.605
1.3 0.4 675.104
1.31 0.4 672.603
1.32 0.4 670.102
1.33 0.4 667.602
1.34 0.4 665.101
1.35 0.4 662.6
1.36 0.4 660.099
1.37 0.4 657.598
1.38 0.4 655.097
1.39 0.4 652.596
1.4 0.4 650.095
1.41 0.4 647.594
1.42 0.4 645.093
1.43 0.4 642.592
1.44 0.4 640.09
1.45 0.4 637.589
1.46 0.4 635.088
1.47 0.4 632.587
1.48 0.4 630.086
1.49 0.4 627.584
1.5 0.4 625.083
1.51 0.4 622.582
1.52 0.4 620.081
1.53 0.4 617.579
1.54 0.4 615.078
1.55 0.4 612.577
1.56 0.4 610.075
1.57 0.4 607.574
1.58 0.4 605.072
1.59 0.4 602.571
1.6 0.4 600.069
1.61 0.4 597.568
1.62 0.4 595.066
1.63 0.4 592.565
1.64 0.4 590.063
1.65 0.4 587.562
1.66 0.4 585.06
1.67 0.4 582.559
1.68 0.4 580.057
1.69 0.4 577.555
1.7 0.4 575.054
1.71 0.4 572.552
1.72 0.4 570.05
1.73 0.4 567.549
1.74 0.4 565.047
1.75 0.4 562.545
1.76 0.4 560.044
1.77 0.4 557.542
1.78 0.4 555.04
1.79 0.4 552.538
1.8 0.4 550.037
1.81 0.4 547.535
1.82 0.4 545.033
1.83 0.4 542.531
1.84 0.4 540.029
1.85 0.4 537.528
1.86 0.4 535.026
1.87 0.4 532.524
1.88 0.4 530.022
1.89 0.4 527.52
1.9 0.4 525.019
1.91 0.4 522.517
1.92 0.4 520.015
1.93 0.4 517.513
1.94 0.4 515.011
1.95 0.4 512.509
1.96 0.4 510.007
1.97 0.4 507.506
1.98 0.4 505.004
1.99 0.4 502.502
2 0.4 500

0 0.41 1000
0.01 0.41 997.502
0.02 0.41 995.004
0.03 0.41 992.505
0.04 0.41 990.007
0.05 0.41 987.509
0.06 0.41 985.011
0.07 0.41 982.512
0.08 0.41 980.014
0.09 0.41 977.516
0.1 0.41 975.017
0.11 0.41 972.519
0.12 0.41 970.021
0.13 0.41 967.523
0.14 0.41 965.024
0.15 0.41 962.526
0.16 0.41 960.028
0.17 0.41 957.53
0.18 0.41 955.031
0.19 0.41 952.533
0.2 0.41 950.035
0.21 0.41 947.536
0.22 0.41 945.038
0.23 0.41 942.54
0.24 0.41 940.041
0.25 0.41 937.543
0.26 0.41 935.044
0.27 0.41 932.546
0.28 0.41 930.048
0.29 0.41 927.549
0.3 0.41 925.051
0.31 0.41 922.552
0.32 0.41 920.054
0.33 0.41 917.556
0.34 0.41 915.057
0.35 0.41 912.559
0.36 0.41 910.06
0.37 0.41 907.562
0.38 0.41 905.063
0.39 0.41 902.565
0.4 0.41 900.066
0.41 0.41 897.567
0.42 0.41 895.069
0.43 0.41 892.57
0.44 0.41 890.072
0.45 0.41 887.573
0.46 0.41 885.074
0.47 0.41 882.576
0.48 0.41 880.077
0.49 0.41 877.578
0.5 0.41 875.08
0.51 0.41 872.581
0.52 0.41 870.082
0.53 0.41 867.583
0.54 0.41 865.085
0.55 0.41 862.586
0.56 0.41 860.087
0.57 0.41 857.588
0.58 0.41 855.089
0.59 0.41 852.59
0.6 0.41 850.092
0.61 0.41 847.593
0.62 0.41 845.094
0.63 0.41 842.595
0.64 0.41 840.096
0.65 0.41 837.597
0.66 0.41 835.098
0.67 0.41 832.599
0.68 0.41 830.099
0.69 0.41 827.6
0.7 0.41 825.101
0.71 0.41 822.602
0.72 0.41 820.103
0.73 0.41 817.604
0.74 0.41 815.104
0.75 0.41 812.605
0.76 0.41 810.106
0.77 0.41 807.607
0.78 0.41 805.107
0.79 0.41 802.608
0.8 0.41 800.109
0.81 0.41 797.609
0.82 0.41 795.11
0.83 0.41 792.61
0.84 0.41 790.111
0.85 0.41 787.611
0.86 0.41 785.112
0.87 0.41 782.612
0.88 0.41 780.113
0.89 0.41 777.613
0.9 0.41 775.113
0.91 0.41 772.614
0.92 0.41 770.114
0.93 0.41 767.614
0.94 0.41 765.114
0.95 0.41 762.615
0.96 0.41 760.115
0.97 0.41 757.615
0.98 0.41 755.115
0.99 0.41 752.615
1 0.41 750.115
1.01 0.41 747.615
1.02 0.41 745.115
1.03 0.41 742.615
1.04 0.41 740.115
1.05 0.41 737.615
1.06 0.41 735.115
1.07 0.41 732.615
1.08 0.41 730.115
1.09 0.41 727.615
1.1 0.41 725.114
1.11 0.41 722.614
1.12 0.41 720.114
1.13 0.41 717.614
1.14 0.41 715.113
1.15 0.41 712.613
1.16 0.41 710.112
1.17 0.41 707.612
1.18 0.41 705.112
1.19 0.41 702.611
1.2 0.41 700.111
1.21 0.41 697.61
1.22 0.41 695.11
1.23 0.41 692.609
1.24 0.41 690.108
1.25 0.41 687.608
1.26 0.41 685.107
1.27 0.41 682.606
1.28 0.41 680.106
1.29 0.41 677.605
1.3 0.41 675.104
1.31 0.41 672.603
1.32 0.41 670.102
1.33 0.41 667.602
1.34 0.41 665.101
1.35 0.41 662.6
1.36 0.41 660.099
1.37 0.41 657.598
1.38 0.41 655.097
1.39 0.41 652.596
1.4 0.41 650.095
1.41 0.41 647.594
1.42 0.41 645.093
1.43 0.41 642.592
1.44 0.41 640.09
1.45 0.41 637.589
1.46 0.41 635.088
1.47 0.41 632.587
1.48 0.41 630.086
1.49 0.41 627.584
1.5 0.41 625.083
1.51 0.41 622.582
1.52 0.41 620.081
1.53 0.41 617.579
1.54 0.41 615.078
1.55 0.41 612.577
1.56 0.41 610.075
1.57 0.41 607.574
1.58 0.41 605.072
1.59 0.41 602.571
1.6 0.41 600.069
1.61 0.41 597.568
1.62 0.41 595.066
1.63 0.41 592.565
1.64 0.41 590.063
1.65 0.41 587.562
1.66 0.41 585.06
1.67 0.41 582.559
1.68 0.41 580.057
1.69 0.41 577.555
1.7 0.41 575.054
1.71 0.41 572.552
1.72 0.41 570.05
1.73 0.41 567.549
1.74 0.41 565.047
1.75 0.41 562.545
1.76 0.41 560.044
1.77 0.41 557.542
1.78 0.41 555.04
1.79 0.41 552.538
1.8 0.41 550.037
1.81 0.41 547.535
1.82 0.41 545.033
1.83 0.41 542.531
1.84 0.41 540.029
1.85 0.41 537.528
1.86 0.41 535.026
1.87 0.41 532.524
1.88 0.41 530.022
1.89 0.41 527.52
1.9 0.41 525.019
1.91 0.41 522.517
1.92 0.41 520.015
1.93 0.41 517.513
1.94 0.41 515.011
1.95 0.41 512.509
1.96 0.41 510.007
1.97 0.41 507.506
1.98 0.41 505.004
1.99 0.41 502.502
2 0.41 500

0 0.42 1000
0.01 0.42 997.502
0.02 0.42 995.004
0.03 0.42 992.505
0.04 0.42 990.007
0.05 0.42 987.509
0.06 0.42 985.011
0.07 0.42 982.512
0.08 0.42 980.014
0.09 0.42 977.516
0.1 0.42 975.017
0.11 0.42 972.519
0.12 0.42 970.021
0.13 0.42 967.523
0.14 0.42 965.024
0.15 0.42 962.526
0.16 0.42 960.028
0.17 0.42 957.53
0.18 0.42 955.031
0.19 0.42 952.533
0.2 0.42 950.035
0.21 0.42 947.536
0.22 0.42 945.038
0.23 0.42 942.54
0.24 0.42 940.041
0.25 0.42 937.543
0.26 0.42 935.044
0.27 0.42 932.546
0.28 0.42 930.048
0.29 0.42 927.549
0.3 0.42 925.051
0.31 0.42 922.552
0.32 0.42 920.054
0.33 0.42 917.556
0.34 0.42 915.057
0.35 0.42 912.559
0.36 0.42 910.06
0.37 0.42 907.562
0.38 0.42 905.063
0.39 0.42 902.565
0.4 0.42 900.066
0.41 0.42 897.567
0.42 0.42 895.069
0.43 0.42 892.57
0.44 0.42 890.072
0.45 0.42 887.573
0.46 0.42 885.074
0.47 0.42 882.576
0.48 0.42 880.077
0.49 0.42 877.578
0.5 0.42 875.08
0.51 0.42 872.581
0.52 0.42 870.082
0.53 0.42 867.583
0.54 0.42 865.085
0.55 0.42 862.586
0.56 0.42 860.087
0.57 0.42 857.588
0.58 0.42 855.089
0.59 0.42 852.59
0.6 0.42 850.092
0.61 0.42 847.593
0.62 0.42 845.094
0.63 0.42 842.595
0.64 0.42 840.096
0.65 0.42 837.597
0.66 0.42 835.098
0.67 0.42 832.599
0.68 0.42 830.099
0.69 0.42 827.6
0.7 0.42 825.101
0.71 0.42 822.602
0.72 0.42 820.103
0.73 0.42 817.604
0.74 0.42 815.104
0.75 0.42 812.605
0.76 0.42 810.106
0.77 0.42 807.607
0.78 0.42 805.107
0.79 0.42 802.608
0.8 0.42 800.109
0.81 0.42 797.609
0.82 0.42 795.11
0.83 0.42 792.61
0.84 0.42 790.111
0.85 0.42 787.611
0.86 0.42 785.112
0.87 0.42 782.612
0.88 0.42 780.113
0.89 0.42 777.613
0.9 0.42 775.113
0.91 0.42 772.614
0.92 0.42 770.114
0.93 0.42 767.614
0.94 0.42 765.114
0.95 0.42 762.615
0.96 0.42 760.115
0.97 0.42 757.615
0.98 0.42 755.115
0.99 0.42 752.615
1 0.42 750.115
1.01 0.42 747.615
1.02 0.42 745.115
1.03 0.42 742.615
1.04 0.42 740.115
1.05 0.42 737.615
1.06 0.42 735.115
1.07 0.42 732.615
1.08 0.42 730.115
1.09 0.42 727.615
1.1 0.42 725.114
1.11 0.42 722.614
1.12 0.42 720.114
1.13 0.42 717.614
1.14 0.42 715.113
1.15 0.42 712.613
1.16 0.42 710.112
1.17 0.42 707.612
1.18 0.42 705.112
1.19 0.42 702.611
1.2 0.42 700.111
1.21 0.42 697.61
1.22 0.42 695.11
1.23 0.42 692.609
1.24 0.42 690.108
1.25 0.42 687.608
1.26 0.42 685.107
1.27 0.42 682.606
1.28 0.42 680.106
1.29 0.42 677.605
1.3 0.42 675.104
1.31 0.42 672.603
1.32 0.42 670.102
1.33 0.42 667.602
1.34 0.42 665.101
1.35 0.42 662.6
1.36 0.42 660.099
1.37 0.42 657.598
1.38 0.42 655.097
1.39 0.42 652.596
1.4 0.42 650.095
1.41 0.42 647.594
1.42 0.42 645.093
1.43 0.42 642.592
1.44 0.42 640.09
1.45 0.42 637.589
1.46 0.42 635.088
1.47 0.42 632.587
1.48 0.42 630.086
1.49 0.42 627.584
1.5 0.42 625.083
1.51 0.42 622.582
1.52 0.42 620.081
1.53 0.42 617.579
1.54 0.42 615.078
1.55 0.42 612.577
1.56 0.42 610.075
1.57 0.42 607.574
1.58 0.42 605.072
1.59 0.42 602.571
1.6 0.42 600.069
1.61 0.42 597.568
1.62 0.42 595.066
1.63 0.42 592.565
1.64 0.42 590.063
1.65 0.42 587.562
1.66 0.42 585.06
1.67 0.42 582.559
1.68 0.42 580.057
1.69 0.42 577.555
1.7 0.42 575.054
1.71 0.42 572.552
1.72 0.42 570.05
1.73 0.42 567.549
1.74 0.42 565.047
1.75 0.42 562.545
1.76 0.42 560.044
1.77 0.42 557.542
1.78 0.42 555.04
1.79 0.42 552.538
1.8 0.42 550.037
1.81 0.42 547.535
1.82 0.42 545.033
1.83 0.42 542.531
1.84 0.42 540.029
1.85 0.42 537.528
1.86 0.42 535.026
1.87 0.42 532.524
1.88 0.42 530.022
1.89 0.42 527.52
1.9 0.42 525.019
1.91 0.42 522.517
1.92 0.42 520.015
1.93 0.42 517.513
1.94 0.42 515.011
1.95 0.42 512.509
1.96 0.42 510.007
1.97 0.42 507.506
1.98 0.42 505.004
1.99 0.42 502.502
2 0.42 500

0 0.43 1000
0.01 0.43 997.502
0.02 0.43 995.004
0.03 0.43 992.505
0.04 0.43 990.007
0.05 0.43 987.509
0.06 0.43 985.011
0.07 0.43 982.512
0.08 0.43 980.014
0.09 0.43 977.516
0.1 0.43 975.017
0.11 0.43 972.519
0.12 0.43 970.021
0.13 0.43 967.523
0.14 0.43 965.024
0.15 0.43 962.526
0.16 0.43 960.028
0.17 0.43 957.53
0.18 0.43 955.031
0.19 0.43 952.533
0.2 0.43 950.035
0.21 0.43 947.536
0.22 0.43 945.038
0.23 0.43 942.54
0.24 0.43 940.041
0.25 0.43 937.543
0.26 0.43 935.044
0.27 0.43 932.546
0.28 0.43 930.048
0.29 0.43 927.549
0.3 0.43 925.051
0.31 0.43 922.552
0.32 0.43 920.054
0.33 0.43 917.556
0.34 0.43 915.057
0.35 0.43 912.559
0.36 0.43 910.06
0.37 0.43 907.562
0.38 0.43 905.063
0.39 0.43 902.565
0.4 0.43 900.066
0.41 0.43 897.567
0.42 0.43 895.069
0.43 0.43 892.57
0.44 0.43 890.072
0.45 0.43 887.573
0.46 0.43 885.074
0.47 0.43 882.576
0.48 0.43 880.077
0.49 0.43 877.578
0.5 0.43 875.08
0.51 0.43 872.581
0.52 0.43 870.082
0.53 0.43 867.583
0.54 0.43 865.085
0.55 0.43 862.586
0.56 0.43 860.087
0.57 0.43 857.588
0.58 0.43 855.089
0.59 0.43 852.59
0.6 0.43 850.092
0.61 0.43 847.593
0.62 0.43 845.094
0.63 0.43 842.595
0.64 0.43 840.096
0.65 0.43 837.597
0.66 0.43 835.098
0.67 0.43 832.599
0.68 0.43 830.099
0.69 0.43 827.6
0.7 0.43 825.101
0.71 0.43 822.602
0.72 0.43 820.103
0.73 0.43 817.604
0.74 0.43 815.104
0.75 0.43 812.605
0.76 0.43 810.106
0.77 0.43 807.607
0.78 0.43 805.107
0.79 0.43 802.608
0.8 0.43 800.109
0.81 0.43 797.609
0.82 0.43 795.11
0.83 0.43 792.61
0.84 0.43 790.111
0.85 0.43 787.611
0.86 0.43 785.112
0.87 0.43 782.612
0.88 0.43 780.113
0.89 0.43 777.613
0.9 0.43 775.113
0.91 0.43 772.614
0.92 0.43 770.114
0.93 0.43 767.614
0.94 0.43 765.114
0.95 0.43 762.615
0.96 0.43 760.115
0.97 0.43 757.615
0.98 0.43 755.115
0.99 0.43 752.615
1 0.43 750.115
1.01 0.43 747.615
1.02 0.43 745.115
1.03 0.43 742.615
1.04 0.43 740.115
1.05 0.43 737.615
1.06 0.43 735.115
1.07 0.43 732.615
1.08 0.43 730.115
1.09 0.43 727.615
1.1 0.43 725.114
1.11 0.43 722.614
1.12 0.43 720.114
1.13 0.43 717.614
1.14 0.43 715.113
1.15 0.43 712.613
1.16 0.43 710.112
1.17 0.43 707.612
1.18 0.43 705.112
1.19 0.43 702.611
1.2 0.43 700.111
1.21 0.43 697.61
1.22 0.43 695.11
1.23 0.43 692.609
1.24 0.43 690.108
1.25 0.43 687.608
1.26 0.43 685.107
1.27 0.43 682.606
1.28 0.43 680.106
1.29 0.43 677.605
1.3 0.43 675.104
1.31 0.43 672.603
1.32 0.43 670.102
1.33 0.43 667.602
1.34 0.43 665.101
1.35 0.43 662.6
1.36 0.43 660.099
1.37 0.43 657.598
1.38 0.43 655.097
1.39 0.43 652.596
1.4 0.43 650.095
1.41 0.43 647.594
1.42 0.43 645.093
1.43 0.43 642.592
1.44 0.43 640.09
1.45 0.43 637.589
1.46 0.43 635.088
1.47 0.43 632.587
1.48 0.43 630.086
1.49 0.43 627.584
1.5 0.43 625.083
1.51 0.43 622.582
1.52 0.43 620.081
1.53 0.43 617.579
1.54 0.43 615.078
1.55 0.43 612.577
1.56 0.43 610.075
1.57 0.43 607.574
1.58 0.43 605.072
1.59 0.43 602.571
1.6 0.43 600.069
1.61 0.43 597.568
1.62 0.43 595.066
1.63 0.43 592.565
1.64 0.43 590.063
1.65 0.43 587.562
1.66 0.43 585.06
1.67 0.43 582.559
1.68 0.43 580.057
1.69 0.43 577.555
1.7 0.43 575.054
1.71 0.43 572.552
1.72 0.43 570.05
1.73 0.43 567.549
1.74 0.43 565.047
1.75 0.43 562.545
1.76 0.43 560.044
1.77 0.43 557.542
1.78 0.43 555.04
1.79 0.43 552.538
1.8 0.43 550.037
1.81 0.43 547.535
1.82 0.43 545.033
1.83 0.43 542.531
1.84 0.43 540.029
1.85 0.43 537.528
1.86 0.43 535.026
1.87 0.43 532.524
1.88 0.43 530.022
1.89 0.43 527.52
1.9 0.43 525.019
1.91 0.43 522.517
1.92 0.43 520.015
1.93 0.43 517.513
1.94 0.43 515.011
1.95 0.43 512.509
1.96 0.43 510.007
1.97 0.43 507.506
1.98 0.43 505.004
1.99 0.43 502.502
2 0.43 500

0 0.44 1000
0.01 0.44 997.502
0.02 0.44 995.004
0.03 0.44 992.505
0.04 0.44 990.007
0.05 0.44 987.509
0.06 0.44 985.011
0.07 0.44 982.512
0.08 0.44 980.014
0.09 0.44 977.516
0.1 0.44 975.017
0.11 0.44 972.519
0.12 0.44 970.021
0.13 0.44 967.523
0.14 0.44 965.024
0.15 0.44 962.526
0.16 0.44 960.028
0.17 0.44 957.53
0.18 0.44 955.031
0.19 0.44 952.533
0.2 0.44 950.035
0.21 0.44 947.536
0.22 0.44 945.038
0.23 0.44 942.54
0.24 0.44 940.041
0.25 0.44 937.543
0.26 0.44 935.044
0.27 0.44 932.546
0.28 0.44 930.048
0.29 0.44 927.549
0.3 0.44 925.051
0.31 0.44 922.552
0.32 0.44 920.054
0.33 0.44 917.556
0.34 0.44 915.057
0.35 0.44 912.559
0.36 0.44 910.06
0.37 0.44 907.562
0.38 0.44 905.063
0.39 0.44 902.565
0.4 0.44 900.066
0.41 0.44 897.567
0.42 0.44 895.069
0.43 0.44 892.57
0.44 0.44 890.072
0.45 0.44 887.573
0.46 0.44 885.074
0.47 0.44 882.576
0.48 0.44 880.077
0.49 0.44 877.578
0.5 0.44 875.08
0.51 0.44 872.581
0.52 0.44 870.082
0.53 0.44 867.583
0.54 0.44 865.085
0.55 0.44 862.586
0.56 0.44 860.087
0.57 0.44 857.588
0.58 0.44 855.089
0.59 0.44 852.59
0.6 0.44 850.092
0.61 0.44 847.593
0.62 0.44 845.094
0.63 0.44 842.595
0.64 0.44 840.096
0.65 0.44 837.597
0.66 0.44 835.098
0.67 0.44 832.599
0.68 0.44 830.099
0.69 0.44 827.6
0.7 0.44 825.101
0.71 0.44 822.602
0.72 0.44 820.103
0.73 0.44 817.604
0.74 0.44 815.104
0.75 0.44 812.605
0.76 0.44 810.106
0.77 0.44 807.607
0.78 0.44 805.107
0.79 0.44 802.608
0.8 0.44 800.109
0.81 0.44 797.609
0.82 0.44 795.11
0.83 0.44 792.61
0.84 0.44 790.111
0.85 0.44 787.611
0.86 0.44 785.112
0.87 0.44 782.612
0.88 0.44 780.113
0.89 0.44 777.613
0.9 0.44 775.113
0.91 0.44 772.614
0.92 0.44 770.114
0.93 0.44 767.614
0.94 0.44 765.114
0.95 0.44 762.615
0.96 0.44 760.115
0.97 0.44 757.615
0.98 0.44 755.115
0.99 0.44 752.615
1 0.44 750.115
1.01 0.44 747.615
1.02 0.44 745.115
1.03 0.44 742.615
1.04 0.44 740.115
1.05 0.44 737.615
1.06 0.44 735.115
1.07 0.44 732.615
1.08 0.44 730.115
1.09 0.44 727.615
1.1 0.44 725.114
1.11 0.44 722.614
1.12 0.44 720.114
1.13 0.44 717.614
1.14 0.44 715.113
1.15 0.44 712.613
1.16 0.44 710.112
1.17 0.44 707.612
1.18 0.44 705.112
1.19 0.44 702.611
1.2 0.44 700.111
1.21 0.44 697.61
1.22 0.44 695.11
1.23 0.44 692.609
1.24 0.44 690.108
1.25 0.44 687.608
1.26 0.44 685.107
1.27 0.44 682.606
1.28 0.44 680.106
1.29 0.44 677.605
1.3 0.44 675.104
1.31 0.44 672.603
1.32 0.44 670.102
1.33 0.44 667.602
1.34 0.44 665.101
1.35 0.44 662.6
1.36 0.44 660.099
1.37 0.44 657.598
1.38 0.44 655.097
1.39 0.44 652.596
1.4 0.44 650.095
1.41 0.44 647.594
1.42 0.44 645.093
1.43 0.44 642.592
1.44 0.44 640.09
1.45 0.44 637.589
1.46 0.44 635.088
1.47 0.44 632.587
1.48 0.44 630.086
1.49 0.44 627.584
1.5 0.44 625.083
1.51 0.44 622.582
1.52 0.44 620.081
1.53 0.44 617.579
1.54 0.44 615.078
1.55 0.44 612.577
1.56 0.44 610.075
1.57 0.44 607.574
1.58 0.44 605.072
1.59 0.44 602.571
1.6 0.44 600.069
1.61 0.44 597.568
1.62 0.44 595.066
1.63 0.44 592.565
1.64 0.44 590.063
1.65 0.44 587.562
1.66 0.44 585.06
1.67 0.44 582.559
1.68 0.44 580.057
1.69 0.44 577.555
1.7 0.44 575.054
1.71 0.44 572.552
1.72 0.44 570.05
1.73 0.44 567.549
1.74 0.44 565.047
1.75 0.44 562.545
1.76 0.44 560.044
1.77 0.44 557.542
1.78 0.44 555.04
1.79 0.44 552.538
1.8 0.44 550.037
1.81 0.44 547.535
1.82 0.44 545.033
1.83 0.44 542.531
1.84 0.44 540.029
1.85 0.44 537.528
1.86 0.44 535.026
1.87 0.44 532.524
1.88 0.44 530.022
1.89 0.44 527.52
1.9 0.44 525.019
1.91 0.44 522.517
1.92 0.44 520.015
1.93 0.44 517.513
1.94 0.44 515.011
1.95 0.44 512.509
1.96 0.44 510.007
1.97 0.44 507.506
1.98 0.44 505.004
1.99 0.44 502.502
2 0.44 500

0 0.45 1000
0.01 0.45 997.502
0.02 0.45 995.004
0.03 0.45 992.505
0.04 0.45 990.007
0.05 0.45 987.509
0.06 0.45 985.011
0.07 0.45 982.512
0.08 0.45 980.014
0.09 0.45 977.516
0.1 0.45 975.017
0.11 0.45 972.519
0.12 0.45 970.021
0.13 0.45 967.523
0.14 0.45 965.024
0.15 0.45 962.526
0.16 0.45 960.028
0.17 0.45 957.53
0.18 0.45 955.031
0.19 0.45 952.533
0.2 0.45 950.035
0.21 0.45 947.536
0.22 0.45 945.038
0.23 0.45 942.54
0.24 0.45 940.041
0.25 0.45 937.543
0.26 0.45 935.044
0.27 0.45 932.546
0.28 0.45 930.048
0.29 0.45 927.549
0.3 0.45 925.051
0.31 0.45 922.552
0.32 0.45 920.054
0.33 0.45 917.556
0.34 0.45 915.057
0.35 0.45 912.559
0.36 0.45 910.06
0.37 0.45 907.562
0.38 0.45 905.063
0.39 0.45 902.565
0.4 0.45 900.066
0.41 0.45 897.567
0.42 0.45 895.069
0.43 0.45 892.57
0.44 0.45 890.072
0.45 0.45 887.573
0.46 0.45 885.074
0.47 0.45 882.576
0.48 0.45 880.077
0.49 0.45 877.578
0.5 0.45 875.08
0.51 0.45 872.581
0.52 0.45 870.082
0.53 0.45 867.583
0.54 0.45 865.085
0.55 0.45 862.586
0.56 0.45 860.087
0.57 0.45 857.588
0.58 0.45 855.089
0.59 0.45 852.59
0.6 0.45 850.092
0.61 0.45 847.593
0.62 0.45 845.094
0.63 0.45 842.595
0.64 0.45 840.096
0.65 0.45 837.597
0.66 0.45 835.098
0.67 0.45 832.599
0.68 0.45 830.099
0.69 0.45 827.6
0.7 0.45 825.101
0.71 0.45 822.602
0.72 0.45 820.103
0.73 0.45 817.604
0.74 0.45 815.104
0.75 0.45 812.605
0.76 0.45 810.106
0.77 0.45 807.607
0.78 0.45 805.107
0.79 0.45 802.608
0.8 0.45 800.109
0.81 0.45 797.609
0.82 0.45 795.11
0.83 0.45 792.61
0.84 0.45 790.111
0.85 0.45 787.611
0.86 0.45 785.112
0.87 0.45 782.612
0.88 0.45 780.113
0.89 0.45 777.613
0.9 0.45 775.113
0.91 0.45 772.614
0.92 0.45 770.114
0.93 0.45 767.614
0.94 0.45 765.114
0.95 0.45 762.615
0.96 0.45 760.115
0.97 0.45 757.615
0.98 0.45 755.115
0.99 0.45 752.615
1 0.45 750.115
1.01 0.45 747.615
1.02 0.45 745.115
1.03 0.45 742.615
1.04 0.45 740.115
1.05 0.45 737.615
1.06 0.45 735.115
1.07 0.45 732.615
1.08 0.45 730.115
1.09 0.45 727.615
1.1 0.45 725.114
1.11 0.45 722.614
1.12 0.45 720.114
1.13 0.45 717.614
1.14 0.45 715.113
1.15 0.45 712.613
1.16 0.45 710.112
1.17 0.45 707.612
1.18 0.45 705.112
1.19 0.45 702.611
1.2 0.45 700.111
1.21 0.45 697.61
1.22 0.45 695.11
1.23 0.45 692.609
1.24 0.45 690.108
1.25 0.45 687.608
1.26 0.45 685.107
1.27 0.45 682.606
1.28 0.45 680.106
1.29 0.45 677.605
1.3 0.45 675.104
1.31 0.45 672.603
1.32 0.45 670.102
1.33 0.45 667.602
1.34 0.45 665.101
1.35 0.45 662.6
1.36 0.45 660.099
1.37 0.45 657.598
1.38 0.45 655.097
1.39 0.45 652.596
1.4 0.45 650.095
1.41 0.45 647.594
1.42 0.45 645.093
1.43 0.45 642.592
1.44 0.45 640.09
1.45 0.45 637.589
1.46 0.45 635.088
1.47 0.45 632.587
1.48 0.45 630.086
1.49 0.45 627.584
1.5 0.45 625.083
1.51 0.45 622.582
1.52 0.45 620.081
1.53 0.45 617.579
1.54 0.45 615.078
1.55 0.45 612.577
1.56 0.45 610.075
1.57 0.45 607.574
1.58 0.45 605.072
1.59 0.45 602.571
1.6 0.45 600.069
1.61 0.45 597.568
1.62 0.45 595.066
1.63 0.45 592.565
1.64 0.45 590.063
1.65 0.45 587.562
1.66 0.45 585.06
1.67 0.45 582.559
1.68 0.45 580.057
1.69 0.45 577.555
1.7 0.45 575.054
1.71 0.45 572.552
1.72 0.45 570.05
1.73 0.45 567.549
1.74 0.45 565.047
1.75 0.45 562.545
1.76 0.45 560.044
1.77 0.45 557.542
1.78 0.45 555.04
1.79 0.45 552.538
1.8 0.45 550.037
1.81 0.45 547.535
1.82 0.45 545.033
1.83 0.45 542.531
1.84 0.45 540.029
1.85 0.45 537.528
1.86 0.45 535.026
1.87 0.45 532.524
1.88 0.45 530.022
1.89 0.45 527.52
1.9 0.45 525.019
1.91 0.45 522.517
1.92 0.45 520.015
1.93 0.45 517.513
1.94 0.45 515.011
1.95 0.45 512.509
1.96 0.45 510.007
1.97 0.45 507.506
1.98 0.45 505.004
1.99 0.45 502.502
2 0.45 500

0 0.46 1000
0.01 0.46 997.502
0.02 0.46 995.004
0.03 0.46 992.505
0.04 0.46 990.007
0.05 0.46 987.509
0.06 0.46 985.011
0.07 0.46 982.512
0.08 0.46 980.014
0.09 0.46 977.516
0.1 0.46 975.017
0.11 0.46 972.519
0.12 0.46 970.021
0.13 0.46 967.523
0.14 0.46 965.024
0.15 0.46 962.526
0.16 0.46 960.028
0.17 0.46 957.53
0.18 0.46 955.031
0.19 0.46 952.533
0.2 0.46 950.035
0.21 0.46 947.536
0.22 0.46 945.038
0.23 0.46 942.54
0.24 0.46 940.041
0.25 0.46 937.543
0.26 0.46 935.044
0.27 0.46 932.546
0.28 0.46 930.048
0.29 0.46 927.549
0.3 0.46 925.051
0.31 0.46 922.552
0.32 0.46 920.054
0.33 0.46 917.556
0.34 0.46 915.057
0.35 0.46 912.559
0.36 0.46 910.06
0.37 0.46 907.562
0.38 0.46 905.063
0.39 0.46 902.565
0.4 0.46 900.066
0.41 0.46 897.567
0.42 0.46 895.069
0.43 0.46 892.57
0.44 0.46 890.072
0.45 0.46 887.573
0.46 0.46 885.074
0.47 0.46 882.576
0.48 0.46 880.077
0.49 0.46 877.578
0.5 0.46 875.08
0.51 0.46 872.581
0.52 0.46 870.082
0.53 0.46 867.583
0.54 0.46 865.085
0.55 0.46 862.586
0.56 0.46 860.087
0.57 0.46 857.588
0.58 0.46 855.089
0.59 0.46 852.59
0.6 0.46 850.092
0.61 0.46 847.593
0.62 0.46 845.094
0.63 0.46 842.595
0.64 0.46 840.096
0.65 0.46 837.597
0.66 0.46 835.098
0.67 0.46 832.599
0.68 0.46 830.099
0.69 0.46 827.6
0.7 0.46 825.101
0.71 0.46 822.602
0.72 0.46 820.103
0.73 0.46 817.604
0.74 0.46 815.104
0.75 0.46 812.605
0.76 0.46 810.106
0.77 0.46 807.607
0.78 0.46 805.107
0.79 0.46 802.608
0.8 0.46 800.109
0.81 0.46 797.609
0.82 0.46 795.11
0.83 0.46 792.61
0.84 0.46 790.111
0.85 0.46 787.611
0.86 0.46 785.112
0.87 0.46 782.612
0.88 0.46 780.113
0.89 0.46 777.613
0.9 0.46 775.113
0.91 0.46 772.614
0.92 0.46 770.114
0.93 0.46 767.614
0.94 0.46 765.114
0.95 0.46 762.615
0.96 0.46 760.115
0.97 0.46 757.615
0.98 0.46 755.115
0.99 0.46 752.615
1 0.46 750.115
1.01 0.46 747.615
1.02 0.46 745.115
1.03 0.46 742.615
1.04 0.46 740.115
1.05 0.46 737.615
1.06 0.46 735.115
1.07 0.46 732.615
1.08 0.46 730.115
1.09 0.46 727.615
1.1 0.46 725.114
1.11 0.46 722.614
1.12 0.46 720.114
1.13 0.46 717.614
1.14 0.46 715.113
1.15 0.46 712.613
1.16 0.46 710.112
1.17 0.46 707.612
1.18 0.46 705.112
1.19 0.46 702.611
1.2 0.46 700.111
1.21 0.46 697.61
1.22 0.46 695.11
1.23 0.46 692.609
1.24 0.46 690.108
1.25 0.46 687.608
1.26 0.46 685.107
1.27 0.46 682.606
1.28 0.46 680.106
1.29 0.46 677.605
1.3 0.46 675.104
1.31 0.46 672.603
1.32 0.46 670.102
1.33 0.46 667.602
1.34 0.46 665.101
1.35 0.46 662.6
1.36 0.46 660.099
1.37 0.46 657.598
1.38 0.46 655.097
1.39 0.46 652.596
1.4 0.46 650.095
1.41 0.46 647.594
1.42 0.46 645.093
1.43 0.46 642.592
1.44 0.46 640.09
1.45 0.46 637.589
1.46 0.46 635.088
1.47 0.46 632.587
1.48 0.46 630.086
1.49 0.46 627.584
1.5 0.46 625.083
1.51 0.46 622.582
1.52 0.46 620.081
1.53 0.46 617.579
1.54 0.46 615.078
1.55 0.46 612.577
1.56 0.46 610.075
1.57 0.46 607.574
1.58 0.46 605.072
1.59 0.46 602.571
1.6 0.46 600.069
1.61 0.46 597.568
1.62 0.46 595.066
1.63 0.46 592.565
1.64 0.46 590.063
1.65 0.46 587.562
1.66 0.46 585.06
1.67 0.46 582.559
1.68 0.46 580.057
1.69 0.46 577.555
1.7 0.46 575.054
1.71 0.46 572.552
1.72 0.46 570.05
1.73 0.46 567.549
1.74 0.46 565.047
1.75 0.46 562.545
1.76 0.46 560.044
1.77 0.46 557.542
1.78 0.46 555.04
1.79 0.46 552.538
1.8 0.46 550.037
1.81 0.46 547.535
1.82 0.46 545.033
1.83 0.46 542.531
1.84 0.46 540.029
1.85 0.46 537.528
1.86 0.46 535.026
1.87 0.46 532.524
1.88 0.46 530.022
1.89 0.46 527.52
1.9 0.46 525.019
1.91 0.46 522.517
1.92 0.46 520.015
1.93 0.46 517.513
1.94 0.46 515.011
1.95 0.46 512.509
1.96 0.46 510.007
1.97 0.46 507.506
1.98 0.46 505.004
1.99 0.46 502.502
2 0.46 500

0 0.47 1000
0.01 0.47 997.502
0.02 0.47 995.004
0.03 0.47 992.505
0.04 0.47 990.007
0.05 0.47 987.509
0.06 0.47 985.011
0.07 0.47 982.512
0.08 0.47 980.014
0.09 0.47 977.516
0.1 0.47 975.017
0.11 0.47 972.519
0.12 0.47 970.021
0.13 0.47 967.523
0.14 0.47 965.024
0.15 0.47 962.526
0.16 0.47 960.028
0.17 0.47 957.53
0.18 0.47 955.031
0.19 0.47 952.533
0.2 0.47 950.035
0.21 0.47 947.536
0.22 0.47 945.038
0.23 0.47 942.54
0.24 0.47 940.041
0.25 0.47 937.543
0.26 0.47 935.044
0.27 0.47 932.546
0.28 0.47 930.048
0.29 0.47 927.549
0.3 0.47 925.051
0.31 0.47 922.552
0.32 0.47 920.054
0.33 0.47 917.556
0.34 0.47 915.057
0.35 0.47 912.559
0.36 0.47 910.06
0.37 0.47 907.562
0.38 0.47 905.063
0.39 0.47 902.565
0.4 0.47 900.066
0.41 0.47 897.567
0.42 0.47 895.069
0.43 0.47 892.57
0.44 0.47 890.072
0.45 0.47 887.573
0.46 0.47 885.074
0.47 0.47 882.576
0.48 0.47 880.077
0.49 0.47 877.578
0.5 0.47 875.08
0.51 0.47 872.581
0.52 0.47 870.082
0.53 0.47 867.583
0.54 0.47 865.085
0.55 0.47 862.586
0.56 0.47 860.087
0.57 0.47 857.588
0.58 0.47 855.089
0.59 0.47 852.59
0.6 0.47 850.092
0.61 0.47 847.593
0.62 0.47 845.094
0.63 0.47 842.595
0.64 0.47 840.096
0.65 0.47 837.597
0.66 0.47 835.098
0.67 0.47 832.599
0.68 0.47 830.099
0.69 0.47 827.6
0.7 0.47 825.101
0.71 0.47 822.602
0.72 0.47 820.103
0.73 0.47 817.604
0.74 0.47 815.104
0.75 0.47 812.605
0.76 0.47 810.106
0.77 0.47 807.607
0.78 0.47 805.107
0.79 0.47 802.608
0.8 0.47 800.109
0.81 0.47 797.609
0.82 0.47 795.11
0.83 0.47 792.61
0.84 0.47 790.111
0.85 0.47 787.611
0.86 0.47 785.112
0.87 0.47 782.612
0.88 0.47 780.113
0.89 0.47 777.613
0.9 0.47 775.113
0.91 0.47 772.614
0.92 0.47 770.114
0.93 0.47 767.614
0.94 0.47 765.114
0.95 0.47 762.615
0.96 0.47 760.115
0.97 0.47 757.615
0.98 0.47 755.115
0.99 0.47 752.615
1 0.47 750.115
1.01 0.47 747.615
1.02 0.47 745.115
1.03 0.47 742.615
1.04 0.47 740.115
1.05 0.47 737.615
1.06 0.47 735.115
1.07 0.47 732.615
1.08 0.47 730.115
1.09 0.47 727.615
1.1 0.47 725.114
1.11 0.47 722.614
1.12 0.47 720.114
1.13 0.47 717.614
1.14 0.47 715.113
1.15 0.47 712.613
1.16 0.47 710.112
1.17 0.47 707.612
1.18 0.47 705.112
1.19 0.47 702.611
1.2 0.47 700.111
1.21 0.47 697.61
1.22 0.47 695.11
1.23 0.47 692.609
1.24 0.47 690.108
1.25 0.47 687.608
1.26 0.47 685.107
1.27 0.47 682.606
1.28 0.47 680.106
1.29 0.47 677.605
1.3 0.47 675.104
1.31 0.47 672.603
1.32 0.47 670.102
1.33 0.47 667.602
1.34 0.47 665.101
1.35 0.47 662.6
1.36 0.47 660.099
1.37 0.47 657.598
1.38 0.47 655.097
1.39 0.47 652.596
1.4 0.47 650.095
1.41 0.47 647.594
1.42 0.47 645.093
1.43 0.47 642.592
1.44 0.47 640.09
1.45 0.47 637.589
1.46 0.47 635.088
1.47 0.47 632.587
1.48 0.47 630.086
1.49 0.47 627.584
1.5 0.47 625.083
1.51 0.47 622.582
1.52 0.47 620.081
1.53 0.47 617.579
1.54 0.47 615.078
1.55 0.47 612.577
1.56 0.47 610.075
1.57 0.47 607.574
1.58 0.47 605.072
1.59 0.47 602.571
1.6 0.47 600.069
1.61 0.47 597.568
1.62 0.47 595.066
1.63 0.47 592.565
1.64 0.47 590.063
1.65 0.47 587.562
1.66 0.47 585.06
1.67 0.47 582.559
1.68 0.47 580.057
1.69 0.47 577.555
1.7 0.47 575.054
1.71 0.47 572.552
1.72 0.47 570.05
1.73 0.47 567.549
1.74 0.47 565.047
1.75 0.47 562.545
1.76 0.47 560.044
1.77 0.47 557.542
1.78 0.47 555.04
1.79 0.47 552.538
1.8 0.47 550.037
1.81 0.47 547.535
1.82 0.47 545.033
1.83 0.47 542.531
1.84 0.47 540.029
1.85 0.47 537.528
1.86 0.47 535.026
1.87 0.47 532.524
1.88 0.47 530.022
1.89 0.47 527.52
1.9 0.47 525.019
1.91 0.47 522.517
1.92 0.47 520.015
1.93 0.47 517.513
1.94 0.47 515.011
1.95 0.47 512.509
1.96 0.47 510.007
1.97 0.47 507.506
1.98 0.47 505.004
1.99 0.47 502.502
2 0.47 500

0 0.48 1000
0.01 0.48 997.502
0.02 0.48 995.004
0.03 0.48 992.505
0.04 0.48 990.007
0.05 0.48 987.509
0.06 0.48 985.011
0.07 0.48 982.512
0.08 0.48 980.014
0.09 0.48 977.516
0.1 0.48 975.017
0.11 0.48 972.519
0.12 0.48 970.021
0.13 0.48 967.523
0.14 0.48 965.024
0.15 0.48 962.526
0.16 0.48 960.028
0.17 0.48 957.53
0.18 0.48 955.031
0.19 0.48 952.533
0.2 0.48 950.035
0.21 0.48 947.536
0.22 0.48 945.038
0.23 0.48 942.54
0.24 0.48 940.041
0.25 0.48 937.543
0.26 0.48 935.044
0.27 0.48 932.546
0.28 0.48 930.048
0.29 0.48 927.549
0.3 0.48 925.051
0.31 0.48 922.552
0.32 0.48 920.054
0.33 0.48 917.556
0.34 0.48 915.057
0.35 0.48 912.559
0.36 0.48 910.06
0.37 0.48 907.562
0.38 0.48 905.063
0.39 0.48 902.565
0.4 0.48 900.066
0.41 0.48 897.567
0.42 0.48 895.069
0.43 0.48 892.57
0.44 0.48 890.072
0.45 0.48 887.573
0.46 0.48 885.074
0.47 0.48 882.576
0.48 0.48 880.077
0.49 0.48 877.578
0.5 0.48 875.08
0.51 0.48 872.581
0.52 0.48 870.082
0.53 0.48 867.583
0.54 0.48 865.085
0.55 0.48 862.586
0.56 0.48 860.087
0.57 0.48 857.588
0.58 0.48 855.089
0.59 0.48 852.59
0.6 0.48 850.092
0.61 0.48 847.593
0.62 0.48 845.094
0.63 0.48 842.595
0.64 0.48 840.096
0.65 0.48 837.597
0.66 0.48 835.098
0.67 0.48 832.599
0.68 0.48 830.099
0.69 0.48 827.6
0.7 0.48 825.101
0.71 0.48 822.602
0.72 0.48 820.103
0.73 0.48 817.604
0.74 0.48 815.104
0.75 0.48 812.605
0.76 0.48 810.106
0.77 0.48 807.607
0.78 0.48 805.107
0.79 0.48 802.608
0.8 0.48 800.109
0.81 0.48 797.609
0.82 0.48 795.11
0.83 0.48 792.61
0.84 0.48 790.111
0.85 0.48 787.611
0.86 0.48 785.112
0.87 0.48 782.612
0.88 0.48 780.113
0.89 0.48 777.613
0.9 0.48 775.113
0.91 0.48 772.614
0.92 0.48 770.114
0.93 0.48 767.614
0.94 0.48 765.114
0.95 0.48 762.615
0.96 0.48 760.115
0.97 0.48 757.615
0.98 0.48 755.115
0.99 0.48 752.615
1 0.48 750.115
1.01 0.48 747.615
1.02 0.48 745.115
1.03 0.48 742.615
1.04 0.48 740.115
1.05 0.48 737.615
1.06 0.48 735.115
1.07 0.48 732.615
1.08 0.48 730.115
1.09 0.48 727.615
1.1 0.48 725.114
1.11 0.48 722.614
1.12 0.48 720.114
1.13 0.48 717.614
1.14 0.48 715.113
1.15 0.48 712.613
1.16 0.48 710.112
1.17 0.48 707.612
1.18 0.48 705.112
1.19 0.48 702.611
1.2 0.48 700.111
1.21 0.48 697.61
1.22 0.48 695.11
1.23 0.48 692.609
1.24 0.48 690.108
1.25 0.48 687.608
1.26 0.48 685.107
1.27 0.48 682.606
1.28 0.48 680.106
1.29 0.48 677.605
1.3 0.48 675.104
1.31 0.48 672.603
1.32 0.48 670.102
1.33 0.48 667.602
1.34 0.48 665.101
1.35 0.48 662.6
1.36 0.48 660.099
1.37 0.48 657.598
1.38 0.48 655.097
1.39 0.48 652.596
1.4 0.48 650.095
1.41 0.48 647.594
1.42 0.48 645.093
1.43 0.48 642.592
1.44 0.48 640.09
1.45 0.48 637.589
1.46 0.48 635.088
1.47 0.48 632.587
1.48 0.48 630.086
1.49 0.48 627.584
1.5 0.48 625.083
1.51 0.48 622.582
1.52 0.48 620.081
1.53 0.48 617.579
1.54 0.48 615.078
1.55 0.48 612.577
1.56 0.48 610.075
1.57 0.48 607.574
1.58 0.48 605.072
1.59 0.48 602.571
1.6 0.48 600.069
1.61 0.48 597.568
1.62 0.48 595.066
1.63 0.48 592.565
1.64 0.48 590.063
1.65 0.48 587.562
1.66 0.48 585.06
1.67 0.48 582.559
1.68 0.48 580.057
1.69 0.48 577.555
1.7 0.48 575.054
1.71 0.48 572.552
1.72 0.48 570.05
1.73 0.48 567.549
1.74 0.48 565.047
1.75 0.48 562.545
1.76 0.48 560.044
1.77 0.48 557.542
1.78 0.48 555.04
1.79 0.48 552.538
1.8 0.48 550.037
1.81 0.48 547.535
1.82 0.48 545.033
1.83 0.48 542.531
1.84 0.48 540.029
1.85 0.48 537.528
1.86 0.48 535.026
1.87 0.48 532.524
1.88 0.48 530.022
1.89 0.48 527.52
1.9 0.48 525.019
1.91 0.48 522.517
1.92 0.48 520.015
1.93 0.48 517.513
1.94 0.48 515.011
1.95 0.48 512.509
1.96 0.48 510.007
1.97 0.48 507.506
1.98 0.48 505.004
1.99 0.48 502.502
2 0.48 500

0 0.49 1000
0.01 0.49 997.502
0.02 0.49 995.004
0.03 0.49 992.505
0.04 0.49 990.007
0.05 0.49 987.509
0.06 0.49 985.011
0.07 0.49 982.512
0.08 0.49 980.014
0.09 0.49 977.516
0.1 0.49 975.017
0.11 0.49 972.519
0.12 0.49 970.021
0.13 0.49 967.523
0.14 0.49 965.024
0.15 0.49 962.526
0.16 0.49 960.028
0.17 0.49 957.53
0.18 0.49 955.031
0.19 0.49 952.533
0.2 0.49 950.035
0.21 0.49 947.536
0.22 0.49 945.038
0.23 0.49 942.54
0.24 0.49 940.041
0.25 0.49 937.543
0.26 0.49 935.044
0.27 0.49 932.546
0.28 0.49 930.048
0.29 0.49 927.549
0.3 0.49 925.051
0.31 0.49 922.552
0.32 0.49 920.054
0.33 0.49 917.556
0.34 0.49 915.057
0.35 0.49 912.559
0.36 0.49 910.06
0.37 0.49 907.562
0.38 0.49 905.063
0.39 0.49 902.565
0.4 0.49 900.066
0.41 0.49 897.567
0.42 0.49 895.069
0.43 0.49 892.57
0.44 0.49 890.072
0.45 0.49 887.573
0.46 0.49 885.074
0.47 0.49 882.576
0.48 0.49 880.077
0.49 0.49 877.578
0.5 0.49 875.08
0.51 0.49 872.581
0.52 0.49 870.082
0.53 0.49 867.583
0.54 0.49 865.085
0.55 0.49 862.586
0.56 0.49 860.087
0.57 0.49 857.588
0.58 0.49 855.089
0.59 0.49 852.59
0.6 0.49 850.092
0.61 0.49 847.593
0.62 0.49 845.094
0.63 0.49 842.595
0.64 0.49 840.096
0.65 0.49 837.597
0.66 0.49 835.098
0.67 0.49 832.599
0.68 0.49 830.099
0.69 0.49 827.6
0.7 0.49 825.101
0.71 0.49 822.602
0.72 0.49 820.103
0.73 0.49 817.604
0.74 0.49 815.104
0.75 0.49 812.605
0.76 0.49 810.106
0.77 0.49 807.607
0.78 0.49 805.107
0.79 0.49 802.608
0.8 0.49 800.109
0.81 0.49 797.609
0.82 0.49 795.11
0.83 0.49 792.61
0.84 0.49 790.111
0.85 0.49 787.611
0.86 0.49 785.112
0.87 0.49 782.612
0.88 0.49 780.113
0.89 0.49 777.613
0.9 0.49 775.113
0.91 0.49 772.614
0.92 0.49 770.114
0.93 0.49 767.614
0.94 0.49 765.114
0.95 0.49 762.615
0.96 0.49 760.115
0.97 0.49 757.615
0.98 0.49 755.115
0.99 0.49 752.615
1 0.49 750.115
1.01 0.49 747.615
1.02 0.49 745.115
1.03 0.49 742.615
1.04 0.49 740.115
1.05 0.49 737.615
1.06 0.49 735.115
1.07 0.49 732.615
1.08 0.49 730.115
1.09 0.49 727.615
1.1 0.49 725.114
1.11 0.49 722.614
1.12 0.49 720.114
1.13 0.49 717.614
1.14 0.49 715.113
1.15 0.49 712.613
1.16 0.49 710.112
1.17 0.49 707.612
1.18 0.49 705.112
1.19 0.49 702.611
1.2 0.49 700.111
1.21 0.49 697.61
1.22 0.49 695.11
1.23 0.49 692.609
1.24 0.49 690.108
1.25 0.49 687.608
1.26 0.49 685.107
1.27 0.49 682.606
1.28 0.49 680.106
1.29 0.49 677.605
1.3 0.49 675.104
1.31 0.49 672.603
1.32 0.49 670.102
1.33 0.49 667.602
1.34 0.49 665.101
1.35 0.49 662.6
1.36 0.49 660.099
1.37 0.49 657.598
1.38 0.49 655.097
1.39 0.49 652.596
1.4 0.49 650.095
1.41 0.49 647.594
1.42 0.49 645.093
1.43 0.49 642.592
1.44 0.49 640.09
1.45 0.49 637.589
1.46 0.49 635.088
1.47 0.49 632.587
1.48 0.49 630.086
1.49 0.49 627.584
1.5 0.49 625.083
1.51 0.49 622.582
1.52 0.49 620.081
1.53 0.49 617.579
1.54 0.49 615.078
1.55 0.49 612.577
1.56 0.49 610.075
1.57 0.49 607.574
1.58 0.49 605.072
1.59 0.49 602.571
1.6 0.49 600.069
1.61 0.49 597.568
1.62 0.49 595.066
1.63 0.49 592.565
1.64 0.49 590.063
1.65 0.49 587.562
1.66 0.49 585.06
1.67 0.49 582.559
1.68 0.49 580.057
1.69 0.49 577.555
1.7 0.49 575.054
1.71 0.49 572.552
1.72 0.49 570.05
1.73 0.49 567.549
1.74 0.49 565.047
1.75 0.49 562.545
1.76 0.49 560.044
1.77 0.49 557.542
1.78 0.49 555.04
1.79 0.49 552.538
1.8 0.49 550.037
1.81 0.49 547.535
1.82 0.49 545.033
1.83 0.49 542.531
1.84 0.49 540.029
1.85 0.49 537.528
1.86 0.49 535.026
1.87 0.49 532.524
1.88 0.49 530.022
1.89 0.49 527.52
1.9 0.49 525.019
1.91 0.49 522.517
1.92 0.49 520.015
1.93 0.49 517.513
1.94 0.49 515.011
1.95 0.49 512.509
1.96 0.49 510.007
1.97 0.49 507.506
1.98 0.49 505.004
1.99 0.49 502.502
2 0.49 500

0 0.5 1000
0.01 0.5 997.502
0.02 0.5 995.004
0.03 0.5 992.505
0.04 0.5 990.007
0.05 0.5 987.509
0.06 0.5 985.011
0.07 0.5 982.512
0.08 0.5 980.014
0.09 0.5 977.516
0.1 0.5 975.017
0.11 0.5 972.519
0.12 0.5 970.021
0.13 0.5 967.523
0.14 0.5 965.024
0.15 0.5 962.526
0.16 0.5 960.028
0.17 0.5 957.53
0.18 0.5 955.031
0.19 0.5 952.533
0.2 0.5 950.035
0.21 0.5 947.536
0.22 0.5 945.038
0.23 0.5 942.54
0.24 0.5 940.041
0.25 0.5 937.543
0.26 0.5 935.044
0.27 0.5 932.546
0.28 0.5 930.048
0.29 0.5 927.549
0.3 0.5 925.051
0.31 0.5 922.552
0.32 0.5 920.054
0.33 0.5 917.556
0.34 0.5 915.057
0.35 0.5 912.559
0.36 0.5 910.06
0.37 0.5 907.562
0.38 0.5 905.063
0.39 0.5 902.565
0.4 0.5 900.066
0.41 0.5 897.567
0.42 0.5 895.069
0.43 0.5 892.57
0.44 0.5 890.072
0.45 0.5 887.573
0.46 0.5 885.074
0.47 0.5 882.576
0.48 0.5 880.077
0.49 0.5 877.578
0.5 0.5 875.08
0.51 0.5 872.581
0.52 0.5 870.082
0.53 0.5 867.583
0.54 0.5 865.085
0.55 0.5 862.586
0.56 0.5 860.087
0.57 0.5 857.588
0.58 0.5 855.089
0.59 0.5 852.59
0.6 0.5 850.092
0.61 0.5 847.593
0.62 0.5 845.094
0.63 0.5 842.595
0.64 0.5 840.096
0.65 0.5 837.597
0.66 0.5 835.098
0.67 0.5 832.599
0.68 0.5 830.099
0.69 0.5 827.6
0.7 0.5 825.101
0.71 0.5 822.602
0.72 0.5 820.103
0.73 0.5 817.604
0.74 0.5 815.104
0.75 0.5 812.605
0.76 0.5 810.106
0.77 0.5 807.607
0.78 0.5 805.107
0.79 0.5 802.608
0.8 0.5 800.109
0.81 0.5 797.609
0.82 0.5 795.11
0.83 0.5 792.61
0.84 0.5 790.111
0.85 0.5 787.611
0.86 0.5 785.112
0.87 0.5 782.612
0.88 0.5 780.113
0.89 0.5 777.613
0.9 0.5 775.113
0.91 0.5 772.614
0.92 0.5 770.114
0.93 0.5 767.614
0.94 0.5 765.114
0.95 0.5 762.615
0.96 0.5 760.115
0.97 0.5 757.615
0.98 0.5 755.115
0.99 0.5 752.615
1 0.5 750.115
1.01 0.5 747.615
1.02 0.5 745.115
1.03 0.5 742.615
1.04 0.5 740.115
1.05 0.5 737.615
1.06 0.5 735.115
1.07 0.5 732.615
1.08 0.5 730.115
1.09 0.5 727.615
1.1 0.5 725.114
1.11 0.5 722.614
1.12 0.5 720.114
1.13 0.5 717.614
1.14 0.5 715.113
1.15 0.5 712.613
1.16 0.5 710.112
1.17 0.5 707.612
1.18 0.5 705.112
1.19 0.5 702.611
1.2 0.5 700.111
1.21 0.5 697.61
1.22 0.5 695.11
1.23 0.5 692.609
1.24 0.5 690.108
1.25 0.5 687.608
1.26 0.5 685.107
1.27 0.5 682.606
1.28 0.5 680.106
1.29 0.5 677.605
1.3 0.5 675.104
1.31 0.5 672.603
1.32 0.5 670.102
1.33 0.5 667.602
1.34 0.5 665.101
1.35 0.5 662.6
1.36 0.5 660.099
1.37 0.5 657.598
1.38 0.5 655.097
1.39 0.5 652.596
1.4 0.5 650.095
1.41 0.5 647.594
1.42 0.5 645.093
1.43 0.5 642.592
1.44 0.5 640.09
1.45 0.5 637.589
1.46 0.5 635.088
1.47 0.5 632.587
1.48 0.5 630.086
1.49 0.5 627.584
1.5 0.5 625.083
1.51 0.5 622.582
1.52 0.5 620.081
1.53 0.5 617.579
1.54 0.5 615.078
1.55 0.5 612.577
1.56 0.5 610.075
1.57 0.5 607.574
1.58 0.5 605.072
1.59 0.5 602.571
1.6 0.5 600.069
1.61 0.5 597.568
1.62 0.5 595.066
1.63 0.5 592.565
1.64 0.5 590.063
1.65 0.5 587.562
1.66 0.5 585.06
1.67 0.5 582.559
1.68 0.5 580.057
1.69 0.5 577.555
1.7 0.5 575.054
1.71 0.5 572.552
1.72 0.5 570.05
1.73 0.5 567.549
1.74 0.5 565.047
1.75 0.5 562.545
1.76 0.5 560.044
1.77 0.5 557.542
1.78 0.5 555.04
1.79 0.5 552.538
1.8 0.5 550.037
1.81 0.5 547.535
1.82 0.5 545.033
1.83 0.5 542.531
1.84 0.5 540.029
1.85 0.5 537.528
1.86 0.5 535.026
1.87 0.5 532.524
1.88 0.5 530.022
1.89 0.5 527.52
1.9 0.5 525.019
1.91 0.5 522.517
1.92 0.5 520.015
1.93 0.5 517.513
1.94 0.5 515.011
1.95 0.5 512.509
1.96 0.5 510.007
1.97 0.5 507.506
1.98 0.5 505.004
1.99 0.5 502.502
2 0.5 500

0 0.51 1000
0.01 0.51 997.502
0.02 0.51 995.004
0.03 0.51 992.505
0.04 0.51 990.007
0.05 0.51 987.509
0.06 0.51 985.011
0.07 0.51 982.512
0.08 0.51 980.014
0.09 0.51 977.516
0.1 0.51 975.017
0.11 0.51 972.519
0.12 0.51 970.021
0.13 0.51 967.523
0.14 0.51 965.024
0.15 0.51 962.526
0.16 0.51 960.028
0.17 0.51 957.53
0.18 0.51 955.031
0.19 0.51 952.533
0.2 0.51 950.035
0.21 0.51 947.536
0.22 0.51 945.038
0.23 0.51 942.54
0.24 0.51 940.041
0.25 0.51 937.543
0.26 0.51 935.044
0.27 0.51 932.546
0.28 0.51 930.048
0.29 0.51 927.549
0.3 0.51 925.051
0.31 0.51 922.552
0.32 0.51 920.054
0.33 0.51 917.556
0.34 0.51 915.057
0.35 0.51 912.559
0.36 0.51 910.06
0.37 0.51 907.562
0.38 0.51 905.063
0.39 0.51 902.565
0.4 0.51 900.066
0.41 0.51 897.567
0.42 0.51 895.069
0.43 0.51 892.57
0.44 0.51 890.072
0.45 0.51 887.573
0.46 0.51 885.074
0.47 0.51 882.576
0.48 0.51 880.077
0.49 0.51 877.578
0.5 0.51 875.08
0.51 0.51 872.581
0.52 0.51 870.082
0.53 0.51 867.583
0.54 0.51 865.085
0.55 0.51 862.586
0.56 0.51 860.087
0.57 0.51 857.588
0.58 0.51 855.089
0.59 0.51 852.59
0.6 0.51 850.092
0.61 0.51 847.593
0.62 0.51 845.094
0.63 0.51 842.595
0.64 0.51 840.096
0.65 0.51 837.597
0.66 0.51 835.098
0.67 0.51 832.599
0.68 0.51 830.099
0.69 0.51 827.6
0.7 0.51 825.101
0.71 0.51 822.602
0.72 0.51 820.103
0.73 0.51 817.604
0.74 0.51 815.104
0.75 0.51 812.605
0.76 0.51 810.106
0.77 0.51 807.607
0.78 0.51 805.107
0.79 0.51 802.608
0.8 0.51 800.109
0.81 0.51 797.609
0.82 0.51 795.11
0.83 0.51 792.61
0.84 0.51 790.111
0.85 0.51 787.611
0.86 0.51 785.112
0.87 0.51 782.612
0.88 0.51 780.113
0.89 0.51 777.613
0.9 0.51 775.113
0.91 0.51 772.614
0.92 0.51 770.114
0.93 0.51 767.614
0.94 0.51 765.114
0.95 0.51 762.615
0.96 0.51 760.115
0.97 0.51 757.615
0.98 0.51 755.115
0.99 0.51 752.615
1 0.51 750.115
1.01 0.51 747.615
1.02 0.51 745.115
1.03 0.51 742.615
1.04 0.51 740.115
1.05 0.51 737.615
1.06 0.51 735.115
1.07 0.51 732.615
1.08 0.51 730.115
1.09 0.51 727.615
1.1 0.51 725.114
1.11 0.51 722.614
1.12 0.51 720.114
1.13 0.51 717.614
1.14 0.51 715.113
1.15 0.51 712.613
1.16 0.51 710.112
1.17 0.51 707.612
1.18 0.51 705.112
1.19 0.51 702.611
1.2 0.51 700.111
1.21 0.51 697.61
1.22 0.51 695.11
1.23 0.51 692.609
1.24 0.51 690.108
1.25 0.51 687.608
1.26 0.51 685.107
1.27 0.51 682.606
1.28 0.51 680.106
1.29 0.51 677.605
1.3 0.51 675.104
1.31 0.51 672.603
1.32 0.51 670.102
1.33 0.51 667.602
1.34 0.51 665.101
1.35 0.51 662.6
1.36 0.51 660.099
1.37 0.51 657.598
1.38 0.51 655.097
1.39 0.51 652.596
1.4 0.51 650.095
1.41 0.51 647.594
1.42 0.51 645.093
1.43 0.51 642.592
1.44 0.51 640.09
1.45 0.51 637.589
1.46 0.51 635.088
1.47 0.51 632.587
1.48 0.51 630.086
1.49 0.51 627.584
1.5 0.51 625.083
1.51 0.51 622.582
1.52 0.51 620.081
1.53 0.51 617.579
1.54 0.51 615.078
1.55 0.51 612.577
1.56 0.51 610.075
1.57 0.51 607.574
1.58 0.51 605.072
1.59 0.51 602.571
1.6 0.51 600.069
1.61 0.51 597.568
1.62 0.51 595.066
1.63 0.51 592.565
1.64 0.51 590.063
1.65 0.51 587.562
1.66 0.51 585.06
1.67 0.51 582.559
1.68 0.51 580.057
1.69 0.51 577.555
1.7 0.51 575.054
1.71 0.51 572.552
1.72 0.51 570.05
1.73 0.51 567.549
1.74 0.51 565.047
1.75 0.51 562.545
1.76 0.51 560.044
1.77 0.51 557.542
1.78 0.51 555.04
1.79 0.51 552.538
1.8 0.51 550.037
1.81 0.51 547.535
1.82 0.51 545.033
1.83 0.51 542.531
1.84 0.51 540.029
1.85 0.51 537.528
1.86 0.51 535.026
1.87 0.51 532.524
1.88 0.51 530.022
1.89 0.51 527.52
1.9 0.51 525.019
1.91 0.51 522.517
1.92 0.51 520.015
1.93 0.51 517.513
1.94 0.51 515.011
1.95 0.51 512.509
1.96 0.51 510.007
1.97 0.51 507.506
1.98 0.51 505.004
1.99 0.51 502.502
2 0.51 500

0 0.52 1000
0.01 0.52 997.502
0.02 0.52 995.004
0.03 0.52 992.505
0.04 0.52 990.007
0.05 0.52 987.509
0.06 0.52 985.011
0.07 0.52 982.512
0.08 0.52 980.014
0.09 0.52 977.516
0.1 0.52 975.017
0.11 0.52 972.519
0.12 0.52 970.021
0.13 0.52 967.523
0.14 0.52 965.024
0.15 0.52 962.526
0.16 0.52 960.028
0.17 0.52 957.53
0.18 0.52 955.031
0.19 0.52 952.533
0.2 0.52 950.035
0.21 0.52 947.536
0.22 0.52 945.038
0.23 0.52 942.54
0.24 0.52 940.041
0.25 0.52 937.543
0.26 0.52 935.044
0.27 0.52 932.546
0.28 0.52 930.048
0.29 0.52 927.549
0.3 0.52 925.051
0.31 0.52 922.552
0.32 0.52 920.054
0.33 0.52 917.556
0.34 0.52 915.057
0.35 0.52 912.559
0.36 0.52 910.06
0.37 0.52 907.562
0.38 0.52 905.063
0.39 0.52 902.565
0.4 0.52 900.066
0.41 0.52 897.567
0.42 0.52 895.069
0.43 0.52 892.57
0.44 0.52 890.072
0.45 0.52 887.573
0.46 0.52 885.074
0.47 0.52 882.576
0.48 0.52 880.077
0.49 0.52 877.578
0.5 0.52 875.08
0.51 0.52 872.581
0.52 0.52 870.082
0.53 0.52 867.583
0.54 0.52 865.085
0.55 0.52 862.586
0.56 0.52 860.087
0.57 0.52 857.588
0.58 0.52 855.089
0.59 0.52 852.59
0.6 0.52 850.092
0.61 0.52 847.593
0.62 0.52 845.094
0.63 0.52 842.595
0.64 0.52 840.096
0.65 0.52 837.597
0.66 0.52 835.098
0.67 0.52 832.599
0.68 0.52 830.099
0.69 0.52 827.6
0.7 0.52 825.101
0.71 0.52 822.602
0.72 0.52 820.103
0.73 0.52 817.604
0.74 0.52 815.104
0.75 0.52 812.605
0.76 0.52 810.106
0.77 0.52 807.607
0.78 0.52 805.107
0.79 0.52 802.608
0.8 0.52 800.109
0.81 0.52 797.609
0.82 0.52 795.11
0.83 0.52 792.61
0.84 0.52 790.111
0.85 0.52 787.611
0.86 0.52 785.112
0.87 0.52 782.612
0.88 0.52 780.113
0.89 0.52 777.613
0.9 0.52 775.113
0.91 0.52 772.614
0.92 0.52 770.114
0.93 0.52 767.614
0.94 0.52 765.114
0.95 0.52 762.615
0.96 0.52 760.115
0.97 0.52 757.615
0.98 0.52 755.115
0.99 0.52 752.615
1 0.52 750.115
1.01 0.52 747.615
1.02 0.52 745.115
1.03 0.52 742.615
1.04 0.52 740.115
1.05 0.52 737.615
1.06 0.52 735.115
1.07 0.52 732.615
1.08 0.52 730.115
1.09 0.52 727.615
1.1 0.52 725.114
1.11 0.52 722.614
1.12 0.52 720.114
1.13 0.52 717.614
1.14 0.52 715.113
1.15 0.52 712.613
1.16 0.52 710.112
1.17 0.52 707.612
1.18 0.52 705.112
1.19 0.52 702.611
1.2 0.52 700.111
1.21 0.52 697.61
1.22 0.52 695.11
1.23 0.52 692.609
1.24 0.52 690.108
1.25 0.52 687.608
1.26 0.52 685.107
1.27 0.52 682.606
1.28 0.52 680.106
1.29 0.52 677.605
1.3 0.52 675.104
1.31 0.52 672.603
1.32 0.52 670.102
1.33 0.52 667.602
1.34 0.52 665.101
1.35 0.52 662.6
1.36 0.52 660.099
1.37 0.52 657.598
1.38 0.52 655.097
1.39 0.52 652.596
1.4 0.52 650.095
1.41 0.52 647.594
1.42 0.52 645.093
1.43 0.52 642.592
1.44 0.52 640.09
1.45 0.52 637.589
1.46 0.52 635.088
1.47 0.52 632.587
1.48 0.52 630.086
1.49 0.52 627.584
1.5 0.52 625.083
1.51 0.52 622.582
1.52 0.52 620.081
1.53 0.52 617.579
1.54 0.52 615.078
1.55 0.52 612.577
1.56 0.52 610.075
1.57 0.52 607.574
1.58 0.52 605.072
1.59 0.52 602.571
1.6 0.52 600.069
1.61 0.52 597.568
1.62 0.52 595.066
1.63 0.52 592.565
1.64 0.52 590.063
1.65 0.52 587.562
1.66 0.52 585.06
1.67 0.52 582.559
1.68 0.52 580.057
1.69 0.52 577.555
1.7 0.52 575.054
1.71 0.52 572.552
1.72 0.52 570.05
1.73 0.52 567.549
1.74 0.52 565.047
1.75 0.52 562.545
1.76 0.52 560.044
1.77 0.52 557.542
1.78 0.52 555.04
1.79 0.52 552.538
1.8 0.52 550.037
1.81 0.52 547.535
1.82 0.52 545.033
1.83 0.52 542.531
1.84 0.52 540.029
1.85 0.52 537.528
1.86 0.52 535.026
1.87 0.52 532.524
1.88 0.52 530.022
1.89 0.52 527.52
1.9 0.52 525.019
1.91 0.52 522.517
1.92 0.52 520.015
1.93 0.52 517.513
1.94 0.52 515.011
1.95 0.52 512.509
1.96 0.52 510.007
1.97 0.52 507.506
1.98 0.52 505.004
1.99 0.52 502.502
2 0.52 500

0 0.53 1000
0.01 0.53 997.502
0.02 0.53 995.004
0.03 0.53 992.505
0.04 0.53 990.007
0.05 0.53 987.509
0.06 0.53 985.011
0.07 0.53 982.512
0.08 0.53 980.014
0.09 0.53 977.516
0.1 0.53 975.017
0.11 0.53 972.519
0.12 0.53 970.021
0.13 0.53 967.523
0.14 0.53 965.024
0.15 0.53 962.526
0.16 0.53 960.028
0.17 0.53 957.53
0.18 0.53 955.031
0.19 0.53 952.533
0.2 0.53 950.035
0.21 0.53 947.536
0.22 0.53 945.038
0.23 0.53 942.54
0.24 0.53 940.041
0.25 0.53 937.543
0.26 0.53 935.044
0.27 0.53 932.546
0.28 0.53 930.048
0.29 0.53 927.549
0.3 0.53 925.051
0.31 0.53 922.552
0.32 0.53 920.054
0.33 0.53 917.556
0.34 0.53 915.057
0.35 0.53 912.559
0.36 0.53 910.06
0.37 0.53 907.562
0.38 0.53 905.063
0.39 0.53 902.565
0.4 0.53 900.066
0.41 0.53 897.567
0.42 0.53 895.069
0.43 0.53 892.57
0.44 0.53 890.072
0.45 0.53 887.573
0.46 0.53 885.074
0.47 0.53 882.576
0.48 0.53 880.077
0.49 0.53 877.578
0.5 0.53 875.08
0.51 0.53 872.581
0.52 0.53 870.082
0.53 0.53 867.583
0.54 0.53 865.085
0.55 0.53 862.586
0.56 0.53 860.087
0.57 0.53 857.588
0.58 0.53 855.089
0.59 0.53 852.59
0.6 0.53 850.092
0.61 0.53 847.593
0.62 0.53 845.094
0.63 0.53 842.595
0.64 0.53 840.096
0.65 0.53 837.597
0.66 0.53 835.098
0.67 0.53 832.599
0.68 0.53 830.099
0.69 0.53 827.6
0.7 0.53 825.101
0.71 0.53 822.602
0.72 0.53 820.103
0.73 0.53 817.604
0.74 0.53 815.104
0.75 0.53 812.605
0.76 0.53 810.106
0.77 0.53 807.607
0.78 0.53 805.107
0.79 0.53 802.608
0.8 0.53 800.109
0.81 0.53 797.609
0.82 0.53 795.11
0.83 0.53 792.61
0.84 0.53 790.111
0.85 0.53 787.611
0.86 0.53 785.112
0.87 0.53 782.612
0.88 0.53 780.113
0.89 0.53 777.613
0.9 0.53 775.113
0.91 0.53 772.614
0.92 0.53 770.114
0.93 0.53 767.614
0.94 0.53 765.114
0.95 0.53 762.615
0.96 0.53 760.115
0.97 0.53 757.615
0.98 0.53 755.115
0.99 0.53 752.615
1 0.53 750.115
1.01 0.53 747.615
1.02 0.53 745.115
1.03 0.53 742.615
1.04 0.53 740.115
1.05 0.53 737.615
1.06 0.53 735.115
1.07 0.53 732.615
1.08 0.53 730.115
1.09 0.53 727.615
1.1 0.53 725.114
1.11 0.53 722.614
1.12 0.53 720.114
1.13 0.53 717.614
1.14 0.53 715.113
1.15 0.53 712.613
1.16 0.53 710.112
1.17 0.53 707.612
1.18 0.53 705.112
1.19 0.53 702.611
1.2 0.53 700.111
1.21 0.53 697.61
1.22 0.53 695.11
1.23 0.53 692.609
1.24 0.53 690.108
1.25 0.53 687.608
1.26 0.53 685.107
1.27 0.53 682.606
1.28 0.53 680.106
1.29 0.53 677.605
1.3 0.53 675.104
1.31 0.53 672.603
1.32 0.53 670.102
1.33 0.53 667.602
1.34 0.53 665.101
1.35 0.53 662.6
1.36 0.53 660.099
1.37 0.53 657.598
1.38 0.53 655.097
1.39 0.53 652.596
1.4 0.53 650.095
1.41 0.53 647.594
1.42 0.53 645.093
1.43 0.53 642.592
1.44 0.53 640.09
1.45 0.53 637.589
1.46 0.53 635.088
1.47 0.53 632.587
1.48 0.53 630.086
1.49 0.53 627.584
1.5 0.53 625.083
1.51 0.53 622.582
1.52 0.53 620.081
1.53 0.53 617.579
1.54 0.53 615.078
1.55 0.53 612.577
1.56 0.53 610.075
1.57 0.53 607.574
1.58 0.53 605.072
1.59 0.53 602.571
1.6 0.53 600.069
1.61 0.53 597.568
1.62 0.53 595.066
1.63 0.53 592.565
1.64 0.53 590.063
1.65 0.53 587.562
1.66 0.53 585.06
1.67 0.53 582.559
1.68 0.53 580.057
1.69 0.53 577.555
1.7 0.53 575.054
1.71 0.53 572.552
1.72 0.53 570.05
1.73 0.53 567.549
1.74 0.53 565.047
1.75 0.53 562.545
1.76 0.53 560.044
1.77 0.53 557.542
1.78 0.53 555.04
1.79 0.53 552.538
1.8 0.53 550.037
1.81 0.53 547.535
1.82 0.53 545.033
1.83 0.53 542.531
1.84 0.53 540.029
1.85 0.53 537.528
1.86 0.53 535.026
1.87 0.53 532.524
1.88 0.53 530.022
1.89 0.53 527.52
1.9 0.53 525.019
1.91 0.53 522.517
1.92 0.53 520.015
1.93 0.53 517.513
1.94 0.53 515.011
1.95 0.53 512.509
1.96 0.53 510.007
1.97 0.53 507.506
1.98 0.53 505.004
1.99 0.53 502.502
2 0.53 500

0 0.54 1000
0.01 0.54 997.502
0.02 0.54 995.004
0.03 0.54 992.505
0.04 0.54 990.007
0.05 0.54 987.509
0.06 0.54 985.011
0.07 0.54 982.512
0.08 0.54 980.014
0.09 0.54 977.516
0.1 0.54 975.017
0.11 0.54 972.519
0.12 0.54 970.021
0.13 0.54 967.523
0.14 0.54 965.024
0.15 0.54 962.526
0.16 0.54 960.028
0.17 0.54 957.53
0.18 0.54 955.031
0.19 0.54 952.533
0.2 0.54 950.035
0.21 0.54 947.536
0.22 0.54 945.038
0.23 0.54 942.54
0.24 0.54 940.041
0.25 0.54 937.543
0.26 0.54 935.044
0.27 0.54 932.546
0.28 0.54 930.048
0.29 0.54 927.549
0.3 0.54 925.051
0.31 0.54 922.552
0.32 0.54 920.054
0.33 0.54 917.556
0.34 0.54 915.057
0.35 0.54 912.559
0.36 0.54 910.06
0.37 0.54 907.562
0.38 0.54 905.063
0.39 0.54 902.565
0.4 0.54 900.066
0.41 0.54 897.567
0.42 0.54 895.069
0.43 0.54 892.57
0.44 0.54 890.072
0.45 0.54 887.573
0.46 0.54 885.074
0.47 0.54 882.576
0.48 0.54 880.077
0.49 0.54 877.578
0.5 0.54 875.08
0.51 0.54 872.581
0.52 0.54 870.082
0.53 0.54 867.583
0.54 0.54 865.085
0.55 0.54 862.586
0.56 0.54 860.087
0.57 0.54 857.588
0.58 0.54 855.089
0.59 0.54 852.59
0.6 0.54 850.092
0.61 0.54 847.593
0.62 0.54 845.094
0.63 0.54 842.595
0.64 0.54 840.096
0.65 0.54 837.597
0.66 0.54 835.098
0.67 0.54 832.599
0.68 0.54 830.099
0.69 0.54 827.6
0.7 0.54 825.101
0.71 0.54 822.602
0.72 0.54 820.103
0.73 0.54 817.604
0.74 0.54 815.104
0.75 0.54 812.605
0.76 0.54 810.106
0.77 0.54 807.607
0.78 0.54 805.107
0.79 0.54 802.608
0.8 0.54 800.109
0.81 0.54 797.609
0.82 0.54 795.11
0.83 0.54 792.61
0.84 0.54 790.111
0.85 0.54 787.611
0.86 0.54 785.112
0.87 0.54 782.612
0.88 0.54 780.113
0.89 0.54 777.613
0.9 0.54 775.113
0.91 0.54 772.614
0.92 0.54 770.114
0.93 0.54 767.614
0.94 0.54 765.114
0.95 0.54 762.615
0.96 0.54 760.115
0.97 0.54 757.615
0.98 0.54 755.115
0.99 0.54 752.615
1 0.54 750.115
1.01 0.54 747.615
1.02 0.54 745.115
1.03 0.54 742.615
1.04 0.54 740.115
1.05 0.54 737.615
1.06 0.54 735.115
1.07 0.54 732.615
1.08 0.54 730.115
1.09 0.54 727.615
1.1 0.54 725.114
1.11 0.54 722.614
1.12 0.54 720.114
1.13 0.54 717.614
1.14 0.54 715.113
1.15 0.54 712.613
1.16 0.54 710.112
1.17 0.54 707.612
1.18 0.54 705.112
1.19 0.54 702.611
1.2 0.54 700.111
1.21 0.54 697.61
1.22 0.54 695.11
1.23 0.54 692.609
1.24 0.54 690.108
1.25 0.54 687.608
1.26 0.54 685.107
1.27 0.54 682.606
1.28 0.54 680.106
1.29 0.54 677.605
1.3 0.54 675.104
1.31 0.54 672.603
1.32 0.54 670.102
1.33 0.54 667.602
1.34 0.54 665.101
1.35 0.54 662.6
1.36 0.54 660.099
1.37 0.54 657.598
1.38 0.54 655.097
1.39 0.54 652.596
1.4 0.54 650.095
1.41 0.54 647.594
1.42 0.54 645.093
1.43 0.54 642.592
1.44 0.54 640.09
1.45 0.54 637.589
1.46 0.54 635.088
1.47 0.54 632.587
1.48 0.54 630.086
1.49 0.54 627.584
1.5 0.54 625.083
1.51 0.54 622.582
1.52 0.54 620.081
1.53 0.54 617.579
1.54 0.54 615.078
1.55 0.54 612.577
1.56 0.54 610.075
1.57 0.54 607.574
1.58 0.54 605.072
1.59 0.54 602.571
1.6 0.54 600.069
1.61 0.54 597.568
1.62 0.54 595.066
1.63 0.54 592.565
1.64 0.54 590.063
1.65 0.54 587.562
1.66 0.54 585.06
1.67 0.54 582.559
1.68 0.54 580.057
1.69 0.54 577.555
1.7 0.54 575.054
1.71 0.54 572.552
1.72 0.54 570.05
1.73 0.54 567.549
1.74 0.54 565.047
1.75 0.54 562.545
1.76 0.54 560.044
1.77 0.54 557.542
1.78 0.54 555.04
1.79 0.54 552.538
1.8 0.54 550.037
1.81 0.54 547.535
1.82 0.54 545.033
1.83 0.54 542.531
1.84 0.54 540.029
1.85 0.54 537.528
1.86 0.54 535.026
1.87 0.54 532.524
1.88 0.54 530.022
1.89 0.54 527.52
1.9 0.54 525.019
1.91 0.54 522.517
1.92 0.54 520.015
1.93 0.54 517.513
1.94 0.54 515.011
1.95 0.54 512.509
1.96 0.54 510.007
1.97 0.54 507.506
1.98 0.54 505.004
1.99 0.54 502.502
2 0.54 500

0 0.55 1000
0.01 0.55 997.502
0.02 0.55 995.004
0.03 0.55 992.505
0.04 0.55 990.007
0.05 0.55 987.509
0.06 0.55 985.011
0.07 0.55 982.512
0.08 0.55 980.014
0.09 0.55 977.516
0.1 0.55 975.017
0.11 0.55 972.519
0.12 0.55 970.021
0.13 0.55 967.523
0.14 0.55 965.024
0.15 0.55 962.526
0.16 0.55 960.028
0.17 0.55 957.53
0.18 0.55 955.031
0.19 0.55 952.533
0.2 0.55 950.035
0.21 0.55 947.536
0.22 0.55 945.038
0.23 0.55 942.54
0.24 0.55 940.041
0.25 0.55 937.543
0.26 0.55 935.044
0.27 0.55 932.546
0.28 0.55 930.048
0.29 0.55 927.549
0.3 0.55 925.051
0.31 0.55 922.552
0.32 0.55 920.054
0.33 0.55 917.556
0.34 0.55 915.057
0.35 0.55 912.559
0.36 0.55 910.06
0.37 0.55 907.562
0.38 0.55 905.063
0.39 0.55 902.565
0.4 0.55 900.066
0.41 0.55 897.567
0.42 0.55 895.069
0.43 0.55 892.57
0.44 0.55 890.072
0.45 0.55 887.573
0.46 0.55 885.074
0.47 0.55 882.576
0.48 0.55 880.077
0.49 0.55 877.578
0.5 0.55 875.08
0.51 0.55 872.581
0.52 0.55 870.082
0.53 0.55 867.583
0.54 0.55 865.085
0.55 0.55 862.586
0.56 0.55 860.087
0.57 0.55 857.588
0.58 0.55 855.089
0.59 0.55 852.59
0.6 0.55 850.092
0.61 0.55 847.593
0.62 0.55 845.094
0.63 0.55 842.595
0.64 0.55 840.096
0.65 0.55 837.597
0.66 0.55 835.098
0.67 0.55 832.599
0.68 0.55 830.099
0.69 0.55 827.6
0.7 0.55 825.101
0.71 0.55 822.602
0.72 0.55 820.103
0.73 0.55 817.604
0.74 0.55 815.104
0.75 0.55 812.605
0.76 0.55 810.106
0.77 0.55 807.607
0.78 0.55 805.107
0.79 0.55 802.608
0.8 0.55 800.109
0.81 0.55 797.609
0.82 0.55 795.11
0.83 0.55 792.61
0.84 0.55 790.111
0.85 0.55 787.611
0.86 0.55 785.112
0.87 0.55 782.612
0.88 0.55 780.113
0.89 0.55 777.613
0.9 0.55 775.113
0.91 0.55 772.614
0.92 0.55 770.114
0.93 0.55 767.614
0.94 0.55 765.114
0.95 0.55 762.615
0.96 0.55 760.115
0.97 0.55 757.615
0.98 0.55 755.115
0.99 0.55 752.615
1 0.55 750.115
1.01 0.55 747.615
1.02 0.55 745.115
1.03 0.55 742.615
1.04 0.55 740.115
1.05 0.55 737.615
1.06 0.55 735.115
1.07 0.55 732.615
1.08 0.55 730.115
1.09 0.55 727.615
1.1 0.55 725.114
1.11 0.55 722.614
1.12 0.55 720.114
1.13 0.55 717.614
1.14 0.55 715.113
1.15 0.55 712.613
1.16 0.55 710.112
1.17 0.55 707.612
1.18 0.55 705.112
1.19 0.55 702.611
1.2 0.55 700.111
1.21 0.55 697.61
1.22 0.55 695.11
1.23 0.55 692.609
1.24 0.55 690.108
1.25 0.55 687.608
1.26 0.55 685.107
1.27 0.55 682.606
1.28 0.55 680.106
1.29 0.55 677.605
1.3 0.55 675.104
1.31 0.55 672.603
1.32 0.55 670.102
1.33 0.55 667.602
1.34 0.55 665.101
1.35 0.55 662.6
1.36 0.55 660.099
1.37 0.55 657.598
1.38 0.55 655.097
1.39 0.55 652.596
1.4 0.55 650.095
1.41 0.55 647.594
1.42 0.55 645.093
1.43 0.55 642.592
1.44 0.55 640.09
1.45 0.55 637.589
1.46 0.55 635.088
1.47 0.55 632.587
1.48 0.55 630.086
1.49 0.55 627.584
1.5 0.55 625.083
1.51 0.55 622.582
1.52 0.55 620.081
1.53 0.55 617.579
1.54 0.55 615.078
1.55 0.55 612.577
1.56 0.55 610.075
1.57 0.55 607.574
1.58 0.55 605.072
1.59 0.55 602.571
1.6 0.55 600.069
1.61 0.55 597.568
1.62 0.55 595.066
1.63 0.55 592.565
1.64 0.55 590.063
1.65 0.55 587.562
1.66 0.55 585.06
1.67 0.55 582.559
1.68 0.55 580.057
1.69 0.55 577.555
1.7 0.55 575.054
1.71 0.55 572.552
1.72 0.55 570.05
1.73 0.55 567.549
1.74 0.55 565.047
1.75 0.55 562.545
1.76 0.55 560.044
1.77 0.55 557.542
1.78 0.55 555.04
1.79 0.55 552.538
1.8 0.55 550.037
1.81 0.55 547.535
1.82 0.55 545.033
1.83 0.55 542.531
1.84 0.55 540.029
1.85 0.55 537.528
1.86 0.55 535.026
1.87 0.55 532.524
1.88 0.55 530.022
1.89 0.55 527.52
1.9 0.55 525.019
1.91 0.55 522.517
1.92 0.55 520.015
1.93 0.55 517.513
1.94 0.55 515.011
1.95 0.55 512.509
1.96 0.55 510.007
1.97 0.55 507.506
1.98 0.55 505.004
1.99 0.55 502.502
2 0.55 500

0 0.56 1000
0.01 0.56 997.502
0.02 0.56 995.004
0.03 0.56 992.505
0.04 0.56 990.007
0.05 0.56 987.509
0.06 0.56 985.011
0.07 0.56 982.512
0.08 0.56 980.014
0.09 0.56 977.516
0.1 0.56 975.017
0.11 0.56 972.519
0.12 0.56 970.021
0.13 0.56 967.523
0.14 0.56 965.024
0.15 0.56 962.526
0.16 0.56 960.028
0.17 0.56 957.53
0.18 0.56 955.031
0.19 0.56 952.533
0.2 0.56 950.035
0.21 0.56 947.536
0.22 0.56 945.038
0.23 0.56 942.54
0.24 0.56 940.041
0.25 0.56 937.543
0.26 0.56 935.044
0.27 0.56 932.546
0.28 0.56 930.048
0.29 0.56 927.549
0.3 0.56 925.051
0.31 0.56 922.552
0.32 0.56 920.054
0.33 0.56 917.556
0.34 0.56 915.057
0.35 0.56 912.559
0.36 0.56 910.06
0.37 0.56 907.562
0.38 0.56 905.063
0.39 0.56 902.565
0.4 0.56 900.066
0.41 0.56 897.567
0.42 0.56 895.069
0.43 0.56 892.57
0.44 0.56 890.072
0.45 0.56 887.573
0.46 0.56 885.074
0.47 0.56 882.576
0.48 0.56 880.077
0.49 0.56 877.578
0.5 0.56 875.08
0.51 0.56 872.581
0.52 0.56 870.082
0.53 0.56 867.583
0.54 0.56 865.085
0.55 0.56 862.586
0.56 0.56 860.087
0.57 0.56 857.588
0.58 0.56 855.089
0.59 0.56 852.59
0.6 0.56 850.092
0.61 0.56 847.593
0.62 0.56 845.094
0.63 0.56 842.595
0.64 0.56 840.096
0.65 0.56 837.597
0.66 0.56 835.098
0.67 0.56 832.599
0.68 0.56 830.099
0.69 0.56 827.6
0.7 0.56 825.101
0.71 0.56 822.602
0.72 0.56 820.103
0.73 0.56 817.604
0.74 0.56 815.104
0.75 0.56 812.605
0.76 0.56 810.106
0.77 0.56 807.607
0.78 0.56 805.107
0.79 0.56 802.608
0.8 0.56 800.109
0.81 0.56 797.609
0.82 0.56 795.11
0.83 0.56 792.61
0.84 0.56 790.111
0.85 0.56 787.611
0.86 0.56 785.112
0.87 0.56 782.612
0.88 0.56 780.113
0.89 0.56 777.613
0.9 0.56 775.113
0.91 0.56 772.614
0.92 0.56 770.114
0.93 0.56 767.614
0.94 0.56 765.114
0.95 0.56 762.615
0.96 0.56 760.115
0.97 0.56 757.615
0.98 0.56 755.115
0.99 0.56 752.615
1 0.56 750.115
1.01 0.56 747.615
1.02 0.56 745.115
1.03 0.56 742.615
1.04 0.56 740.115
1.05 0.56 737.615
1.06 0.56 735.115
1.07 0.56 732.615
1.08 0.56 730.115
1.09 0.56 727.615
1.1 0.56 725.114
1.11 0.56 722.614
1.12 0.56 720.114
1.13 0.56 717.614
1.14 0.56 715.113
1.15 0.56 712.613
1.16 0.56 710.112
1.17 0.56 707.612
1.18 0.56 705.112
1.19 0.56 702.611
1.2 0.56 700.111
1.21 0.56 697.61
1.22 0.56 695.11
1.23 0.56 692.609
1.24 0.56 690.108
1.25 0.56 687.608
1.26 0.56 685.107
1.27 0.56 682.606
1.28 0.56 680.106
1.29 0.56 677.605
1.3 0.56 675.104
1.31 0.56 672.603
1.32 0.56 670.102
1.33 0.56 667.602
1.34 0.56 665.101
1.35 0.56 662.6
1.36 0.56 660.099
1.37 0.56 657.598
1.38 0.56 655.097
1.39 0.56 652.596
1.4 0.56 650.095
1.41 0.56 647.594
1.42 0.56 645.093
1.43 0.56 642.592
1.44 0.56 640.09
1.45 0.56 637.589
1.46 0.56 635.088
1.47 0.56 632.587
1.48 0.56 630.086
1.49 0.56 627.584
1.5 0.56 625.083
1.51 0.56 622.582
1.52 0.56 620.081
1.53 0.56 617.579
1.54 0.56 615.078
1.55 0.56 612.577
1.56 0.56 610.075
1.57 0.56 607.574
1.58 0.56 605.072
1.59 0.56 602.571
1.6 0.56 600.069
1.61 0.56 597.568
1.62 0.56 595.066
1.63 0.56 592.565
1.64 0.56 590.063
1.65 0.56 587.562
1.66 0.56 585.06
1.67 0.56 582.559
1.68 0.56 580.057
1.69 0.56 577.555
1.7 0.56 575.054
1.71 0.56 572.552
1.72 0.56 570.05
1.73 0.56 567.549
1.74 0.56 565.047
1.75 0.56 562.545
1.76 0.56 560.044
1.77 0.56 557.542
1.78 0.56 555.04
1.79 0.56 552.538
1.8 0.56 550.037
1.81 0.56 547.535
1.82 0.56 545.033
1.83 0.56 542.531
1.84 0.56 540.029
1.85 0.56 537.528
1.86 0.56 535.026
1.87 0.56 532.524
1.88 0.56 530.022
1.89 0.56 527.52
1.9 0.56 525.019
1.91 0.56 522.517
1.92 0.56 520.015
1.93 0.56 517.513
1.94 0.56 515.011
1.95 0.56 512.509
1.96 0.56 510.007
1.97 0.56 507.506
1.98 0.56 505.004
1.99 0.56 502.502
2 0.56 500

0 0.57 1000
0.01 0.57 997.502
0.02 0.57 995.004
0.03 0.57 992.505
0.04 0.57 990.007
0.05 0.57 987.509
0.06 0.57 985.011
0.07 0.57 982.512
0.08 0.57 980.014
0.09 0.57 977.516
0.1 0.57 975.017
0.11 0.57 972.519
0.12 0.57 970.021
0.13 0.57 967.523
0.14 0.57 965.024
0.15 0.57 962.526
0.16 0.57 960.028
0.17 0.57 957.53
0.18 0.57 955.031
0.19 0.57 952.533
0.2 0.57 950.035
0.21 0.57 947.536
0.22 0.57 945.038
0.23 0.57 942.54
0.24 0.57 940.041
0.25 0.57 937.543
0.26 0.57 935.044
0.27 0.57 932.546
0.28 0.57 930.048
0.29 0.57 927.549
0.3 0.57 925.051
0.31 0.57 922.552
0.32 0.57 920.054
0.33 0.57 917.556
0.34 0.57 915.057
0.35 0.57 912.559
0.36 0.57 910.06
0.37 0.57 907.562
0.38 0.57 905.063
0.39 0.57 902.565
0.4 0.57 900.066
0.41 0.57 897.567
0.42 0.57 895.069
0.43 0.57 892.57
0.44 0.57 890.072
0.45 0.57 887.573
0.46 0.57 885.074
0.47 0.57 882.576
0.48 0.57 880.077
0.49 0.57 877.578
0.5 0.57 875.08
0.51 0.57 872.581
0.52 0.57 870.082
0.53 0.57 867.583
0.54 0.57 865.085
0.55 0.57 862.586
0.56 0.57 860.087
0.57 0.57 857.588
0.58 0.57 855.089
0.59 0.57 852.59
0.6 0.57 850.092
0.61 0.57 847.593
0.62 0.57 845.094
0.63 0.57 842.595
0.64 0.57 840.096
0.65 0.57 837.597
0.66 0.57 835.098
0.67 0.57 832.599
0.68 0.57 830.099
0.69 0.57 827.6
0.7 0.57 825.101
0.71 0.57 822.602
0.72 0.57 820.103
0.73 0.57 817.604
0.74 0.57 815.104
0.75 0.57 812.605
0.76 0.57 810.106
0.77 0.57 807.607
0.78 0.57 805.107
0.79 0.57 802.608
0.8 0.57 800.109
0.81 0.57 797.609
0.82 0.57 795.11
0.83 0.57 792.61
0.84 0.57 790.111
0.85 0.57 787.611
0.86 0.57 785.112
0.87 0.57 782.612
0.88 0.57 780.113
0.89 0.57 777.613
0.9 0.57 775.113
0.91 0.57 772.614
0.92 0.57 770.114
0.93 0.57 767.614
0.94 0.57 765.114
0.95 0.57 762.615
0.96 0.57 760.115
0.97 0.57 757.615
0.98 0.57 755.115
0.99 0.57 752.615
1 0.57 750.115
1.01 0.57 747.615
1.02 0.57 745.115
1.03 0.57 742.615
1.04 0.57 740.115
1.05 0.57 737.615
1.06 0.57 735.115
1.07 0.57 732.615
1.08 0.57 730.115
1.09 0.57 727.615
1.1 0.57 725.114
1.11 0.57 722.614
1.12 0.57 720.114
1.13 0.57 717.614
1.14 0.57 715.113
1.15 0.57 712.613
1.16 0.57 710.112
1.17 0.57 707.612
1.18 0.57 705.112
1.19 0.57 702.611
1.2 0.57 700.111
1.21 0.57 697.61
1.22 0.57 695.11
1.23 0.57 692.609
1.24 0.57 690.108
1.25 0.57 687.608
1.26 0.57 685.107
1.27 0.57 682.606
1.28 0.57 680.106
1.29 0.57 677.605
1.3 0.57 675.104
1.31 0.57 672.603
1.32 0.57 670.102
1.33 0.57 667.602
1.34 0.57 665.101
1.35 0.57 662.6
1.36 0.57 660.099
1.37 0.57 657.598
1.38 0.57 655.097
1.39 0.57 652.596
1.4 0.57 650.095
1.41 0.57 647.594
1.42 0.57 645.093
1.43 0.57 642.592
1.44 0.57 640.09
1.45 0.57 637.589
1.46 0.57 635.088
1.47 0.57 632.587
1.48 0.57 630.086
1.49 0.57 627.584
1.5 0.57 625.083
1.51 0.57 622.582
1.52 0.57 620.081
1.53 0.57 617.579
1.54 0.57 615.078
1.55 0.57 612.577
1.56 0.57 610.075
1.57 0.57 607.574
1.58 0.57 605.072
1.59 0.57 602.571
1.6 0.57 600.069
1.61 0.57 597.568
1.62 0.57 595.066
1.63 0.57 592.565
1.64 0.57 590.063
1.65 0.57 587.562
1.66 0.57 585.06
1.67 0.57 582.559
1.68 0.57 580.057
1.69 0.57 577.555
1.7 0.57 575.054
1.71 0.57 572.552
1.72 0.57 570.05
1.73 0.57 567.549
1.74 0.57 565.047
1.75 0.57 562.545
1.76 0.57 560.044
1.77 0.57 557.542
1.78 0.57 555.04
1.79 0.57 552.538
1.8 0.57 550.037
1.81 0.57 547.535
1.82 0.57 545.033
1.83 0.57 542.531
1.84 0.57 540.029
1.85 0.57 537.528
1.86 0.57 535.026
1.87 0.57 532.524
1.88 0.57 530.022
1.89 0.57 527.52
1.9 0.57 525.019
1.91 0.57 522.517
1.92 0.57 520.015
1.93 0.57 517.513
1.94 0.57 515.011
1.95 0.57 512.509
1.96 0.57 510.007
1.97 0.57 507.506
1.98 0.57 505.004
1.99 0.57 502.502
2 0.57 500

0 0.58 1000
0.01 0.58 997.502
0.02 0.58 995.004
0.03 0.58 992.505
0.04 0.58 990.007
0.05 0.58 987.509
0.06 0.58 985.011
0.07 0.58 982.512
0.08 0.58 980.014
0.09 0.58 977.516
0.1 0.58 975.017
0.11 0.58 972.519
0.12 0.58 970.021
0.13 0.58 967.523
0.14 0.58 965.024
0.15 0.58 962.526
0.16 0.58 960.028
0.17 0.58 957.53
0.18 0.58 955.031
0.19 0.58 952.533
0.2 0.58 950.035
0.21 0.58 947.536
0.22 0.58 945.038
0.23 0.58 942.54
0.24 0.58 940.041
0.25 0.58 937.543
0.26 0.58 935.044
0.27 0.58 932.546
0.28 0.58 930.048
0.29 0.58 927.549
0.3 0.58 925.051
0.31 0.58 922.552
0.32 0.58 920.054
0.33 0.58 917.556
0.34 0.58 915.057
0.35 0.58 912.559
0.36 0.58 910.06
0.37 0.58 907.562
0.38 0.58 905.063
0.39 0.58 902.565
0.4 0.58 900.066
0.41 0.58 897.567
0.42 0.58 895.069
0.43 0.58 892.57
0.44 0.58 890.072
0.45 0.58 887.573
0.46 0.58 885.074
0.47 0.58 882.576
0.48 0.58 880.077
0.49 0.58 877.578
0.5 0.58 875.08
0.51 0.58 872.581
0.52 0.58 870.082
0.53 0.58 867.583
0.54 0.58 865.085
0.55 0.58 862.586
0.56 0.58 860.087
0.57 0.58 857.588
0.58 0.58 855.089
0.59 0.58 852.59
0.6 0.58 850.092
0.61 0.58 847.593
0.62 0.58 845.094
0.63 0.58 842.595
0.64 0.58 840.096
0.65 0.58 837.597
0.66 0.58 835.098
0.67 0.58 832.599
0.68 0.58 830.099
0.69 0.58 827.6
0.7 0.58 825.101
0.71 0.58 822.602
0.72 0.58 820.103
0.73 0.58 817.604
0.74 0.58 815.104
0.75 0.58 812.605
0.76 0.58 810.106
0.77 0.58 807.607
0.78 0.58 805.107
0.79 0.58 802.608
0.8 0.58 800.109
0.81 0.58 797.609
0.82 0.58 795.11
0.83 0.58 792.61
0.84 0.58 790.111
0.85 0.58 787.611
0.86 0.58 785.112
0.87 0.58 782.612
0.88 0.58 780.113
0.89 0.58 777.613
0.9 0.58 775.113
0.91 0.58 772.614
0.92 0.58 770.114
0.93 0.58 767.614
0.94 0.58 765.114
0.95 0.58 762.615
0.96 0.58 760.115
0.97 0.58 757.615
0.98 0.58 755.115
0.99 0.58 752.615
1 0.58 750.115
1.01 0.58 747.615
1.02 0.58 745.115
1.03 0.58 742.615
1.04 0.58 740.115
1.05 0.58 737.615
1.06 0.58 735.115
1.07 0.58 732.615
1.08 0.58 730.115
1.09 0.58 727.615
1.1 0.58 725.114
1.11 0.58 722.614
1.12 0.58 720.114
1.13 0.58 717.614
1.14 0.58 715.113
1.15 0.58 712.613
1.16 0.58 710.112
1.17 0.58 707.612
1.18 0.58 705.112
1.19 0.58 702.611
1.2 0.58 700.111
1.21 0.58 697.61
1.22 0.58 695.11
1.23 0.58 692.609
1.24 0.58 690.108
1.25 0.58 687.608
1.26 0.58 685.107
1.27 0.58 682.606
1.28 0.58 680.106
1.29 0.58 677.605
1.3 0.58 675.104
1.31 0.58 672.603
1.32 0.58 670.102
1.33 0.58 667.602
1.34 0.58 665.101
1.35 0.58 662.6
1.36 0.58 660.099
1.37 0.58 657.598
1.38 0.58 655.097
1.39 0.58 652.596
1.4 0.58 650.095
1.41 0.58 647.594
1.42 0.58 645.093
1.43 0.58 642.592
1.44 0.58 640.09
1.45 0.58 637.589
1.46 0.58 635.088
1.47 0.58 632.587
1.48 0.58 630.086
1.49 0.58 627.584
1.5 0.58 625.083
1.51 0.58 622.582
1.52 0.58 620.081
1.53 0.58 617.579
1.54 0.58 615.078
1.55 0.58 612.577
1.56 0.58 610.075
1.57 0.58 607.574
1.58 0.58 605.072
1.59 0.58 602.571
1.6 0.58 600.069
1.61 0.58 597.568
1.62 0.58 595.066
1.63 0.58 592.565
1.64 0.58 590.063
1.65 0.58 587.562
1.66 0.58 585.06
1.67 0.58 582.559
1.68 0.58 580.057
1.69 0.58 577.555
1.7 0.58 575.054
1.71 0.58 572.552
1.72 0.58 570.05
1.73 0.58 567.549
1.74 0.58 565.047
1.75 0.58 562.545
1.76 0.58 560.044
1.77 0.58 557.542
1.78 0.58 555.04
1.79 0.58 552.538
1.8 0.58 550.037
1.81 0.58 547.535
1.82 0.58 545.033
1.83 0.58 542.531
1.84 0.58 540.029
1.85 0.58 537.528
1.86 0.58 535.026
1.87 0.58 532.524
1.88 0.58 530.022
1.89 0.58 527.52
1.9 0.58 525.019
1.91 0.58 522.517
1.92 0.58 520.015
1.93 0.58 517.513
1.94 0.58 515.011
1.95 0.58 512.509
1.96 0.58 510.007
1.97 0.58 507.506
1.98 0.58 505.004
1.99 0.58 502.502
2 0.58 500

0 0.59 1000
0.01 0.59 997.502
0.02 0.59 995.004
0.03 0.59 992.505
0.04 0.59 990.007
0.05 0.59 987.509
0.06 0.59 985.011
0.07 0.59 982.512
0.08 0.59 980.014
0.09 0.59 977.516
0.1 0.59 975.017
0.11 0.59 972.519
0.12 0.59 970.021
0.13 0.59 967.523
0.14 0.59 965.024
0.15 0.59 962.526
0.16 0.59 960.028
0.17 0.59 957.53
0.18 0.59 955.031
0.19 0.59 952.533
0.2 0.59 950.035
0.21 0.59 947.536
0.22 0.59 945.038
0.23 0.59 942.54
0.24 0.59 940.041
0.25 0.59 937.543
0.26 0.59 935.044
0.27 0.59 932.546
0.28 0.59 930.048
0.29 0.59 927.549
0.3 0.59 925.051
0.31 0.59 922.552
0.32 0.59 920.054
0.33 0.59 917.556
0.34 0.59 915.057
0.35 0.59 912.559
0.36 0.59 910.06
0.37 0.59 907.562
0.38 0.59 905.063
0.39 0.59 902.565
0.4 0.59 900.066
0.41 0.59 897.567
0.42 0.59 895.069
0.43 0.59 892.57
0.44 0.59 890.072
0.45 0.59 887.573
0.46 0.59 885.074
0.47 0.59 882.576
0.48 0.59 880.077
0.49 0.59 877.578
0.5 0.59 875.08
0.51 0.59 872.581
0.52 0.59 870.082
0.53 0.59 867.583
0.54 0.59 865.085
0.55 0.59 862.586
0.56 0.59 860.087
0.57 0.59 857.588
0.58 0.59 855.089
0.59 0.59 852.59
0.6 0.59 850.092
0.61 0.59 847.593
0.62 0.59 845.094
0.63 0.59 842.595
0.64 0.59 840.096
0.65 0.59 837.597
0.66 0.59 835.098
0.67 0.59 832.599
0.68 0.59 830.099
0.69 0.59 827.6
0.7 0.59 825.101
0.71 0.59 822.602
0.72 0.59 820.103
0.73 0.59 817.604
0.74 0.59 815.104
0.75 0.59 812.605
0.76 0.59 810.106
0.77 0.59 807.607
0.78 0.59 805.107
0.79 0.59 802.608
0.8 0.59 800.109
0.81 0.59 797.609
0.82 0.59 795.11
0.83 0.59 792.61
0.84 0.59 790.111
0.85 0.59 787.611
0.86 0.59 785.112
0.87 0.59 782.612
0.88 0.59 780.113
0.89 0.59 777.613
0.9 0.59 775.113
0.91 0.59 772.614
0.92 0.59 770.114
0.93 0.59 767.614
0.94 0.59 765.114
0.95 0.59 762.615
0.96 0.59 760.115
0.97 0.59 757.615
0.98 0.59 755.115
0.99 0.59 752.615
1 0.59 750.115
1.01 0.59 747.615
1.02 0.59 745.115
1.03 0.59 742.615
1.04 0.59 740.115
1.05 0.59 737.615
1.06 0.59 735.115
1.07 0.59 732.615
1.08 0.59 730.115
1.09 0.59 727.615
1.1 0.59 725.114
1.11 0.59 722.614
1.12 0.59 720.114
1.13 0.59 717.614
1.14 0.59 715.113
1.15 0.59 712.613
1.16 0.59 710.112
1.17 0.59 707.612
1.18 0.59 705.112
1.19 0.59 702.611
1.2 0.59 700.111
1.21 0.59 697.61
1.22 0.59 695.11
1.23 0.59 692.609
1.24 0.59 690.108
1.25 0.59 687.608
1.26 0.59 685.107
1.27 0.59 682.606
1.28 0.59 680.106
1.29 0.59 677.605
1.3 0.59 675.104
1.31 0.59 672.603
1.32 0.59 670.102
1.33 0.59 667.602
1.34 0.59 665.101
1.35 0.59 662.6
1.36 0.59 660.099
1.37 0.59 657.598
1.38 0.59 655.097
1.39 0.59 652.596
1.4 0.59 650.095
1.41 0.59 647.594
1.42 0.59 645.093
1.43 0.59 642.592
1.44 0.59 640.09
1.45 0.59 637.589
1.46 0.59 635.088
1.47 0.59 632.587
1.48 0.59 630.086
1.49 0.59 627.584
1.5 0.59 625.083
1.51 0.59 622.582
1.52 0.59 620.081
1.53 0.59 617.579
1.54 0.59 615.078
1.55 0.59 612.577
1.56 0.59 610.075
1.57 0.59 607.574
1.58 0.59 605.072
1.59 0.59 602.571
1.6 0.59 600.069
1.61 0.59 597.568
1.62 0.59 595.066
1.63 0.59 592.565
1.64 0.59 590.063
1.65 0.59 587.562
1.66 0.59 585.06
1.67 0.59 582.559
1.68 0.59 580.057
1.69 0.59 577.555
1.7 0.59 575.054
1.71 0.59 572.552
1.72 0.59 570.05
1.73 0.59 567.549
1.74 0.59 565.047
1.75 0.59 562.545
1.76 0.59 560.044
1.77 0.59 557.542
1.78 0.59 555.04
1.79 0.59 552.538
1.8 0.59 550.037
1.81 0.59 547.535
1.82 0.59 545.033
1.83 0.59 542.531
1.84 0.59 540.029
1.85 0.59 537.528
1.86 0.59 535.026
1.87 0.59 532.524
1.88 0.59 530.022
1.89 0.59 527.52
1.9 0.59 525.019
1.91 0.59 522.517
1.92 0.59 520.015
1.93 0.59 517.513
1.94 0.59 515.011
1.95 0.59 512.509
1.96 0.59 510.007
1.97 0.59 507.506
1.98 0.59 505.004
1.99 0.59 502.502
2 0.59 500

0 0.6 1000
0.01 0.6 997.502
0.02 0.6 995.004
0.03 0.6 992.505
0.04 0.6 990.007
0.05 0.6 987.509
0.06 0.6 985.011
0.07 0.6 982.512
0.08 0.6 980.014
0.09 0.6 977.516
0.1 0.6 975.017
0.11 0.6 972.519
0.12 0.6 970.021
0.13 0.6 967.523
0.14 0.6 965.024
0.15 0.6 962.526
0.16 0.6 960.028
0.17 0.6 957.53
0.18 0.6 955.031
0.19 0.6 952.533
0.2 0.6 950.035
0.21 0.6 947.536
0.22 0.6 945.038
0.23 0.6 942.54
0.24 0.6 940.041
0.25 0.6 937.543
0.26 0.6 935.044
0.27 0.6 932.546
0.28 0.6 930.048
0.29 0.6 927.549
0.3 0.6 925.051
0.31 0.6 922.552
0.32 0.6 920.054
0.33 0.6 917.556
0.34 0.6 915.057
0.35 0.6 912.559
0.36 0.6 910.06
0.37 0.6 907.562
0.38 0.6 905.063
0.39 0.6 902.565
0.4 0.6 900.066
0.41 0.6 897.567
0.42 0.6 895.069
0.43 0.6 892.57
0.44 0.6 890.072
0.45 0.6 887.573
0.46 0.6 885.074
0.47 0.6 882.576
0.48 0.6 880.077
0.49 0.6 877.578
0.5 0.6 875.08
0.51 0.6 872.581
0.52 0.6 870.082
0.53 0.6 867.583
0.54 0.6 865.085
0.55 0.6 862.586
0.56 0.6 860.087
0.57 0.6 857.588
0.58 0.6 855.089
0.59 0.6 852.59
0.6 0.6 850.092
0.61 0.6 847.593
0.62 0.6 845.094
0.63 0.6 842.595
0.64 0.6 840.096
0.65 0.6 837.597
0.66 0.6 835.098
0.67 0.6 832.599
0.68 0.6 830.099
0.69 0.6 827.6
0.7 0.6 825.101
0.71 0.6 822.602
0.72 0.6 820.103
0.73 0.6 817.604
0.74 0.6 815.104
0.75 0.6 812.605
0.76 0.6 810.106
0.77 0.6 807.607
0.78 0.6 805.107
0.79 0.6 802.608
0.8 0.6 800.109
0.81 0.6 797.609
0.82 0.6 795.11
0.83 0.6 792.61
0.84 0.6 790.111
0.85 0.6 787.611
0.86 0.6 785.112
0.87 0.6 782.612
0.88 0.6 780.113
0.89 0.6 777.613
0.9 0.6 775.113
0.91 0.6 772.614
0.92 0.6 770.114
0.93 0.6 767.614
0.94 0.6 765.114
0.95 0.6 762.615
0.96 0.6 760.115
0.97 0.6 757.615
0.98 0.6 755.115
0.99 0.6 752.615
1 0.6 750.115
1.01 0.6 747.615
1.02 0.6 745.115
1.03 0.6 742.615
1.04 0.6 740.115
1.05 0.6 737.615
1.06 0.6 735.115
1.07 0.6 732.615
1.08 0.6 730.115
1.09 0.6 727.615
1.1 0.6 725.114
1.11 0.6 722.614
1.12 0.6 720.114
1.13 0.6 717.614
1.14 0.6 715.113
1.15 0.6 712.613
1.16 0.6 710.112
1.17 0.6 707.612
1.18 0.6 705.112
1.19 0.6 702.611
1.2 0.6 700.111
1.21 0.6 697.61
1.22 0.6 695.11
1.23 0.6 692.609
1.24 0.6 690.108
1.25 0.6 687.608
1.26 0.6 685.107
1.27 0.6 682.606
1.28 0.6 680.106
1.29 0.6 677.605
1.3 0.6 675.104
1.31 0.6 672.603
1.32 0.6 670.102
1.33 0.6 667.602
1.34 0.6 665.101
1.35 0.6 662.6
1.36 0.6 660.099
1.37 0.6 657.598
1.38 0.6 655.097
1.39 0.6 652.596
1.4 0.6 650.095
1.41 0.6 647.594
1.42 0.6 645.093
1.43 0.6 642.592
1.44 0.6 640.09
1.45 0.6 637.589
1.46 0.6 635.088
1.47 0.6 632.587
1.48 0.6 630.086
1.49 0.6 627.584
1.5 0.6 625.083
1.51 0.6 622.582
1.52 0.6 620.081
1.53 0.6 617.579
1.54 0.6 615.078
1.55 0.6 612.577
1.56 0.6 610.075
1.57 0.6 607.574
1.58 0.6 605.072
1.59 0.6 602.571
1.6 0.6 600.069
1.61 0.6 597.568
1.62 0.6 595.066
1.63 0.6 592.565
1.64 0.6 590.063
1.65 0.6 587.562
1.66 0.6 585.06
1.67 0.6 582.559
1.68 0.6 580.057
1.69 0.6 577.555
1.7 0.6 575.054
1.71 0.6 572.552
1.72 0.6 570.05
1.73 0.6 567.549
1.74 0.6 565.047
1.75 0.6 562.545
1.76 0.6 560.044
1.77 0.6 557.542
1.78 0.6 555.04
1.79 0.6 552.538
1.8 0.6 550.037
1.81 0.6 547.535
1.82 0.6 545.033
1.83 0.6 542.531
1.84 0.6 540.029
1.85 0.6 537.528
1.86 0.6 535.026
1.87 0.6 532.524
1.88 0.6 530.022
1.89 0.6 527.52
1.9 0.6 525.019
1.91 0.6 522.517
1.92 0.6 520.015
1.93 0.6 517.513
1.94 0.6 515.011
1.95 0.6 512.509
1.96 0.6 510.007
1.97 0.6 507.506
1.98 0.6 505.004
1.99 0.6 502.502
2 0.6 500

0 0.61 1000
0.01 0.61 997.502
0.02 0.61 995.004
0.03 0.61 992.505
0.04 0.61 990.007
0.05 0.61 987.509
0.06 0.61 985.011
0.07 0.61 982.512
0.08 0.61 980.014
0.09 0.61 977.516
0.1 0.61 975.017
0.11 0.61 972.519
0.12 0.61 970.021
0.13 0.61 967.523
0.14 0.61 965.024
0.15 0.61 962.526
0.16 0.61 960.028
0.17 0.61 957.53
0.18 0.61 955.031
0.19 0.61 952.533
0.2 0.61 950.035
0.21 0.61 947.536
0.22 0.61 945.038
0.23 0.61 942.54
0.24 0.61 940.041
0.25 0.61 937.543
0.26 0.61 935.044
0.27 0.61 932.546
0.28 0.61 930.048
0.29 0.61 927.549
0.3 0.61 925.051
0.31 0.61 922.552
0.32 0.61 920.054
0.33 0.61 917.556
0.34 0.61 915.057
0.35 0.61 912.559
0.36 0.61 910.06
0.37 0.61 907.562
0.38 0.61 905.063
0.39 0.61 902.565
0.4 0.61 900.066
0.41 0.61 897.567
0.42 0.61 895.069
0.43 0.61 892.57
0.44 0.61 890.072
0.45 0.61 887.573
0.46 0.61 885.074
0.47 0.61 882.576
0.48 0.61 880.077
0.49 0.61 877.578
0.5 0.61 875.08
0.51 0.61 872.581
0.52 0.61 870.082
0.53 0.61 867.583
0.54 0.61 865.085
0.55 0.61 862.586
0.56 0.61 860.087
0.57 0.61 857.588
0.58 0.61 855.089
0.59 0.61 852.59
0.6 0.61 850.092
0.61 0.61 847.593
0.62 0.61 845.094
0.63 0.61 842.595
0.64 0.61 840.096
0.65 0.61 837.597
0.66 0.61 835.098
0.67 0.61 832.599
0.68 0.61 830.099
0.69 0.61 827.6
0.7 0.61 825.101
0.71 0.61 822.602
0.72 0.61 820.103
0.73 0.61 817.604
0.74 0.61 815.104
0.75 0.61 812.605
0.76 0.61 810.106
0.77 0.61 807.607
0.78 0.61 805.107
0.79 0.61 802.608
0.8 0.61 800.109
0.81 0.61 797.609
0.82 0.61 795.11
0.83 0.61 792.61
0.84 0.61 790.111
0.85 0.61 787.611
0.86 0.61 785.112
0.87 0.61 782.612
0.88 0.61 780.113
0.89 0.61 777.613
0.9 0.61 775.113
0.91 0.61 772.614
0.92 0.61 770.114
0.93 0.61 767.614
0.94 0.61 765.114
0.95 0.61 762.615
0.96 0.61 760.115
0.97 0.61 757.615
0.98 0.61 755.115
0.99 0.61 752.615
1 0.61 750.115
1.01 0.61 747.615
1.02 0.61 745.115
1.03 0.61 742.615
1.04 0.61 740.115
1.05 0.61 737.615
1.06 0.61 735.115
1.07 0.61 732.615
1.08 0.61 730.115
1.09 0.61 727.615
1.1 0.61 725.114
1.11 0.61 722.614
1.12 0.61 720.114
1.13 0.61 717.614
1.14 0.61 715.113
1.15 0.61 712.613
1.16 0.61 710.112
1.17 0.61 707.612
1.18 0.61 705.112
1.19 0.61 702.611
1.2 0.61 700.111
1.21 0.61 697.61
1.22 0.61 695.11
1.23 0.61 692.609
1.24 0.61 690.108
1.25 0.61 687.608
1.26 0.61 685.107
1.27 0.61 682.606
1.28 0.61 680.106
1.29 0.61 677.605
1.3 0.61 675.104
1.31 0.61 672.603
1.32 0.61 670.102
1.33 0.61 667.602
1.34 0.61 665.101
1.35 0.61 662.6
1.36 0.61 660.099
1.37 0.61 657.598
1.38 0.61 655.097
1.39 0.61 652.596
1.4 0.61 650.095
1.41 0.61 647.594
1.42 0.61 645.093
1.43 0.61 642.592
1.44 0.61 640.09
1.45 0.61 637.589
1.46 0.61 635.088
1.47 0.61 632.587
1.48 0.61 630.086
1.49 0.61 627.584
1.5 0.61 625.083
1.51 0.61 622.582
1.52 0.61 620.081
1.53 0.61 617.579
1.54 0.61 615.078
1.55 0.61 612.577
1.56 0.61 610.075
1.57 0.61 607.574
1.58 0.61 605.072
1.59 0.61 602.571
1.6 0.61 600.069
1.61 0.61 597.568
1.62 0.61 595.066
1.63 0.61 592.565
1.64 0.61 590.063
1.65 0.61 587.562
1.66 0.61 585.06
1.67 0.61 582.559
1.68 0.61 580.057
1.69 0.61 577.555
1.7 0.61 575.054
1.71 0.61 572.552
1.72 0.61 570.05
1.73 0.61 567.549
1.74 0.61 565.047
1.75 0.61 562.545
1.76 0.61 560.044
1.77 0.61 557.542
1.78 0.61 555.04
1.79 0.61 552.538
1.8 0.61 550.037
1.81 0.61 547.535
1.82 0.61 545.033
1.83 0.61 542.531
1.84 0.61 540.029
1.85 0.61 537.528
1.86 0.61 535.026
1.87 0.61 532.524
1.88 0.61 530.022
1.89 0.61 527.52
1.9 0.61 525.019
1.91 0.61 522.517
1.92 0.61 520.015
1.93 0.61 517.513
1.94 0.61 515.011
1.95 0.61 512.509
1.96 0.61 510.007
1.97 0.61 507.506
1.98 0.61 505.004
1.99 0.61 502.502
2 0.61 500

0 0.62 1000
0.01 0.62 997.502
0.02 0.62 995.004
0.03 0.62 992.505
0.04 0.62 990.007
0.05 0.62 987.509
0.06 0.62 985.011
0.07 0.62 982.512
0.08 0.62 980.014
0.09 0.62 977.516
0.1 0.62 975.017
0.11 0.62 972.519
0.12 0.62 970.021
0.13 0.62 967.523
0.14 0.62 965.024
0.15 0.62 962.526
0.16 0.62 960.028
0.17 0.62 957.53
0.18 0.62 955.031
0.19 0.62 952.533
0.2 0.62 950.035
0.21 0.62 947.536
0.22 0.62 945.038
0.23 0.62 942.54
0.24 0.62 940.041
0.25 0.62 937.543
0.26 0.62 935.044
0.27 0.62 932.546
0.28 0.62 930.048
0.29 0.62 927.549
0.3 0.62 925.051
0.31 0.62 922.552
0.32 0.62 920.054
0.33 0.62 917.556
0.34 0.62 915.057
0.35 0.62 912.559
0.36 0.62 910.06
0.37 0.62 907.562
0.38 0.62 905.063
0.39 0.62 902.565
0.4 0.62 900.066
0.41 0.62 897.567
0.42 0.62 895.069
0.43 0.62 892.57
0.44 0.62 890.072
0.45 0.62 887.573
0.46 0.62 885.074
0.47 0.62 882.576
0.48 0.62 880.077
0.49 0.62 877.578
0.5 0.62 875.08
0.51 0.62 872.581
0.52 0.62 870.082
0.53 0.62 867.583
0.54 0.62 865.085
0.55 0.62 862.586
0.56 0.62 860.087
0.57 0.62 857.588
0.58 0.62 855.089
0.59 0.62 852.59
0.6 0.62 850.092
0.61 0.62 847.593
0.62 0.62 845.094
0.63 0.62 842.595
0.64 0.62 840.096
0.65 0.62 837.597
0.66 0.62 835.098
0.67 0.62 832.599
0.68 0.62 830.099
0.69 0.62 827.6
0.7 0.62 825.101
0.71 0.62 822.602
0.72 0.62 820.103
0.73 0.62 817.604
0.74 0.62 815.104
0.75 0.62 812.605
0.76 0.62 810.106
0.77 0.62 807.607
0.78 0.62 805.107
0.79 0.62 802.608
0.8 0.62 800.109
0.81 0.62 797.609
0.82 0.62 795.11
0.83 0.62 792.61
0.84 0.62 790.111
0.85 0.62 787.611
0.86 0.62 785.112
0.87 0.62 782.612
0.88 0.62 780.113
0.89 0.62 777.613
0.9 0.62 775.113
0.91 0.62 772.614
0.92 0.62 770.114
0.93 0.62 767.614
0.94 0.62 765.114
0.95 0.62 762.615
0.96 0.62 760.115
0.97 0.62 757.615
0.98 0.62 755.115
0.99 0.62 752.615
1 0.62 750.115
1.01 0.62 747.615
1.02 0.62 745.115
1.03 0.62 742.615
1.04 0.62 740.115
1.05 0.62 737.615
1.06 0.62 735.115
1.07 0.62 732.615
1.08 0.62 730.115
1.09 0.62 727.615
1.1 0.62 725.114
1.11 0.62 722.614
1.12 0.62 720.114
1.13 0.62 717.614
1.14 0.62 715.113
1.15 0.62 712.613
1.16 0.62 710.112
1.17 0.62 707.612
1.18 0.62 705.112
1.19 0.62 702.611
1.2 0.62 700.111
1.21 0.62 697.61
1.22 0.62 695.11
1.23 0.62 692.609
1.24 0.62 690.108
1.25 0.62 687.608
1.26 0.62 685.107
1.27 0.62 682.606
1.28 0.62 680.106
1.29 0.62 677.605
1.3 0.62 675.104
1.31 0.62 672.603
1.32 0.62 670.102
1.33 0.62 667.602
1.34 0.62 665.101
1.35 0.62 662.6
1.36 0.62 660.099
1.37 0.62 657.598
1.38 0.62 655.097
1.39 0.62 652.596
1.4 0.62 650.095
1.41 0.62 647.594
1.42 0.62 645.093
1.43 0.62 642.592
1.44 0.62 640.09
1.45 0.62 637.589
1.46 0.62 635.088
1.47 0.62 632.587
1.48 0.62 630.086
1.49 0.62 627.584
1.5 0.62 625.083
1.51 0.62 622.582
1.52 0.62 620.081
1.53 0.62 617.579
1.54 0.62 615.078
1.55 0.62 612.577
1.56 0.62 610.075
1.57 0.62 607.574
1.58 0.62 605.072
1.59 0.62 602.571
1.6 0.62 600.069
1.61 0.62 597.568
1.62 0.62 595.066
1.63 0.62 592.565
1.64 0.62 590.063
1.65 0.62 587.562
1.66 0.62 585.06
1.67 0.62 582.559
1.68 0.62 580.057
1.69 0.62 577.555
1.7 0.62 575.054
1.71 0.62 572.552
1.72 0.62 570.05
1.73 0.62 567.549
1.74 0.62 565.047
1.75 0.62 562.545
1.76 0.62 560.044
1.77 0.62 557.542
1.78 0.62 555.04
1.79 0.62 552.538
1.8 0.62 550.037
1.81 0.62 547.535
1.82 0.62 545.033
1.83 0.62 542.531
1.84 0.62 540.029
1.85 0.62 537.528
1.86 0.62 535.026
1.87 0.62 532.524
1.88 0.62 530.022
1.89 0.62 527.52
1.9 0.62 525.019
1.91 0.62 522.517
1.92 0.62 520.015
1.93 0.62 517.513
1.94 0.62 515.011
1.95 0.62 512.509
1.96 0.62 510.007
1.97 0.62 507.506
1.98 0.62 505.004
1.99 0.62 502.502
2 0.62 500

0 0.63 1000
0.01 0.63 997.502
0.02 0.63 995.004
0.03 0.63 992.505
0.04 0.63 990.007
0.05 0.63 987.509
0.06 0.63 985.011
0.07 0.63 982.512
0.08 0.63 980.014
0.09 0.63 977.516
0.1 0.63 975.017
0.11 0.63 972.519
0.12 0.63 970.021
0.13 0.63 967.523
0.14 0.63 965.024
0.15 0.63 962.526
0.16 0.63 960.028
0.17 0.63 957.53
0.18 0.63 955.031
0.19 0.63 952.533
0.2 0.63 950.035
0.21 0.63 947.536
0.22 0.63 945.038
0.23 0.63 942.54
0.24 0.63 940.041
0.25 0.63 937.543
0.26 0.63 935.044
0.27 0.63 932.546
0.28 0.63 930.048
0.29 0.63 927.549
0.3 0.63 925.051
0.31 0.63 922.552
0.32 0.63 920.054
0.33 0.63 917.556
0.34 0.63 915.057
0.35 0.63 912.559
0.36 0.63 910.06
0.37 0.63 907.562
0.38 0.63 905.063
0.39 0.63 902.565
0.4 0.63 900.066
0.41 0.63 897.567
0.42 0.63 895.069
0.43 0.63 892.57
0.44 0.63 890.072
0.45 0.63 887.573
0.46 0.63 885.074
0.47 0.63 882.576
0.48 0.63 880.077
0.49 0.63 877.578
0.5 0.63 875.08
0.51 0.63 872.581
0.52 0.63 870.082
0.53 0.63 867.583
0.54 0.63 865.085
0.55 0.63 862.586
0.56 0.63 860.087
0.57 0.63 857.588
0.58 0.63 855.089
0.59 0.63 852.59
0.6 0.63 850.092
0.61 0.63 847.593
0.62 0.63 845.094
0.63 0.63 842.595
0.64 0.63 840.096
0.65 0.63 837.597
0.66 0.63 835.098
0.67 0.63 832.599
0.68 0.63 830.099
0.69 0.63 827.6
0.7 0.63 825.101
0.71 0.63 822.602
0.72 0.63 820.103
0.73 0.63 817.604
0.74 0.63 815.104
0.75 0.63 812.605
0.76 0.63 810.106
0.77 0.63 807.607
0.78 0.63 805.107
0.79 0.63 802.608
0.8 0.63 800.109
0.81 0.63 797.609
0.82 0.63 795.11
0.83 0.63 792.61
0.84 0.63 790.111
0.85 0.63 787.611
0.86 0.63 785.112
0.87 0.63 782.612
0.88 0.63 780.113
0.89 0.63 777.613
0.9 0.63 775.113
0.91 0.63 772.614
0.92 0.63 770.114
0.93 0.63 767.614
0.94 0.63 765.114
0.95 0.63 762.615
0.96 0.63 760.115
0.97 0.63 757.615
0.98 0.63 755.115
0.99 0.63 752.615
1 0.63 750.115
1.01 0.63 747.615
1.02 0.63 745.115
1.03 0.63 742.615
1.04 0.63 740.115
1.05 0.63 737.615
1.06 0.63 735.115
1.07 0.63 732.615
1.08 0.63 730.115
1.09 0.63 727.615
1.1 0.63 725.114
1.11 0.63 722.614
1.12 0.63 720.114
1.13 0.63 717.614
1.14 0.63 715.113
1.15 0.63 712.613
1.16 0.63 710.112
1.17 0.63 707.612
1.18 0.63 705.112
1.19 0.63 702.611
1.2 0.63 700.111
1.21 0.63 697.61
1.22 0.63 695.11
1.23 0.63 692.609
1.24 0.63 690.108
1.25 0.63 687.608
1.26 0.63 685.107
1.27 0.63 682.606
1.28 0.63 680.106
1.29 0.63 677.605
1.3 0.63 675.104
1.31 0.63 672.603
1.32 0.63 670.102
1.33 0.63 667.602
1.34 0.63 665.101
1.35 0.63 662.6
1.36 0.63 660.099
1.37 0.63 657.598
1.38 0.63 655.097
1.39 0.63 652.596
1.4 0.63 650.095
1.41 0.63 647.594
1.42 0.63 645.093
1.43 0.63 642.592
1.44 0.63 640.091
1.45 0.63 637.589
1.46 0.63 635.088
1.47 0.63 632.587
1.48 0.63 630.086
1.49 0.63 627.584
1.5 0.63 625.083
1.51 0.63 622.582
1.52 0.63 620.081
1.53 0.63 617.579
1.54 0.63 615.078
1.55 0.63 612.577
1.56 0.63 610.075
1.57 0.63 607.574
1.58 0.63 605.072
1.59 0.63 602.571
1.6 0.63 600.069
1.61 0.63 597.568
1.62 0.63 595.066
1.63 0.63 592.565
1.64 0.63 590.063
1.65 0.63 587.562
1.66 0.63 585.06
1.67 0.63 582.559
1.68 0.63 580.057
1.69 0.63 577.555
1.7 0.63 575.054
1.71 0.63 572.552
1.72 0.63 570.05
1.73 0.63 567.549
1.74 0.63 565.047
1.75 0.63 562.545
1.76 0.63 560.044
1.77 0.63 557.542
1.78 0.63 555.04
1.79 0.63 552.538
1.8 0.63 550.037
1.81 0.63 547.535
1.82 0.63 545.033
1.83 0.63 542.531
1.84 0.63 540.029
1.85 0.63 537.528
1.86 0.63 535.026
1.87 0.63 532.524
1.88 0.63 530.022
1.89 0.63 527.52
1.9 0.63 525.019
1.91 0.63 522.517
1.92 0.63 520.015
1.93 0.63 517.513
1.94 0.63 515.011
1.95 0.63 512.509
1.96 0.63 510.007
1.97 0.63 507.506
1.98 0.63 505.004
1.99 0.63 502.502
2 0.63 500

0 0.64 1000
0.01 0.64 997.502
0.02 0.64 995.004
0.03 0.64 992.505
0.04 0.64 990.007
0.05 0.64 987.509
0.06 0.64 985.011
0.07 0.64 982.512
0.08 0.64 980.014
0.09 0.64 977.516
0.1 0.64 975.017
0.11 0.64 972.519
0.12 0.64 970.021
0.13 0.64 967.523
0.14 0.64 965.024
0.15 0.64 962.526
0.16 0.64 960.028
0.17 0.64 957.53
0.18 0.64 955.031
0.19 0.64 952.533
0.2 0.64 950.035
0.21 0.64 947.536
0.22 0.64 945.038
0.23 0.64 942.54
0.24 0.64 940.041
0.25 0.64 937.543
0.26 0.64 935.044
0.27 0.64 932.546
0.28 0.64 930.048
0.29 0.64 927.549
0.3 0.64 925.051
0.31 0.64 922.552
0.32 0.64 920.054
0.33 0.64 917.556
0.34 0.64 915.057
0.35 0.64 912.559
0.36 0.64 910.06
0.37 0.64 907.562
0.38 0.64 905.063
0.39 0.64 902.565
0.4 0.64 900.066
0.41 0.64 897.567
0.42 0.64 895.069
0.43 0.64 892.57
0.44 0.64 890.072
0.45 0.64 887.573
0.46 0.64 885.074
0.47 0.64 882.576
0.48 0.64 880.077
0.49 0.64 877.578
0.5 0.64 875.08
0.51 0.64 872.581
0.52 0.64 870.082
0.53 0.64 867.583
0.54 0.64 865.085
0.55 0.64 862.586
0.56 0.64 860.087
0.57 0.64 857.588
0.58 0.64 855.089
0.59 0.64 852.59
0.6 0.64 850.092
0.61 0.64 847.593
0.62 0.64 845.094
0.63 0.64 842.595
0.64 0.64 840.096
0.65 0.64 837.597
0.66 0.64 835.098
0.67 0.64 832.599
0.68 0.64 830.099
0.69 0.64 827.6
0.7 0.64 825.101
0.71 0.64 822.602
0.72 0.64 820.103
0.73 0.64 817.604
0.74 0.64 815.104
0.75 0.64 812.605
0.76 0.64 810.106
0.77 0.64 807.607
0.78 0.64 805.107
0.79 0.64 802.608
0.8 0.64 800.109
0.81 0.64 797.609
0.82 0.64 795.11
0.83 0.64 792.61
0.84 0.64 790.111
0.85 0.64 787.611
0.86 0.64 785.112
0.87 0.64 782.612
0.88 0.64 780.113
0.89 0.64 777.613
0.9 0.64 775.113
0.91 0.64 772.614
0.92 0.64 770.114
0.93 0.64 767.614
0.94 0.64 765.114
0.95 0.64 762.615
0.96 0.64 760.115
0.97 0.64 757.615
0.98 0.64 755.115
0.99 0.64 752.615
1 0.64 750.115
1.01 0.64 747.615
1.02 0.64 745.115
1.03 0.64 742.615
1.04 0.64 740.115
1.05 0.64 737.615
1.06 0.64 735.115
1.07 0.64 732.615
1.08 0.64 730.115
1.09 0.64 727.615
1.1 0.64 725.114
1.11 0.64 722.614
1.12 0.64 720.114
1.13 0.64 717.614
1.14 0.64 715.113
1.15 0.64 712.613
1.16 0.64 710.112
1.17 0.64 707.612
1.18 0.64 705.112
1.19 0.64 702.611
1.2 0.64 700.111
1.21 0.64 697.61
1.22 0.64 695.11
1.23 0.64 692.609
1.24 0.64 690.108
1.25 0.64 687.608
1.26 0.64 685.107
1.27 0.64 682.606
1.28 0.64 680.106
1.29 0.64 677.605
1.3 0.64 675.104
1.31 0.64 672.603
1.32 0.64 670.102
1.33 0.64 667.602
1.34 0.64 665.101
1.35 0.64 662.6
1.36 0.64 660.099
1.37 0.64 657.598
1.38 0.64 655.097
1.39 0.64 652.596
1.4 0.64 650.095
1.41 0.64 647.594
1.42 0.64 645.093
1.43 0.64 642.592
1.44 0.64 640.091
1.45 0.64 637.589
1.46 0.64 635.088
1.47 0.64 632.587
1.48 0.64 630.086
1.49 0.64 627.584
1.5 0.64 625.083
1.51 0.64 622.582
1.52 0.64 620.081
1.53 0.64 617.579
1.54 0.64 615.078
1.55 0.64 612.577
1.56 0.64 610.075
1.57 0.64 607.574
1.58 0.64 605.072
1.59 0.64 602.571
1.6 0.64 600.069
1.61 0.64 597.568
1.62 0.64 595.066
1.63 0.64 592.565
1.64 0.64 590.063
1.65 0.64 587.562
1.66 0.64 585.06
1.67 0.64 582.559
1.68 0.64 580.057
1.69 0.64 577.555
1.7 0.64 575.054
1.71 0.64 572.552
1.72 0.64 570.05
1.73 0.64 567.549
1.74 0.64 565.047
1.75 0.64 562.545
1.76 0.64 560.044
1.77 0.64 557.542
1.78 0.64 555.04
1.79 0.64 552.538
1.8 0.64 550.037
1.81 0.64 547.535
1.82 0.64 545.033
1.83 0.64 542.531
1.84 0.64 540.029
1.85 0.64 537.528
1.86 0.64 535.026
1.87 0.64 532.524
1.88 0.64 530.022
1.89 0.64 527.52
1.9 0.64 525.019
1.91 0.64 522.517
1.92 0.64 520.015
1.93 0.64 517.513
1.94 0.64 515.011
1.95 0.64 512.509
1.96 0.64 510.007
1.97 0.64 507.506
1.98 0.64 505.004
1.99 0.64 502.502
2 0.64 500

0 0.65 1000
0.01 0.65 997.502
0.02 0.65 995.004
0.03 0.65 992.505
0.04 0.65 990.007
0.05 0.65 987.509
0.06 0.65 985.011
0.07 0.65 982.512
0.08 0.65 980.014
0.09 0.65 977.516
0.1 0.65 975.017
0.11 0.65 972.519
0.12 0.65 970.021
0.13 0.65 967.523
0.14 0.65 965.024
0.15 0.65 962.526
0.16 0.65 960.028
0.17 0.65 957.53
0.18 0.65 955.031
0.19 0.65 952.533
0.2 0.65 950.035
0.21 0.65 947.536
0.22 0.65 945.038
0.23 0.65 942.54
0.24 0.65 940.041
0.25 0.65 937.543
0.26 0.65 935.044
0.27 0.65 932.546
0.28 0.65 930.048
0.29 0.65 927.549
0.3 0.65 925.051
0.31 0.65 922.552
0.32 0.65 920.054
0.33 0.65 917.556
0.34 0.65 915.057
0.35 0.65 912.559
0.36 0.65 910.06
0.37 0.65 907.562
0.38 0.65 905.063
0.39 0.65 902.565
0.4 0.65 900.066
0.41 0.65 897.567
0.42 0.65 895.069
0.43 0.65 892.57
0.44 0.65 890.072
0.45 0.65 887.573
0.46 0.65 885.074
0.47 0.65 882.576
0.48 0.65 880.077
0.49 0.65 877.578
0.5 0.65 875.08
0.51 0.65 872.581
0.52 0.65 870.082
0.53 0.65 867.583
0.54 0.65 865.085
0.55 0.65 862.586
0.56 0.65 860.087
0.57 0.65 857.588
0.58 0.65 855.089
0.59 0.65 852.59
0.6 0.65 850.092
0.61 0.65 847.593
0.62 0.65 845.094
0.63 0.65 842.595
0.64 0.65 840.096
0.65 0.65 837.597
0.66 0.65 835.098
0.67 0.65 832.599
0.68 0.65 830.099
0.69 0.65 827.6
0.7 0.65 825.101
0.71 0.65 822.602
0.72 0.65 820.103
0.73 0.65 817.604
0.74 0.65 815.104
0.75 0.65 812.605
0.76 0.65 810.106
0.77 0.65 807.607
0.78 0.65 805.107
0.79 0.65 802.608
0.8 0.65 800.109
0.81 0.65 797.609
0.82 0.65 795.11
0.83 0.65 792.61
0.84 0.65 790.111
0.85 0.65 787.611
0.86 0.65 785.112
0.87 0.65 782.612
0.88 0.65 780.113
0.89 0.65 777.613
0.9 0.65 775.113
0.91 0.65 772.614
0.92 0.65 770.114
0.93 0.65 767.614
0.94 0.65 765.114
0.95 0.65 762.615
0.96 0.65 760.115
0.97 0.65 757.615
0.98 0.65 755.115
0.99 0.65 752.615
1 0.65 750.115
1.01 0.65 747.615
1.02 0.65 745.115
1.03 0.65 742.615
1.04 0.65 740.115
1.05 0.65 737.615
1.06 0.65 735.115
1.07 0.65 732.615
1.08 0.65 730.115
1.09 0.65 727.615
1.1 0.65 725.114
1.11 0.65 722.614
1.12 0.65 720.114
1.13 0.65 717.614
1.14 0.65 715.113
1.15 0.65 712.613
1.16 0.65 710.112
1.17 0.65 707.612
1.18 0.65 705.112
1.19 0.65 702.611
1.2 0.65 700.111
1.21 0.65 697.61
1.22 0.65 695.11
1.23 0.65 692.609
1.24 0.65 690.108
1.25 0.65 687.608
1.26 0.65 685.107
1.27 0.65 682.606
1.28 0.65 680.106
1.29 0.65 677.605
1.3 0.65 675.104
1.31 0.65 672.603
1.32 0.65 670.102
1.33 0.65 667.602
1.34 0.65 665.101
1.35 0.65 662.6
1.36 0.65 660.099
1.37 0.65 657.598
1.38 0.65 655.097
1.39 0.65 652.596
1.4 0.65 650.095
1.41 0.65 647.594
1.42 0.65 645.093
1.43 0.65 642.592
1.44 0.65 640.091
1.45 0.65 637.589
1.46 0.65 635.088
1.47 0.65 632.587
1.48 0.65 630.086
1.49 0.65 627.584
1.5 0.65 625.083
1.51 0.65 622.582
1.52 0.65 620.081
1.53 0.65 617.579
1.54 0.65 615.078
1.55 0.65 612.577
1.56 0.65 610.075
1.57 0.65 607.574
1.58 0.65 605.072
1.59 0.65 602.571
1.6 0.65 600.069
1.61 0.65 597.568
1.62 0.65 595.066
1.63 0.65 592.565
1.64 0.65 590.063
1.65 0.65 587.562
1.66 0.65 585.06
1.67 0.65 582.559
1.68 0.65 580.057
1.69 0.65 577.555
1.7 0.65 575.054
1.71 0.65 572.552
1.72 0.65 570.05
1.73 0.65 567.549
1.74 0.65 565.047
1.75 0.65 562.545
1.76 0.65 560.044
1.77 0.65 557.542
1.78 0.65 555.04
1.79 0.65 552.538
1.8 0.65 550.037
1.81 0.65 547.535
1.82 0.65 545.033
1.83 0.65 542.531
1.84 0.65 540.029
1.85 0.65 537.528
1.86 0.65 535.026
1.87 0.65 532.524
1.88 0.65 530.022
1.89 0.65 527.52
1.9 0.65 525.019
1.91 0.65 522.517
1.92 0.65 520.015
1.93 0.65 517.513
1.94 0.65 515.011
1.95 0.65 512.509
1.96 0.65 510.007
1.97 0.65 507.506
1.98 0.65 505.004
1.99 0.65 502.502
2 0.65 500

0 0.66 1000
0.01 0.66 997.502
0.02 0.66 995.004
0.03 0.66 992.505
0.04 0.66 990.007
0.05 0.66 987.509
0.06 0.66 985.011
0.07 0.66 982.512
0.08 0.66 980.014
0.09 0.66 977.516
0.1 0.66 975.017
0.11 0.66 972.519
0.12 0.66 970.021
0.13 0.66 967.523
0.14 0.66 965.024
0.15 0.66 962.526
0.16 0.66 960.028
0.17 0.66 957.53
0.18 0.66 955.031
0.19 0.66 952.533
0.2 0.66 950.035
0.21 0.66 947.536
0.22 0.66 945.038
0.23 0.66 942.54
0.24 0.66 940.041
0.25 0.66 937.543
0.26 0.66 935.044
0.27 0.66 932.546
0.28 0.66 930.048
0.29 0.66 927.549
0.3 0.66 925.051
0.31 0.66 922.552
0.32 0.66 920.054
0.33 0.66 917.556
0.34 0.66 915.057
0.35 0.66 912.559
0.36 0.66 910.06
0.37 0.66 907.562
0.38 0.66 905.063
0.39 0.66 902.565
0.4 0.66 900.066
0.41 0.66 897.567
0.42 0.66 895.069
0.43 0.66 892.57
0.44 0.66 890.072
0.45 0.66 887.573
0.46 0.66 885.074
0.47 0.66 882.576
0.48 0.66 880.077
0.49 0.66 877.578
0.5 0.66 875.08
0.51 0.66 872.581
0.52 0.66 870.082
0.53 0.66 867.583
0.54 0.66 865.085
0.55 0.66 862.586
0.56 0.66 860.087
0.57 0.66 857.588
0.58 0.66 855.089
0.59 0.66 852.59
0.6 0.66 850.092
0.61 0.66 847.593
0.62 0.66 845.094
0.63 0.66 842.595
0.64 0.66 840.096
0.65 0.66 837.597
0.66 0.66 835.098
0.67 0.66 832.599
0.68 0.66 830.099
0.69 0.66 827.6
0.7 0.66 825.101
0.71 0.66 822.602
0.72 0.66 820.103
0.73 0.66 817.604
0.74 0.66 815.104
0.75 0.66 812.605
0.76 0.66 810.106
0.77 0.66 807.607
0.78 0.66 805.107
0.79 0.66 802.608
0.8 0.66 800.109
0.81 0.66 797.609
0.82 0.66 795.11
0.83 0.66 792.61
0.84 0.66 790.111
0.85 0.66 787.611
0.86 0.66 785.112
0.87 0.66 782.612
0.88 0.66 780.113
0.89 0.66 777.613
0.9 0.66 775.113
0.91 0.66 772.614
0.92 0.66 770.114
0.93 0.66 767.614
0.94 0.66 765.114
0.95 0.66 762.615
0.96 0.66 760.115
0.97 0.66 757.615
0.98 0.66 755.115
0.99 0.66 752.615
1 0.66 750.115
1.01 0.66 747.615
1.02 0.66 745.115
1.03 0.66 742.615
1.04 0.66 740.115
1.05 0.66 737.615
1.06 0.66 735.115
1.07 0.66 732.615
1.08 0.66 730.115
1.09 0.66 727.615
1.1 0.66 725.114
1.11 0.66 722.614
1.12 0.66 720.114
1.13 0.66 717.614
1.14 0.66 715.113
1.15 0.66 712.613
1.16 0.66 710.112
1.17 0.66 707.612
1.18 0.66 705.112
1.19 0.66 702.611
1.2 0.66 700.111
1.21 0.66 697.61
1.22 0.66 695.11
1.23 0.66 692.609
1.24 0.66 690.108
1.25 0.66 687.608
1.26 0.66 685.107
1.27 0.66 682.606
1.28 0.66 680.106
1.29 0.66 677.605
1.3 0.66 675.104
1.31 0.66 672.603
1.32 0.66 670.102
1.33 0.66 667.602
1.34 0.66 665.101
1.35 0.66 662.6
1.36 0.66 660.099
1.37 0.66 657.598
1.38 0.66 655.097
1.39 0.66 652.596
1.4 0.66 650.095
1.41 0.66 647.594
1.42 0.66 645.093
1.43 0.66 642.592
1.44 0.66 640.091
1.45 0.66 637.589
1.46 0.66 635.088
1.47 0.66 632.587
1.48 0.66 630.086
1.49 0.66 627.584
1.5 0.66 625.083
1.51 0.66 622.582
1.52 0.66 620.081
1.53 0.66 617.579
1.54 0.66 615.078
1.55 0.66 612.577
1.56 0.66 610.075
1.57 0.66 607.574
1.58 0.66 605.072
1.59 0.66 602.571
1.6 0.66 600.069
1.61 0.66 597.568
1.62 0.66 595.066
1.63 0.66 592.565
1.64 0.66 590.063
1.65 0.66 587.562
1.66 0.66 585.06
1.67 0.66 582.559
1.68 0.66 580.057
1.69 0.66 577.555
1.7 0.66 575.054
1.71 0.66 572.552
1.72 0.66 570.05
1.73 0.66 567.549
1.74 0.66 565.047
1.75 0.66 562.545
1.76 0.66 560.044
1.77 0.66 557.542
1.78 0.66 555.04
1.79 0.66 552.538
1.8 0.66 550.037
1.81 0.66 547.535
1.82 0.66 545.033
1.83 0.66 542.531
1.84 0.66 540.029
1.85 0.66 537.528
1.86 0.66 535.026
1.87 0.66 532.524
1.88 0.66 530.022
1.89 0.66 527.52
1.9 0.66 525.019
1.91 0.66 522.517
1.92 0.66 520.015
1.93 0.66 517.513
1.94 0.66 515.011
1.95 0.66 512.509
1.96 0.66 510.007
1.97 0.66 507.506
1.98 0.66 505.004
1.99 0.66 502.502
2 0.66 500

0 0.67 1000
0.01 0.67 997.502
0.02 0.67 995.004
0.03 0.67 992.505
0.04 0.67 990.007
0.05 0.67 987.509
0.06 0.67 985.011
0.07 0.67 982.512
0.08 0.67 980.014
0.09 0.67 977.516
0.1 0.67 975.017
0.11 0.67 972.519
0.12 0.67 970.021
0.13 0.67 967.523
0.14 0.67 965.024
0.15 0.67 962.526
0.16 0.67 960.028
0.17 0.67 957.53
0.18 0.67 955.031
0.19 0.67 952.533
0.2 0.67 950.035
0.21 0.67 947.536
0.22 0.67 945.038
0.23 0.67 942.54
0.24 0.67 940.041
0.25 0.67 937.543
0.26 0.67 935.044
0.27 0.67 932.546
0.28 0.67 930.048
0.29 0.67 927.549
0.3 0.67 925.051
0.31 0.67 922.552
0.32 0.67 920.054
0.33 0.67 917.556
0.34 0.67 915.057
0.35 0.67 912.559
0.36 0.67 910.06
0.37 0.67 907.562
0.38 0.67 905.063
0.39 0.67 902.565
0.4 0.67 900.066
0.41 0.67 897.567
0.42 0.67 895.069
0.43 0.67 892.57
0.44 0.67 890.072
0.45 0.67 887.573
0.46 0.67 885.074
0.47 0.67 882.576
0.48 0.67 880.077
0.49 0.67 877.578
0.5 0.67 875.08
0.51 0.67 872.581
0.52 0.67 870.082
0.53 0.67 867.583
0.54 0.67 865.085
0.55 0.67 862.586
0.56 0.67 860.087
0.57 0.67 857.588
0.58 0.67 855.089
0.59 0.67 852.59
0.6 0.67 850.092
0.61 0.67 847.593
0.62 0.67 845.094
0.63 0.67 842.595
0.64 0.67 840.096
0.65 0.67 837.597
0.66 0.67 835.098
0.67 0.67 832.599
0.68 0.67 830.099
0.69 0.67 827.6
0.7 0.67 825.101
0.71 0.67 822.602
0.72 0.67 820.103
0.73 0.67 817.604
0.74 0.67 815.104
0.75 0.67 812.605
0.76 0.67 810.106
0.77 0.67 807.607
0.78 0.67 805.107
0.79 0.67 802.608
0.8 0.67 800.109
0.81 0.67 797.609
0.82 0.67 795.11
0.83 0.67 792.61
0.84 0.67 790.111
0.85 0.67 787.611
0.86 0.67 785.112
0.87 0.67 782.612
0.88 0.67 780.113
0.89 0.67 777.613
0.9 0.67 775.113
0.91 0.67 772.614
0.92 0.67 770.114
0.93 0.67 767.614
0.94 0.67 765.114
0.95 0.67 762.615
0.96 0.67 760.115
0.97 0.67 757.615
0.98 0.67 755.115
0.99 0.67 752.615
1 0.67 750.115
1.01 0.67 747.615
1.02 0.67 745.115
1.03 0.67 742.615
1.04 0.67 740.115
1.05 0.67 737.615
1.06 0.67 735.115
1.07 0.67 732.615
1.08 0.67 730.115
1.09 0.67 727.615
1.1 0.67 725.114
1.11 0.67 722.614
1.12 0.67 720.114
1.13 0.67 717.614
1.14 0.67 715.113
1.15 0.67 712.613
1.16 0.67 710.112
1.17 0.67 707.612
1.18 0.67 705.112
1.19 0.67 702.611
1.2 0.67 700.111
1.21 0.67 697.61
1.22 0.67 695.11
1.23 0.67 692.609
1.24 0.67 690.108
1.25 0.67 687.608
1.26 0.67 685.107
1.27 0.67 682.606
1.28 0.67 680.106
1.29 0.67 677.605
1.3 0.67 675.104
1.31 0.67 672.603
1.32 0.67 670.102
1.33 0.67 667.602
1.34 0.67 665.101
1.35 0.67 662.6
1.36 0.67 660.099
1.37 0.67 657.598
1.38 0.67 655.097
1.39 0.67 652.596
1.4 0.67 650.095
1.41 0.67 647.594
1.42 0.67 645.093
1.43 0.67 642.592
1.44 0.67 640.091
1.45 0.67 637.589
1.46 0.67 635.088
1.47 0.67 632.587
1.48 0.67 630.086
1.49 0.67 627.584
1.5 0.67 625.083
1.51 0.67 622.582
1.52 0.67 620.081
1.53 0.67 617.579
1.54 0.67 615.078
1.55 0.67 612.577
1.56 0.67 610.075
1.57 0.67 607.574
1.58 0.67 605.072
1.59 0.67 602.571
1.6 0.67 600.069
1.61 0.67 597.568
1.62 0.67 595.066
1.63 0.67 592.565
1.64 0.67 590.063
1.65 0.67 587.562
1.66 0.67 585.06
1.67 0.67 582.559
1.68 0.67 580.057
1.69 0.67 577.555
1.7 0.67 575.054
1.71 0.67 572.552
1.72 0.67 570.05
1.73 0.67 567.549
1.74 0.67 565.047
1.75 0.67 562.545
1.76 0.67 560.044
1.77 0.67 557.542
1.78 0.67 555.04
1.79 0.67 552.538
1.8 0.67 550.037
1.81 0.67 547.535
1.82 0.67 545.033
1.83 0.67 542.531
1.84 0.67 540.029
1.85 0.67 537.528
1.86 0.67 535.026
1.87 0.67 532.524
1.88 0.67 530.022
1.89 0.67 527.52
1.9 0.67 525.019
1.91 0.67 522.517
1.92 0.67 520.015
1.93 0.67 517.513
1.94 0.67 515.011
1.95 0.67 512.509
1.96 0.67 510.007
1.97 0.67 507.506
1.98 0.67 505.004
1.99 0.67 502.502
2 0.67 500

0 0.68 1000
0.01 0.68 997.502
0.02 0.68 995.004
0.03 0.68 992.505
0.04 0.68 990.007
0.05 0.68 987.509
0.06 0.68 985.011
0.07 0.68 982.512
0.08 0.68 980.014
0.09 0.68 977.516
0.1 0.68 975.017
0.11 0.68 972.519
0.12 0.68 970.021
0.13 0.68 967.523
0.14 0.68 965.024
0.15 0.68 962.526
0.16 0.68 960.028
0.17 0.68 957.53
0.18 0.68 955.031
0.19 0.68 952.533
0.2 0.68 950.035
0.21 0.68 947.536
0.22 0.68 945.038
0.23 0.68 942.54
0.24 0.68 940.041
0.25 0.68 937.543
0.26 0.68 935.044
0.27 0.68 932.546
0.28 0.68 930.048
0.29 0.68 927.549
0.3 0.68 925.051
0.31 0.68 922.552
0.32 0.68 920.054
0.33 0.68 917.556
0.34 0.68 915.057
0.35 0.68 912.559
0.36 0.68 910.06
0.37 0.68 907.562
0.38 0.68 905.063
0.39 0.68 902.565
0.4 0.68 900.066
0.41 0.68 897.567
0.42 0.68 895.069
0.43 0.68 892.57
0.44 0.68 890.072
0.45 0.68 887.573
0.46 0.68 885.074
0.47 0.68 882.576
0.48 0.68 880.077
0.49 0.68 877.578
0.5 0.68 875.08
0.51 0.68 872.581
0.52 0.68 870.082
0.53 0.68 867.583
0.54 0.68 865.085
0.55 0.68 862.586
0.56 0.68 860.087
0.57 0.68 857.588
0.58 0.68 855.089
0.59 0.68 852.59
0.6 0.68 850.092
0.61 0.68 847.593
0.62 0.68 845.094
0.63 0.68 842.595
0.64 0.68 840.096
0.65 0.68 837.597
0.66 0.68 835.098
0.67 0.68 832.599
0.68 0.68 830.099
0.69 0.68 827.6
0.7 0.68 825.101
0.71 0.68 822.602
0.72 0.68 820.103
0.73 0.68 817.604
0.74 0.68 815.104
0.75 0.68 812.605
0.76 0.68 810.106
0.77 0.68 807.607
0.78 0.68 805.107
0.79 0.68 802.608
0.8 0.68 800.109
0.81 0.68 797.609
0.82 0.68 795.11
0.83 0.68 792.61
0.84 0.68 790.111
0.85 0.68 787.611
0.86 0.68 785.112
0.87 0.68 782.612
0.88 0.68 780.113
0.89 0.68 777.613
0.9 0.68 775.113
0.91 0.68 772.614
0.92 0.68 770.114
0.93 0.68 767.614
0.94 0.68 765.114
0.95 0.68 762.615
0.96 0.68 760.115
0.97 0.68 757.615
0.98 0.68 755.115
0.99 0.68 752.615
1 0.68 750.115
1.01 0.68 747.615
1.02 0.68 745.115
1.03 0.68 742.615
1.04 0.68 740.115
1.05 0.68 737.615
1.06 0.68 735.115
1.07 0.68 732.615
1.08 0.68 730.115
1.09 0.68 727.615
1.1 0.68 725.114
1.11 0.68 722.614
1.12 0.68 720.114
1.13 0.68 717.614
1.14 0.68 715.113
1.15 0.68 712.613
1.16 0.68 710.112
1.17 0.68 707.612
1.18 0.68 705.112
1.19 0.68 702.611
1.2 0.68 700.111
1.21 0.68 697.61
1.22 0.68 695.11
1.23 0.68 692.609
1.24 0.68 690.108
1.25 0.68 687.608
1.26 0.68 685.107
1.27 0.68 682.606
1.28 0.68 680.106
1.29 0.68 677.605
1.3 0.68 675.104
1.31 0.68 672.603
1.32 0.68 670.102
1.33 0.68 667.602
1.34 0.68 665.101
1.35 0.68 662.6
1.36 0.68 660.099
1.37 0.68 657.598
1.38 0.68 655.097
1.39 0.68 652.596
1.4 0.68 650.095
1.41 0.68 647.594
1.42 0.68 645.093
1.43 0.68 642.592
1.44 0.68 640.091
1.45 0.68 637.589
1.46 0.68 635.088
1.47 0.68 632.587
1.48 0.68 630.086
1.49 0.68 627.584
1.5 0.68 625.083
1.51 0.68 622.582
1.52 0.68 620.081
1.53 0.68 617.579
1.54 0.68 615.078
1.55 0.68 612.577
1.56 0.68 610.075
1.57 0.68 607.574
1.58 0.68 605.072
1.59 0.68 602.571
1.6 0.68 600.069
1.61 0.68 597.568
1.62 0.68 595.066
1.63 0.68 592.565
1.64 0.68 590.063
1.65 0.68 587.562
1.66 0.68 585.06
1.67 0.68 582.559
1.68 0.68 580.057
1.69 0.68 577.555
1.7 0.68 575.054
1.71 0.68 572.552
1.72 0.68 570.05
1.73 0.68 567.549
1.74 0.68 565.047
1.75 0.68 562.545
1.76 0.68 560.044
1.77 0.68 557.542
1.78 0.68 555.04
1.79 0.68 552.538
1.8 0.68 550.037
1.81 0.68 547.535
1.82 0.68 545.033
1.83 0.68 542.531
1.84 0.68 540.029
1.85 0.68 537.528
1.86 0.68 535.026
1.87 0.68 532.524
1.88 0.68 530.022
1.89 0.68 527.52
1.9 0.68 525.019
1.91 0.68 522.517
1.92 0.68 520.015
1.93 0.68 517.513
1.94 0.68 515.011
1.95 0.68 512.509
1.96 0.68 510.007
1.97 0.68 507.506
1.98 0.68 505.004
1.99 0.68 502.502
2 0.68 500

0 0.69 1000
0.01 0.69 997.502
0.02 0.69 995.004
0.03 0.69 992.505
0.04 0.69 990.007
0.05 0.69 987.509
0.06 0.69 985.011
0.07 0.69 982.512
0.08 0.69 980.014
0.09 0.69 977.516
0.1 0.69 975.017
0.11 0.69 972.519
0.12 0.69 970.021
0.13 0.69 967.523
0.14 0.69 965.024
0.15 0.69 962.526
0.16 0.69 960.028
0.17 0.69 957.53
0.18 0.69 955.031
0.19 0.69 952.533
0.2 0.69 950.035
0.21 0.69 947.536
0.22 0.69 945.038
0.23 0.69 942.54
0.24 0.69 940.041
0.25 0.69 937.543
0.26 0.69 935.044
0.27 0.69 932.546
0.28 0.69 930.048
0.29 0.69 927.549
0.3 0.69 925.051
0.31 0.69 922.552
0.32 0.69 920.054
0.33 0.69 917.556
0.34 0.69 915.057
0.35 0.69 912.559
0.36 0.69 910.06
0.37 0.69 907.562
0.38 0.69 905.063
0.39 0.69 902.565
0.4 0.69 900.066
0.41 0.69 897.567
0.42 0.69 895.069
0.43 0.69 892.57
0.44 0.69 890.072
0.45 0.69 887.573
0.46 0.69 885.074
0.47 0.69 882.576
0.48 0.69 880.077
0.49 0.69 877.578
0.5 0.69 875.08
0.51 0.69 872.581
0.52 0.69 870.082
0.53 0.69 867.583
0.54 0.69 865.085
0.55 0.69 862.586
0.56 0.69 860.087
0.57 0.69 857.588
0.58 0.69 855.089
0.59 0.69 852.59
0.6 0.69 850.092
0.61 0.69 847.593
0.62 0.69 845.094
0.63 0.69 842.595
0.64 0.69 840.096
0.65 0.69 837.597
0.66 0.69 835.098
0.67 0.69 832.599
0.68 0.69 830.099
0.69 0.69 827.6
0.7 0.69 825.101
0.71 0.69 822.602
0.72 0.69 820.103
0.73 0.69 817.604
0.74 0.69 815.104
0.75 0.69 812.605
0.76 0.69 810.106
0.77 0.69 807.607
0.78 0.69 805.107
0.79 0.69 802.608
0.8 0.69 800.109
0.81 0.69 797.609
0.82 0.69 795.11
0.83 0.69 792.61
0.84 0.69 790.111
0.85 0.69 787.611
0.86 0.69 785.112
0.87 0.69 782.612
0.88 0.69 780.113
0.89 0.69 777.613
0.9 0.69 775.113
0.91 0.69 772.614
0.92 0.69 770.114
0.93 0.69 767.614
0.94 0.69 765.114
0.95 0.69 762.615
0.96 0.69 760.115
0.97 0.69 757.615
0.98 0.69 755.115
0.99 0.69 752.615
1 0.69 750.115
1.01 0.69 747.615
1.02 0.69 745.115
1.03 0.69 742.615
1.04 0.69 740.115
1.05 0.69 737.615
1.06 0.69 735.115
1.07 0.69 732.615
1.08 0.69 730.115
1.09 0.69 727.615
1.1 0.69 725.114
1.11 0.69 722.614
1.12 0.69 720.114
1.13 0.69 717.614
1.14 0.69 715.113
1.15 0.69 712.613
1.16 0.69 710.112
1.17 0.69 707.612
1.18 0.69 705.112
1.19 0.69 702.611
1.2 0.69 700.111
1.21 0.69 697.61
1.22 0.69 695.11
1.23 0.69 692.609
1.24 0.69 690.108
1.25 0.69 687.608
1.26 0.69 685.107
1.27 0.69 682.606
1.28 0.69 680.106
1.29 0.69 677.605
1.3 0.69 675.104
1.31 0.69 672.603
1.32 0.69 670.102
1.33 0.69 667.602
1.34 0.69 665.101
1.35 0.69 662.6
1.36 0.69 660.099
1.37 0.69 657.598
1.38 0.69 655.097
1.39 0.69 652.596
1.4 0.69 650.095
1.41 0.69 647.594
1.42 0.69 645.093
1.43 0.69 642.592
1.44 0.69 640.091
1.45 0.69 637.589
1.46 0.69 635.088
1.47 0.69 632.587
1.48 0.69 630.086
1.49 0.69 627.584
1.5 0.69 625.083
1.51 0.69 622.582
1.52 0.69 620.081
1.53 0.69 617.579
1.54 0.69 615.078
1.55 0.69 612.577
1.56 0.69 610.075
1.57 0.69 607.574
1.58 0.69 605.072
1.59 0.69 602.571
1.6 0.69 600.069
1.61 0.69 597.568
1.62 0.69 595.066
1.63 0.69 592.565
1.64 0.69 590.063
1.65 0.69 587.562
1.66 0.69 585.06
1.67 0.69 582.559
1.68 0.69 580.057
1.69 0.69 577.555
1.7 0.69 575.054
1.71 0.69 572.552
1.72 0.69 570.05
1.73 0.69 567.549
1.74 0.69 565.047
1.75 0.69 562.545
1.76 0.69 560.044
1.77 0.69 557.542
1.78 0.69 555.04
1.79 0.69 552.538
1.8 0.69 550.037
1.81 0.69 547.535
1.82 0.69 545.033
1.83 0.69 542.531
1.84 0.69 540.029
1.85 0.69 537.528
1.86 0.69 535.026
1.87 0.69 532.524
1.88 0.69 530.022
1.89 0.69 527.52
1.9 0.69 525.019
1.91 0.69 522.517
1.92 0.69 520.015
1.93 0.69 517.513
1.94 0.69 515.011
1.95 0.69 512.509
1.96 0.69 510.007
1.97 0.69 507.506
1.98 0.69 505.004
1.99 0.69 502.502
2 0.69 500

0 0.7 1000
0.01 0.7 997.502
0.02 0.7 995.004
0.03 0.7 992.505
0.04 0.7 990.007
0.05 0.7 987.509
0.06 0.7 985.011
0.07 0.7 982.512
0.08 0.7 980.014
0.09 0.7 977.516
0.1 0.7 975.017
0.11 0.7 972.519
0.12 0.7 970.021
0.13 0.7 967.523
0.14 0.7 965.024
0.15 0.7 962.526
0.16 0.7 960.028
0.17 0.7 957.53
0.18 0.7 955.031
0.19 0.7 952.533
0.2 0.7 950.035
0.21 0.7 947.536
0.22 0.7 945.038
0.23 0.7 942.54
0.24 0.7 940.041
0.25 0.7 937.543
0.26 0.7 935.044
0.27 0.7 932.546
0.28 0.7 930.048
0.29 0.7 927.549
0.3 0.7 925.051
0.31 0.7 922.552
0.32 0.7 920.054
0.33 0.7 917.556
0.34 0.7 915.057
0.35 0.7 912.559
0.36 0.7 910.06
0.37 0.7 907.562
0.38 0.7 905.063
0.39 0.7 902.565
0.4 0.7 900.066
0.41 0.7 897.567
0.42 0.7 895.069
0.43 0.7 892.57
0.44 0.7 890.072
0.45 0.7 887.573
0.46 0.7 885.074
0.47 0.7 882.576
0.48 0.7 880.077
0.49 0.7 877.578
0.5 0.7 875.08
0.51 0.7 872.581
0.52 0.7 870.082
0.53 0.7 867.583
0.54 0.7 865.085
0.55 0.7 862.586
0.56 0.7 860.087
0.57 0.7 857.588
0.58 0.7 855.089
0.59 0.7 852.59
0.6 0.7 850.092
0.61 0.7 847.593
0.62 0.7 845.094
0.63 0.7 842.595
0.64 0.7 840.096
0.65 0.7 837.597
0.66 0.7 835.098
0.67 0.7 832.599
0.68 0.7 830.099
0.69 0.7 827.6
0.7 0.7 825.101
0.71 0.7 822.602
0.72 0.7 820.103
0.73 0.7 817.604
0.74 0.7 815.104
0.75 0.7 812.605
0.76 0.7 810.106
0.77 0.7 807.607
0.78 0.7 805.107
0.79 0.7 802.608
0.8 0.7 800.109
0.81 0.7 797.609
0.82 0.7 795.11
0.83 0.7 792.61
0.84 0.7 790.111
0.85 0.7 787.611
0.86 0.7 785.112
0.87 0.7 782.612
0.88 0.7 780.113
0.89 0.7 777.613
0.9 0.7 775.113
0.91 0.7 772.614
0.92 0.7 770.114
0.93 0.7 767.614
0.94 0.7 765.114
0.95 0.7 762.615
0.96 0.7 760.115
0.97 0.7 757.615
0.98 0.7 755.115
0.99 0.7 752.615
1 0.7 750.115
1.01 0.7 747.615
1.02 0.7 745.115
1.03 0.7 742.615
1.04 0.7 740.115
1.05 0.7 737.615
1.06 0.7 735.115
1.07 0.7 732.615
1.08 0.7 730.115
1.09 0.7 727.615
1.1 0.7 725.114
1.11 0.7 722.614
1.12 0.7 720.114
1.13 0.7 717.614
1.14 0.7 715.113
1.15 0.7 712.613
1.16 0.7 710.112
1.17 0.7 707.612
1.18 0.7 705.112
1.19 0.7 702.611
1.2 0.7 700.111
1.21 0.7 697.61
1.22 0.7 695.11
1.23 0.7 692.609
1.24 0.7 690.108
1.25 0.7 687.608
1.26 0.7 685.107
1.27 0.7 682.606
1.28 0.7 680.106
1.29 0.7 677.605
1.3 0.7 675.104
1.31 0.7 672.603
1.32 0.7 670.102
1.33 0.7 667.602
1.34 0.7 665.101
1.35 0.7 662.6
1.36 0.7 660.099
1.37 0.7 657.598
1.38 0.7 655.097
1.39 0.7 652.596
1.4 0.7 650.095
1.41 0.7 647.594
1.42 0.7 645.093
1.43 0.7 642.592
1.44 0.7 640.091
1.45 0.7 637.589
1.46 0.7 635.088
1.47 0.7 632.587
1.48 0.7 630.086
1.49 0.7 627.584
1.5 0.7 625.083
1.51 0.7 622.582
1.52 0.7 620.081
1.53 0.7 617.579
1.54 0.7 615.078
1.55 0.7 612.577
1.56 0.7 610.075
1.57 0.7 607.574
1.58 0.7 605.072
1.59 0.7 602.571
1.6 0.7 600.069
1.61 0.7 597.568
1.62 0.7 595.066
1.63 0.7 592.565
1.64 0.7 590.063
1.65 0.7 587.562
1.66 0.7 585.06
1.67 0.7 582.559
1.68 0.7 580.057
1.69 0.7 577.555
1.7 0.7 575.054
1.71 0.7 572.552
1.72 0.7 570.05
1.73 0.7 567.549
1.74 0.7 565.047
1.75 0.7 562.545
1.76 0.7 560.044
1.77 0.7 557.542
1.78 0.7 555.04
1.79 0.7 552.538
1.8 0.7 550.037
1.81 0.7 547.535
1.82 0.7 545.033
1.83 0.7 542.531
1.84 0.7 540.029
1.85 0.7 537.528
1.86 0.7 535.026
1.87 0.7 532.524
1.88 0.7 530.022
1.89 0.7 527.52
1.9 0.7 525.019
1.91 0.7 522.517
1.92 0.7 520.015
1.93 0.7 517.513
1.94 0.7 515.011
1.95 0.7 512.509
1.96 0.7 510.007
1.97 0.7 507.506
1.98 0.7 505.004
1.99 0.7 502.502
2 0.7 500

0 0.71 1000
0.01 0.71 997.502
0.02 0.71 995.004
0.03 0.71 992.505
0.04 0.71 990.007
0.05 0.71 987.509
0.06 0.71 985.011
0.07 0.71 982.512
0.08 0.71 980.014
0.09 0.71 977.516
0.1 0.71 975.017
0.11 0.71 972.519
0.12 0.71 970.021
0.13 0.71 967.523
0.14 0.71 965.024
0.15 0.71 962.526
0.16 0.71 960.028
0.17 0.71 957.53
0.18 0.71 955.031
0.19 0.71 952.533
0.2 0.71 950.035
0.21 0.71 947.536
0.22 0.71 945.038
0.23 0.71 942.54
0.24 0.71 940.041
0.25 0.71 937.543
0.26 0.71 935.044
0.27 0.71 932.546
0.28 0.71 930.048
0.29 0.71 927.549
0.3 0.71 925.051
0.31 0.71 922.552
0.32 0.71 920.054
0.33 0.71 917.556
0.34 0.71 915.057
0.35 0.71 912.559
0.36 0.71 910.06
0.37 0.71 907.562
0.38 0.71 905.063
0.39 0.71 902.565
0.4 0.71 900.066
0.41 0.71 897.567
0.42 0.71 895.069
0.43 0.71 892.57
0.44 0.71 890.072
0.45 0.71 887.573
0.46 0.71 885.074
0.47 0.71 882.576
0.48 0.71 880.077
0.49 0.71 877.578
0.5 0.71 875.08
0.51 0.71 872.581
0.52 0.71 870.082
0.53 0.71 867.583
0.54 0.71 865.085
0.55 0.71 862.586
0.56 0.71 860.087
0.57 0.71 857.588
0.58 0.71 855.089
0.59 0.71 852.59
0.6 0.71 850.092
0.61 0.71 847.593
0.62 0.71 845.094
0.63 0.71 842.595
0.64 0.71 840.096
0.65 0.71 837.597
0.66 0.71 835.098
0.67 0.71 832.599
0.68 0.71 830.099
0.69 0.71 827.6
0.7 0.71 825.101
0.71 0.71 822.602
0.72 0.71 820.103
0.73 0.71 817.604
0.74 0.71 815.104
0.75 0.71 812.605
0.76 0.71 810.106
0.77 0.71 807.607
0.78 0.71 805.107
0.79 0.71 802.608
0.8 0.71 800.109
0.81 0.71 797.609
0.82 0.71 795.11
0.83 0.71 792.61
0.84 0.71 790.111
0.85 0.71 787.611
0.86 0.71 785.112
0.87 0.71 782.612
0.88 0.71 780.113
0.89 0.71 777.613
0.9 0.71 775.113
0.91 0.71 772.614
0.92 0.71 770.114
0.93 0.71 767.614
0.94 0.71 765.114
0.95 0.71 762.615
0.96 0.71 760.115
0.97 0.71 757.615
0.98 0.71 755.115
0.99 0.71 752.615
1 0.71 750.115
1.01 0.71 747.615
1.02 0.71 745.115
1.03 0.71 742.615
1.04 0.71 740.115
1.05 0.71 737.615
1.06 0.71 735.115
1.07 0.71 732.615
1.08 0.71 730.115
1.09 0.71 727.615
1.1 0.71 725.114
1.11 0.71 722.614
1.12 0.71 720.114
1.13 0.71 717.614
1.14 0.71 715.113
1.15 0.71 712.613
1.16 0.71 710.112
1.17 0.71 707.612
1.18 0.71 705.112
1.19 0.71 702.611
1.2 0.71 700.111
1.21 0.71 697.61
1.22 0.71 695.11
1.23 0.71 692.609
1.24 0.71 690.108
1.25 0.71 687.608
1.26 0.71 685.107
1.27 0.71 682.606
1.28 0.71 680.106
1.29 0.71 677.605
1.3 0.71 675.104
1.31 0.71 672.603
1.32 0.71 670.102
1.33 0.71 667.602
1.34 0.71 665.101
1.35 0.71 662.6
1.36 0.71 660.099
1.37 0.71 657.598
1.38 0.71 655.097
1.39 0.71 652.596
1.4 0.71 650.095
1.41 0.71 647.594
1.42 0.71 645.093
1.43 0.71 642.592
1.44 0.71 640.091
1.45 0.71 637.589
1.46 0.71 635.088
1.47 0.71 632.587
1.48 0.71 630.086
1.49 0.71 627.585
1.5 0.71 625.083
1.51 0.71 622.582
1.52 0.71 620.081
1.53 0.71 617.579
1.54 0.71 615.078
1.55 0.71 612.577
1.56 0.71 610.075
1.57 0.71 607.574
1.58 0.71 605.072
1.59 0.71 602.571
1.6 0.71 600.069
1.61 0.71 597.568
1.62 0.71 595.066
1.63 0.71 592.565
1.64 0.71 590.063
1.65 0.71 587.562
1.66 0.71 585.06
1.67 0.71 582.559
1.68 0.71 580.057
1.69 0.71 577.555
1.7 0.71 575.054
1.71 0.71 572.552
1.72 0.71 570.05
1.73 0.71 567.549
1.74 0.71 565.047
1.75 0.71 562.545
1.76 0.71 560.044
1.77 0.71 557.542
1.78 0.71 555.04
1.79 0.71 552.538
1.8 0.71 550.037
1.81 0.71 547.535
1.82 0.71 545.033
1.83 0.71 542.531
1.84 0.71 540.029
1.85 0.71 537.528
1.86 0.71 535.026
1.87 0.71 532.524
1.88 0.71 530.022
1.89 0.71 527.52
1.9 0.71 525.019
1.91 0.71 522.517
1.92 0.71 520.015
1.93 0.71 517.513
1.94 0.71 515.011
1.95 0.71 512.509
1.96 0.71 510.007
1.97 0.71 507.506
1.98 0.71 505.004
1.99 0.71 502.502
2 0.71 500

0 0.72 1000
0.01 0.72 997.502
0.02 0.72 995.004
0.03 0.72 992.505
0.04 0.72 990.007
0.05 0.72 987.509
0.06 0.72 985.011
0.07 0.72 982.512
0.08 0.72 980.014
0.09 0.72 977.516
0.1 0.72 975.017
0.11 0.72 972.519
0.12 0.72 970.021
0.13 0.72 967.523
0.14 0.72 965.024
0.15 0.72 962.526
0.16 0.72 960.028
0.17 0.72 957.53
0.18 0.72 955.031
0.19 0.72 952.533
0.2 0.72 950.035
0.21 0.72 947.536
0.22 0.72 945.038
0.23 0.72 942.54
0.24 0.72 940.041
0.25 0.72 937.543
0.26 0.72 935.044
0.27 0.72 932.546
0.28 0.72 930.048
0.29 0.72 927.549
0.3 0.72 925.051
0.31 0.72 922.552
0.32 0.72 920.054
0.33 0.72 917.556
0.34 0.72 915.057
0.35 0.72 912.559
0.36 0.72 910.06
0.37 0.72 907.562
0.38 0.72 905.063
0.39 0.72 902.565
0.4 0.72 900.066
0.41 0.72 897.567
0.42 0.72 895.069
0.43 0.72 892.57
0.44 0.72 890.072
0.45 0.72 887.573
0.46 0.72 885.074
0.47 0.72 882.576
0.48 0.72 880.077
0.49 0.72 877.578
0.5 0.72 875.08
0.51 0.72 872.581
0.52 0.72 870.082
0.53 0.72 867.583
0.54 0.72 865.085
0.55 0.72 862.586
0.56 0.72 860.087
0.57 0.72 857.588
0.58 0.72 855.089
0.59 0.72 852.59
0.6 0.72 850.092
0.61 0.72 847.593
0.62 0.72 845.094
0.63 0.72 842.595
0.64 0.72 840.096
0.65 0.72 837.597
0.66 0.72 835.098
0.67 0.72 832.599
0.68 0.72 830.099
0.69 0.72 827.6
0.7 0.72 825.101
0.71 0.72 822.602
0.72 0.72 820.103
0.73 0.72 817.604
0.74 0.72 815.104
0.75 0.72 812.605
0.76 0.72 810.106
0.77 0.72 807.607
0.78 0.72 805.107
0.79 0.72 802.608
0.8 0.72 800.109
0.81 0.72 797.609
0.82 0.72 795.11
0.83 0.72 792.61
0.84 0.72 790.111
0.85 0.72 787.611
0.86 0.72 785.112
0.87 0.72 782.612
0.88 0.72 780.113
0.89 0.72 777.613
0.9 0.72 775.113
0.91 0.72 772.614
0.92 0.72 770.114
0.93 0.72 767.614
0.94 0.72 765.114
0.95 0.72 762.615
0.96 0.72 760.115
0.97 0.72 757.615
0.98 0.72 755.115
0.99 0.72 752.615
1 0.72 750.115
1.01 0.72 747.615
1.02 0.72 745.115
1.03 0.72 742.615
1.04 0.72 740.115
1.05 0.72 737.615
1.06 0.72 735.115
1.07 0.72 732.615
1.08 0.72 730.115
1.09 0.72 727.615
1.1 0.72 725.114
1.11 0.72 722.614
1.12 0.72 720.114
1.13 0.72 717.614
1.14 0.72 715.113
1.15 0.72 712.613
1.16 0.72 710.112
1.17 0.72 707.612
1.18 0.72 705.112
1.19 0.72 702.611
1.2 0.72 700.111
1.21 0.72 697.61
1.22 0.72 695.11
1.23 0.72 692.609
1.24 0.72 690.108
1.25 0.72 687.608
1.26 0.72 685.107
1.27 0.72 682.606
1.28 0.72 680.106
1.29 0.72 677.605
1.3 0.72 675.104
1.31 0.72 672.603
1.32 0.72 670.102
1.33 0.72 667.602
1.34 0.72 665.101
1.35 0.72 662.6
1.36 0.72 660.099
1.37 0.72 657.598
1.38 0.72 655.097
1.39 0.72 652.596
1.4 0.72 650.095
1.41 0.72 647.594
1.42 0.72 645.093
1.43 0.72 642.592
1.44 0.72 640.091
1.45 0.72 637.589
1.46 0.72 635.088
1.47 0.72 632.587
1.48 0.72 630.086
1.49 0.72 627.585
1.5 0.72 625.083
1.51 0.72 622.582
1.52 0.72 620.081
1.53 0.72 617.579
1.54 0.72 615.078
1.55 0.72 612.577
1.56 0.72 610.075
1.57 0.72 607.574
1.58 0.72 605.072
1.59 0.72 602.571
1.6 0.72 600.069
1.61 0.72 597.568
1.62 0.72 595.066
1.63 0.72 592.565
1.64 0.72 590.063
1.65 0.72 587.562
1.66 0.72 585.06
1.67 0.72 582.559
1.68 0.72 580.057
1.69 0.72 577.555
1.7 0.72 575.054
1.71 0.72 572.552
1.72 0.72 570.05
1.73 0.72 567.549
1.74 0.72 565.047
1.75 0.72 562.545
1.76 0.72 560.044
1.77 0.72 557.542
1.78 0.72 555.04
1.79 0.72 552.538
1.8 0.72 550.037
1.81 0.72 547.535
1.82 0.72 545.033
1.83 0.72 542.531
1.84 0.72 540.029
1.85 0.72 537.528
1.86 0.72 535.026
1.87 0.72 532.524
1.88 0.72 530.022
1.89 0.72 527.52
1.9 0.72 525.019
1.91 0.72 522.517
1.92 0.72 520.015
1.93 0.72 517.513
1.94 0.72 515.011
1.95 0.72 512.509
1.96 0.72 510.007
1.97 0.72 507.506
1.98 0.72 505.004
1.99 0.72 502.502
2 0.72 500

0 0.73 1000
0.01 0.73 997.502
0.02 0.73 995.004
0.03 0.73 992.505
0.04 0.73 990.007
0.05 0.73 987.509
0.06 0.73 985.011
0.07 0.73 982.512
0.08 0.73 980.014
0.09 0.73 977.516
0.1 0.73 975.017
0.11 0.73 972.519
0.12 0.73 970.021
0.13 0.73 967.523
0.14 0.73 965.024
0.15 0.73 962.526
0.16 0.73 960.028
0.17 0.73 957.53
0.18 0.73 955.031
0.19 0.73 952.533
0.2 0.73 950.035
0.21 0.73 947.536
0.22 0.73 945.038
0.23 0.73 942.54
0.24 0.73 940.041
0.25 0.73 937.543
0.26 0.73 935.044
0.27 0.73 932.546
0.28 0.73 930.048
0.29 0.73 927.549
0.3 0.73 925.051
0.31 0.73 922.552
0.32 0.73 920.054
0.33 0.73 917.556
0.34 0.73 915.057
0.35 0.73 912.559
0.36 0.73 910.06
0.37 0.73 907.562
0.38 0.73 905.063
0.39 0.73 902.565
0.4 0.73 900.066
0.41 0.73 897.567
0.42 0.73 895.069
0.43 0.73 892.57
0.44 0.73 890.072
0.45 0.73 887.573
0.46 0.73 885.074
0.47 0.73 882.576
0.48 0.73 880.077
0.49 0.73 877.578
0.5 0.73 875.08
0.51 0.73 872.581
0.52 0.73 870.082
0.53 0.73 867.583
0.54 0.73 865.085
0.55 0.73 862.586
0.56 0.73 860.087
0.57 0.73 857.588
0.58 0.73 855.089
0.59 0.73 852.59
0.6 0.73 850.092
0.61 0.73 847.593
0.62 0.73 845.094
0.63 0.73 842.595
0.64 0.73 840.096
0.65 0.73 837.597
0.66 0.73 835.098
0.67 0.73 832.599
0.68 0.73 830.099
0.69 0.73 827.6
0.7 0.73 825.101
0.71 0.73 822.602
0.72 0.73 820.103
0.73 0.73 817.604
0.74 0.73 815.104
0.75 0.73 812.605
0.76 0.73 810.106
0.77 0.73 807.607
0.78 0.73 805.107
0.79 0.73 802.608
0.8 0.73 800.109
0.81 0.73 797.609
0.82 0.73 795.11
0.83 0.73 792.61
0.84 0.73 790.111
0.85 0.73 787.611
0.86 0.73 785.112
0.87 0.73 782.612
0.88 0.73 780.113
0.89 0.73 777.613
0.9 0.73 775.113
0.91 0.73 772.614
0.92 0.73 770.114
0.93 0.73 767.614
0.94 0.73 765.114
0.95 0.73 762.615
0.96 0.73 760.115
0.97 0.73 757.615
0.98 0.73 755.115
0.99 0.73 752.615
1 0.73 750.115
1.01 0.73 747.615
1.02 0.73 745.115
1.03 0.73 742.615
1.04 0.73 740.115
1.05 0.73 737.615
1.06 0.73 735.115
1.07 0.73 732.615
1.08 0.73 730.115
1.09 0.73 727.615
1.1 0.73 725.114
1.11 0.73 722.614
1.12 0.73 720.114
1.13 0.73 717.614
1.14 0.73 715.113
1.15 0.73 712.613
1.16 0.73 710.112
1.17 0.73 707.612
1.18 0.73 705.112
1.19 0.73 702.611
1.2 0.73 700.111
1.21 0.73 697.61
1.22 0.73 695.11
1.23 0.73 692.609
1.24 0.73 690.108
1.25 0.73 687.608
1.26 0.73 685.107
1.27 0.73 682.606
1.28 0.73 680.106
1.29 0.73 677.605
1.3 0.73 675.104
1.31 0.73 672.603
1.32 0.73 670.102
1.33 0.73 667.602
1.34 0.73 665.101
1.35 0.73 662.6
1.36 0.73 660.099
1.37 0.73 657.598
1.38 0.73 655.097
1.39 0.73 652.596
1.4 0.73 650.095
1.41 0.73 647.594
1.42 0.73 645.093
1.43 0.73 642.592
1.44 0.73 640.091
1.45 0.73 637.589
1.46 0.73 635.088
1.47 0.73 632.587
1.48 0.73 630.086
1.49 0.73 627.585
1.5 0.73 625.083
1.51 0.73 622.582
1.52 0.73 620.081
1.53 0.73 617.579
1.54 0.73 615.078
1.55 0.73 612.577
1.56 0.73 610.075
1.57 0.73 607.574
1.58 0.73 605.072
1.59 0.73 602.571
1.6 0.73 600.069
1.61 0.73 597.568
1.62 0.73 595.066
1.63 0.73 592.565
1.64 0.73 590.063
1.65 0.73 587.562
1.66 0.73 585.06
1.67 0.73 582.559
1.68 0.73 580.057
1.69 0.73 577.555
1.7 0.73 575.054
1.71 0.73 572.552
1.72 0.73 570.05
1.73 0.73 567.549
1.74 0.73 565.047
1.75 0.73 562.545
1.76 0.73 560.044
1.77 0.73 557.542
1.78 0.73 555.04
1.79 0.73 552.538
1.8 0.73 550.037
1.81 0.73 547.535
1.82 0.73 545.033
1.83 0.73 542.531
1.84 0.73 540.029
1.85 0.73 537.528
1.86 0.73 535.026
1.87 0.73 532.524
1.88 0.73 530.022
1.89 0.73 527.52
1.9 0.73 525.019
1.91 0.73 522.517
1.92 0.73 520.015
1.93 0.73 517.513
1.94 0.73 515.011
1.95 0.73 512.509
1.96 0.73 510.007
1.97 0.73 507.506
1.98 0.73 505.004
1.99 0.73 502.502
2 0.73 500

0 0.74 1000
0.01 0.74 997.502
0.02 0.74 995.004
0.03 0.74 992.505
0.04 0.74 990.007
0.05 0.74 987.509
0.06 0.74 985.011
0.07 0.74 982.512
0.08 0.74 980.014
0.09 0.74 977.516
0.1 0.74 975.017
0.11 0.74 972.519
0.12 0.74 970.021
0.13 0.74 967.523
0.14 0.74 965.024
0.15 0.74 962.526
0.16 0.74 960.028
0.17 0.74 957.53
0.18 0.74 955.031
0.19 0.74 952.533
0.2 0.74 950.035
0.21 0.74 947.536
0.22 0.74 945.038
0.23 0.74 942.54
0.24 0.74 940.041
0.25 0.74 937.543
0.26 0.74 935.044
0.27 0.74 932.546
0.28 0.74 930.048
0.29 0.74 927.549
0.3 0.74 925.051
0.31 0.74 922.552
0.32 0.74 920.054
0.33 0.74 917.556
0.34 0.74 915.057
0.35 0.74 912.559
0.36 0.74 910.06
0.37 0.74 907.562
0.38 0.74 905.063
0.39 0.74 902.565
0.4 0.74 900.066
0.41 0.74 897.568
0.42 0.74 895.069
0.43 0.74 892.57
0.44 0.74 890.072
0.45 0.74 887.573
0.46 0.74 885.074
0.47 0.74 882.576
0.48 0.74 880.077
0.49 0.74 877.578
0.5 0.74 875.08
0.51 0.74 872.581
0.52 0.74 870.082
0.53 0.74 867.583
0.54 0.74 865.085
0.55 0.74 862.586
0.56 0.74 860.087
0.57 0.74 857.588
0.58 0.74 855.089
0.59 0.74 852.59
0.6 0.74 850.092
0.61 0.74 847.593
0.62 0.74 845.094
0.63 0.74 842.595
0.64 0.74 840.096
0.65 0.74 837.597
0.66 0.74 835.098
0.67 0.74 832.599
0.68 0.74 830.099
0.69 0.74 827.6
0.7 0.74 825.101
0.71 0.74 822.602
0.72 0.74 820.103
0.73 0.74 817.604
0.74 0.74 815.104
0.75 0.74 812.605
0.76 0.74 810.106
0.77 0.74 807.607
0.78 0.74 805.107
0.79 0.74 802.608
0.8 0.74 800.109
0.81 0.74 797.609
0.82 0.74 795.11
0.83 0.74 792.61
0.84 0.74 790.111
0.85 0.74 787.611
0.86 0.74 785.112
0.87 0.74 782.612
0.88 0.74 780.113
0.89 0.74 777.613
0.9 0.74 775.113
0.91 0.74 772.614
0.92 0.74 770.114
0.93 0.74 767.614
0.94 0.74 765.114
0.95 0.74 762.615
0.96 0.74 760.115
0.97 0.74 757.615
0.98 0.74 755.115
0.99 0.74 752.615
1 0.74 750.115
1.01 0.74 747.615
1.02 0.74 745.115
1.03 0.74 742.615
1.04 0.74 740.115
1.05 0.74 737.615
1.06 0.74 735.115
1.07 0.74 732.615
1.08 0.74 730.115
1.09 0.74 727.615
1.1 0.74 725.114
1.11 0.74 722.614
1.12 0.74 720.114
1.13 0.74 717.614
1.14 0.74 715.113
1.15 0.74 712.613
1.16 0.74 710.112
1.17 0.74 707.612
1.18 0.74 705.112
1.19 0.74 702.611
1.2 0.74 700.111
1.21 0.74 697.61
1.22 0.74 695.11
1.23 0.74 692.609
1.24 0.74 690.108
1.25 0.74 687.608
1.26 0.74 685.107
1.27 0.74 682.606
1.28 0.74 680.106
1.29 0.74 677.605
1.3 0.74 675.104
1.31 0.74 672.603
1.32 0.74 670.102
1.33 0.74 667.602
1.34 0.74 665.101
1.35 0.74 662.6
1.36 0.74 660.099
1.37 0.74 657.598
1.38 0.74 655.097
1.39 0.74 652.596
1.4 0.74 650.095
1.41 0.74 647.594
1.42 0.74 645.093
1.43 0.74 642.592
1.44 0.74 640.091
1.45 0.74 637.589
1.46 0.74 635.088
1.47 0.74 632.587
1.48 0.74 630.086
1.49 0.74 627.585
1.5 0.74 625.083
1.51 0.74 622.582
1.52 0.74 620.081
1.53 0.74 617.579
1.54 0.74 615.078
1.55 0.74 612.577
1.56 0.74 610.075
1.57 0.74 607.574
1.58 0.74 605.072
1.59 0.74 602.571
1.6 0.74 600.069
1.61 0.74 597.568
1.62 0.74 595.066
1.63 0.74 592.565
1.64 0.74 590.063
1.65 0.74 587.562
1.66 0.74 585.06
1.67 0.74 582.559
1.68 0.74 580.057
1.69 0.74 577.555
1.7 0.74 575.054
1.71 0.74 572.552
1.72 0.74 570.05
1.73 0.74 567.549
1.74 0.74 565.047
1.75 0.74 562.545
1.76 0.74 560.044
1.77 0.74 557.542
1.78 0.74 555.04
1.79 0.74 552.538
1.8 0.74 550.037
1.81 0.74 547.535
1.82 0.74 545.033
1.83 0.74 542.531
1.84 0.74 540.029
1.85 0.74 537.528
1.86 0.74 535.026
1.87 0.74 532.524
1.88 0.74 530.022
1.89 0.74 527.52
1.9 0.74 525.019
1.91 0.74 522.517
1.92 0.74 520.015
1.93 0.74 517.513
1.94 0.74 515.011
1.95 0.74 512.509
1.96 0.74 510.007
1.97 0.74 507.506
1.98 0.74 505.004
1.99 0.74 502.502
2 0.74 500

0 0.75 1000
0.01 0.75 997.502
0.02 0.75 995.004
0.03 0.75 992.505
0.04 0.75 990.007
0.05 0.75 987.509
0.06 0.75 985.011
0.07 0.75 982.512
0.08 0.75 980.014
0.09 0.75 977.516
0.1 0.75 975.017
0.11 0.75 972.519
0.12 0.75 970.021
0.13 0.75 967.523
0.14 0.75 965.024
0.15 0.75 962.526
0.16 0.75 960.028
0.17 0.75 957.53
0.18 0.75 955.031
0.19 0.75 952.533
0.2 0.75 950.035
0.21 0.75 947.536
0.22 0.75 945.038
0.23 0.75 942.54
0.24 0.75 940.041
0.25 0.75 937.543
0.26 0.75 935.044
0.27 0.75 932.546
0.28 0.75 930.048
0.29 0.75 927.549
0.3 0.75 925.051
0.31 0.75 922.552
0.32 0.75 920.054
0.33 0.75 917.556
0.34 0.75 915.057
0.35 0.75 912.559
0.36 0.75 910.06
0.37 0.75 907.562
0.38 0.75 905.063
0.39 0.75 902.565
0.4 0.75 900.066
0.41 0.75 897.568
0.42 0.75 895.069
0.43 0.75 892.57
0.44 0.75 890.072
0.45 0.75 887.573
0.46 0.75 885.074
0.47 0.75 882.576
0.48 0.75 880.077
0.49 0.75 877.578
0.5 0.75 875.08
0.51 0.75 872.581
0.52 0.75 870.082
0.53 0.75 867.583
0.54 0.75 865.085
0.55 0.75 862.586
0.56 0.75 860.087
0.57 0.75 857.588
0.58 0.75 855.089
0.59 0.75 852.59
0.6 0.75 850.092
0.61 0.75 847.593
0.62 0.75 845.094
0.63 0.75 842.595
0.64 0.75 840.096
0.65 0.75 837.597
0.66 0.75 835.098
0.67 0.75 832.599
0.68 0.75 830.099
0.69 0.75 827.6
0.7 0.75 825.101
0.71 0.75 822.602
0.72 0.75 820.103
0.73 0.75 817.604
0.74 0.75 815.104
0.75 0.75 812.605
0.76 0.75 810.106
0.77 0.75 807.607
0.78 0.75 805.107
0.79 0.75 802.608
0.8 0.75 800.109
0.81 0.75 797.609
0.82 0.75 795.11
0.83 0.75 792.61
0.84 0.75 790.111
0.85 0.75 787.611
0.86 0.75 785.112
0.87 0.75 782.612
0.88 0.75 780.113
0.89 0.75 777.613
0.9 0.75 775.113
0.91 0.75 772.614
0.92 0.75 770.114
0.93 0.75 767.614
0.94 0.75 765.114
0.95 0.75 762.615
0.96 0.75 760.115
0.97 0.75 757.615
0.98 0.75 755.115
0.99 0.75 752.615
1 0.75 750.115
1.01 0.75 747.615
1.02 0.75 745.115
1.03 0.75 742.615
1.04 0.75 740.115
1.05 0.75 737.615
1.06 0.75 735.115
1.07 0.75 732.615
1.08 0.75 730.115
1.09 0.75 727.615
1.1 0.75 725.114
1.11 0.75 722.614
1.12 0.75 720.114
1.13 0.75 717.614
1.14 0.75 715.113
1.15 0.75 712.613
1.16 0.75 710.113
1.17 0.75 707.612
1.18 0.75 705.112
1.19 0.75 702.611
1.2 0.75 700.111
1.21 0.75 697.61
1.22 0.75 695.11
1.23 0.75 692.609
1.24 0.75 690.108
1.25 0.75 687.608
1.26 0.75 685.107
1.27 0.75 682.606
1.28 0.75 680.106
1.29 0.75 677.605
1.3 0.75 675.104
1.31 0.75 672.603
1.32 0.75 670.102
1.33 0.75 667.602
1.34 0.75 665.101
1.35 0.75 662.6
1.36 0.75 660.099
1.37 0.75 657.598
1.38 0.75 655.097
1.39 0.75 652.596
1.4 0.75 650.095
1.41 0.75 647.594
1.42 0.75 645.093
1.43 0.75 642.592
1.44 0.75 640.091
1.45 0.75 637.589
1.46 0.75 635.088
1.47 0.75 632.587
1.48 0.75 630.086
1.49 0.75 627.585
1.5 0.75 625.083
1.51 0.75 622.582
1.52 0.75 620.081
1.53 0.75 617.579
1.54 0.75 615.078
1.55 0.75 612.577
1.56 0.75 610.075
1.57 0.75 607.574
1.58 0.75 605.072
1.59 0.75 602.571
1.6 0.75 600.069
1.61 0.75 597.568
1.62 0.75 595.066
1.63 0.75 592.565
1.64 0.75 590.063
1.65 0.75 587.562
1.66 0.75 585.06
1.67 0.75 582.559
1.68 0.75 580.057
1.69 0.75 577.555
1.7 0.75 575.054
1.71 0.75 572.552
1.72 0.75 570.05
1.73 0.75 567.549
1.74 0.75 565.047
1.75 0.75 562.545
1.76 0.75 560.044
1.77 0.75 557.542
1.78 0.75 555.04
1.79 0.75 552.538
1.8 0.75 550.037
1.81 0.75 547.535
1.82 0.75 545.033
1.83 0.75 542.531
1.84 0.75 540.029
1.85 0.75 537.528
1.86 0.75 535.026
1.87 0.75 532.524
1.88 0.75 530.022
1.89 0.75 527.52
1.9 0.75 525.019
1.91 0.75 522.517
1.92 0.75 520.015
1.93 0.75 517.513
1.94 0.75 515.011
1.95 0.75 512.509
1.96 0.75 510.007
1.97 0.75 507.506
1.98 0.75 505.004
1.99 0.75 502.502
2 0.75 500

0 0.76 1000
0.01 0.76 997.502
0.02 0.76 995.004
0.03 0.76 992.505
0.04 0.76 990.007
0.05 0.76 987.509
0.06 0.76 985.011
0.07 0.76 982.512
0.08 0.76 980.014
0.09 0.76 977.516
0.1 0.76 975.017
0.11 0.76 972.519
0.12 0.76 970.021
0.13 0.76 967.523
0.14 0.76 965.024
0.15 0.76 962.526
0.16 0.76 960.028
0.17 0.76 957.53
0.18 0.76 955.031
0.19 0.76 952.533
0.2 0.76 950.035
0.21 0.76 947.536
0.22 0.76 945.038
0.23 0.76 942.54
0.24 0.76 940.041
0.25 0.76 937.543
0.26 0.76 935.044
0.27 0.76 932.546
0.28 0.76 930.048
0.29 0.76 927.549
0.3 0.76 925.051
0.31 0.76 922.552
0.32 0.76 920.054
0.33 0.76 917.556
0.34 0.76 915.057
0.35 0.76 912.559
0.36 0.76 910.06
0.37 0.76 907.562
0.38 0.76 905.063
0.39 0.76 902.565
0.4 0.76 900.066
0.41 0.76 897.568
0.42 0.76 895.069
0.43 0.76 892.57
0.44 0.76 890.072
0.45 0.76 887.573
0.46 0.76 885.074
0.47 0.76 882.576
0.48 0.76 880.077
0.49 0.76 877.578
0.5 0.76 875.08
0.51 0.76 872.581
0.52 0.76 870.082
0.53 0.76 867.583
0.54 0.76 865.085
0.55 0.76 862.586
0.56 0.76 860.087
0.57 0.76 857.588
0.58 0.76 855.089
0.59 0.76 852.59
0.6 0.76 850.092
0.61 0.76 847.593
0.62 0.76 845.094
0.63 0.76 842.595
0.64 0.76 840.096
0.65 0.76 837.597
0.66 0.76 835.098
0.67 0.76 832.599
0.68 0.76 830.1
0.69 0.76 827.6
0.7 0.76 825.101
0.71 0.76 822.602
0.72 0.76 820.103
0.73 0.76 817.604
0.74 0.76 815.104
0.75 0.76 812.605
0.76 0.76 810.106
0.77 0.76 807.607
0.78 0.76 805.107
0.79 0.76 802.608
0.8 0.76 800.109
0.81 0.76 797.609
0.82 0.76 795.11
0.83 0.76 792.61
0.84 0.76 790.111
0.85 0.76 787.611
0.86 0.76 785.112
0.87 0.76 782.612
0.88 0.76 780.113
0.89 0.76 777.613
0.9 0.76 775.113
0.91 0.76 772.614
0.92 0.76 770.114
0.93 0.76 767.614
0.94 0.76 765.114
0.95 0.76 762.615
0.96 0.76 760.115
0.97 0.76 757.615
0.98 0.76 755.115
0.99 0.76 752.615
1 0.76 750.115
1.01 0.76 747.615
1.02 0.76 745.115
1.03 0.76 742.615
1.04 0.76 740.115
1.05 0.76 737.615
1.06 0.76 735.115
1.07 0.76 732.615
1.08 0.76 730.115
1.09 0.76 727.615
1.1 0.76 725.114
1.11 0.76 722.614
1.12 0.76 720.114
1.13 0.76 717.614
1.14 0.76 715.113
1.15 0.76 712.613
1.16 0.76 710.113
1.17 0.76 707.612
1.18 0.76 705.112
1.19 0.76 702.611
1.2 0.76 700.111
1.21 0.76 697.61
1.22 0.76 695.11
1.23 0.76 692.609
1.24 0.76 690.108
1.25 0.76 687.608
1.26 0.76 685.107
1.27 0.76 682.606
1.28 0.76 680.106
1.29 0.76 677.605
1.3 0.76 675.104
1.31 0.76 672.603
1.32 0.76 670.102
1.33 0.76 667.602
1.34 0.76 665.101
1.35 0.76 662.6
1.36 0.76 660.099
1.37 0.76 657.598
1.38 0.76 655.097
1.39 0.76 652.596
1.4 0.76 650.095
1.41 0.76 647.594
1.42 0.76 645.093
1.43 0.76 642.592
1.44 0.76 640.091
1.45 0.76 637.589
1.46 0.76 635.088
1.47 0.76 632.587
1.48 0.76 630.086
1.49 0.76 627.585
1.5 0.76 625.083
1.51 0.76 622.582
1.52 0.76 620.081
1.53 0.76 617.579
1.54 0.76 615.078
1.55 0.76 612.577
1.56 0.76 610.075
1.57 0.76 607.574
1.58 0.76 605.072
1.59 0.76 602.571
1.6 0.76 600.069
1.61 0.76 597.568
1.62 0.76 595.066
1.63 0.76 592.565
1.64 0.76 590.063
1.65 0.76 587.562
1.66 0.76 585.06
1.67 0.76 582.559
1.68 0.76 580.057
1.69 0.76 577.555
1.7 0.76 575.054
1.71 0.76 572.552
1.72 0.76 570.05
1.73 0.76 567.549
1.74 0.76 565.047
1.75 0.76 562.545
1.76 0.76 560.044
1.77 0.76 557.542
1.78 0.76 555.04
1.79 0.76 552.538
1.8 0.76 550.037
1.81 0.76 547.535
1.82 0.76 545.033
1.83 0.76 542.531
1.84 0.76 540.029
1.85 0.76 537.528
1.86 0.76 535.026
1.87 0.76 532.524
1.88 0.76 530.022
1.89 0.76 527.52
1.9 0.76 525.019
1.91 0.76 522.517
1.92 0.76 520.015
1.93 0.76 517.513
1.94 0.76 515.011
1.95 0.76 512.509
1.96 0.76 510.007
1.97 0.76 507.506
1.98 0.76 505.004
1.99 0.76 502.502
2 0.76 500

0 0.77 1000
0.01 0.77 997.502
0.02 0.77 995.004
0.03 0.77 992.505
0.04 0.77 990.007
0.05 0.77 987.509
0.06 0.77 985.011
0.07 0.77 982.512
0.08 0.77 980.014
0.09 0.77 977.516
0.1 0.77 975.017
0.11 0.77 972.519
0.12 0.77 970.021
0.13 0.77 967.523
0.14 0.77 965.024
0.15 0.77 962.526
0.16 0.77 960.028
0.17 0.77 957.53
0.18 0.77 955.031
0.19 0.77 952.533
0.2 0.77 950.035
0.21 0.77 947.536
0.22 0.77 945.038
0.23 0.77 942.54
0.24 0.77 940.041
0.25 0.77 937.543
0.26 0.77 935.044
0.27 0.77 932.546
0.28 0.77 930.048
0.29 0.77 927.549
0.3 0.77 925.051
0.31 0.77 922.552
0.32 0.77 920.054
0.33 0.77 917.556
0.34 0.77 915.057
0.35 0.77 912.559
0.36 0.77 910.06
0.37 0.77 907.562
0.38 0.77 905.063
0.39 0.77 902.565
0.4 0.77 900.066
0.41 0.77 897.568
0.42 0.77 895.069
0.43 0.77 892.57
0.44 0.77 890.072
0.45 0.77 887.573
0.46 0.77 885.074
0.47 0.77 882.576
0.48 0.77 880.077
0.49 0.77 877.578
0.5 0.77 875.08
0.51 0.77 872.581
0.52 0.77 870.082
0.53 0.77 867.583
0.54 0.77 865.085
0.55 0.77 862.586
0.56 0.77 860.087
0.57 0.77 857.588
0.58 0.77 855.089
0.59 0.77 852.59
0.6 0.77 850.092
0.61 0.77 847.593
0.62 0.77 845.094
0.63 0.77 842.595
0.64 0.77 840.096
0.65 0.77 837.597
0.66 0.77 835.098
0.67 0.77 832.599
0.68 0.77 830.1
0.69 0.77 827.6
0.7 0.77 825.101
0.71 0.77 822.602
0.72 0.77 820.103
0.73 0.77 817.604
0.74 0.77 815.104
0.75 0.77 812.605
0.76 0.77 810.106
0.77 0.77 807.607
0.78 0.77 805.107
0.79 0.77 802.608
0.8 0.77 800.109
0.81 0.77 797.609
0.82 0.77 795.11
0.83 0.77 792.61
0.84 0.77 790.111
0.85 0.77 787.611
0.86 0.77 785.112
0.87 0.77 782.612
0.88 0.77 780.113
0.89 0.77 777.613
0.9 0.77 775.113
0.91 0.77 772.614
0.92 0.77 770.114
0.93 0.77 767.614
0.94 0.77 765.114
0.95 0.77 762.615
0.96 0.77 760.115
0.97 0.77 757.615
0.98 0.77 755.115
0.99 0.77 752.615
1 0.77 750.115
1.01 0.77 747.615
1.02 0.77 745.115
1.03 0.77 742.615
1.04 0.77 740.115
1.05 0.77 737.615
1.06 0.77 735.115
1.07 0.77 732.615
1.08 0.77 730.115
1.09 0.77 727.615
1.1 0.77 725.114
1.11 0.77 722.614
1.12 0.77 720.114
1.13 0.77 717.614
1.14 0.77 715.113
1.15 0.77 712.613
1.16 0.77 710.113
1.17 0.77 707.612
1.18 0.77 705.112
1.19 0.77 702.611
1.2 0.77 700.111
1.21 0.77 697.61
1.22 0.77 695.11
1.23 0.77 692.609
1.24 0.77 690.108
1.25 0.77 687.608
1.26 0.77 685.107
1.27 0.77 682.606
1.28 0.77 680.106
1.29 0.77 677.605
1.3 0.77 675.104
1.31 0.77 672.603
1.32 0.77 670.103
1.33 0.77 667.602
1.34 0.77 665.101
1.35 0.77 662.6
1.36 0.77 660.099
1.37 0.77 657.598
1.38 0.77 655.097
1.39 0.77 652.596
1.4 0.77 650.095
1.41 0.77 647.594
1.42 0.77 645.093
1.43 0.77 642.592
1.44 0.77 640.091
1.45 0.77 637.589
1.46 0.77 635.088
1.47 0.77 632.587
1.48 0.77 630.086
1.49 0.77 627.585
1.5 0.77 625.083
1.51 0.77 622.582
1.52 0.77 620.081
1.53 0.77 617.579
1.54 0.77 615.078
1.55 0.77 612.577
1.56 0.77 610.075
1.57 0.77 607.574
1.58 0.77 605.072
1.59 0.77 602.571
1.6 0.77 600.069
1.61 0.77 597.568
1.62 0.77 595.066
1.63 0.77 592.565
1.64 0.77 590.063
1.65 0.77 587.562
1.66 0.77 585.06
1.67 0.77 582.559
1.68 0.77 580.057
1.69 0.77 577.555
1.7 0.77 575.054
1.71 0.77 572.552
1.72 0.77 570.05
1.73 0.77 567.549
1.74 0.77 565.047
1.75 0.77 562.545
1.76 0.77 560.044
1.77 0.77 557.542
1.78 0.77 555.04
1.79 0.77 552.538
1.8 0.77 550.037
1.81 0.77 547.535
1.82 0.77 545.033
1.83 0.77 542.531
1.84 0.77 540.029
1.85 0.77 537.528
1.86 0.77 535.026
1.87 0.77 532.524
1.88 0.77 530.022
1.89 0.77 527.52
1.9 0.77 525.019
1.91 0.77 522.517
1.92 0.77 520.015
1.93 0.77 517.513
1.94 0.77 515.011
1.95 0.77 512.509
1.96 0.77 510.007
1.97 0.77 507.506
1.98 0.77 505.004
1.99 0.77 502.502
2 0.77 500

0 0.78 1000
0.01 0.78 997.502
0.02 0.78 995.004
0.03 0.78 992.505
0.04 0.78 990.007
0.05 0.78 987.509
0.06 0.78 985.011
0.07 0.78 982.512
0.08 0.78 980.014
0.09 0.78 977.516
0.1 0.78 975.017
0.11 0.78 972.519
0.12 0.78 970.021
0.13 0.78 967.523
0.14 0.78 965.024
0.15 0.78 962.526
0.16 0.78 960.028
0.17 0.78 957.53
0.18 0.78 955.031
0.19 0.78 952.533
0.2 0.78 950.035
0.21 0.78 947.536
0.22 0.78 945.038
0.23 0.78 942.54
0.24 0.78 940.041
0.25 0.78 937.543
0.26 0.78 935.044
0.27 0.78 932.546
0.28 0.78 930.048
0.29 0.78 927.549
0.3 0.78 925.051
0.31 0.78 922.552
0.32 0.78 920.054
0.33 0.78 917.556
0.34 0.78 915.057
0.35 0.78 912.559
0.36 0.78 910.06
0.37 0.78 907.562
0.38 0.78 905.063
0.39 0.78 902.565
0.4 0.78 900.066
0.41 0.78 897.568
0.42 0.78 895.069
0.43 0.78 892.57
0.44 0.78 890.072
0.45 0.78 887.573
0.46 0.78 885.074
0.47 0.78 882.576
0.48 0.78 880.077
0.49 0.78 877.578
0.5 0.78 875.08
0.51 0.78 872.581
0.52 0.78 870.082
0.53 0.78 867.583
0.54 0.78 865.085
0.55 0.78 862.586
0.56 0.78 860.087
0.57 0.78 857.588
0.58 0.78 855.089
0.59 0.78 852.59
0.6 0.78 850.092
0.61 0.78 847.593
0.62 0.78 845.094
0.63 0.78 842.595
0.64 0.78 840.096
0.65 0.78 837.597
0.66 0.78 835.098
0.67 0.78 832.599
0.68 0.78 830.1
0.69 0.78 827.6
0.7 0.78 825.101
0.71 0.78 822.602
0.72 0.78 820.103
0.73 0.78 817.604
0.74 0.78 815.104
0.75 0.78 812.605
0.76 0.78 810.106
0.77 0.78 807.607
0.78 0.78 805.107
0.79 0.78 802.608
0.8 0.78 800.109
0.81 0.78 797.609
0.82 0.78 795.11
0.83 0.78 792.61
0.84 0.78 790.111
0.85 0.78 787.611
0.86 0.78 785.112
0.87 0.78 782.612
0.88 0.78 780.113
0.89 0.78 777.613
0.9 0.78 775.113
0.91 0.78 772.614
0.92 0.78 770.114
0.93 0.78 767.614
0.94 0.78 765.114
0.95 0.78 762.615
0.96 0.78 760.115
0.97 0.78 757.615
0.98 0.78 755.115
0.99 0.78 752.615
1 0.78 750.115
1.01 0.78 747.615
1.02 0.78 745.115
1.03 0.78 742.615
1.04 0.78 740.115
1.05 0.78 737.615
1.06 0.78 735.115
1.07 0.78 732.615
1.08 0.78 730.115
1.09 0.78 727.615
1.1 0.78 725.114
1.11 0.78 722.614
1.12 0.78 720.114
1.13 0.78 717.614
1.14 0.78 715.113
1.15 0.78 712.613
1.16 0.78 710.113
1.17 0.78 707.612
1.18 0.78 705.112
1.19 0.78 702.611
1.2 0.78 700.111
1.21 0.78 697.61
1.22 0.78 695.11
1.23 0.78 692.609
1.24 0.78 690.108
1.25 0.78 687.608
1.26 0.78 685.107
1.27 0.78 682.606
1.28 0.78 680.106
1.29 0.78 677.605
1.3 0.78 675.104
1.31 0.78 672.603
1.32 0.78 670.103
1.33 0.78 667.602
1.34 0.78 665.101
1.35 0.78 662.6
1.36 0.78 660.099
1.37 0.78 657.598
1.38 0.78 655.097
1.39 0.78 652.596
1.4 0.78 650.095
1.41 0.78 647.594
1.42 0.78 645.093
1.43 0.78 642.592
1.44 0.78 640.091
1.45 0.78 637.589
1.46 0.78 635.088
1.47 0.78 632.587
1.48 0.78 630.086
1.49 0.78 627.585
1.5 0.78 625.083
1.51 0.78 622.582
1.52 0.78 620.081
1.53 0.78 617.579
1.54 0.78 615.078
1.55 0.78 612.577
1.56 0.78 610.075
1.57 0.78 607.574
1.58 0.78 605.072
1.59 0.78 602.571
1.6 0.78 600.069
1.61 0.78 597.568
1.62 0.78 595.066
1.63 0.78 592.565
1.64 0.78 590.063
1.65 0.78 587.562
1.66 0.78 585.06
1.67 0.78 582.559
1.68 0.78 580.057
1.69 0.78 577.555
1.7 0.78 575.054
1.71 0.78 572.552
1.72 0.78 570.05
1.73 0.78 567.549
1.74 0.78 565.047
1.75 0.78 562.545
1.76 0.78 560.044
1.77 0.78 557.542
1.78 0.78 555.04
1.79 0.78 552.538
1.8 0.78 550.037
1.81 0.78 547.535
1.82 0.78 545.033
1.83 0.78 542.531
1.84 0.78 540.029
1.85 0.78 537.528
1.86 0.78 535.026
1.87 0.78 532.524
1.88 0.78 530.022
1.89 0.78 527.52
1.9 0.78 525.019
1.91 0.78 522.517
1.92 0.78 520.015
1.93 0.78 517.513
1.94 0.78 515.011
1.95 0.78 512.509
1.96 0.78 510.007
1.97 0.78 507.506
1.98 0.78 505.004
1.99 0.78 502.502
2 0.78 500

0 0.79 1000
0.01 0.79 997.502
0.02 0.79 995.004
0.03 0.79 992.505
0.04 0.79 990.007
0.05 0.79 987.509
0.06 0.79 985.011
0.07 0.79 982.512
0.08 0.79 980.014
0.09 0.79 977.516
0.1 0.79 975.017
0.11 0.79 972.519
0.12 0.79 970.021
0.13 0.79 967.523
0.14 0.79 965.024
0.15 0.79 962.526
0.16 0.79 960.028
0.17 0.79 957.53
0.18 0.79 955.031
0.19 0.79 952.533
0.2 0.79 950.035
0.21 0.79 947.536
0.22 0.79 945.038
0.23 0.79 942.54
0.24 0.79 940.041
0.25 0.79 937.543
0.26 0.79 935.045
0.27 0.79 932.546
0.28 0.79 930.048
0.29 0.79 927.549
0.3 0.79 925.051
0.31 0.79 922.552
0.32 0.79 920.054
0.33 0.79 917.556
0.34 0.79 915.057
0.35 0.79 912.559
0.36 0.79 910.06
0.37 0.79 907.562
0.38 0.79 905.063
0.39 0.79 902.565
0.4 0.79 900.066
0.41 0.79 897.568
0.42 0.79 895.069
0.43 0.79 892.57
0.44 0.79 890.072
0.45 0.79 887.573
0.46 0.79 885.074
0.47 0.79 882.576
0.48 0.79 880.077
0.49 0.79 877.578
0.5 0.79 875.08
0.51 0.79 872.581
0.52 0.79 870.082
0.53 0.79 867.583
0.54 0.79 865.085
0.55 0.79 862.586
0.56 0.79 860.087
0.57 0.79 857.588
0.58 0.79 855.089
0.59 0.79 852.59
0.6 0.79 850.092
0.61 0.79 847.593
0.62 0.79 845.094
0.63 0.79 842.595
0.64 0.79 840.096
0.65 0.79 837.597
0.66 0.79 835.098
0.67 0.79 832.599
0.68 0.79 830.1
0.69 0.79 827.6
0.7 0.79 825.101
0.71 0.79 822.602
0.72 0.79 820.103
0.73 0.79 817.604
0.74 0.79 815.104
0.75 0.79 812.605
0.76 0.79 810.106
0.77 0.79 807.607
0.78 0.79 805.107
0.79 0.79 802.608
0.8 0.79 800.109
0.81 0.79 797.609
0.82 0.79 795.11
0.83 0.79 792.61
0.84 0.79 790.111
0.85 0.79 787.611
0.86 0.79 785.112
0.87 0.79 782.612
0.88 0.79 780.113
0.89 0.79 777.613
0.9 0.79 775.113
0.91 0.79 772.614
0.92 0.79 770.114
0.93 0.79 767.614
0.94 0.79 765.114
0.95 0.79 762.615
0.96 0.79 760.115
0.97 0.79 757.615
0.98 0.79 755.115
0.99 0.79 752.615
1 0.79 750.115
1.01 0.79 747.615
1.02 0.79 745.115
1.03 0.79 742.615
1.04 0.79 740.115
1.05 0.79 737.615
1.06 0.79 735.115
1.07 0.79 732.615
1.08 0.79 730.115
1.09 0.79 727.615
1.1 0.79 725.114
1.11 0.79 722.614
1.12 0.79 720.114
1.13 0.79 717.614
1.14 0.79 715.113
1.15 0.79 712.613
1.16 0.79 710.113
1.17 0.79 707.612
1.18 0.79 705.112
1.19 0.79 702.611
1.2 0.79 700.111
1.21 0.79 697.61
1.22 0.79 695.11
1.23 0.79 692.609
1.24 0.79 690.108
1.25 0.79 687.608
1.26 0.79 685.107
1.27 0.79 682.606
1.28 0.79 680.106
1.29 0.79 677.605
1.3 0.79 675.104
1.31 0.79 672.603
1.32 0.79 670.103
1.33 0.79 667.602
1.34 0.79 665.101
1.35 0.79 662.6
1.36 0.79 660.099
1.37 0.79 657.598
1.38 0.79 655.097
1.39 0.79 652.596
1.4 0.79 650.095
1.41 0.79 647.594
1.42 0.79 645.093
1.43 0.79 642.592
1.44 0.79 640.091
1.45 0.79 637.589
1.46 0.79 635.088
1.47 0.79 632.587
1.48 0.79 630.086
1.49 0.79 627.585
1.5 0.79 625.083
1.51 0.79 622.582
1.52 0.79 620.081
1.53 0.79 617.579
1.54 0.79 615.078
1.55 0.79 612.577
1.56 0.79 610.075
1.57 0.79 607.574
1.58 0.79 605.072
1.59 0.79 602.571
1.6 0.79 600.069
1.61 0.79 597.568
1.62 0.79 595.066
1.63 0.79 592.565
1.64 0.79 590.063
1.65 0.79 587.562
1.66 0.79 585.06
1.67 0.79 582.559
1.68 0.79 580.057
1.69 0.79 577.555
1.7 0.79 575.054
1.71 0.79 572.552
1.72 0.79 570.05
1.73 0.79 567.549
1.74 0.79 565.047
1.75 0.79 562.545
1.76 0.79 560.044
1.77 0.79 557.542
1.78 0.79 555.04
1.79 0.79 552.538
1.8 0.79 550.037
1.81 0.79 547.535
1.82 0.79 545.033
1.83 0.79 542.531
1.84 0.79 540.029
1.85 0.79 537.528
1.86 0.79 535.026
1.87 0.79 532.524
1.88 0.79 530.022
1.89 0.79 527.52
1.9 0.79 525.019
1.91 0.79 522.517
1.92 0.79 520.015
1.93 0.79 517.513
1.94 0.79 515.011
1.95 0.79 512.509
1.96 0.79 510.007
1.97 0.79 507.506
1.98 0.79 505.004
1.99 0.79 502.502
2 0.79 500

0 0.8 1000
0.01 0.8 997.502
0.02 0.8 995.004
0.03 0.8 992.505
0.04 0.8 990.007
0.05 0.8 987.509
0.06 0.8 985.011
0.07 0.8 982.512
0.08 0.8 980.014
0.09 0.8 977.516
0.1 0.8 975.017
0.11 0.8 972.519
0.12 0.8 970.021
0.13 0.8 967.523
0.14 0.8 965.024
0.15 0.8 962.526
0.16 0.8 960.028
0.17 0.8 957.53
0.18 0.8 955.031
0.19 0.8 952.533
0.2 0.8 950.035
0.21 0.8 947.536
0.22 0.8 945.038
0.23 0.8 942.54
0.24 0.8 940.041
0.25 0.8 937.543
0.26 0.8 935.045
0.27 0.8 932.546
0.28 0.8 930.048
0.29 0.8 927.549
0.3 0.8 925.051
0.31 0.8 922.552
0.32 0.8 920.054
0.33 0.8 917.556
0.34 0.8 915.057
0.35 0.8 912.559
0.36 0.8 910.06
0.37 0.8 907.562
0.38 0.8 905.063
0.39 0.8 902.565
0.4 0.8 900.066
0.41 0.8 897.568
0.42 0.8 895.069
0.43 0.8 892.57
0.44 0.8 890.072
0.45 0.8 887.573
0.46 0.8 885.074
0.47 0.8 882.576
0.48 0.8 880.077
0.49 0.8 877.578
0.5 0.8 875.08
0.51 0.8 872.581
0.52 0.8 870.082
0.53 0.8 867.583
0.54 0.8 865.085
0.55 0.8 862.586
0.56 0.8 860.087
0.57 0.8 857.588
0.58 0.8 855.089
0.59 0.8 852.59
0.6 0.8 850.092
0.61 0.8 847.593
0.62 0.8 845.094
0.63 0.8 842.595
0.64 0.8 840.096
0.65 0.8 837.597
0.66 0.8 835.098
0.67 0.8 832.599
0.68 0.8 830.1
0.69 0.8 827.6
0.7 0.8 825.101
0.71 0.8 822.602
0.72 0.8 820.103
0.73 0.8 817.604
0.74 0.8 815.104
0.75 0.8 812.605
0.76 0.8 810.106
0.77 0.8 807.607
0.78 0.8 805.107
0.79 0.8 802.608
0.8 0.8 800.109
0.81 0.8 797.609
0.82 0.8 795.11
0.83 0.8 792.61
0.84 0.8 790.111
0.85 0.8 787.611
0.86 0.8 785.112
0.87 0.8 782.612
0.88 0.8 780.113
0.89 0.8 777.613
0.9 0.8 775.113
0.91 0.8 772.614
0.92 0.8 770.114
0.93 0.8 767.614
0.94 0.8 765.114
0.95 0.8 762.615
0.96 0.8 760.115
0.97 0.8 757.615
0.98 0.8 755.115
0.99 0.8 752.615
1 0.8 750.115
1.01 0.8 747.615
1.02 0.8 745.115
1.03 0.8 742.615
1.04 0.8 740.115
1.05 0.8 737.615
1.06 0.8 735.115
1.07 0.8 732.615
1.08 0.8 730.115
1.09 0.8 727.615
1.1 0.8 725.114
1.11 0.8 722.614
1.12 0.8 720.114
1.13 0.8 717.614
1.14 0.8 715.113
1.15 0.8 712.613
1.16 0.8 710.113
1.17 0.8 707.612
1.18 0.8 705.112
1.19 0.8 702.611
1.2 0.8 700.111
1.21 0.8 697.61
1.22 0.8 695.11
1.23 0.8 692.609
1.24 0.8 690.108
1.25 0.8 687.608
1.26 0.8 685.107
1.27 0.8 682.606
1.28 0.8 680.106
1.29 0.8 677.605
1.3 0.8 675.104
1.31 0.8 672.603
1.32 0.8 670.103
1.33 0.8 667.602
1.34 0.8 665.101
1.35 0.8 662.6
1.36 0.8 660.099
1.37 0.8 657.598
1.38 0.8 655.097
1.39 0.8 652.596
1.4 0.8 650.095
1.41 0.8 647.594
1.42 0.8 645.093
1.43 0.8 642.592
1.44 0.8 640.091
1.45 0.8 637.589
1.46 0.8 635.088
1.47 0.8 632.587
1.48 0.8 630.086
1.49 0.8 627.585
1.5 0.8 625.083
1.51 0.8 622.582
1.52 0.8 620.081
1.53 0.8 617.579
1.54 0.8 615.078
1.55 0.8 612.577
1.56 0.8 610.075
1.57 0.8 607.574
1.58 0.8 605.072
1.59 0.8 602.571
1.6 0.8 600.069
1.61 0.8 597.568
1.62 0.8 595.066
1.63 0.8 592.565
1.64 0.8 590.063
1.65 0.8 587.562
1.66 0.8 585.06
1.67 0.8 582.559
1.68 0.8 580.057
1.69 0.8 577.555
1.7 0.8 575.054
1.71 0.8 572.552
1.72 0.8 570.05
1.73 0.8 567.549
1.74 0.8 565.047
1.75 0.8 562.545
1.76 0.8 560.044
1.77 0.8 557.542
1.78 0.8 555.04
1.79 0.8 552.538
1.8 0.8 550.037
1.81 0.8 547.535
1.82 0.8 545.033
1.83 0.8 542.531
1.84 0.8 540.029
1.85 0.8 537.528
1.86 0.8 535.026
1.87 0.8 532.524
1.88 0.8 530.022
1.89 0.8 527.52
1.9 0.8 525.019
1.91 0.8 522.517
1.92 0.8 520.015
1.93 0.8 517.513
1.94 0.8 515.011
1.95 0.8 512.509
1.96 0.8 510.007
1.97 0.8 507.506
1.98 0.8 505.004
1.99 0.8 502.502
2 0.8 500

0 0.81 1000
0.01 0.81 997.502
0.02 0.81 995.004
0.03 0.81 992.505
0.04 0.81 990.007
0.05 0.81 987.509
0.06 0.81 985.011
0.07 0.81 982.512
0.08 0.81 980.014
0.09 0.81 977.516
0.1 0.81 975.018
0.11 0.81 972.519
0.12 0.81 970.021
0.13 0.81 967.523
0.14 0.81 965.024
0.15 0.81 962.526
0.16 0.81 960.028
0.17 0.81 957.53
0.18 0.81 955.031
0.19 0.81 952.533
0.2 0.81 950.035
0.21 0.81 947.536
0.22 0.81 945.038
0.23 0.81 942.54
0.24 0.81 940.041
0.25 0.81 937.543
0.26 0.81 935.045
0.27 0.81 932.546
0.28 0.81 930.048
0.29 0.81 927.549
0.3 0.81 925.051
0.31 0.81 922.552
0.32 0.81 920.054
0.33 0.81 917.556
0.34 0.81 915.057
0.35 0.81 912.559
0.36 0.81 910.06
0.37 0.81 907.562
0.38 0.81 905.063
0.39 0.81 902.565
0.4 0.81 900.066
0.41 0.81 897.568
0.42 0.81 895.069
0.43 0.81 892.57
0.44 0.81 890.072
0.45 0.81 887.573
0.46 0.81 885.074
0.47 0.81 882.576
0.48 0.81 880.077
0.49 0.81 877.578
0.5 0.81 875.08
0.51 0.81 872.581
0.52 0.81 870.082
0.53 0.81 867.583
0.54 0.81 865.085
0.55 0.81 862.586
0.56 0.81 860.087
0.57 0.81 857.588
0.58 0.81 855.089
0.59 0.81 852.59
0.6 0.81 850.092
0.61 0.81 847.593
0.62 0.81 845.094
0.63 0.81 842.595
0.64 0.81 840.096
0.65 0.81 837.597
0.66 0.81 835.098
0.67 0.81 832.599
0.68 0.81 830.1
0.69 0.81 827.6
0.7 0.81 825.101
0.71 0.81 822.602
0.72 0.81 820.103
0.73 0.81 817.604
0.74 0.81 815.105
0.75 0.81 812.605
0.76 0.81 810.106
0.77 0.81 807.607
0.78 0.81 805.107
0.79 0.81 802.608
0.8 0.81 800.109
0.81 0.81 797.609
0.82 0.81 795.11
0.83 0.81 792.61
0.84 0.81 790.111
0.85 0.81 787.611
0.86 0.81 785.112
0.87 0.81 782.612
0.88 0.81 780.113
0.89 0.81 777.613
0.9 0.81 775.113
0.91 0.81 772.614
0.92 0.81 770.114
0.93 0.81 767.614
0.94 0.81 765.114
0.95 0.81 762.615
0.96 0.81 760.115
0.97 0.81 757.615
0.98 0.81 755.115
0.99 0.81 752.615
1 0.81 750.115
1.01 0.81 747.615
1.02 0.81 745.115
1.03 0.81 742.615
1.04 0.81 740.115
1.05 0.81 737.615
1.06 0.81 735.115
1.07 0.81 732.615
1.08 0.81 730.115
1.09 0.81 727.615
1.1 0.81 725.114
1.11 0.81 722.614
1.12 0.81 720.114
1.13 0.81 717.614
1.14 0.81 715.113
1.15 0.81 712.613
1.16 0.81 710.113
1.17 0.81 707.612
1.18 0.81 705.112
1.19 0.81 702.611
1.2 0.81 700.111
1.21 0.81 697.61
1.22 0.81 695.11
1.23 0.81 692.609
1.24 0.81 690.108
1.25 0.81 687.608
1.26 0.81 685.107
1.27 0.81 682.606
1.28 0.81 680.106
1.29 0.81 677.605
1.3 0.81 675.104
1.31 0.81 672.603
1.32 0.81 670.103
1.33 0.81 667.602
1.34 0.81 665.101
1.35 0.81 662.6
1.36 0.81 660.099
1.37 0.81 657.598
1.38 0.81 655.097
1.39 0.81 652.596
1.4 0.81 650.095
1.41 0.81 647.594
1.42 0.81 645.093
1.43 0.81 642.592
1.44 0.81 640.091
1.45 0.81 637.589
1.46 0.81 635.088
1.47 0.81 632.587
1.48 0.81 630.086
1.49 0.81 627.585
1.5 0.81 625.083
1.51 0.81 622.582
1.52 0.81 620.081
1.53 0.81 617.579
1.54 0.81 615.078
1.55 0.81 612.577
1.56 0.81 610.075
1.57 0.81 607.574
1.58 0.81 605.072
1.59 0.81 602.571
1.6 0.81 600.069
1.61 0.81 597.568
1.62 0.81 595.066
1.63 0.81 592.565
1.64 0.81 590.063
1.65 0.81 587.562
1.66 0.81 585.06
1.67 0.81 582.559
1.68 0.81 580.057
1.69 0.81 577.555
1.7 0.81 575.054
1.71 0.81 572.552
1.72 0.81 570.05
1.73 0.81 567.549
1.74 0.81 565.047
1.75 0.81 562.545
1.76 0.81 560.044
1.77 0.81 557.542
1.78 0.81 555.04
1.79 0.81 552.538
1.8 0.81 550.037
1.81 0.81 547.535
1.82 0.81 545.033
1.83 0.81 542.531
1.84 0.81 540.029
1.85 0.81 537.528
1.86 0.81 535.026
1.87 0.81 532.524
1.88 0.81 530.022
1.89 0.81 527.52
1.9 0.81 525.019
1.91 0.81 522.517
1.92 0.81 520.015
1.93 0.81 517.513
1.94 0.81 515.011
1.95 0.81 512.509
1.96 0.81 510.007
1.97 0.81 507.506
1.98 0.81 505.004
1.99 0.81 502.502
2 0.81 500

0 0.82 1000
0.01 0.82 997.502
0.02 0.82 995.004
0.03 0.82 992.505
0.04 0.82 990.007
0.05 0.82 987.509
0.06 0.82 985.011
0.07 0.82 982.512
0.08 0.82 980.014
0.09 0.82 977.516
0.1 0.82 975.018
0.11 0.82 972.519
0.12 0.82 970.021
0.13 0.82 967.523
0.14 0.82 965.024
0.15 0.82 962.526
0.16 0.82 960.028
0.17 0.82 957.53
0.18 0.82 955.031
0.19 0.82 952.533
0.2 0.82 950.035
0.21 0.82 947.536
0.22 0.82 945.038
0.23 0.82 942.54
0.24 0.82 940.041
0.25 0.82 937.543
0.26 0.82 935.045
0.27 0.82 932.546
0.28 0.82 930.048
0.29 0.82 927.549
0.3 0.82 925.051
0.31 0.82 922.552
0.32 0.82 920.054
0.33 0.82 917.556
0.34 0.82 915.057
0.35 0.82 912.559
0.36 0.82 910.06
0.37 0.82 907.562
0.38 0.82 905.063
0.39 0.82 902.565
0.4 0.82 900.066
0.41 0.82 897.568
0.42 0.82 895.069
0.43 0.82 892.57
0.44 0.82 890.072
0.45 0.82 887.573
0.46 0.82 885.074
0.47 0.82 882.576
0.48 0.82 880.077
0.49 0.82 877.578
0.5 0.82 875.08
0.51 0.82 872.581
0.52 0.82 870.082
0.53 0.82 867.583
0.54 0.82 865.085
0.55 0.82 862.586
0.56 0.82 860.087
0.57 0.82 857.588
0.58 0.82 855.089
0.59 0.82 852.59
0.6 0.82 850.092
0.61 0.82 847.593
0.62 0.82 845.094
0.63 0.82 842.595
0.64 0.82 840.096
0.65 0.82 837.597
0.66 0.82 835.098
0.67 0.82 832.599
0.68 0.82 830.1
0.69 0.82 827.6
0.7 0.82 825.101
0.71 0.82 822.602
0.72 0.82 820.103
0.73 0.82 817.604
0.74 0.82 815.105
0.75 0.82 812.605
0.76 0.82 810.106
0.77 0.82 807.607
0.78 0.82 805.107
0.79 0.82 802.608
0.8 0.82 800.109
0.81 0.82 797.609
0.82 0.82 795.11
0.83 0.82 792.61
0.84 0.82 790.111
0.85 0.82 787.611
0.86 0.82 785.112
0.87 0.82 782.612
0.88 0.82 780.113
0.89 0.82 777.613
0.9 0.82 775.113
0.91 0.82 772.614
0.92 0.82 770.114
0.93 0.82 767.614
0.94 0.82 765.114
0.95 0.82 762.615
0.96 0.82 760.115
0.97 0.82 757.615
0.98 0.82 755.115
0.99 0.82 752.615
1 0.82 750.115
1.01 0.82 747.615
1.02 0.82 745.115
1.03 0.82 742.615
1.04 0.82 740.115
1.05 0.82 737.615
1.06 0.82 735.115
1.07 0.82 732.615
1.08 0.82 730.115
1.09 0.82 727.615
1.1 0.82 725.114
1.11 0.82 722.614
1.12 0.82 720.114
1.13 0.82 717.614
1.14 0.82 715.113
1.15 0.82 712.613
1.16 0.82 710.113
1.17 0.82 707.612
1.18 0.82 705.112
1.19 0.82 702.611
1.2 0.82 700.111
1.21 0.82 697.61
1.22 0.82 695.11
1.23 0.82 692.609
1.24 0.82 690.108
1.25 0.82 687.608
1.26 0.82 685.107
1.27 0.82 682.606
1.28 0.82 680.106
1.29 0.82 677.605
1.3 0.82 675.104
1.31 0.82 672.603
1.32 0.82 670.103
1.33 0.82 667.602
1.34 0.82 665.101
1.35 0.82 662.6
1.36 0.82 660.099
1.37 0.82 657.598
1.38 0.82 655.097
1.39 0.82 652.596
1.4 0.82 650.095
1.41 0.82 647.594
1.42 0.82 645.093
1.43 0.82 642.592
1.44 0.82 640.091
1.45 0.82 637.589
1.46 0.82 635.088
1.47 0.82 632.587
1.48 0.82 630.086
1.49 0.82 627.585
1.5 0.82 625.083
1.51 0.82 622.582
1.52 0.82 620.081
1.53 0.82 617.579
1.54 0.82 615.078
1.55 0.82 612.577
1.56 0.82 610.075
1.57 0.82 607.574
1.58 0.82 605.072
1.59 0.82 602.571
1.6 0.82 600.069
1.61 0.82 597.568
1.62 0.82 595.066
1.63 0.82 592.565
1.64 0.82 590.063
1.65 0.82 587.562
1.66 0.82 585.06
1.67 0.82 582.559
1.68 0.82 580.057
1.69 0.82 577.555
1.7 0.82 575.054
1.71 0.82 572.552
1.72 0.82 570.05
1.73 0.82 567.549
1.74 0.82 565.047
1.75 0.82 562.545
1.76 0.82 560.044
1.77 0.82 557.542
1.78 0.82 555.04
1.79 0.82 552.538
1.8 0.82 550.037
1.81 0.82 547.535
1.82 0.82 545.033
1.83 0.82 542.531
1.84 0.82 540.029
1.85 0.82 537.528
1.86 0.82 535.026
1.87 0.82 532.524
1.88 0.82 530.022
1.89 0.82 527.52
1.9 0.82 525.019
1.91 0.82 522.517
1.92 0.82 520.015
1.93 0.82 517.513
1.94 0.82 515.011
1.95 0.82 512.509
1.96 0.82 510.007
1.97 0.82 507.506
1.98 0.82 505.004
1.99 0.82 502.502
2 0.82 500

0 0.83 1000
0.01 0.83 997.502
0.02 0.83 995.004
0.03 0.83 992.505
0.04 0.83 990.007
0.05 0.83 987.509
0.06 0.83 985.011
0.07 0.83 982.512
0.08 0.83 980.014
0.09 0.83 977.516
0.1 0.83 975.018
0.11 0.83 972.519
0.12 0.83 970.021
0.13 0.83 967.523
0.14 0.83 965.024
0.15 0.83 962.526
0.16 0.83 960.028
0.17 0.83 957.53
0.18 0.83 955.031
0.19 0.83 952.533
0.2 0.83 950.035
0.21 0.83 947.536
0.22 0.83 945.038
0.23 0.83 942.54
0.24 0.83 940.041
0.25 0.83 937.543
0.26 0.83 935.045
0.27 0.83 932.546
0.28 0.83 930.048
0.29 0.83 927.549
0.3 0.83 925.051
0.31 0.83 922.552
0.32 0.83 920.054
0.33 0.83 917.556
0.34 0.83 915.057
0.35 0.83 912.559
0.36 0.83 910.06
0.37 0.83 907.562
0.38 0.83 905.063
0.39 0.83 902.565
0.4 0.83 900.066
0.41 0.83 897.568
0.42 0.83 895.069
0.43 0.83 892.57
0.44 0.83 890.072
0.45 0.83 887.573
0.46 0.83 885.074
0.47 0.83 882.576
0.48 0.83 880.077
0.49 0.83 877.578
0.5 0.83 875.08
0.51 0.83 872.581
0.52 0.83 870.082
0.53 0.83 867.584
0.54 0.83 865.085
0.55 0.83 862.586
0.56 0.83 860.087
0.57 0.83 857.588
0.58 0.83 855.089
0.59 0.83 852.59
0.6 0.83 850.092
0.61 0.83 847.593
0.62 0.83 845.094
0.63 0.83 842.595
0.64 0.83 840.096
0.65 0.83 837.597
0.66 0.83 835.098
0.67 0.83 832.599
0.68 0.83 830.1
0.69 0.83 827.6
0.7 0.83 825.101
0.71 0.83 822.602
0.72 0.83 820.103
0.73 0.83 817.604
0.74 0.83 815.105
0.75 0.83 812.605
0.76 0.83 810.106
0.77 0.83 807.607
0.78 0.83 805.107
0.79 0.83 802.608
0.8 0.83 800.109
0.81 0.83 797.609
0.82 0.83 795.11
0.83 0.83 792.61
0.84 0.83 790.111
0.85 0.83 787.611
0.86 0.83 785.112
0.87 0.83 782.612
0.88 0.83 780.113
0.89 0.83 777.613
0.9 0.83 775.113
0.91 0.83 772.614
0.92 0.83 770.114
0.93 0.83 767.614
0.94 0.83 765.114
0.95 0.83 762.615
0.96 0.83 760.115
0.97 0.83 757.615
0.98 0.83 755.115
0.99 0.83 752.615
1 0.83 750.115
1.01 0.83 747.615
1.02 0.83 745.115
1.03 0.83 742.615
1.04 0.83 740.115
1.05 0.83 737.615
1.06 0.83 735.115
1.07 0.83 732.615
1.08 0.83 730.115
1.09 0.83 727.615
1.1 0.83 725.114
1.11 0.83 722.614
1.12 0.83 720.114
1.13 0.83 717.614
1.14 0.83 715.113
1.15 0.83 712.613
1.16 0.83 710.113
1.17 0.83 707.612
1.18 0.83 705.112
1.19 0.83 702.611
1.2 0.83 700.111
1.21 0.83 697.61
1.22 0.83 695.11
1.23 0.83 692.609
1.24 0.83 690.108
1.25 0.83 687.608
1.26 0.83 685.107
1.27 0.83 682.606
1.28 0.83 680.106
1.29 0.83 677.605
1.3 0.83 675.104
1.31 0.83 672.603
1.32 0.83 670.103
1.33 0.83 667.602
1.34 0.83 665.101
1.35 0.83 662.6
1.36 0.83 660.099
1.37 0.83 657.598
1.38 0.83 655.097
1.39 0.83 652.596
1.4 0.83 650.095
1.41 0.83 647.594
1.42 0.83 645.093
1.43 0.83 642.592
1.44 0.83 640.091
1.45 0.83 637.589
1.46 0.83 635.088
1.47 0.83 632.587
1.48 0.83 630.086
1.49 0.83 627.585
1.5 0.83 625.083
1.51 0.83 622.582
1.52 0.83 620.081
1.53 0.83 617.579
1.54 0.83 615.078
1.55 0.83 612.577
1.56 0.83 610.075
1.57 0.83 607.574
1.58 0.83 605.072
1.59 0.83 602.571
1.6 0.83 600.069
1.61 0.83 597.568
1.62 0.83 595.066
1.63 0.83 592.565
1.64 0.83 590.063
1.65 0.83 587.562
1.66 0.83 585.06
1.67 0.83 582.559
1.68 0.83 580.057
1.69 0.83 577.555
1.7 0.83 575.054
1.71 0.83 572.552
1.72 0.83 570.05
1.73 0.83 567.549
1.74 0.83 565.047
1.75 0.83 562.545
1.76 0.83 560.044
1.77 0.83 557.542
1.78 0.83 555.04
1.79 0.83 552.538
1.8 0.83 550.037
1.81 0.83 547.535
1.82 0.83 545.033
1.83 0.83 542.531
1.84 0.83 540.029
1.85 0.83 537.528
1.86 0.83 535.026
1.87 0.83 532.524
1.88 0.83 530.022
1.89 0.83 527.52
1.9 0.83 525.019
1.91 0.83 522.517
1.92 0.83 520.015
1.93 0.83 517.513
1.94 0.83 515.011
1.95 0.83 512.509
1.96 0.83 510.007
1.97 0.83 507.506
1.98 0.83 505.004
1.99 0.83 502.502
2 0.83 500

0 0.84 1000
0.01 0.84 997.502
0.02 0.84 995.004
0.03 0.84 992.505
0.04 0.84 990.007
0.05 0.84 987.509
0.06 0.84 985.011
0.07 0.84 982.512
0.08 0.84 980.014
0.09 0.84 977.516
0.1 0.84 975.018
0.11 0.84 972.519
0.12 0.84 970.021
0.13 0.84 967.523
0.14 0.84 965.024
0.15 0.84 962.526
0.16 0.84 960.028
0.17 0.84 957.53
0.18 0.84 955.031
0.19 0.84 952.533
0.2 0.84 950.035
0.21 0.84 947.536
0.22 0.84 945.038
0.23 0.84 942.54
0.24 0.84 940.041
0.25 0.84 937.543
0.26 0.84 935.045
0.27 0.84 932.546
0.28 0.84 930.048
0.29 0.84 927.549
0.3 0.84 925.051
0.31 0.84 922.552
0.32 0.84 920.054
0.33 0.84 917.556
0.34 0.84 915.057
0.35 0.84 912.559
0.36 0.84 910.06
0.37 0.84 907.562
0.38 0.84 905.063
0.39 0.84 902.565
0.4 0.84 900.066
0.41 0.84 897.568
0.42 0.84 895.069
0.43 0.84 892.57
0.44 0.84 890.072
0.45 0.84 887.573
0.46 0.84 885.074
0.47 0.84 882.576
0.48 0.84 880.077
0.49 0.84 877.578
0.5 0.84 875.08
0.51 0.84 872.581
0.52 0.84 870.082
0.53 0.84 867.584
0.54 0.84 865.085
0.55 0.84 862.586
0.56 0.84 860.087
0.57 0.84 857.588
0.58 0.84 855.089
0.59 0.84 852.59
0.6 0.84 850.092
0.61 0.84 847.593
0.62 0.84 845.094
0.63 0.84 842.595
0.64 0.84 840.096
0.65 0.84 837.597
0.66 0.84 835.098
0.67 0.84 832.599
0.68 0.84 830.1
0.69 0.84 827.6
0.7 0.84 825.101
0.71 0.84 822.602
0.72 0.84 820.103
0.73 0.84 817.604
0.74 0.84 815.105
0.75 0.84 812.605
0.76 0.84 810.106
0.77 0.84 807.607
0.78 0.84 805.107
0.79 0.84 802.608
0.8 0.84 800.109
0.81 0.84 797.609
0.82 0.84 795.11
0.83 0.84 792.61
0.84 0.84 790.111
0.85 0.84 787.611
0.86 0.84 785.112
0.87 0.84 782.612
0.88 0.84 780.113
0.89 0.84 777.613
0.9 0.84 775.113
0.91 0.84 772.614
0.92 0.84 770.114
0.93 0.84 767.614
0.94 0.84 765.114
0.95 0.84 762.615
0.96 0.84 760.115
0.97 0.84 757.615
0.98 0.84 755.115
0.99 0.84 752.615
1 0.84 750.115
1.01 0.84 747.615
1.02 0.84 745.115
1.03 0.84 742.615
1.04 0.84 740.115
1.05 0.84 737.615
1.06 0.84 735.115
1.07 0.84 732.615
1.08 0.84 730.115
1.09 0.84 727.615
1.1 0.84 725.114
1.11 0.84 722.614
1.12 0.84 720.114
1.13 0.84 717.614
1.14 0.84 715.113
1.15 0.84 712.613
1.16 0.84 710.113
1.17 0.84 707.612
1.18 0.84 705.112
1.19 0.84 702.611
1.2 0.84 700.111
1.21 0.84 697.61
1.22 0.84 695.11
1.23 0.84 692.609
1.24 0.84 690.108
1.25 0.84 687.608
1.26 0.84 685.107
1.27 0.84 682.606
1.28 0.84 680.106
1.29 0.84 677.605
1.3 0.84 675.104
1.31 0.84 672.603
1.32 0.84 670.103
1.33 0.84 667.602
1.34 0.84 665.101
1.35 0.84 662.6
1.36 0.84 660.099
1.37 0.84 657.598
1.38 0.84 655.097
1.39 0.84 652.596
1.4 0.84 650.095
1.41 0.84 647.594
1.42 0.84 645.093
1.43 0.84 642.592
1.44 0.84 640.091
1.45 0.84 637.589
1.46 0.84 635.088
1.47 0.84 632.587
1.48 0.84 630.086
1.49 0.84 627.585
1.5 0.84 625.083
1.51 0.84 622.582
1.52 0.84 620.081
1.53 0.84 617.579
1.54 0.84 615.078
1.55 0.84 612.577
1.56 0.84 610.075
1.57 0.84 607.574
1.58 0.84 605.072
1.59 0.84 602.571
1.6 0.84 600.069
1.61 0.84 597.568
1.62 0.84 595.066
1.63 0.84 592.565
1.64 0.84 590.063
1.65 0.84 587.562
1.66 0.84 585.06
1.67 0.84 582.559
1.68 0.84 580.057
1.69 0.84 577.555
1.7 0.84 575.054
1.71 0.84 572.552
1.72 0.84 570.05
1.73 0.84 567.549
1.74 0.84 565.047
1.75 0.84 562.545
1.76 0.84 560.044
1.77 0.84 557.542
1.78 0.84 555.04
1.79 0.84 552.538
1.8 0.84 550.037
1.81 0.84 547.535
1.82 0.84 545.033
1.83 0.84 542.531
1.84 0.84 540.029
1.85 0.84 537.528
1.86 0.84 535.026
1.87 0.84 532.524
1.88 0.84 530.022
1.89 0.84 527.52
1.9 0.84 525.019
1.91 0.84 522.517
1.92 0.84 520.015
1.93 0.84 517.513
1.94 0.84 515.011
1.95 0.84 512.509
1.96 0.84 510.007
1.97 0.84 507.506
1.98 0.84 505.004
1.99 0.84 502.502
2 0.84 500

0 0.85 1000
0.01 0.85 997.502
0.02 0.85 995.004
0.03 0.85 992.505
0.04 0.85 990.007
0.05 0.85 987.509
0.06 0.85 985.011
0.07 0.85 982.512
0.08 0.85 980.014
0.09 0.85 977.516
0.1 0.85 975.018
0.11 0.85 972.519
0.12 0.85 970.021
0.13 0.85 967.523
0.14 0.85 965.024
0.15 0.85 962.526
0.16 0.85 960.028
0.17 0.85 957.53
0.18 0.85 955.031
0.19 0.85 952.533
0.2 0.85 950.035
0.21 0.85 947.536
0.22 0.85 945.038
0.23 0.85 942.54
0.24 0.85 940.041
0.25 0.85 937.543
0.26 0.85 935.045
0.27 0.85 932.546
0.28 0.85 930.048
0.29 0.85 927.549
0.3 0.85 925.051
0.31 0.85 922.552
0.32 0.85 920.054
0.33 0.85 917.556
0.34 0.85 915.057
0.35 0.85 912.559
0.36 0.85 910.06
0.37 0.85 907.562
0.38 0.85 905.063
0.39 0.85 902.565
0.4 0.85 900.066
0.41 0.85 897.568
0.42 0.85 895.069
0.43 0.85 892.57
0.44 0.85 890.072
0.45 0.85 887.573
0.46 0.85 885.074
0.47 0.85 882.576
0.48 0.85 880.077
0.49 0.85 877.578
0.5 0.85 875.08
0.51 0.85 872.581
0.52 0.85 870.082
0.53 0.85 867.584
0.54 0.85 865.085
0.55 0.85 862.586
0.56 0.85 860.087
0.57 0.85 857.588
0.58 0.85 855.089
0.59 0.85 852.59
0.6 0.85 850.092
0.61 0.85 847.593
0.62 0.85 845.094
0.63 0.85 842.595
0.64 0.85 840.096
0.65 0.85 837.597
0.66 0.85 835.098
0.67 0.85 832.599
0.68 0.85 830.1
0.69 0.85 827.6
0.7 0.85 825.101
0.71 0.85 822.602
0.72 0.85 820.103
0.73 0.85 817.604
0.74 0.85 815.105
0.75 0.85 812.605
0.76 0.85 810.106
0.77 0.85 807.607
0.78 0.85 805.107
0.79 0.85 802.608
0.8 0.85 800.109
0.81 0.85 797.609
0.82 0.85 795.11
0.83 0.85 792.61
0.84 0.85 790.111
0.85 0.85 787.611
0.86 0.85 785.112
0.87 0.85 782.612
0.88 0.85 780.113
0.89 0.85 777.613
0.9 0.85 775.113
0.91 0.85 772.614
0.92 0.85 770.114
0.93 0.85 767.614
0.94 0.85 765.114
0.95 0.85 762.615
0.96 0.85 760.115
0.97 0.85 757.615
0.98 0.85 755.115
0.99 0.85 752.615
1 0.85 750.115
1.01 0.85 747.615
1.02 0.85 745.115
1.03 0.85 742.615
1.04 0.85 740.115
1.05 0.85 737.615
1.06 0.85 735.115
1.07 0.85 732.615
1.08 0.85 730.115
1.09 0.85 727.615
1.1 0.85 725.114
1.11 0.85 722.614
1.12 0.85 720.114
1.13 0.85 717.614
1.14 0.85 715.113
1.15 0.85 712.613
1.16 0.85 710.113
1.17 0.85 707.612
1.18 0.85 705.112
1.19 0.85 702.611
1.2 0.85 700.111
1.21 0.85 697.61
1.22 0.85 695.11
1.23 0.85 692.609
1.24 0.85 690.108
1.25 0.85 687.608
1.26 0.85 685.107
1.27 0.85 682.606
1.28 0.85 680.106
1.29 0.85 677.605
1.3 0.85 675.104
1.31 0.85 672.603
1.32 0.85 670.103
1.33 0.85 667.602
1.34 0.85 665.101
1.35 0.85 662.6
1.36 0.85 660.099
1.37 0.85 657.598
1.38 0.85 655.097
1.39 0.85 652.596
1.4 0.85 650.095
1.41 0.85 647.594
1.42 0.85 645.093
1.43 0.85 642.592
1.44 0.85 640.091
1.45 0.85 637.589
1.46 0.85 635.088
1.47 0.85 632.587
1.48 0.85 630.086
1.49 0.85 627.585
1.5 0.85 625.083
1.51 0.85 622.582
1.52 0.85 620.081
1.53 0.85 617.579
1.54 0.85 615.078
1.55 0.85 612.577
1.56 0.85 610.075
1.57 0.85 607.574
1.58 0.85 605.072
1.59 0.85 602.571
1.6 0.85 600.069
1.61 0.85 597.568
1.62 0.85 595.066
1.63 0.85 592.565
1.64 0.85 590.063
1.65 0.85 587.562
1.66 0.85 585.06
1.67 0.85 582.559
1.68 0.85 580.057
1.69 0.85 577.555
1.7 0.85 575.054
1.71 0.85 572.552
1.72 0.85 570.05
1.73 0.85 567.549
1.74 0.85 565.047
1.75 0.85 562.545
1.76 0.85 560.044
1.77 0.85 557.542
1.78 0.85 555.04
1.79 0.85 552.538
1.8 0.85 550.037
1.81 0.85 547.535
1.82 0.85 545.033
1.83 0.85 542.531
1.84 0.85 540.029
1.85 0.85 537.528
1.86 0.85 535.026
1.87 0.85 532.524
1.88 0.85 530.022
1.89 0.85 527.52
1.9 0.85 525.019
1.91 0.85 522.517
1.92 0.85 520.015
1.93 0.85 517.513
1.94 0.85 515.011
1.95 0.85 512.509
1.96 0.85 510.007
1.97 0.85 507.506
1.98 0.85 505.004
1.99 0.85 502.502
2 0.85 500

0 0.86 1000
0.01 0.86 997.502
0.02 0.86 995.004
0.03 0.86 992.505
0.04 0.86 990.007
0.05 0.86 987.509
0.06 0.86 985.011
0.07 0.86 982.512
0.08 0.86 980.014
0.09 0.86 977.516
0.1 0.86 975.018
0.11 0.86 972.519
0.12 0.86 970.021
0.13 0.86 967.523
0.14 0.86 965.024
0.15 0.86 962.526
0.16 0.86 960.028
0.17 0.86 957.53
0.18 0.86 955.031
0.19 0.86 952.533
0.2 0.86 950.035
0.21 0.86 947.536
0.22 0.86 945.038
0.23 0.86 942.54
0.24 0.86 940.041
0.25 0.86 937.543
0.26 0.86 935.045
0.27 0.86 932.546
0.28 0.86 930.048
0.29 0.86 927.549
0.3 0.86 925.051
0.31 0.86 922.552
0.32 0.86 920.054
0.33 0.86 917.556
0.34 0.86 915.057
0.35 0.86 912.559
0.36 0.86 910.06
0.37 0.86 907.562
0.38 0.86 905.063
0.39 0.86 902.565
0.4 0.86 900.066
0.41 0.86 897.568
0.42 0.86 895.069
0.43 0.86 892.57
0.44 0.86 890.072
0.45 0.86 887.573
0.46 0.86 885.074
0.47 0.86 882.576
0.48 0.86 880.077
0.49 0.86 877.578
0.5 0.86 875.08
0.51 0.86 872.581
0.52 0.86 870.082
0.53 0.86 867.584
0.54 0.86 865.085
0.55 0.86 862.586
0.56 0.86 860.087
0.57 0.86 857.588
0.58 0.86 855.089
0.59 0.86 852.59
0.6 0.86 850.092
0.61 0.86 847.593
0.62 0.86 845.094
0.63 0.86 842.595
0.64 0.86 840.096
0.65 0.86 837.597
0.66 0.86 835.098
0.67 0.86 832.599
0.68 0.86 830.1
0.69 0.86 827.6
0.7 0.86 825.101
0.71 0.86 822.602
0.72 0.86 820.103
0.73 0.86 817.604
0.74 0.86 815.105
0.75 0.86 812.605
0.76 0.86 810.106
0.77 0.86 807.607
0.78 0.86 805.107
0.79 0.86 802.608
0.8 0.86 800.109
0.81 0.86 797.609
0.82 0.86 795.11
0.83 0.86 792.61
0.84 0.86 790.111
0.85 0.86 787.611
0.86 0.86 785.112
0.87 0.86 782.612
0.88 0.86 780.113
0.89 0.86 777.613
0.9 0.86 775.113
0.91 0.86 772.614
0.92 0.86 770.114
0.93 0.86 767.614
0.94 0.86 765.114
0.95 0.86 762.615
0.96 0.86 760.115
0.97 0.86 757.615
0.98 0.86 755.115
0.99 0.86 752.615
1 0.86 750.115
1.01 0.86 747.615
1.02 0.86 745.115
1.03 0.86 742.615
1.04 0.86 740.115
1.05 0.86 737.615
1.06 0.86 735.115
1.07 0.86 732.615
1.08 0.86 730.115
1.09 0.86 727.615
1.1 0.86 725.114
1.11 0.86 722.614
1.12 0.86 720.114
1.13 0.86 717.614
1.14 0.86 715.113
1.15 0.86 712.613
1.16 0.86 710.113
1.17 0.86 707.612
1.18 0.86 705.112
1.19 0.86 702.611
1.2 0.86 700.111
1.21 0.86 697.61
1.22 0.86 695.11
1.23 0.86 692.609
1.24 0.86 690.108
1.25 0.86 687.608
1.26 0.86 685.107
1.27 0.86 682.606
1.28 0.86 680.106
1.29 0.86 677.605
1.3 0.86 675.104
1.31 0.86 672.603
1.32 0.86 670.103
1.33 0.86 667.602
1.34 0.86 665.101
1.35 0.86 662.6
1.36 0.86 660.099
1.37 0.86 657.598
1.38 0.86 655.097
1.39 0.86 652.596
1.4 0.86 650.095
1.41 0.86 647.594
1.42 0.86 645.093
1.43 0.86 642.592
1.44 0.86 640.091
1.45 0.86 637.589
1.46 0.86 635.088
1.47 0.86 632.587
1.48 0.86 630.086
1.49 0.86 627.585
1.5 0.86 625.083
1.51 0.86 622.582
1.52 0.86 620.081
1.53 0.86 617.579
1.54 0.86 615.078
1.55 0.86 612.577
1.56 0.86 610.075
1.57 0.86 607.574
1.58 0.86 605.072
1.59 0.86 602.571
1.6 0.86 600.069
1.61 0.86 597.568
1.62 0.86 595.066
1.63 0.86 592.565
1.64 0.86 590.063
1.65 0.86 587.562
1.66 0.86 585.06
1.67 0.86 582.559
1.68 0.86 580.057
1.69 0.86 577.555
1.7 0.86 575.054
1.71 0.86 572.552
1.72 0.86 570.05
1.73 0.86 567.549
1.74 0.86 565.047
1.75 0.86 562.545
1.76 0.86 560.044
1.77 0.86 557.542
1.78 0.86 555.04
1.79 0.86 552.538
1.8 0.86 550.037
1.81 0.86 547.535
1.82 0.86 545.033
1.83 0.86 542.531
1.84 0.86 540.029
1.85 0.86 537.528
1.86 0.86 535.026
1.87 0.86 532.524
1.88 0.86 530.022
1.89 0.86 527.52
1.9 0.86 525.019
1.91 0.86 522.517
1.92 0.86 520.015
1.93 0.86 517.513
1.94 0.86 515.011
1.95 0.86 512.509
1.96 0.86 510.007
1.97 0.86 507.506
1.98 0.86 505.004
1.99 0.86 502.502
2 0.86 500

0 0.87 1000
0.01 0.87 997.502
0.02 0.87 995.004
0.03 0.87 992.505
0.04 0.87 990.007
0.05 0.87 987.509
0.06 0.87 985.011
0.07 0.87 982.512
0.08 0.87 980.014
0.09 0.87 977.516
0.1 0.87 975.018
0.11 0.87 972.519
0.12 0.87 970.021
0.13 0.87 967.523
0.14 0.87 965.024
0.15 0.87 962.526
0.16 0.87 960.028
0.17 0.87 957.53
0.18 0.87 955.031
0.19 0.87 952.533
0.2 0.87 950.035
0.21 0.87 947.536
0.22 0.87 945.038
0.23 0.87 942.54
0.24 0.87 940.041
0.25 0.87 937.543
0.26 0.87 935.045
0.27 0.87 932.546
0.28 0.87 930.048
0.29 0.87 927.549
0.3 0.87 925.051
0.31 0.87 922.552
0.32 0.87 920.054
0.33 0.87 917.556
0.34 0.87 915.057
0.35 0.87 912.559
0.36 0.87 910.06
0.37 0.87 907.562
0.38 0.87 905.063
0.39 0.87 902.565
0.4 0.87 900.066
0.41 0.87 897.568
0.42 0.87 895.069
0.43 0.87 892.57
0.44 0.87 890.072
0.45 0.87 887.573
0.46 0.87 885.074
0.47 0.87 882.576
0.48 0.87 880.077
0.49 0.87 877.578
0.5 0.87 875.08
0.51 0.87 872.581
0.52 0.87 870.082
0.53 0.87 867.584
0.54 0.87 865.085
0.55 0.87 862.586
0.56 0.87 860.087
0.57 0.87 857.588
0.58 0.87 855.089
0.59 0.87 852.59
0.6 0.87 850.092
0.61 0.87 847.593
0.62 0.87 845.094
0.63 0.87 842.595
0.64 0.87 840.096
0.65 0.87 837.597
0.66 0.87 835.098
0.67 0.87 832.599
0.68 0.87 830.1
0.69 0.87 827.6
0.7 0.87 825.101
0.71 0.87 822.602
0.72 0.87 820.103
0.73 0.87 817.604
0.74 0.87 815.105
0.75 0.87 812.605
0.76 0.87 810.106
0.77 0.87 807.607
0.78 0.87 805.107
0.79 0.87 802.608
0.8 0.87 800.109
0.81 0.87 797.609
0.82 0.87 795.11
0.83 0.87 792.61
0.84 0.87 790.111
0.85 0.87 787.611
0.86 0.87 785.112
0.87 0.87 782.612
0.88 0.87 780.113
0.89 0.87 777.613
0.9 0.87 775.113
0.91 0.87 772.614
0.92 0.87 770.114
0.93 0.87 767.614
0.94 0.87 765.114
0.95 0.87 762.615
0.96 0.87 760.115
0.97 0.87 757.615
0.98 0.87 755.115
0.99 0.87 752.615
1 0.87 750.115
1.01 0.87 747.615
1.02 0.87 745.115
1.03 0.87 742.615
1.04 0.87 740.115
1.05 0.87 737.615
1.06 0.87 735.115
1.07 0.87 732.615
1.08 0.87 730.115
1.09 0.87 727.615
1.1 0.87 725.114
1.11 0.87 722.614
1.12 0.87 720.114
1.13 0.87 717.614
1.14 0.87 715.113
1.15 0.87 712.613
1.16 0.87 710.113
1.17 0.87 707.612
1.18 0.87 705.112
1.19 0.87 702.611
1.2 0.87 700.111
1.21 0.87 697.61
1.22 0.87 695.11
1.23 0.87 692.609
1.24 0.87 690.108
1.25 0.87 687.608
1.26 0.87 685.107
1.27 0.87 682.606
1.28 0.87 680.106
1.29 0.87 677.605
1.3 0.87 675.104
1.31 0.87 672.603
1.32 0.87 670.103
1.33 0.87 667.602
1.34 0.87 665.101
1.35 0.87 662.6
1.36 0.87 660.099
1.37 0.87 657.598
1.38 0.87 655.097
1.39 0.87 652.596
1.4 0.87 650.095
1.41 0.87 647.594
1.42 0.87 645.093
1.43 0.87 642.592
1.44 0.87 640.091
1.45 0.87 637.589
1.46 0.87 635.088
1.47 0.87 632.587
1.48 0.87 630.086
1.49 0.87 627.585
1.5 0.87 625.083
1.51 0.87 622.582
1.52 0.87 620.081
1.53 0.87 617.579
1.54 0.87 615.078
1.55 0.87 612.577
1.56 0.87 610.075
1.57 0.87 607.574
1.58 0.87 605.072
1.59 0.87 602.571
1.6 0.87 600.069
1.61 0.87 597.568
1.62 0.87 595.066
1.63 0.87 592.565
1.64 0.87 590.063
1.65 0.87 587.562
1.66 0.87 585.06
1.67 0.87 582.559
1.68 0.87 580.057
1.69 0.87 577.555
1.7 0.87 575.054
1.71 0.87 572.552
1.72 0.87 570.05
1.73 0.87 567.549
1.74 0.87 565.047
1.75 0.87 562.545
1.76 0.87 560.044
1.77 0.87 557.542
1.78 0.87 555.04
1.79 0.87 552.538
1.8 0.87 550.037
1.81 0.87 547.535
1.82 0.87 545.033
1.83 0.87 542.531
1.84 0.87 540.029
1.85 0.87 537.528
1.86 0.87 535.026
1.87 0.87 532.524
1.88 0.87 530.022
1.89 0.87 527.52
1.9 0.87 525.019
1.91 0.87 522.517
1.92 0.87 520.015
1.93 0.87 517.513
1.94 0.87 515.011
1.95 0.87 512.509
1.96 0.87 510.007
1.97 0.87 507.506
1.98 0.87 505.004
1.99 0.87 502.502
2 0.87 500

0 0.88 1000
0.01 0.88 997.502
0.02 0.88 995.004
0.03 0.88 992.505
0.04 0.88 990.007
0.05 0.88 987.509
0.06 0.88 985.011
0.07 0.88 982.512
0.08 0.88 980.014
0.09 0.88 977.516
0.1 0.88 975.018
0.11 0.88 972.519
0.12 0.88 970.021
0.13 0.88 967.523
0.14 0.88 965.024
0.15 0.88 962.526
0.16 0.88 960.028
0.17 0.88 957.53
0.18 0.88 955.031
0.19 0.88 952.533
0.2 0.88 950.035
0.21 0.88 947.536
0.22 0.88 945.038
0.23 0.88 942.54
0.24 0.88 940.041
0.25 0.88 937.543
0.26 0.88 935.045
0.27 0.88 932.546
0.28 0.88 930.048
0.29 0.88 927.549
0.3 0.88 925.051
0.31 0.88 922.552
0.32 0.88 920.054
0.33 0.88 917.556
0.34 0.88 915.057
0.35 0.88 912.559
0.36 0.88 910.06
0.37 0.88 907.562
0.38 0.88 905.063
0.39 0.88 902.565
0.4 0.88 900.066
0.41 0.88 897.568
0.42 0.88 895.069
0.43 0.88 892.57
0.44 0.88 890.072
0.45 0.88 887.573
0.46 0.88 885.074
0.47 0.88 882.576
0.48 0.88 880.077
0.49 0.88 877.578
0.5 0.88 875.08
0.51 0.88 872.581
0.52 0.88 870.082
0.53 0.88 867.584
0.54 0.88 865.085
0.55 0.88 862.586
0.56 0.88 860.087
0.57 0.88 857.588
0.58 0.88 855.089
0.59 0.88 852.591
0.6 0.88 850.092
0.61 0.88 847.593
0.62 0.88 845.094
0.63 0.88 842.595
0.64 0.88 840.096
0.65 0.88 837.597
0.66 0.88 835.098
0.67 0.88 832.599
0.68 0.88 830.1
0.69 0.88 827.6
0.7 0.88 825.101
0.71 0.88 822.602
0.72 0.88 820.103
0.73 0.88 817.604
0.74 0.88 815.105
0.75 0.88 812.605
0.76 0.88 810.106
0.77 0.88 807.607
0.78 0.88 805.107
0.79 0.88 802.608
0.8 0.88 800.109
0.81 0.88 797.609
0.82 0.88 795.11
0.83 0.88 792.61
0.84 0.88 790.111
0.85 0.88 787.611
0.86 0.88 785.112
0.87 0.88 782.612
0.88 0.88 780.113
0.89 0.88 777.613
0.9 0.88 775.113
0.91 0.88 772.614
0.92 0.88 770.114
0.93 0.88 767.614
0.94 0.88 765.114
0.95 0.88 762.615
0.96 0.88 760.115
0.97 0.88 757.615
0.98 0.88 755.115
0.99 0.88 752.615
1 0.88 750.115
1.01 0.88 747.615
1.02 0.88 745.115
1.03 0.88 742.615
1.04 0.88 740.115
1.05 0.88 737.615
1.06 0.88 735.115
1.07 0.88 732.615
1.08 0.88 730.115
1.09 0.88 727.615
1.1 0.88 725.114
1.11 0.88 722.614
1.12 0.88 720.114
1.13 0.88 717.614
1.14 0.88 715.113
1.15 0.88 712.613
1.16 0.88 710.113
1.17 0.88 707.612
1.18 0.88 705.112
1.19 0.88 702.611
1.2 0.88 700.111
1.21 0.88 697.61
1.22 0.88 695.11
1.23 0.88 692.609
1.24 0.88 690.108
1.25 0.88 687.608
1.26 0.88 685.107
1.27 0.88 682.606
1.28 0.88 680.106
1.29 0.88 677.605
1.3 0.88 675.104
1.31 0.88 672.603
1.32 0.88 670.103
1.33 0.88 667.602
1.34 0.88 665.101
1.35 0.88 662.6
1.36 0.88 660.099
1.37 0.88 657.598
1.38 0.88 655.097
1.39 0.88 652.596
1.4 0.88 650.095
1.41 0.88 647.594
1.42 0.88 645.093
1.43 0.88 642.592
1.44 0.88 640.091
1.45 0.88 637.589
1.46 0.88 635.088
1.47 0.88 632.587
1.48 0.88 630.086
1.49 0.88 627.585
1.5 0.88 625.083
1.51 0.88 622.582
1.52 0.88 620.081
1.53 0.88 617.579
1.54 0.88 615.078
1.55 0.88 612.577
1.56 0.88 610.075
1.57 0.88 607.574
1.58 0.88 605.072
1.59 0.88 602.571
1.6 0.88 600.069
1.61 0.88 597.568
1.62 0.88 595.066
1.63 0.88 592.565
1.64 0.88 590.063
1.65 0.88 587.562
1.66 0.88 585.06
1.67 0.88 582.559
1.68 0.88 580.057
1.69 0.88 577.555
1.7 0.88 575.054
1.71 0.88 572.552
1.72 0.88 570.05
1.73 0.88 567.549
1.74 0.88 565.047
1.75 0.88 562.545
1.76 0.88 560.044
1.77 0.88 557.542
1.78 0.88 555.04
1.79 0.88 552.538
1.8 0.88 550.037
1.81 0.88 547.535
1.82 0.88 545.033
1.83 0.88 542.531
1.84 0.88 540.029
1.85 0.88 537.528
1.86 0.88 535.026
1.87 0.88 532.524
1.88 0.88 530.022
1.89 0.88 527.52
1.9 0.88 525.019
1.91 0.88 522.517
1.92 0.88 520.015
1.93 0.88 517.513
1.94 0.88 515.011
1.95 0.88 512.509
1.96 0.88 510.007
1.97 0.88 507.506
1.98 0.88 505.004
1.99 0.88 502.502
2 0.88 500

0 0.89 1000
0.01 0.89 997.502
0.02 0.89 995.004
0.03 0.89 992.505
0.04 0.89 990.007
0.05 0.89 987.509
0.06 0.89 985.011
0.07 0.89 982.512
0.08 0.89 980.014
0.09 0.89 977.516
0.1 0.89 975.018
0.11 0.89 972.519
0.12 0.89 970.021
0.13 0.89 967.523
0.14 0.89 965.024
0.15 0.89 962.526
0.16 0.89 960.028
0.17 0.89 957.53
0.18 0.89 955.031
0.19 0.89 952.533
0.2 0.89 950.035
0.21 0.89 947.536
0.22 0.89 945.038
0.23 0.89 942.54
0.24 0.89 940.041
0.25 0.89 937.543
0.26 0.89 935.045
0.27 0.89 932.546
0.28 0.89 930.048
0.29 0.89 927.549
0.3 0.89 925.051
0.31 0.89 922.553
0.32 0.89 920.054
0.33 0.89 917.556
0.34 0.89 915.057
0.35 0.89 912.559
0.36 0.89 910.06
0.37 0.89 907.562
0.38 0.89 905.063
0.39 0.89 902.565
0.4 0.89 900.066
0.41 0.89 897.568
0.42 0.89 895.069
0.43 0.89 892.57
0.44 0.89 890.072
0.45 0.89 887.573
0.46 0.89 885.074
0.47 0.89 882.576
0.48 0.89 880.077
0.49 0.89 877.578
0.5 0.89 875.08
0.51 0.89 872.581
0.52 0.89 870.082
0.53 0.89 867.584
0.54 0.89 865.085
0.55 0.89 862.586
0.56 0.89 860.087
0.57 0.89 857.588
0.58 0.89 855.089
0.59 0.89 852.591
0.6 0.89 850.092
0.61 0.89 847.593
0.62 0.89 845.094
0.63 0.89 842.595
0.64 0.89 840.096
0.65 0.89 837.597
0.66 0.89 835.098
0.67 0.89 832.599
0.68 0.89 830.1
0.69 0.89 827.6
0.7 0.89 825.101
0.71 0.89 822.602
0.72 0.89 820.103
0.73 0.89 817.604
0.74 0.89 815.105
0.75 0.89 812.605
0.76 0.89 810.106
0.77 0.89 807.607
0.78 0.89 805.107
0.79 0.89 802.608
0.8 0.89 800.109
0.81 0.89 797.609
0.82 0.89 795.11
0.83 0.89 792.61
0.84 0.89 790.111
0.85 0.89 787.611
0.86 0.89 785.112
0.87 0.89 782.612
0.88 0.89 780.113
0.89 0.89 777.613
0.9 0.89 775.113
0.91 0.89 772.614
0.92 0.89 770.114
0.93 0.89 767.614
0.94 0.89 765.114
0.95 0.89 762.615
0.96 0.89 760.115
0.97 0.89 757.615
0.98 0.89 755.115
0.99 0.89 752.615
1 0.89 750.115
1.01 0.89 747.615
1.02 0.89 745.115
1.03 0.89 742.615
1.04 0.89 740.115
1.05 0.89 737.615
1.06 0.89 735.115
1.07 0.89 732.615
1.08 0.89 730.115
1.09 0.89 727.615
1.1 0.89 725.114
1.11 0.89 722.614
1.12 0.89 720.114
1.13 0.89 717.614
1.14 0.89 715.113
1.15 0.89 712.613
1.16 0.89 710.113
1.17 0.89 707.612
1.18 0.89 705.112
1.19 0.89 702.611
1.2 0.89 700.111
1.21 0.89 697.61
1.22 0.89 695.11
1.23 0.89 692.609
1.24 0.89 690.108
1.25 0.89 687.608
1.26 0.89 685.107
1.27 0.89 682.606
1.28 0.89 680.106
1.29 0.89 677.605
1.3 0.89 675.104
1.31 0.89 672.603
1.32 0.89 670.103
1.33 0.89 667.602
1.34 0.89 665.101
1.35 0.89 662.6
1.36 0.89 660.099
1.37 0.89 657.598
1.38 0.89 655.097
1.39 0.89 652.596
1.4 0.89 650.095
1.41 0.89 647.594
1.42 0.89 645.093
1.43 0.89 642.592
1.44 0.89 640.091
1.45 0.89 637.589
1.46 0.89 635.088
1.47 0.89 632.587
1.48 0.89 630.086
1.49 0.89 627.585
1.5 0.89 625.083
1.51 0.89 622.582
1.52 0.89 620.081
1.53 0.89 617.579
1.54 0.89 615.078
1.55 0.89 612.577
1.56 0.89 610.075
1.57 0.89 607.574
1.58 0.89 605.072
1.59 0.89 602.571
1.6 0.89 600.069
1.61 0.89 597.568
1.62 0.89 595.066
1.63 0.89 592.565
1.64 0.89 590.063
1.65 0.89 587.562
1.66 0.89 585.06
1.67 0.89 582.559
1.68 0.89 580.057
1.69 0.89 577.555
1.7 0.89 575.054
1.71 0.89 572.552
1.72 0.89 570.05
1.73 0.89 567.549
1.74 0.89 565.047
1.75 0.89 562.545
1.76 0.89 560.044
1.77 0.89 557.542
1.78 0.89 555.04
1.79 0.89 552.538
1.8 0.89 550.037
1.81 0.89 547.535
1.82 0.89 545.033
1.83 0.89 542.531
1.84 0.89 540.029
1.85 0.89 537.528
1.86 0.89 535.026
1.87 0.89 532.524
1.88 0.89 530.022
1.89 0.89 527.52
1.9 0.89 525.019
1.91 0.89 522.517
1.92 0.89 520.015
1.93 0.89 517.513
1.94 0.89 515.011
1.95 0.89 512.509
1.96 0.89 510.007
1.97 0.89 507.506
1.98 0.89 505.004
1.99 0.89 502.502
2 0.89 500

0 0.9 1000
0.01 0.9 997.502
0.02 0.9 995.004
0.03 0.9 992.505
0.04 0.9 990.007
0.05 0.9 987.509
0.06 0.9 985.011
0.07 0.9 982.512
0.08 0.9 980.014
0.09 0.9 977.516
0.1 0.9 975.018
0.11 0.9 972.519
0.12 0.9 970.021
0.13 0.9 967.523
0.14 0.9 965.024
0.15 0.9 962.526
0.16 0.9 960.028
0.17 0.9 957.53
0.18 0.9 955.031
0.19 0.9 952.533
0.2 0.9 950.035
0.21 0.9 947.536
0.22 0.9 945.038
0.23 0.9 942.54
0.24 0.9 940.041
0.25 0.9 937.543
0.26 0.9 935.045
0.27 0.9 932.546
0.28 0.9 930.048
0.29 0.9 927.549
0.3 0.9 925.051
0.31 0.9 922.553
0.32 0.9 920.054
0.33 0.9 917.556
0.34 0.9 915.057
0.35 0.9 912.559
0.36 0.9 910.06
0.37 0.9 907.562
0.38 0.9 905.063
0.39 0.9 902.565
0.4 0.9 900.066
0.41 0.9 897.568
0.42 0.9 895.069
0.43 0.9 892.57
0.44 0.9 890.072
0.45 0.9 887.573
0.46 0.9 885.075
0.47 0.9 882.576
0.48 0.9 880.077
0.49 0.9 877.578
0.5 0.9 875.08
0.51 0.9 872.581
0.52 0.9 870.082
0.53 0.9 867.584
0.54 0.9 865.085
0.55 0.9 862.586
0.56 0.9 860.087
0.57 0.9 857.588
0.58 0.9 855.089
0.59 0.9 852.591
0.6 0.9 850.092
0.61 0.9 847.593
0.62 0.9 845.094
0.63 0.9 842.595
0.64 0.9 840.096
0.65 0.9 837.597
0.66 0.9 835.098
0.67 0.9 832.599
0.68 0.9 830.1
0.69 0.9 827.6
0.7 0.9 825.101
0.71 0.9 822.602
0.72 0.9 820.103
0.73 0.9 817.604
0.74 0.9 815.105
0.75 0.9 812.605
0.76 0.9 810.106
0.77 0.9 807.607
0.78 0.9 805.107
0.79 0.9 802.608
0.8 0.9 800.109
0.81 0.9 797.609
0.82 0.9 795.11
0.83 0.9 792.61
0.84 0.9 790.111
0.85 0.9 787.611
0.86 0.9 785.112
0.87 0.9 782.612
0.88 0.9 780.113
0.89 0.9 777.613
0.9 0.9 775.113
0.91 0.9 772.614
0.92 0.9 770.114
0.93 0.9 767.614
0.94 0.9 765.114
0.95 0.9 762.615
0.96 0.9 760.115
0.97 0.9 757.615
0.98 0.9 755.115
0.99 0.9 752.615
1 0.9 750.115
1.01 0.9 747.615
1.02 0.9 745.115
1.03 0.9 742.615
1.04 0.9 740.115
1.05 0.9 737.615
1.06 0.9 735.115
1.07 0.9 732.615
1.08 0.9 730.115
1.09 0.9 727.615
1.1 0.9 725.114
1.11 0.9 722.614
1.12 0.9 720.114
1.13 0.9 717.614
1.14 0.9 715.113
1.15 0.9 712.613
1.16 0.9 710.113
1.17 0.9 707.612
1.18 0.9 705.112
1.19 0.9 702.611
1.2 0.9 700.111
1.21 0.9 697.61
1.22 0.9 695.11
1.23 0.9 692.609
1.24 0.9 690.108
1.25 0.9 687.608
1.26 0.9 685.107
1.27 0.9 682.606
1.28 0.9 680.106
1.29 0.9 677.605
1.3 0.9 675.104
1.31 0.9 672.603
1.32 0.9 670.103
1.33 0.9 667.602
1.34 0.9 665.101
1.35 0.9 662.6
1.36 0.9 660.099
1.37 0.9 657.598
1.38 0.9 655.097
1.39 0.9 652.596
1.4 0.9 650.095
1.41 0.9 647.594
1.42 0.9 645.093
1.43 0.9 642.592
1.44 0.9 640.091
1.45 0.9 637.589
1.46 0.9 635.088
1.47 0.9 632.587
1.48 0.9 630.086
1.49 0.9 627.585
1.5 0.9 625.083
1.51 0.9 622.582
1.52 0.9 620.081
1.53 0.9 617.579
1.54 0.9 615.078
1.55 0.9 612.577
1.56 0.9 610.075
1.57 0.9 607.574
1.58 0.9 605.072
1.59 0.9 602.571
1.6 0.9 600.069
1.61 0.9 597.568
1.62 0.9 595.066
1.63 0.9 592.565
1.64 0.9 590.063
1.65 0.9 587.562
1.66 0.9 585.06
1.67 0.9 582.559
1.68 0.9 580.057
1.69 0.9 577.555
1.7 0.9 575.054
1.71 0.9 572.552
1.72 0.9 570.05
1.73 0.9 567.549
1.74 0.9 565.047
1.75 0.9 562.545
1.76 0.9 560.044
1.77 0.9 557.542
1.78 0.9 555.04
1.79 0.9 552.538
1.8 0.9 550.037
1.81 0.9 547.535
1.82 0.9 545.033
1.83 0.9 542.531
1.84 0.9 540.029
1.85 0.9 537.528
1.86 0.9 535.026
1.87 0.9 532.524
1.88 0.9 530.022
1.89 0.9 527.52
1.9 0.9 525.019
1.91 0.9 522.517
1.92 0.9 520.015
1.93 0.9 517.513
1.94 0.9 515.011
1.95 0.9 512.509
1.96 0.9 510.007
1.97 0.9 507.506
1.98 0.9 505.004
1.99 0.9 502.502
2 0.9 500

0 0.91 1000
0.01 0.91 997.502
0.02 0.91 995.004
0.03 0.91 992.505
0.04 0.91 990.007
0.05 0.91 987.509
0.06 0.91 985.011
0.07 0.91 982.512
0.08 0.91 980.014
0.09 0.91 977.516
0.1 0.91 975.018
0.11 0.91 972.519
0.12 0.91 970.021
0.13 0.91 967.523
0.14 0.91 965.024
0.15 0.91 962.526
0.16 0.91 960.028
0.17 0.91 957.53
0.18 0.91 955.031
0.19 0.91 952.533
0.2 0.91 950.035
0.21 0.91 947.536
0.22 0.91 945.038
0.23 0.91 942.54
0.24 0.91 940.041
0.25 0.91 937.543
0.26 0.91 935.045
0.27 0.91 932.546
0.28 0.91 930.048
0.29 0.91 927.549
0.3 0.91 925.051
0.31 0.91 922.553
0.32 0.91 920.054
0.33 0.91 917.556
0.34 0.91 915.057
0.35 0.91 912.559
0.36 0.91 910.06
0.37 0.91 907.562
0.38 0.91 905.063
0.39 0.91 902.565
0.4 0.91 900.066
0.41 0.91 897.568
0.42 0.91 895.069
0.43 0.91 892.57
0.44 0.91 890.072
0.45 0.91 887.573
0.46 0.91 885.075
0.47 0.91 882.576
0.48 0.91 880.077
0.49 0.91 877.578
0.5 0.91 875.08
0.51 0.91 872.581
0.52 0.91 870.082
0.53 0.91 867.584
0.54 0.91 865.085
0.55 0.91 862.586
0.56 0.91 860.087
0.57 0.91 857.588
0.58 0.91 855.089
0.59 0.91 852.591
0.6 0.91 850.092
0.61 0.91 847.593
0.62 0.91 845.094
0.63 0.91 842.595
0.64 0.91 840.096
0.65 0.91 837.597
0.66 0.91 835.098
0.67 0.91 832.599
0.68 0.91 830.1
0.69 0.91 827.6
0.7 0.91 825.101
0.71 0.91 822.602
0.72 0.91 820.103
0.73 0.91 817.604
0.74 0.91 815.105
0.75 0.91 812.605
0.76 0.91 810.106
0.77 0.91 807.607
0.78 0.91 805.107
0.79 0.91 802.608
0.8 0.91 800.109
0.81 0.91 797.609
0.82 0.91 795.11
0.83 0.91 792.61
0.84 0.91 790.111
0.85 0.91 787.611
0.86 0.91 785.112
0.87 0.91 782.612
0.88 0.91 780.113
0.89 0.91 777.613
0.9 0.91 775.113
0.91 0.91 772.614
0.92 0.91 770.114
0.93 0.91 767.614
0.94 0.91 765.114
0.95 0.91 762.615
0.96 0.91 760.115
0.97 0.91 757.615
0.98 0.91 755.115
0.99 0.91 752.615
1 0.91 750.115
1.01 0.91 747.615
1.02 0.91 745.115
1.03 0.91 742.615
1.04 0.91 740.115
1.05 0.91 737.615
1.06 0.91 735.115
1.07 0.91 732.615
1.08 0.91 730.115
1.09 0.91 727.615
1.1 0.91 725.114
1.11 0.91 722.614
1.12 0.91 720.114
1.13 0.91 717.614
1.14 0.91 715.113
1.15 0.91 712.613
1.16 0.91 710.113
1.17 0.91 707.612
1.18 0.91 705.112
1.19 0.91 702.611
1.2 0.91 700.111
1.21 0.91 697.61
1.22 0.91 695.11
1.23 0.91 692.609
1.24 0.91 690.108
1.25 0.91 687.608
1.26 0.91 685.107
1.27 0.91 682.606
1.28 0.91 680.106
1.29 0.91 677.605
1.3 0.91 675.104
1.31 0.91 672.603
1.32 0.91 670.103
1.33 0.91 667.602
1.34 0.91 665.101
1.35 0.91 662.6
1.36 0.91 660.099
1.37 0.91 657.598
1.38 0.91 655.097
1.39 0.91 652.596
1.4 0.91 650.095
1.41 0.91 647.594
1.42 0.91 645.093
1.43 0.91 642.592
1.44 0.91 640.091
1.45 0.91 637.589
1.46 0.91 635.088
1.47 0.91 632.587
1.48 0.91 630.086
1.49 0.91 627.585
1.5 0.91 625.083
1.51 0.91 622.582
1.52 0.91 620.081
1.53 0.91 617.579
1.54 0.91 615.078
1.55 0.91 612.577
1.56 0.91 610.075
1.57 0.91 607.574
1.58 0.91 605.072
1.59 0.91 602.571
1.6 0.91 600.069
1.61 0.91 597.568
1.62 0.91 595.066
1.63 0.91 592.565
1.64 0.91 590.063
1.65 0.91 587.562
1.66 0.91 585.06
1.67 0.91 582.559
1.68 0.91 580.057
1.69 0.91 577.555
1.7 0.91 575.054
1.71 0.91 572.552
1.72 0.91 570.05
1.73 0.91 567.549
1.74 0.91 565.047
1.75 0.91 562.545
1.76 0.91 560.044
1.77 0.91 557.542
1.78 0.91 555.04
1.79 0.91 552.538
1.8 0.91 550.037
1.81 0.91 547.535
1.82 0.91 545.033
1.83 0.91 542.531
1.84 0.91 540.029
1.85 0.91 537.528
1.86 0.91 535.026
1.87 0.91 532.524
1.88 0.91 530.022
1.89 0.91 527.52
1.9 0.91 525.019
1.91 0.91 522.517
1.92 0.91 520.015
1.93 0.91 517.513
1.94 0.91 515.011
1.95 0.91 512.509
1.96 0.91 510.007
1.97 0.91 507.506
1.98 0.91 505.004
1.99 0.91 502.502
2 0.91 500

0 0.92 1000
0.01 0.92 997.502
0.02 0.92 995.004
0.03 0.92 992.505
0.04 0.92 990.007
0.05 0.92 987.509
0.06 0.92 985.011
0.07 0.92 982.512
0.08 0.92 980.014
0.09 0.92 977.516
0.1 0.92 975.018
0.11 0.92 972.519
0.12 0.92 970.021
0.13 0.92 967.523
0.14 0.92 965.024
0.15 0.92 962.526
0.16 0.92 960.028
0.17 0.92 957.53
0.18 0.92 955.031
0.19 0.92 952.533
0.2 0.92 950.035
0.21 0.92 947.536
0.22 0.92 945.038
0.23 0.92 942.54
0.24 0.92 940.041
0.25 0.92 937.543
0.26 0.92 935.045
0.27 0.92 932.546
0.28 0.92 930.048
0.29 0.92 927.549
0.3 0.92 925.051
0.31 0.92 922.553
0.32 0.92 920.054
0.33 0.92 917.556
0.34 0.92 915.057
0.35 0.92 912.559
0.36 0.92 910.06
0.37 0.92 907.562
0.38 0.92 905.063
0.39 0.92 902.565
0.4 0.92 900.066
0.41 0.92 897.568
0.42 0.92 895.069
0.43 0.92 892.57
0.44 0.92 890.072
0.45 0.92 887.573
0.46 0.92 885.075
0.47 0.92 882.576
0.48 0.92 880.077
0.49 0.92 877.578
0.5 0.92 875.08
0.51 0.92 872.581
0.52 0.92 870.082
0.53 0.92 867.584
0.54 0.92 865.085
0.55 0.92 862.586
0.56 0.92 860.087
0.57 0.92 857.588
0.58 0.92 855.089
0.59 0.92 852.591
0.6 0.92 850.092
0.61 0.92 847.593
0.62 0.92 845.094
0.63 0.92 842.595
0.64 0.92 840.096
0.65 0.92 837.597
0.66 0.92 835.098
0.67 0.92 832.599
0.68 0.92 830.1
0.69 0.92 827.6
0.7 0.92 825.101
0.71 0.92 822.602
0.72 0.92 820.103
0.73 0.92 817.604
0.74 0.92 815.105
0.75 0.92 812.605
0.76 0.92 810.106
0.77 0.92 807.607
0.78 0.92 805.107
0.79 0.92 802.608
0.8 0.92 800.109
0.81 0.92 797.609
0.82 0.92 795.11
0.83 0.92 792.61
0.84 0.92 790.111
0.85 0.92 787.611
0.86 0.92 785.112
0.87 0.92 782.612
0.88 0.92 780.113
0.89 0.92 777.613
0.9 0.92 775.113
0.91 0.92 772.614
0.92 0.92 770.114
0.93 0.92 767.614
0.94 0.92 765.115
0.95 0.92 762.615
0.96 0.92 760.115
0.97 0.92 757.615
0.98 0.92 755.115
0.99 0.92 752.615
1 0.92 750.115
1.01 0.92 747.615
1.02 0.92 745.115
1.03 0.92 742.615
1.04 0.92 740.115
1.05 0.92 737.615
1.06 0.92 735.115
1.07 0.92 732.615
1.08 0.92 730.115
1.09 0.92 727.615
1.1 0.92 725.114
1.11 0.92 722.614
1.12 0.92 720.114
1.13 0.92 717.614
1.14 0.92 715.113
1.15 0.92 712.613
1.16 0.92 710.113
1.17 0.92 707.612
1.18 0.92 705.112
1.19 0.92 702.611
1.2 0.92 700.111
1.21 0.92 697.61
1.22 0.92 695.11
1.23 0.92 692.609
1.24 0.92 690.108
1.25 0.92 687.608
1.26 0.92 685.107
1.27 0.92 682.606
1.28 0.92 680.106
1.29 0.92 677.605
1.3 0.92 675.104
1.31 0.92 672.603
1.32 0.92 670.103
1.33 0.92 667.602
1.34 0.92 665.101
1.35 0.92 662.6
1.36 0.92 660.099
1.37 0.92 657.598
1.38 0.92 655.097
1.39 0.92 652.596
1.4 0.92 650.095
1.41 0.92 647.594
1.42 0.92 645.093
1.43 0.92 642.592
1.44 0.92 640.091
1.45 0.92 637.589
1.46 0.92 635.088
1.47 0.92 632.587
1.48 0.92 630.086
1.49 0.92 627.585
1.5 0.92 625.083
1.51 0.92 622.582
1.52 0.92 620.081
1.53 0.92 617.579
1.54 0.92 615.078
1.55 0.92 612.577
1.56 0.92 610.075
1.57 0.92 607.574
1.58 0.92 605.072
1.59 0.92 602.571
1.6 0.92 600.069
1.61 0.92 597.568
1.62 0.92 595.066
1.63 0.92 592.565
1.64 0.92 590.063
1.65 0.92 587.562
1.66 0.92 585.06
1.67 0.92 582.559
1.68 0.92 580.057
1.69 0.92 577.555
1.7 0.92 575.054
1.71 0.92 572.552
1.72 0.92 570.05
1.73 0.92 567.549
1.74 0.92 565.047
1.75 0.92 562.545
1.76 0.92 560.044
1.77 0.92 557.542
1.78 0.92 555.04
1.79 0.92 552.538
1.8 0.92 550.037
1.81 0.92 547.535
1.82 0.92 545.033
1.83 0.92 542.531
1.84 0.92 540.029
1.85 0.92 537.528
1.86 0.92 535.026
1.87 0.92 532.524
1.88 0.92 530.022
1.89 0.92 527.52
1.9 0.92 525.019
1.91 0.92 522.517
1.92 0.92 520.015
1.93 0.92 517.513
1.94 0.92 515.011
1.95 0.92 512.509
1.96 0.92 510.007
1.97 0.92 507.506
1.98 0.92 505.004
1.99 0.92 502.502
2 0.92 500

0 0.93 1000
0.01 0.93 997.502
0.02 0.93 995.004
0.03 0.93 992.505
0.04 0.93 990.007
0.05 0.93 987.509
0.06 0.93 985.011
0.07 0.93 982.512
0.08 0.93 980.014
0.09 0.93 977.516
0.1 0.93 975.018
0.11 0.93 972.519
0.12 0.93 970.021
0.13 0.93 967.523
0.14 0.93 965.024
0.15 0.93 962.526
0.16 0.93 960.028
0.17 0.93 957.53
0.18 0.93 955.031
0.19 0.93 952.533
0.2 0.93 950.035
0.21 0.93 947.536
0.22 0.93 945.038
0.23 0.93 942.54
0.24 0.93 940.041
0.25 0.93 937.543
0.26 0.93 935.045
0.27 0.93 932.546
0.28 0.93 930.048
0.29 0.93 927.549
0.3 0.93 925.051
0.31 0.93 922.553
0.32 0.93 920.054
0.33 0.93 917.556
0.34 0.93 915.057
0.35 0.93 912.559
0.36 0.93 910.06
0.37 0.93 907.562
0.38 0.93 905.063
0.39 0.93 902.565
0.4 0.93 900.066
0.41 0.93 897.568
0.42 0.93 895.069
0.43 0.93 892.57
0.44 0.93 890.072
0.45 0.93 887.573
0.46 0.93 885.075
0.47 0.93 882.576
0.48 0.93 880.077
0.49 0.93 877.578
0.5 0.93 875.08
0.51 0.93 872.581
0.52 0.93 870.082
0.53 0.93 867.584
0.54 0.93 865.085
0.55 0.93 862.586
0.56 0.93 860.087
0.57 0.93 857.588
0.58 0.93 855.089
0.59 0.93 852.591
0.6 0.93 850.092
0.61 0.93 847.593
0.62 0.93 845.094
0.63 0.93 842.595
0.64 0.93 840.096
0.65 0.93 837.597
0.66 0.93 835.098
0.67 0.93 832.599
0.68 0.93 830.1
0.69 0.93 827.6
0.7 0.93 825.101
0.71 0.93 822.602
0.72 0.93 820.103
0.73 0.93 817.604
0.74 0.93 815.105
0.75 0.93 812.605
0.76 0.93 810.106
0.77 0.93 807.607
0.78 0.93 805.107
0.79 0.93 802.608
0.8 0.93 800.109
0.81 0.93 797.609
0.82 0.93 795.11
0.83 0.93 792.61
0.84 0.93 790.111
0.85 0.93 787.611
0.86 0.93 785.112
0.87 0.93 782.612
0.88 0.93 780.113
0.89 0.93 777.613
0.9 0.93 775.113
0.91 0.93 772.614
0.92 0.93 770.114
0.93 0.93 767.614
0.94 0.93 765.115
0.95 0.93 762.615
0.96 0.93 760.115
0.97 0.93 757.615
0.98 0.93 755.115
0.99 0.93 752.615
1 0.93 750.115
1.01 0.93 747.615
1.02 0.93 745.115
1.03 0.93 742.615
1.04 0.93 740.115
1.05 0.93 737.615
1.06 0.93 735.115
1.07 0.93 732.615
1.08 0.93 730.115
1.09 0.93 727.615
1.1 0.93 725.114
1.11 0.93 722.614
1.12 0.93 720.114
1.13 0.93 717.614
1.14 0.93 715.113
1.15 0.93 712.613
1.16 0.93 710.113
1.17 0.93 707.612
1.18 0.93 705.112
1.19 0.93 702.611
1.2 0.93 700.111
1.21 0.93 697.61
1.22 0.93 695.11
1.23 0.93 692.609
1.24 0.93 690.108
1.25 0.93 687.608
1.26 0.93 685.107
1.27 0.93 682.606
1.28 0.93 680.106
1.29 0.93 677.605
1.3 0.93 675.104
1.31 0.93 672.603
1.32 0.93 670.103
1.33 0.93 667.602
1.34 0.93 665.101
1.35 0.93 662.6
1.36 0.93 660.099
1.37 0.93 657.598
1.38 0.93 655.097
1.39 0.93 652.596
1.4 0.93 650.095
1.41 0.93 647.594
1.42 0.93 645.093
1.43 0.93 642.592
1.44 0.93 640.091
1.45 0.93 637.589
1.46 0.93 635.088
1.47 0.93 632.587
1.48 0.93 630.086
1.49 0.93 627.585
1.5 0.93 625.083
1.51 0.93 622.582
1.52 0.93 620.081
1.53 0.93 617.579
1.54 0.93 615.078
1.55 0.93 612.577
1.56 0.93 610.075
1.57 0.93 607.574
1.58 0.93 605.072
1.59 0.93 602.571
1.6 0.93 600.069
1.61 0.93 597.568
1.62 0.93 595.066
1.63 0.93 592.565
1.64 0.93 590.063
1.65 0.93 587.562
1.66 0.93 585.06
1.67 0.93 582.559
1.68 0.93 580.057
1.69 0.93 577.555
1.7 0.93 575.054
1.71 0.93 572.552
1.72 0.93 570.05
1.73 0.93 567.549
1.74 0.93 565.047
1.75 0.93 562.545
1.76 0.93 560.044
1.77 0.93 557.542
1.78 0.93 555.04
1.79 0.93 552.538
1.8 0.93 550.037
1.81 0.93 547.535
1.82 0.93 545.033
1.83 0.93 542.531
1.84 0.93 540.029
1.85 0.93 537.528
1.86 0.93 535.026
1.87 0.93 532.524
1.88 0.93 530.022
1.89 0.93 527.52
1.9 0.93 525.019
1.91 0.93 522.517
1.92 0.93 520.015
1.93 0.93 517.513
1.94 0.93 515.011
1.95 0.93 512.509
1.96 0.93 510.007
1.97 0.93 507.506
1.98 0.93 505.004
1.99 0.93 502.502
2 0.93 500

0 0.94 1000
0.01 0.94 997.502
0.02 0.94 995.004
0.03 0.94 992.505
0.04 0.94 990.007
0.05 0.94 987.509
0.06 0.94 985.011
0.07 0.94 982.512
0.08 0.94 980.014
0.09 0.94 977.516
0.1 0.94 975.018
0.11 0.94 972.519
0.12 0.94 970.021
0.13 0.94 967.523
0.14 0.94 965.024
0.15 0.94 962.526
0.16 0.94 960.028
0.17 0.94 957.53
0.18 0.94 955.031
0.19 0.94 952.533
0.2 0.94 950.035
0.21 0.94 947.536
0.22 0.94 945.038
0.23 0.94 942.54
0.24 0.94 940.041
0.25 0.94 937.543
0.26 0.94 935.045
0.27 0.94 932.546
0.28 0.94 930.048
0.29 0.94 927.549
0.3 0.94 925.051
0.31 0.94 922.553
0.32 0.94 920.054
0.33 0.94 917.556
0.34 0.94 915.057
0.35 0.94 912.559
0.36 0.94 910.06
0.37 0.94 907.562
0.38 0.94 905.063
0.39 0.94 902.565
0.4 0.94 900.066
0.41 0.94 897.568
0.42 0.94 895.069
0.43 0.94 892.57
0.44 0.94 890.072
0.45 0.94 887.573
0.46 0.94 885.075
0.47 0.94 882.576
0.48 0.94 880.077
0.49 0.94 877.578
0.5 0.94 875.08
0.51 0.94 872.581
0.52 0.94 870.082
0.53 0.94 867.584
0.54 0.94 865.085
0.55 0.94 862.586
0.56 0.94 860.087
0.57 0.94 857.588
0.58 0.94 855.089
0.59 0.94 852.591
0.6 0.94 850.092
0.61 0.94 847.593
0.62 0.94 845.094
0.63 0.94 842.595
0.64 0.94 840.096
0.65 0.94 837.597
0.66 0.94 835.098
0.67 0.94 832.599
0.68 0.94 830.1
0.69 0.94 827.6
0.7 0.94 825.101
0.71 0.94 822.602
0.72 0.94 820.103
0.73 0.94 817.604
0.74 0.94 815.105
0.75 0.94 812.605
0.76 0.94 810.106
0.77 0.94 807.607
0.78 0.94 805.107
0.79 0.94 802.608
0.8 0.94 800.109
0.81 0.94 797.609
0.82 0.94 795.11
0.83 0.94 792.61
0.84 0.94 790.111
0.85 0.94 787.611
0.86 0.94 785.112
0.87 0.94 782.612
0.88 0.94 780.113
0.89 0.94 777.613
0.9 0.94 775.113
0.91 0.94 772.614
0.92 0.94 770.114
0.93 0.94 767.614
0.94 0.94 765.115
0.95 0.94 762.615
0.96 0.94 760.115
0.97 0.94 757.615
0.98 0.94 755.115
0.99 0.94 752.615
1 0.94 750.115
1.01 0.94 747.615
1.02 0.94 745.115
1.03 0.94 742.615
1.04 0.94 740.115
1.05 0.94 737.615
1.06 0.94 735.115
1.07 0.94 732.615
1.08 0.94 730.115
1.09 0.94 727.615
1.1 0.94 725.114
1.11 0.94 722.614
1.12 0.94 720.114
1.13 0.94 717.614
1.14 0.94 715.113
1.15 0.94 712.613
1.16 0.94 710.113
1.17 0.94 707.612
1.18 0.94 705.112
1.19 0.94 702.611
1.2 0.94 700.111
1.21 0.94 697.61
1.22 0.94 695.11
1.23 0.94 692.609
1.24 0.94 690.108
1.25 0.94 687.608
1.26 0.94 685.107
1.27 0.94 682.606
1.28 0.94 680.106
1.29 0.94 677.605
1.3 0.94 675.104
1.31 0.94 672.603
1.32 0.94 670.103
1.33 0.94 667.602
1.34 0.94 665.101
1.35 0.94 662.6
1.36 0.94 660.099
1.37 0.94 657.598
1.38 0.94 655.097
1.39 0.94 652.596
1.4 0.94 650.095
1.41 0.94 647.594
1.42 0.94 645.093
1.43 0.94 642.592
1.44 0.94 640.091
1.45 0.94 637.589
1.46 0.94 635.088
1.47 0.94 632.587
1.48 0.94 630.086
1.49 0.94 627.585
1.5 0.94 625.083
1.51 0.94 622.582
1.52 0.94 620.081
1.53 0.94 617.579
1.54 0.94 615.078
1.55 0.94 612.577
1.56 0.94 610.075
1.57 0.94 607.574
1.58 0.94 605.072
1.59 0.94 602.571
1.6 0.94 600.069
1.61 0.94 597.568
1.62 0.94 595.066
1.63 0.94 592.565
1.64 0.94 590.063
1.65 0.94 587.562
1.66 0.94 585.06
1.67 0.94 582.559
1.68 0.94 580.057
1.69 0.94 577.555
1.7 0.94 575.054
1.71 0.94 572.552
1.72 0.94 570.05
1.73 0.94 567.549
1.74 0.94 565.047
1.75 0.94 562.545
1.76 0.94 560.044
1.77 0.94 557.542
1.78 0.94 555.04
1.79 0.94 552.538
1.8 0.94 550.037
1.81 0.94 547.535
1.82 0.94 545.033
1.83 0.94 542.531
1.84 0.94 540.029
1.85 0.94 537.528
1.86 0.94 535.026
1.87 0.94 532.524
1.88 0.94 530.022
1.89 0.94 527.52
1.9 0.94 525.019
1.91 0.94 522.517
1.92 0.94 520.015
1.93 0.94 517.513
1.94 0.94 515.011
1.95 0.94 512.509
1.96 0.94 510.007
1.97 0.94 507.506
1.98 0.94 505.004
1.99 0.94 502.502
2 0.94 500

0 0.95 1000
0.01 0.95 997.502
0.02 0.95 995.004
0.03 0.95 992.505
0.04 0.95 990.007
0.05 0.95 987.509
0.06 0.95 985.011
0.07 0.95 982.512
0.08 0.95 980.014
0.09 0.95 977.516
0.1 0.95 975.018
0.11 0.95 972.519
0.12 0.95 970.021
0.13 0.95 967.523
0.14 0.95 965.024
0.15 0.95 962.526
0.16 0.95 960.028
0.17 0.95 957.53
0.18 0.95 955.031
0.19 0.95 952.533
0.2 0.95 950.035
0.21 0.95 947.536
0.22 0.95 945.038
0.23 0.95 942.54
0.24 0.95 940.041
0.25 0.95 937.543
0.26 0.95 935.045
0.27 0.95 932.546
0.28 0.95 930.048
0.29 0.95 927.549
0.3 0.95 925.051
0.31 0.95 922.553
0.32 0.95 920.054
0.33 0.95 917.556
0.34 0.95 915.057
0.35 0.95 912.559
0.36 0.95 910.06
0.37 0.95 907.562
0.38 0.95 905.063
0.39 0.95 902.565
0.4 0.95 900.066
0.41 0.95 897.568
0.42 0.95 895.069
0.43 0.95 892.57
0.44 0.95 890.072
0.45 0.95 887.573
0.46 0.95 885.075
0.47 0.95 882.576
0.48 0.95 880.077
0.49 0.95 877.578
0.5 0.95 875.08
0.51 0.95 872.581
0.52 0.95 870.082
0.53 0.95 867.584
0.54 0.95 865.085
0.55 0.95 862.586
0.56 0.95 860.087
0.57 0.95 857.588
0.58 0.95 855.089
0.59 0.95 852.591
0.6 0.95 850.092
0.61 0.95 847.593
0.62 0.95 845.094
0.63 0.95 842.595
0.64 0.95 840.096
0.65 0.95 837.597
0.66 0.95 835.098
0.67 0.95 832.599
0.68 0.95 830.1
0.69 0.95 827.6
0.7 0.95 825.101
0.71 0.95 822.602
0.72 0.95 820.103
0.73 0.95 817.604
0.74 0.95 815.105
0.75 0.95 812.605
0.76 0.95 810.106
0.77 0.95 807.607
0.78 0.95 805.107
0.79 0.95 802.608
0.8 0.95 800.109
0.81 0.95 797.609
0.82 0.95 795.11
0.83 0.95 792.61
0.84 0.95 790.111
0.85 0.95 787.611
0.86 0.95 785.112
0.87 0.95 782.612
0.88 0.95 780.113
0.89 0.95 777.613
0.9 0.95 775.113
0.91 0.95 772.614
0.92 0.95 770.114
0.93 0.95 767.614
0.94 0.95 765.115
0.95 0.95 762.615
0.96 0.95 760.115
0.97 0.95 757.615
0.98 0.95 755.115
0.99 0.95 752.615
1 0.95 750.115
1.01 0.95 747.615
1.02 0.95 745.115
1.03 0.95 742.615
1.04 0.95 740.115
1.05 0.95 737.615
1.06 0.95 735.115
1.07 0.95 732.615
1.08 0.95 730.115
1.09 0.95 727.615
1.1 0.95 725.114
1.11 0.95 722.614
1.12 0.95 720.114
1.13 0.95 717.614
1.14 0.95 715.113
1.15 0.95 712.613
1.16 0.95 710.113
1.17 0.95 707.612
1.18 0.95 705.112
1.19 0.95 702.611
1.2 0.95 700.111
1.21 0.95 697.61
1.22 0.95 695.11
1.23 0.95 692.609
1.24 0.95 690.108
1.25 0.95 687.608
1.26 0.95 685.107
1.27 0.95 682.606
1.28 0.95 680.106
1.29 0.95 677.605
1.3 0.95 675.104
1.31 0.95 672.603
1.32 0.95 670.103
1.33 0.95 667.602
1.34 0.95 665.101
1.35 0.95 662.6
1.36 0.95 660.099
1.37 0.95 657.598
1.38 0.95 655.097
1.39 0.95 652.596
1.4 0.95 650.095
1.41 0.95 647.594
1.42 0.95 645.093
1.43 0.95 642.592
1.44 0.95 640.091
1.45 0.95 637.589
1.46 0.95 635.088
1.47 0.95 632.587
1.48 0.95 630.086
1.49 0.95 627.585
1.5 0.95 625.083
1.51 0.95 622.582
1.52 0.95 620.081
1.53 0.95 617.579
1.54 0.95 615.078
1.55 0.95 612.577
1.56 0.95 610.075
1.57 0.95 607.574
1.58 0.95 605.072
1.59 0.95 602.571
1.6 0.95 600.069
1.61 0.95 597.568
1.62 0.95 595.066
1.63 0.95 592.565
1.64 0.95 590.063
1.65 0.95 587.562
1.66 0.95 585.06
1.67 0.95 582.559
1.68 0.95 580.057
1.69 0.95 577.555
1.7 0.95 575.054
1.71 0.95 572.552
1.72 0.95 570.05
1.73 0.95 567.549
1.74 0.95 565.047
1.75 0.95 562.545
1.76 0.95 560.044
1.77 0.95 557.542
1.78 0.95 555.04
1.79 0.95 552.538
1.8 0.95 550.037
1.81 0.95 547.535
1.82 0.95 545.033
1.83 0.95 542.531
1.84 0.95 540.029
1.85 0.95 537.528
1.86 0.95 535.026
1.87 0.95 532.524
1.88 0.95 530.022
1.89 0.95 527.52
1.9 0.95 525.019
1.91 0.95 522.517
1.92 0.95 520.015
1.93 0.95 517.513
1.94 0.95 515.011
1.95 0.95 512.509
1.96 0.95 510.007
1.97 0.95 507.506
1.98 0.95 505.004
1.99 0.95 502.502
2 0.95 500

0 0.96 1000
0.01 0.96 997.502
0.02 0.96 995.004
0.03 0.96 992.505
0.04 0.96 990.007
0.05 0.96 987.509
0.06 0.96 985.011
0.07 0.96 982.512
0.08 0.96 980.014
0.09 0.96 977.516
0.1 0.96 975.018
0.11 0.96 972.519
0.12 0.96 970.021
0.13 0.96 967.523
0.14 0.96 965.024
0.15 0.96 962.526
0.16 0.96 960.028
0.17 0.96 957.53
0.18 0.96 955.031
0.19 0.96 952.533
0.2 0.96 950.035
0.21 0.96 947.536
0.22 0.96 945.038
0.23 0.96 942.54
0.24 0.96 940.041
0.25 0.96 937.543
0.26 0.96 935.045
0.27 0.96 932.546
0.28 0.96 930.048
0.29 0.96 927.549
0.3 0.96 925.051
0.31 0.96 922.553
0.32 0.96 920.054
0.33 0.96 917.556
0.34 0.96 915.057
0.35 0.96 912.559
0.36 0.96 910.06
0.37 0.96 907.562
0.38 0.96 905.063
0.39 0.96 902.565
0.4 0.96 900.066
0.41 0.96 897.568
0.42 0.96 895.069
0.43 0.96 892.57
0.44 0.96 890.072
0.45 0.96 887.573
0.46 0.96 885.075
0.47 0.96 882.576
0.48 0.96 880.077
0.49 0.96 877.579
0.5 0.96 875.08
0.51 0.96 872.581
0.52 0.96 870.082
0.53 0.96 867.584
0.54 0.96 865.085
0.55 0.96 862.586
0.56 0.96 860.087
0.57 0.96 857.588
0.58 0.96 855.089
0.59 0.96 852.591
0.6 0.96 850.092
0.61 0.96 847.593
0.62 0.96 845.094
0.63 0.96 842.595
0.64 0.96 840.096
0.65 0.96 837.597
0.66 0.96 835.098
0.67 0.96 832.599
0.68 0.96 830.1
0.69 0.96 827.6
0.7 0.96 825.101
0.71 0.96 822.602
0.72 0.96 820.103
0.73 0.96 817.604
0.74 0.96 815.105
0.75 0.96 812.605
0.76 0.96 810.106
0.77 0.96 807.607
0.78 0.96 805.107
0.79 0.96 802.608
0.8 0.96 800.109
0.81 0.96 797.609
0.82 0.96 795.11
0.83 0.96 792.61
0.84 0.96 790.111
0.85 0.96 787.611
0.86 0.96 785.112
0.87 0.96 782.612
0.88 0.96 780.113
0.89 0.96 777.613
0.9 0.96 775.113
0.91 0.96 772.614
0.92 0.96 770.114
0.93 0.96 767.614
0.94 0.96 765.115
0.95 0.96 762.615
0.96 0.96 760.115
0.97 0.96 757.615
0.98 0.96 755.115
0.99 0.96 752.615
1 0.96 750.115
1.01 0.96 747.615
1.02 0.96 745.115
1.03 0.96 742.615
1.04 0.96 740.115
1.05 0.96 737.615
1.06 0.96 735.115
1.07 0.96 732.615
1.08 0.96 730.115
1.09 0.96 727.615
1.1 0.96 725.115
1.11 0.96 722.614
1.12 0.96 720.114
1.13 0.96 717.614
1.14 0.96 715.113
1.15 0.96 712.613
1.16 0.96 710.113
1.17 0.96 707.612
1.18 0.96 705.112
1.19 0.96 702.611
1.2 0.96 700.111
1.21 0.96 697.61
1.22 0.96 695.11
1.23 0.96 692.609
1.24 0.96 690.108
1.25 0.96 687.608
1.26 0.96 685.107
1.27 0.96 682.606
1.28 0.96 680.106
1.29 0.96 677.605
1.3 0.96 675.104
1.31 0.96 672.603
1.32 0.96 670.103
1.33 0.96 667.602
1.34 0.96 665.101
1.35 0.96 662.6
1.36 0.96 660.099
1.37 0.96 657.598
1.38 0.96 655.097
1.39 0.96 652.596
1.4 0.96 650.095
1.41 0.96 647.594
1.42 0.96 645.093
1.43 0.96 642.592
1.44 0.96 640.091
1.45 0.96 637.589
1.46 0.96 635.088
1.47 0.96 632.587
1.48 0.96 630.086
1.49 0.96 627.585
1.5 0.96 625.083
1.51 0.96 622.582
1.52 0.96 620.081
1.53 0.96 617.579
1.54 0.96 615.078
1.55 0.96 612.577
1.56 0.96 610.075
1.57 0.96 607.574
1.58 0.96 605.072
1.59 0.96 602.571
1.6 0.96 600.069
1.61 0.96 597.568
1.62 0.96 595.066
1.63 0.96 592.565
1.64 0.96 590.063
1.65 0.96 587.562
1.66 0.96 585.06
1.67 0.96 582.559
1.68 0.96 580.057
1.69 0.96 577.555
1.7 0.96 575.054
1.71 0.96 572.552
1.72 0.96 570.05
1.73 0.96 567.549
1.74 0.96 565.047
1.75 0.96 562.545
1.76 0.96 560.044
1.77 0.96 557.542
1.78 0.96 555.04
1.79 0.96 552.538
1.8 0.96 550.037
1.81 0.96 547.535
1.82 0.96 545.033
1.83 0.96 542.531
1.84 0.96 540.029
1.85 0.96 537.528
1.86 0.96 535.026
1.87 0.96 532.524
1.88 0.96 530.022
1.89 0.96 527.52
1.9 0.96 525.019
1.91 0.96 522.517
1.92 0.96 520.015
1.93 0.96 517.513
1.94 0.96 515.011
1.95 0.96 512.509
1.96 0.96 510.007
1.97 0.96 507.506
1.98 0.96 505.004
1.99 0.96 502.502
2 0.96 500

0 0.97 1000
0.01 0.97 997.502
0.02 0.97 995.004
0.03 0.97 992.505
0.04 0.97 990.007
0.05 0.97 987.509
0.06 0.97 985.011
0.07 0.97 982.512
0.08 0.97 980.014
0.09 0.97 977.516
0.1 0.97 975.018
0.11 0.97 972.519
0.12 0.97 970.021
0.13 0.97 967.523
0.14 0.97 965.024
0.15 0.97 962.526
0.16 0.97 960.028
0.17 0.97 957.53
0.18 0.97 955.031
0.19 0.97 952.533
0.2 0.97 950.035
0.21 0.97 947.536
0.22 0.97 945.038
0.23 0.97 942.54
0.24 0.97 940.041
0.25 0.97 937.543
0.26 0.97 935.045
0.27 0.97 932.546
0.28 0.97 930.048
0.29 0.97 927.549
0.3 0.97 925.051
0.31 0.97 922.553
0.32 0.97 920.054
0.33 0.97 917.556
0.34 0.97 915.057
0.35 0.97 912.559
0.36 0.97 910.06
0.37 0.97 907.562
0.38 0.97 905.063
0.39 0.97 902.565
0.4 0.97 900.066
0.41 0.97 897.568
0.42 0.97 895.069
0.43 0.97 892.57
0.44 0.97 890.072
0.45 0.97 887.573
0.46 0.97 885.075
0.47 0.97 882.576
0.48 0.97 880.077
0.49 0.97 877.579
0.5 0.97 875.08
0.51 0.97 872.581
0.52 0.97 870.082
0.53 0.97 867.584
0.54 0.97 865.085
0.55 0.97 862.586
0.56 0.97 860.087
0.57 0.97 857.588
0.58 0.97 855.089
0.59 0.97 852.591
0.6 0.97 850.092
0.61 0.97 847.593
0.62 0.97 845.094
0.63 0.97 842.595
0.64 0.97 840.096
0.65 0.97 837.597
0.66 0.97 835.098
0.67 0.97 832.599
0.68 0.97 830.1
0.69 0.97 827.6
0.7 0.97 825.101
0.71 0.97 822.602
0.72 0.97 820.103
0.73 0.97 817.604
0.74 0.97 815.105
0.75 0.97 812.605
0.76 0.97 810.106
0.77 0.97 807.607
0.78 0.97 805.107
0.79 0.97 802.608
0.8 0.97 800.109
0.81 0.97 797.609
0.82 0.97 795.11
0.83 0.97 792.61
0.84 0.97 790.111
0.85 0.97 787.611
0.86 0.97 785.112
0.87 0.97 782.612
0.88 0.97 780.113
0.89 0.97 777.613
0.9 0.97 775.113
0.91 0.97 772.614
0.92 0.97 770.114
0.93 0.97 767.614
0.94 0.97 765.115
0.95 0.97 762.615
0.96 0.97 760.115
0.97 0.97 757.615
0.98 0.97 755.115
0.99 0.97 752.615
1 0.97 750.115
1.01 0.97 747.615
1.02 0.97 745.115
1.03 0.97 742.615
1.04 0.97 740.115
1.05 0.97 737.615
1.06 0.97 735.115
1.07 0.97 732.615
1.08 0.97 730.115
1.09 0.97 727.615
1.1 0.97 725.115
1.11 0.97 722.614
1.12 0.97 720.114
1.13 0.97 717.614
1.14 0.97 715.113
1.15 0.97 712.613
1.16 0.97 710.113
1.17 0.97 707.612
1.18 0.97 705.112
1.19 0.97 702.611
1.2 0.97 700.111
1.21 0.97 697.61
1.22 0.97 695.11
1.23 0.97 692.609
1.24 0.97 690.108
1.25 0.97 687.608
1.26 0.97 685.107
1.27 0.97 682.606
1.28 0.97 680.106
1.29 0.97 677.605
1.3 0.97 675.104
1.31 0.97 672.603
1.32 0.97 670.103
1.33 0.97 667.602
1.34 0.97 665.101
1.35 0.97 662.6
1.36 0.97 660.099
1.37 0.97 657.598
1.38 0.97 655.097
1.39 0.97 652.596
1.4 0.97 650.095
1.41 0.97 647.594
1.42 0.97 645.093
1.43 0.97 642.592
1.44 0.97 640.091
1.45 0.97 637.589
1.46 0.97 635.088
1.47 0.97 632.587
1.48 0.97 630.086
1.49 0.97 627.585
1.5 0.97 625.083
1.51 0.97 622.582
1.52 0.97 620.081
1.53 0.97 617.579
1.54 0.97 615.078
1.55 0.97 612.577
1.56 0.97 610.075
1.57 0.97 607.574
1.58 0.97 605.072
1.59 0.97 602.571
1.6 0.97 600.069
1.61 0.97 597.568
1.62 0.97 595.066
1.63 0.97 592.565
1.64 0.97 590.063
1.65 0.97 587.562
1.66 0.97 585.06
1.67 0.97 582.559
1.68 0.97 580.057
1.69 0.97 577.555
1.7 0.97 575.054
1.71 0.97 572.552
1.72 0.97 570.05
1.73 0.97 567.549
1.74 0.97 565.047
1.75 0.97 562.545
1.76 0.97 560.044
1.77 0.97 557.542
1.78 0.97 555.04
1.79 0.97 552.538
1.8 0.97 550.037
1.81 0.97 547.535
1.82 0.97 545.033
1.83 0.97 542.531
1.84 0.97 540.029
1.85 0.97 537.528
1.86 0.97 535.026
1.87 0.97 532.524
1.88 0.97 530.022
1.89 0.97 527.52
1.9 0.97 525.019
1.91 0.97 522.517
1.92 0.97 520.015
1.93 0.97 517.513
1.94 0.97 515.011
1.95 0.97 512.509
1.96 0.97 510.007
1.97 0.97 507.506
1.98 0.97 505.004
1.99 0.97 502.502
2 0.97 500

0 0.98 1000
0.01 0.98 997.502
0.02 0.98 995.004
0.03 0.98 992.505
0.04 0.98 990.007
0.05 0.98 987.509
0.06 0.98 985.011
0.07 0.98 982.512
0.08 0.98 980.014
0.09 0.98 977.516
0.1 0.98 975.018
0.11 0.98 972.519
0.12 0.98 970.021
0.13 0.98 967.523
0.14 0.98 965.024
0.15 0.98 962.526
0.16 0.98 960.028
0.17 0.98 957.53
0.18 0.98 955.031
0.19 0.98 952.533
0.2 0.98 950.035
0.21 0.98 947.536
0.22 0.98 945.038
0.23 0.98 942.54
0.24 0.98 940.041
0.25 0.98 937.543
0.26 0.98 935.045
0.27 0.98 932.546
0.28 0.98 930.048
0.29 0.98 927.549
0.3 0.98 925.051
0.31 0.98 922.553
0.32 0.98 920.054
0.33 0.98 917.556
0.34 0.98 915.057
0.35 0.98 912.559
0.36 0.98 910.06
0.37 0.98 907.562
0.38 0.98 905.063
0.39 0.98 902.565
0.4 0.98 900.066
0.41 0.98 897.568
0.42 0.98 895.069
0.43 0.98 892.57
0.44 0.98 890.072
0.45 0.98 887.573
0.46 0.98 885.075
0.47 0.98 882.576
0.48 0.98 880.077
0.49 0.98 877.579
0.5 0.98 875.08
0.51 0.98 872.581
0.52 0.98 870.082
0.53 0.98 867.584
0.54 0.98 865.085
0.55 0.98 862.586
0.56 0.98 860.087
0.57 0.98 857.588
0.58 0.98 855.089
0.59 0.98 852.591
0.6 0.98 850.092
0.61 0.98 847.593
0.62 0.98 845.094
0.63 0.98 842.595
0.64 0.98 840.096
0.65 0.98 837.597
0.66 0.98 835.098
0.67 0.98 832.599
0.68 0.98 830.1
0.69 0.98 827.6
0.7 0.98 825.101
0.71 0.98 822.602
0.72 0.98 820.103
0.73 0.98 817.604
0.74 0.98 815.105
0.75 0.98 812.605
0.76 0.98 810.106
0.77 0.98 807.607
0.78 0.98 805.107
0.79 0.98 802.608
0.8 0.98 800.109
0.81 0.98 797.609
0.82 0.98 795.11
0.83 0.98 792.61
0.84 0.98 790.111
0.85 0.98 787.611
0.86 0.98 785.112
0.87 0.98 782.612
0.88 0.98 780.113
0.89 0.98 777.613
0.9 0.98 775.113
0.91 0.98 772.614
0.92 0.98 770.114
0.93 0.98 767.614
0.94 0.98 765.115
0.95 0.98 762.615
0.96 0.98 760.115
0.97 0.98 757.615
0.98 0.98 755.115
0.99 0.98 752.615
1 0.98 750.115
1.01 0.98 747.615
1.02 0.98 745.115
1.03 0.98 742.615
1.04 0.98 740.115
1.05 0.98 737.615
1.06 0.98 735.115
1.07 0.98 732.615
1.08 0.98 730.115
1.09 0.98 727.615
1.1 0.98 725.115
1.11 0.98 722.614
1.12 0.98 720.114
1.13 0.98 717.614
1.14 0.98 715.113
1.15 0.98 712.613
1.16 0.98 710.113
1.17 0.98 707.612
1.18 0.98 705.112
1.19 0.98 702.611
1.2 0.98 700.111
1.21 0.98 697.61
1.22 0.98 695.11
1.23 0.98 692.609
1.24 0.98 690.108
1.25 0.98 687.608
1.26 0.98 685.107
1.27 0.98 682.606
1.28 0.98 680.106
1.29 0.98 677.605
1.3 0.98 675.104
1.31 0.98 672.603
1.32 0.98 670.103
1.33 0.98 667.602
1.34 0.98 665.101
1.35 0.98 662.6
1.36 0.98 660.099
1.37 0.98 657.598
1.38 0.98 655.097
1.39 0.98 652.596
1.4 0.98 650.095
1.41 0.98 647.594
1.42 0.98 645.093
1.43 0.98 642.592
1.44 0.98 640.091
1.45 0.98 637.589
1.46 0.98 635.088
1.47 0.98 632.587
1.48 0.98 630.086
1.49 0.98 627.585
1.5 0.98 625.083
1.51 0.98 622.582
1.52 0.98 620.081
1.53 0.98 617.579
1.54 0.98 615.078
1.55 0.98 612.577
1.56 0.98 610.075
1.57 0.98 607.574
1.58 0.98 605.072
1.59 0.98 602.571
1.6 0.98 600.069
1.61 0.98 597.568
1.62 0.98 595.066
1.63 0.98 592.565
1.64 0.98 590.063
1.65 0.98 587.562
1.66 0.98 585.06
1.67 0.98 582.559
1.68 0.98 580.057
1.69 0.98 577.555
1.7 0.98 575.054
1.71 0.98 572.552
1.72 0.98 570.05
1.73 0.98 567.549
1.74 0.98 565.047
1.75 0.98 562.545
1.76 0.98 560.044
1.77 0.98 557.542
1.78 0.98 555.04
1.79 0.98 552.538
1.8 0.98 550.037
1.81 0.98 547.535
1.82 0.98 545.033
1.83 0.98 542.531
1.84 0.98 540.029
1.85 0.98 537.528
1.86 0.98 535.026
1.87 0.98 532.524
1.88 0.98 530.022
1.89 0.98 527.52
1.9 0.98 525.019
1.91 0.98 522.517
1.92 0.98 520.015
1.93 0.98 517.513
1.94 0.98 515.011
1.95 0.98 512.509
1.96 0.98 510.007
1.97 0.98 507.506
1.98 0.98 505.004
1.99 0.98 502.502
2 0.98 500

0 0.99 1000
0.01 0.99 997.502
0.02 0.99 995.004
0.03 0.99 992.505
0.04 0.99 990.007
0.05 0.99 987.509
0.06 0.99 985.011
0.07 0.99 982.512
0.08 0.99 980.014
0.09 0.99 977.516
0.1 0.99 975.018
0.11 0.99 972.519
0.12 0.99 970.021
0.13 0.99 967.523
0.14 0.99 965.024
0.15 0.99 962.526
0.16 0.99 960.028
0.17 0.99 957.53
0.18 0.99 955.031
0.19 0.99 952.533
0.2 0.99 950.035
0.21 0.99 947.536
0.22 0.99 945.038
0.23 0.99 942.54
0.24 0.99 940.041
0.25 0.99 937.543
0.26 0.99 935.045
0.27 0.99 932.546
0.28 0.99 930.048
0.29 0.99 927.549
0.3 0.99 925.051
0.31 0.99 922.553
0.32 0.99 920.054
0.33 0.99 917.556
0.34 0.99 915.057
0.35 0.99 912.559
0.36 0.99 910.06
0.37 0.99 907.562
0.38 0.99 905.063
0.39 0.99 902.565
0.4 0.99 900.066
0.41 0.99 897.568
0.42 0.99 895.069
0.43 0.99 892.57
0.44 0.99 890.072
0.45 0.99 887.573
0.46 0.99 885.075
0.47 0.99 882.576
0.48 0.99 880.077
0.49 0.99 877.579
0.5 0.99 875.08
0.51 0.99 872.581
0.52 0.99 870.082
0.53 0.99 867.584
0.54 0.99 865.085
0.55 0.99 862.586
0.56 0.99 860.087
0.57 0.99 857.588
0.58 0.99 855.089
0.59 0.99 852.591
0.6 0.99 850.092
0.61 0.99 847.593
0.62 0.99 845.094
0.63 0.99 842.595
0.64 0.99 840.096
0.65 0.99 837.597
0.66 0.99 835.098
0.67 0.99 832.599
0.68 0.99 830.1
0.69 0.99 827.6
0.7 0.99 825.101
0.71 0.99 822.602
0.72 0.99 820.103
0.73 0.99 817.604
0.74 0.99 815.105
0.75 0.99 812.605
0.76 0.99 810.106
0.77 0.99 807.607
0.78 0.99 805.107
0.79 0.99 802.608
0.8 0.99 800.109
0.81 0.99 797.609
0.82 0.99 795.11
0.83 0.99 792.61
0.84 0.99 790.111
0.85 0.99 787.611
0.86 0.99 785.112
0.87 0.99 782.612
0.88 0.99 780.113
0.89 0.99 777.613
0.9 0.99 775.113
0.91 0.99 772.614
0.92 0.99 770.114
0.93 0.99 767.614
0.94 0.99 765.115
0.95 0.99 762.615
0.96 0.99 760.115
0.97 0.99 757.615
0.98 0.99 755.115
0.99 0.99 752.615
1 0.99 750.115
1.01 0.99 747.615
1.02 0.99 745.115
1.03 0.99 742.615
1.04 0.99 740.115
1.05 0.99 737.615
1.06 0.99 735.115
1.07 0.99 732.615
1.08 0.99 730.115
1.09 0.99 727.615
1.1 0.99 725.115
1.11 0.99 722.614
1.12 0.99 720.114
1.13 0.99 717.614
1.14 0.99 715.113
1.15 0.99 712.613
1.16 0.99 710.113
1.17 0.99 707.612
1.18 0.99 705.112
1.19 0.99 702.611
1.2 0.99 700.111
1.21 0.99 697.61
1.22 0.99 695.11
1.23 0.99 692.609
1.24 0.99 690.109
1.25 0.99 687.608
1.26 0.99 685.107
1.27 0.99 682.606
1.28 0.99 680.106
1.29 0.99 677.605
1.3 0.99 675.104
1.31 0.99 672.603
1.32 0.99 670.103
1.33 0.99 667.602
1.34 0.99 665.101
1.35 0.99 662.6
1.36 0.99 660.099
1.37 0.99 657.598
1.38 0.99 655.097
1.39 0.99 652.596
1.4 0.99 650.095
1.41 0.99 647.594
1.42 0.99 645.093
1.43 0.99 642.592
1.44 0.99 640.091
1.45 0.99 637.589
1.46 0.99 635.088
1.47 0.99 632.587
1.48 0.99 630.086
1.49 0.99 627.585
1.5 0.99 625.083
1.51 0.99 622.582
1.52 0.99 620.081
1.53 0.99 617.579
1.54 0.99 615.078
1.55 0.99 612.577
1.56 0.99 610.075
1.57 0.99 607.574
1.58 0.99 605.072
1.59 0.99 602.571
1.6 0.99 600.069
1.61 0.99 597.568
1.62 0.99 595.066
1.63 0.99 592.565
1.64 0.99 590.063
1.65 0.99 587.562
1.66 0.99 585.06
1.67 0.99 582.559
1.68 0.99 580.057
1.69 0.99 577.555
1.7 0.99 575.054
1.71 0.99 572.552
1.72 0.99 570.05
1.73 0.99 567.549
1.74 0.99 565.047
1.75 0.99 562.545
1.76 0.99 560.044
1.77 0.99 557.542
1.78 0.99 555.04
1.79 0.99 552.538
1.8 0.99 550.037
1.81 0.99 547.535
1.82 0.99 545.033
1.83 0.99 542.531
1.84 0.99 540.03
1.85 0.99 537.528
1.86 0.99 535.026
1.87 0.99 532.524
1.88 0.99 530.022
1.89 0.99 527.52
1.9 0.99 525.019
1.91 0.99 522.517
1.92 0.99 520.015
1.93 0.99 517.513
1.94 0.99 515.011
1.95 0.99 512.509
1.96 0.99 510.007
1.97 0.99 507.506
1.98 0.99 505.004
1.99 0.99 502.502
2 0.99 500

0 1 1000
0.01 1 997.502
0.02 1 995.004
0.03 1 992.505
0.04 1 990.007
0.05 1 987.509
0.06 1 985.011
0.07 1 982.512
0.08 1 980.014
0.09 1 977.516
0.1 1 975.018
0.11 1 972.519
0.12 1 970.021
0.13 1 967.523
0.14 1 965.024
0.15 1 962.526
0.16 1 960.028
0.17 1 957.53
0.18 1 955.031
0.19 1 952.533
0.2 1 950.035
0.21 1 947.536
0.22 1 945.038
0.23 1 942.54
0.24 1 940.041
0.25 1 937.543
0.26 1 935.045
0.27 1 932.546
0.28 1 930.048
0.29 1 927.549
0.3 1 925.051
0.31 1 922.553
0.32 1 920.054
0.33 1 917.556
0.34 1 915.057
0.35 1 912.559
0.36 1 910.06
0.37 1 907.562
0.38 1 905.063
0.39 1 902.565
0.4 1 900.066
0.41 1 897.568
0.42 1 895.069
0.43 1 892.57
0.44 1 890.072
0.45 1 887.573
0.46 1 885.075
0.47 1 882.576
0.48 1 880.077
0.49 1 877.579
0.5 1 875.08
0.51 1 872.581
0.52 1 870.082
0.53 1 867.584
0.54 1 865.085
0.55 1 862.586
0.56 1 860.087
0.57 1 857.588
0.58 1 855.089
0.59 1 852.591
0.6 1 850.092
0.61 1 847.593
0.62 1 845.094
0.63 1 842.595
0.64 1 840.096
0.65 1 837.597
0.66 1 835.098
0.67 1 832.599
0.68 1 830.1
0.69 1 827.6
0.7 1 825.101
0.71 1 822.602
0.72 1 820.103
0.73 1 817.604
0.74 1 815.105
0.75 1 812.605
0.76 1 810.106
0.77 1 807.607
0.78 1 805.107
0.79 1 802.608
0.8 1 800.109
0.81 1 797.609
0.82 1 795.11
0.83 1 792.61
0.84 1 790.111
0.85 1 787.611
0.86 1 785.112
0.87 1 782.612
0.88 1 780.113
0.89 1 777.613
0.9 1 775.113
0.91 1 772.614
0.92 1 770.114
0.93 1 767.614
0.94 1 765.115
0.95 1 762.615
0.96 1 760.115
0.97 1 757.615
0.98 1 755.115
0.99 1 752.615
1 1 750.115
1.01 1 747.615
1.02 1 745.115
1.03 1 742.615
1.04 1 740.115
1.05 1 737.615
1.06 1 735.115
1.07 1 732.615
1.08 1 730.115
1.09 1 727.615
1.1 1 725.115
1.11 1 722.614
1.12 1 720.114
1.13 1 717.614
1.14 1 715.113
1.15 1 712.613
1.16 1 710.113
1.17 1 707.612
1.18 1 705.112
1.19 1 702.611
1.2 1 700.111
1.21 1 697.61
1.22 1 695.11
1.23 1 692.609
1.24 1 690.109
1.25 1 687.608
1.26 1 685.107
1.27 1 682.607
1.28 1 680.106
1.29 1 677.605
1.3 1 675.104
1.31 1 672.603
1.32 1 670.103
1.33 1 667.602
1.34 1 665.101
1.35 1 662.6
1.36 1 660.099
1.37 1 657.598
1.38 1 655.097
1.39 1 652.596
1.4 1 650.095
1.41 1 647.594
1.42 1 645.093
1.43 1 642.592
1.44 1 640.091
1.45 1 637.589
1.46 1 635.088
1.47 1 632.587
1.48 1 630.086
1.49 1 627.585
1.5 1 625.083
1.51 1 622.582
1.52 1 620.081
1.53 1 617.579
1.54 1 615.078
1.55 1 612.577
1.56 1 610.075
1.57 1 607.574
1.58 1 605.072
1.59 1 602.571
1.6 1 600.069
1.61 1 597.568
1.62 1 595.066
1.63 1 592.565
1.64 1 590.063
1.65 1 587.562
1.66 1 585.06
1.67 1 582.559
1.68 1 580.057
1.69 1 577.555
1.7 1 575.054
1.71 1 572.552
1.72 1 570.05
1.73 1 567.549
1.74 1 565.047
1.75 1 562.545
1.76 1 560.044
1.77 1 557.542
1.78 1 555.04
1.79 1 552.538
1.8 1 550.037
1.81 1 547.535
1.82 1 545.033
1.83 1 542.531
1.84 1 540.03
1.85 1 537.528
1.86 1 535.026
1.87 1 532.524
1.88 1 530.022
1.89 1 527.52
1.9 1 525.019
1.91 1 522.517
1.92 1 520.015
1.93 1 517.513
1.94 1 515.011
1.95 1 512.509
1.96 1 510.007
1.97 1 507.506
1.98 1 505.004
1.99 1 502.502
2 1 500

