0	0	1
0	0.005	1
0	0.01	1
0	0.015	1
0	0.02	1
0	0.025	1
0	0.03	1
0	0.035	1
0	0.04	1
0	0.045	1
0	0.05	1
0	0.055	1
0	0.06	1
0	0.065	1
0	0.07	1
0	0.075	1
0	0.08	1
0	0.085	1
0	0.09	1
0	0.095	1
0	0.1	1
0	0.105	1
0	0.11	1
0	0.115	1
0	0.12	1
0	0.125	1
0	0.13	1
0	0.135	1
0	0.14	1
0	0.145	1
0	0.15	1
0	0.155	1
0	0.16	1
0	0.165	1
0	0.17	1
0	0.175	1
0	0.18	1
0	0.185	1
0	0.19	1
0	0.195	1
0	0.2	1
0	0.205	1
0	0.21	1
0	0.215	1
0	0.22	1
0	0.225	1
0	0.23	1
0	0.235	1
0	0.24	1
0	0.245	1
0	0.25	0.25
0	0.255	0.25
0	0.26	0.25
0	0.265	0.25
0	0.27	0.25
0	0.275	0.25
0	0.28	0.25
0	0.285	0.25
0	0.29	0.25
0	0.295	0.25
0	0.3	0.25
0	0.305	0.25
0	0.31	0.25
0	0.315	0.25
0	0.32	0.25
0	0.325	0.25
0	0.33	0.25
0	0.335	0.25
0	0.34	0.25
0	0.345	0.25
0	0.35	0.25
0	0.355	0.25
0	0.36	0.25
0	0.365	0.25
0	0.37	0.25
0	0.375	0.25
0	0.38	0.25
0	0.385	0.25
0	0.39	0.25
0	0.395	0.25
0	0.4	0.25
0	0.405	0.25
0	0.41	0.25
0	0.415	0.25
0	0.42	0.25
0	0.425	0.25
0	0.43	0.25
0	0.435	0.25
0	0.44	0.25
0	0.445	0.25
0	0.45	0.25
0	0.455	0.25
0	0.46	0.25
0	0.465	0.25
0	0.47	0.25
0	0.475	0.25
0	0.48	0.25
0	0.485	0.25
0	0.49	0.25
0	0.495	0.25
0	0.5	0.25
0	0.505	0.25
0	0.51	0.25
0	0.515	0.25
0	0.52	0.25
0	0.525	0.25
0	0.53	0.25
0	0.535	0.25
0	0.54	0.25
0	0.545	0.25
0	0.55	0.25
0	0.555	0.25
0	0.56	0.25
0	0.565	0.25
0	0.57	0.25
0	0.575	0.25
0	0.58	0.25
0	0.585	0.25
0	0.59	0.25
0	0.595	0.25
0	0.6	0.25
0	0.605	0.25
0	0.61	0.25
0	0.615	0.25
0	0.62	0.25
0	0.625	0.25
0	0.63	0.25
0	0.635	0.25
0	0.64	0.25
0	0.645	0.25
0	0.65	0.25
0	0.655	0.25
0	0.66	0.25
0	0.665	0.25
0	0.67	0.25
0	0.675	0.25
0	0.68	0.25
0	0.685	0.25
0	0.69	0.25
0	0.695	0.25
0	0.7	0.25
0	0.705	0.25
0	0.71	0.25
0	0.715	0.25
0	0.72	0.25
0	0.725	0.25
0	0.73	0.25
0	0.735	0.25
0	0.74	0.25
0	0.745	0.25
0	0.75	0.25
0	0.755	0.25
0	0.76	0.25
0	0.765	0.25
0	0.77	0.25
0	0.775	0.25
0	0.78	0.25
0	0.785	0.25
0	0.79	0.25
0	0.795	0.25
0	0.8	0.25
0	0.805	0.25
0	0.81	0.25
0	0.815	0.25
0	0.82	0.25
0	0.825	0.25
0	0.83	0.25
0	0.835	0.25
0	0.84	0.25
0	0.845	0.25
0	0.85	0.25
0	0.855	0.25
0	0.86	0.25
0	0.865	0.25
0	0.87	0.25
0	0.875	0.25
0	0.88	0.25
0	0.885	0.25
0	0.89	0.25
0	0.895	0.25
0	0.9	0.25
0	0.905	0.25
0	0.91	0.25
0	0.915	0.25
0	0.92	0.25
0	0.925	0.25
0	0.93	0.25
0	0.935	0.25
0	0.94	0.25
0	0.945	0.25
0	0.95	0.25
0	0.955	0.25
0	0.96	0.25
0	0.965	0.25
0	0.97	0.25
0	0.975	0.25
0	0.98	0.25
0	0.985	0.25
0	0.99	0.25
0	0.995	0.25
0	1	0.25
0.01	0	1
0.01	0.005	1
0.01	0.01	1
0.01	0.015	1
0.01	0.02	1
0.01	0.025	1
0.01	0.03	1
0.01	0.035	1
0.01	0.04	1
0.01	0.045	1
0.01	0.05	1
0.01	0.055	1
0.01	0.06	1
0.01	0.065	1
0.01	0.07	1
0.01	0.075	1
0.01	0.08	1
0.01	0.085	1
0.01	0.09	1
0.01	0.095	1
0.01	0.1	1
0.01	0.105	1
0.01	0.11	1
0.01	0.115	1
0.01	0.12	1
0.01	0.125	1
0.01	0.13	1
0.01	0.135	1
0.01	0.14	1
0.01	0.145	1
0.01	0.15	1
0.01	0.155	1
0.01	0.16	1
0.01	0.165	1
0.01	0.17	1
0.01	0.175	1
0.01	0.18	1
0.01	0.185	1
0.01	0.19	1
0.01	0.195	1
0.01	0.2	1
0.01	0.205	1
0.01	0.21	1
0.01	0.215	1
0.01	0.22	1
0.01	0.225	1
0.01	0.23	1
0.01	0.235	1
0.01	0.24	1
0.01	0.245	1
0.01	0.25	0.25
0.01	0.255	0.25
0.01	0.26	0.25
0.01	0.265	0.25
0.01	0.27	0.25
0.01	0.275	0.25
0.01	0.28	0.25
0.01	0.285	0.25
0.01	0.29	0.25
0.01	0.295	0.25
0.01	0.3	0.25
0.01	0.305	0.25
0.01	0.31	0.25
0.01	0.315	0.25
0.01	0.32	0.25
0.01	0.325	0.25
0.01	0.33	0.25
0.01	0.335	0.25
0.01	0.34	0.25
0.01	0.345	0.25
0.01	0.35	0.25
0.01	0.355	0.25
0.01	0.36	0.25
0.01	0.365	0.25
0.01	0.37	0.25
0.01	0.375	0.25
0.01	0.38	0.25
0.01	0.385	0.25
0.01	0.39	0.25
0.01	0.395	0.25
0.01	0.4	0.25
0.01	0.405	0.25
0.01	0.41	0.25
0.01	0.415	0.25
0.01	0.42	0.25
0.01	0.425	0.25
0.01	0.43	0.25
0.01	0.435	0.25
0.01	0.44	0.25
0.01	0.445	0.25
0.01	0.45	0.25
0.01	0.455	0.25
0.01	0.46	0.25
0.01	0.465	0.25
0.01	0.47	0.25
0.01	0.475	0.25
0.01	0.48	0.25
0.01	0.485	0.25
0.01	0.49	0.25
0.01	0.495	0.25
0.01	0.5	0.25
0.01	0.505	0.25
0.01	0.51	0.25
0.01	0.515	0.25
0.01	0.52	0.25
0.01	0.525	0.25
0.01	0.53	0.25
0.01	0.535	0.25
0.01	0.54	0.25
0.01	0.545	0.25
0.01	0.55	0.25
0.01	0.555	0.25
0.01	0.56	0.25
0.01	0.565	0.25
0.01	0.57	0.25
0.01	0.575	0.25
0.01	0.58	0.25
0.01	0.585	0.25
0.01	0.59	0.25
0.01	0.595	0.25
0.01	0.6	0.25
0.01	0.605	0.25
0.01	0.61	0.25
0.01	0.615	0.25
0.01	0.62	0.25
0.01	0.625	0.25
0.01	0.63	0.25
0.01	0.635	0.25
0.01	0.64	0.25
0.01	0.645	0.25
0.01	0.65	0.25
0.01	0.655	0.25
0.01	0.66	0.25
0.01	0.665	0.25
0.01	0.67	0.25
0.01	0.675	0.25
0.01	0.68	0.25
0.01	0.685	0.25
0.01	0.69	0.25
0.01	0.695	0.25
0.01	0.7	0.25
0.01	0.705	0.25
0.01	0.71	0.25
0.01	0.715	0.25
0.01	0.72	0.25
0.01	0.725	0.25
0.01	0.73	0.25
0.01	0.735	0.25
0.01	0.74	0.25
0.01	0.745	0.25
0.01	0.75	0.25
0.01	0.755	0.25
0.01	0.76	0.25
0.01	0.765	0.25
0.01	0.77	0.25
0.01	0.775	0.25
0.01	0.78	0.25
0.01	0.785	0.25
0.01	0.79	0.25
0.01	0.795	0.25
0.01	0.8	0.25
0.01	0.805	0.25
0.01	0.81	0.25
0.01	0.815	0.25
0.01	0.82	0.25
0.01	0.825	0.25
0.01	0.83	0.25
0.01	0.835	0.25
0.01	0.84	0.25
0.01	0.845	0.25
0.01	0.85	0.25
0.01	0.855	0.25
0.01	0.86	0.25
0.01	0.865	0.25
0.01	0.87	0.25
0.01	0.875	0.25
0.01	0.88	0.25
0.01	0.885	0.25
0.01	0.89	0.25
0.01	0.895	0.25
0.01	0.9	0.25
0.01	0.905	0.25
0.01	0.91	0.25
0.01	0.915	0.25
0.01	0.92	0.25
0.01	0.925	0.25
0.01	0.93	0.25
0.01	0.935	0.25
0.01	0.94	0.25
0.01	0.945	0.25
0.01	0.95	0.25
0.01	0.955	0.25
0.01	0.96	0.25
0.01	0.965	0.25
0.01	0.97	0.25
0.01	0.975	0.25
0.01	0.98	0.25
0.01	0.985	0.25
0.01	0.99	0.25
0.01	0.995	0.25
0.01	1	0.25
0.02	0	1
0.02	0.005	1
0.02	0.01	1
0.02	0.015	1
0.02	0.02	1
0.02	0.025	1
0.02	0.03	1
0.02	0.035	1
0.02	0.04	1
0.02	0.045	1
0.02	0.05	1
0.02	0.055	1
0.02	0.06	1
0.02	0.065	1
0.02	0.07	1
0.02	0.075	1
0.02	0.08	1
0.02	0.085	1
0.02	0.09	1
0.02	0.095	1
0.02	0.1	1
0.02	0.105	1
0.02	0.11	1
0.02	0.115	1
0.02	0.12	1
0.02	0.125	1
0.02	0.13	1
0.02	0.135	1
0.02	0.14	1
0.02	0.145	1
0.02	0.15	1
0.02	0.155	1
0.02	0.16	1
0.02	0.165	1
0.02	0.17	1
0.02	0.175	1
0.02	0.18	1
0.02	0.185	1
0.02	0.19	1
0.02	0.195	1
0.02	0.2	1
0.02	0.205	1
0.02	0.21	1
0.02	0.215	1
0.02	0.22	1
0.02	0.225	1
0.02	0.23	1
0.02	0.235	1
0.02	0.24	1
0.02	0.245	1
0.02	0.25	0.25
0.02	0.255	0.25
0.02	0.26	0.25
0.02	0.265	0.25
0.02	0.27	0.25
0.02	0.275	0.25
0.02	0.28	0.25
0.02	0.285	0.25
0.02	0.29	0.25
0.02	0.295	0.25
0.02	0.3	0.25
0.02	0.305	0.25
0.02	0.31	0.25
0.02	0.315	0.25
0.02	0.32	0.25
0.02	0.325	0.25
0.02	0.33	0.25
0.02	0.335	0.25
0.02	0.34	0.25
0.02	0.345	0.25
0.02	0.35	0.25
0.02	0.355	0.25
0.02	0.36	0.25
0.02	0.365	0.25
0.02	0.37	0.25
0.02	0.375	0.25
0.02	0.38	0.25
0.02	0.385	0.25
0.02	0.39	0.25
0.02	0.395	0.25
0.02	0.4	0.25
0.02	0.405	0.25
0.02	0.41	0.25
0.02	0.415	0.25
0.02	0.42	0.25
0.02	0.425	0.25
0.02	0.43	0.25
0.02	0.435	0.25
0.02	0.44	0.25
0.02	0.445	0.25
0.02	0.45	0.25
0.02	0.455	0.25
0.02	0.46	0.25
0.02	0.465	0.25
0.02	0.47	0.25
0.02	0.475	0.25
0.02	0.48	0.25
0.02	0.485	0.25
0.02	0.49	0.25
0.02	0.495	0.25
0.02	0.5	0.25
0.02	0.505	0.25
0.02	0.51	0.25
0.02	0.515	0.25
0.02	0.52	0.25
0.02	0.525	0.25
0.02	0.53	0.25
0.02	0.535	0.25
0.02	0.54	0.25
0.02	0.545	0.25
0.02	0.55	0.25
0.02	0.555	0.25
0.02	0.56	0.25
0.02	0.565	0.25
0.02	0.57	0.25
0.02	0.575	0.25
0.02	0.58	0.25
0.02	0.585	0.25
0.02	0.59	0.25
0.02	0.595	0.25
0.02	0.6	0.25
0.02	0.605	0.25
0.02	0.61	0.25
0.02	0.615	0.25
0.02	0.62	0.25
0.02	0.625	0.25
0.02	0.63	0.25
0.02	0.635	0.25
0.02	0.64	0.25
0.02	0.645	0.25
0.02	0.65	0.25
0.02	0.655	0.25
0.02	0.66	0.25
0.02	0.665	0.25
0.02	0.67	0.25
0.02	0.675	0.25
0.02	0.68	0.25
0.02	0.685	0.25
0.02	0.69	0.25
0.02	0.695	0.25
0.02	0.7	0.25
0.02	0.705	0.25
0.02	0.71	0.25
0.02	0.715	0.25
0.02	0.72	0.25
0.02	0.725	0.25
0.02	0.73	0.25
0.02	0.735	0.25
0.02	0.74	0.25
0.02	0.745	0.25
0.02	0.75	0.25
0.02	0.755	0.25
0.02	0.76	0.25
0.02	0.765	0.25
0.02	0.77	0.25
0.02	0.775	0.25
0.02	0.78	0.25
0.02	0.785	0.25
0.02	0.79	0.25
0.02	0.795	0.25
0.02	0.8	0.25
0.02	0.805	0.25
0.02	0.81	0.25
0.02	0.815	0.25
0.02	0.82	0.25
0.02	0.825	0.25
0.02	0.83	0.25
0.02	0.835	0.25
0.02	0.84	0.25
0.02	0.845	0.25
0.02	0.85	0.25
0.02	0.855	0.25
0.02	0.86	0.25
0.02	0.865	0.25
0.02	0.87	0.25
0.02	0.875	0.25
0.02	0.88	0.25
0.02	0.885	0.25
0.02	0.89	0.25
0.02	0.895	0.25
0.02	0.9	0.25
0.02	0.905	0.25
0.02	0.91	0.25
0.02	0.915	0.25
0.02	0.92	0.25
0.02	0.925	0.25
0.02	0.93	0.25
0.02	0.935	0.25
0.02	0.94	0.25
0.02	0.945	0.25
0.02	0.95	0.25
0.02	0.955	0.25
0.02	0.96	0.25
0.02	0.965	0.25
0.02	0.97	0.25
0.02	0.975	0.25
0.02	0.98	0.25
0.02	0.985	0.25
0.02	0.99	0.25
0.02	0.995	0.25
0.02	1	0.25
0.03	0	1
0.03	0.005	1
0.03	0.01	1
0.03	0.015	1
0.03	0.02	1
0.03	0.025	1
0.03	0.03	1
0.03	0.035	1
0.03	0.04	1
0.03	0.045	1
0.03	0.05	1
0.03	0.055	1
0.03	0.06	1
0.03	0.065	1
0.03	0.07	1
0.03	0.075	1
0.03	0.08	1
0.03	0.085	1
0.03	0.09	1
0.03	0.095	1
0.03	0.1	1
0.03	0.105	1
0.03	0.11	1
0.03	0.115	1
0.03	0.12	1
0.03	0.125	1
0.03	0.13	1
0.03	0.135	1
0.03	0.14	1
0.03	0.145	1
0.03	0.15	1
0.03	0.155	1
0.03	0.16	1
0.03	0.165	1
0.03	0.17	1
0.03	0.175	1
0.03	0.18	1
0.03	0.185	1
0.03	0.19	1
0.03	0.195	1
0.03	0.2	1
0.03	0.205	1
0.03	0.21	1
0.03	0.215	1
0.03	0.22	1
0.03	0.225	1
0.03	0.23	1
0.03	0.235	1
0.03	0.24	1
0.03	0.245	1
0.03	0.25	0.25
0.03	0.255	0.25
0.03	0.26	0.25
0.03	0.265	0.25
0.03	0.27	0.25
0.03	0.275	0.25
0.03	0.28	0.25
0.03	0.285	0.25
0.03	0.29	0.25
0.03	0.295	0.25
0.03	0.3	0.25
0.03	0.305	0.25
0.03	0.31	0.25
0.03	0.315	0.25
0.03	0.32	0.25
0.03	0.325	0.25
0.03	0.33	0.25
0.03	0.335	0.25
0.03	0.34	0.25
0.03	0.345	0.25
0.03	0.35	0.25
0.03	0.355	0.25
0.03	0.36	0.25
0.03	0.365	0.25
0.03	0.37	0.25
0.03	0.375	0.25
0.03	0.38	0.25
0.03	0.385	0.25
0.03	0.39	0.25
0.03	0.395	0.25
0.03	0.4	0.25
0.03	0.405	0.25
0.03	0.41	0.25
0.03	0.415	0.25
0.03	0.42	0.25
0.03	0.425	0.25
0.03	0.43	0.25
0.03	0.435	0.25
0.03	0.44	0.25
0.03	0.445	0.25
0.03	0.45	0.25
0.03	0.455	0.25
0.03	0.46	0.25
0.03	0.465	0.25
0.03	0.47	0.25
0.03	0.475	0.25
0.03	0.48	0.25
0.03	0.485	0.25
0.03	0.49	0.25
0.03	0.495	0.25
0.03	0.5	0.25
0.03	0.505	0.25
0.03	0.51	0.25
0.03	0.515	0.25
0.03	0.52	0.25
0.03	0.525	0.25
0.03	0.53	0.25
0.03	0.535	0.25
0.03	0.54	0.25
0.03	0.545	0.25
0.03	0.55	0.25
0.03	0.555	0.25
0.03	0.56	0.25
0.03	0.565	0.25
0.03	0.57	0.25
0.03	0.575	0.25
0.03	0.58	0.25
0.03	0.585	0.25
0.03	0.59	0.25
0.03	0.595	0.25
0.03	0.6	0.25
0.03	0.605	0.25
0.03	0.61	0.25
0.03	0.615	0.25
0.03	0.62	0.25
0.03	0.625	0.25
0.03	0.63	0.25
0.03	0.635	0.25
0.03	0.64	0.25
0.03	0.645	0.25
0.03	0.65	0.25
0.03	0.655	0.25
0.03	0.66	0.25
0.03	0.665	0.25
0.03	0.67	0.25
0.03	0.675	0.25
0.03	0.68	0.25
0.03	0.685	0.25
0.03	0.69	0.25
0.03	0.695	0.25
0.03	0.7	0.25
0.03	0.705	0.25
0.03	0.71	0.25
0.03	0.715	0.25
0.03	0.72	0.25
0.03	0.725	0.25
0.03	0.73	0.25
0.03	0.735	0.25
0.03	0.74	0.25
0.03	0.745	0.25
0.03	0.75	0.25
0.03	0.755	0.25
0.03	0.76	0.25
0.03	0.765	0.25
0.03	0.77	0.25
0.03	0.775	0.25
0.03	0.78	0.25
0.03	0.785	0.25
0.03	0.79	0.25
0.03	0.795	0.25
0.03	0.8	0.25
0.03	0.805	0.25
0.03	0.81	0.25
0.03	0.815	0.25
0.03	0.82	0.25
0.03	0.825	0.25
0.03	0.83	0.25
0.03	0.835	0.25
0.03	0.84	0.25
0.03	0.845	0.25
0.03	0.85	0.25
0.03	0.855	0.25
0.03	0.86	0.25
0.03	0.865	0.25
0.03	0.87	0.25
0.03	0.875	0.25
0.03	0.88	0.25
0.03	0.885	0.25
0.03	0.89	0.25
0.03	0.895	0.25
0.03	0.9	0.25
0.03	0.905	0.25
0.03	0.91	0.25
0.03	0.915	0.25
0.03	0.92	0.25
0.03	0.925	0.25
0.03	0.93	0.25
0.03	0.935	0.25
0.03	0.94	0.25
0.03	0.945	0.25
0.03	0.95	0.25
0.03	0.955	0.25
0.03	0.96	0.25
0.03	0.965	0.25
0.03	0.97	0.25
0.03	0.975	0.25
0.03	0.98	0.25
0.03	0.985	0.25
0.03	0.99	0.25
0.03	0.995	0.25
0.03	1	0.25
0.04	0	1
0.04	0.005	1
0.04	0.01	1
0.04	0.015	1
0.04	0.02	1
0.04	0.025	1
0.04	0.03	1
0.04	0.035	1
0.04	0.04	1
0.04	0.045	1
0.04	0.05	1
0.04	0.055	1
0.04	0.06	1
0.04	0.065	1
0.04	0.07	1
0.04	0.075	1
0.04	0.08	1
0.04	0.085	1
0.04	0.09	1
0.04	0.095	1
0.04	0.1	1
0.04	0.105	1
0.04	0.11	1
0.04	0.115	1
0.04	0.12	1
0.04	0.125	1
0.04	0.13	1
0.04	0.135	1
0.04	0.14	1
0.04	0.145	1
0.04	0.15	1
0.04	0.155	1
0.04	0.16	1
0.04	0.165	1
0.04	0.17	1
0.04	0.175	1
0.04	0.18	1
0.04	0.185	1
0.04	0.19	1
0.04	0.195	1
0.04	0.2	1
0.04	0.205	1
0.04	0.21	1
0.04	0.215	1
0.04	0.22	1
0.04	0.225	1
0.04	0.23	1
0.04	0.235	1
0.04	0.24	1
0.04	0.245	1
0.04	0.25	0.25
0.04	0.255	0.25
0.04	0.26	0.25
0.04	0.265	0.25
0.04	0.27	0.25
0.04	0.275	0.25
0.04	0.28	0.25
0.04	0.285	0.25
0.04	0.29	0.25
0.04	0.295	0.25
0.04	0.3	0.25
0.04	0.305	0.25
0.04	0.31	0.25
0.04	0.315	0.25
0.04	0.32	0.25
0.04	0.325	0.25
0.04	0.33	0.25
0.04	0.335	0.25
0.04	0.34	0.25
0.04	0.345	0.25
0.04	0.35	0.25
0.04	0.355	0.25
0.04	0.36	0.25
0.04	0.365	0.25
0.04	0.37	0.25
0.04	0.375	0.25
0.04	0.38	0.25
0.04	0.385	0.25
0.04	0.39	0.25
0.04	0.395	0.25
0.04	0.4	0.25
0.04	0.405	0.25
0.04	0.41	0.25
0.04	0.415	0.25
0.04	0.42	0.25
0.04	0.425	0.25
0.04	0.43	0.25
0.04	0.435	0.25
0.04	0.44	0.25
0.04	0.445	0.25
0.04	0.45	0.25
0.04	0.455	0.25
0.04	0.46	0.25
0.04	0.465	0.25
0.04	0.47	0.25
0.04	0.475	0.25
0.04	0.48	0.25
0.04	0.485	0.25
0.04	0.49	0.25
0.04	0.495	0.25
0.04	0.5	0.25
0.04	0.505	0.25
0.04	0.51	0.25
0.04	0.515	0.25
0.04	0.52	0.25
0.04	0.525	0.25
0.04	0.53	0.25
0.04	0.535	0.25
0.04	0.54	0.25
0.04	0.545	0.25
0.04	0.55	0.25
0.04	0.555	0.25
0.04	0.56	0.25
0.04	0.565	0.25
0.04	0.57	0.25
0.04	0.575	0.25
0.04	0.58	0.25
0.04	0.585	0.25
0.04	0.59	0.25
0.04	0.595	0.25
0.04	0.6	0.25
0.04	0.605	0.25
0.04	0.61	0.25
0.04	0.615	0.25
0.04	0.62	0.25
0.04	0.625	0.25
0.04	0.63	0.25
0.04	0.635	0.25
0.04	0.64	0.25
0.04	0.645	0.25
0.04	0.65	0.25
0.04	0.655	0.25
0.04	0.66	0.25
0.04	0.665	0.25
0.04	0.67	0.25
0.04	0.675	0.25
0.04	0.68	0.25
0.04	0.685	0.25
0.04	0.69	0.25
0.04	0.695	0.25
0.04	0.7	0.25
0.04	0.705	0.25
0.04	0.71	0.25
0.04	0.715	0.25
0.04	0.72	0.25
0.04	0.725	0.25
0.04	0.73	0.25
0.04	0.735	0.25
0.04	0.74	0.25
0.04	0.745	0.25
0.04	0.75	0.25
0.04	0.755	0.25
0.04	0.76	0.25
0.04	0.765	0.25
0.04	0.77	0.25
0.04	0.775	0.25
0.04	0.78	0.25
0.04	0.785	0.25
0.04	0.79	0.25
0.04	0.795	0.25
0.04	0.8	0.25
0.04	0.805	0.25
0.04	0.81	0.25
0.04	0.815	0.25
0.04	0.82	0.25
0.04	0.825	0.25
0.04	0.83	0.25
0.04	0.835	0.25
0.04	0.84	0.25
0.04	0.845	0.25
0.04	0.85	0.25
0.04	0.855	0.25
0.04	0.86	0.25
0.04	0.865	0.25
0.04	0.87	0.25
0.04	0.875	0.25
0.04	0.88	0.25
0.04	0.885	0.25
0.04	0.89	0.25
0.04	0.895	0.25
0.04	0.9	0.25
0.04	0.905	0.25
0.04	0.91	0.25
0.04	0.915	0.25
0.04	0.92	0.25
0.04	0.925	0.25
0.04	0.93	0.25
0.04	0.935	0.25
0.04	0.94	0.25
0.04	0.945	0.25
0.04	0.95	0.25
0.04	0.955	0.25
0.04	0.96	0.25
0.04	0.965	0.25
0.04	0.97	0.25
0.04	0.975	0.25
0.04	0.98	0.25
0.04	0.985	0.25
0.04	0.99	0.25
0.04	0.995	0.25
0.04	1	0.25
0.05	0	1
0.05	0.005	1
0.05	0.01	1
0.05	0.015	1
0.05	0.02	1
0.05	0.025	1
0.05	0.03	1
0.05	0.035	1
0.05	0.04	1
0.05	0.045	1
0.05	0.05	1
0.05	0.055	1
0.05	0.06	1
0.05	0.065	1
0.05	0.07	1
0.05	0.075	1
0.05	0.08	1
0.05	0.085	1
0.05	0.09	1
0.05	0.095	1
0.05	0.1	1
0.05	0.105	1
0.05	0.11	1
0.05	0.115	1
0.05	0.12	1
0.05	0.125	1
0.05	0.13	1
0.05	0.135	1
0.05	0.14	1
0.05	0.145	1
0.05	0.15	1
0.05	0.155	1
0.05	0.16	1
0.05	0.165	1
0.05	0.17	1
0.05	0.175	1
0.05	0.18	1
0.05	0.185	1
0.05	0.19	1
0.05	0.195	1
0.05	0.2	1
0.05	0.205	1
0.05	0.21	1
0.05	0.215	1
0.05	0.22	1
0.05	0.225	1
0.05	0.23	1
0.05	0.235	1
0.05	0.24	1
0.05	0.245	1
0.05	0.25	0.25
0.05	0.255	0.25
0.05	0.26	0.25
0.05	0.265	0.25
0.05	0.27	0.25
0.05	0.275	0.25
0.05	0.28	0.25
0.05	0.285	0.25
0.05	0.29	0.25
0.05	0.295	0.25
0.05	0.3	0.25
0.05	0.305	0.25
0.05	0.31	0.25
0.05	0.315	0.25
0.05	0.32	0.25
0.05	0.325	0.25
0.05	0.33	0.25
0.05	0.335	0.25
0.05	0.34	0.25
0.05	0.345	0.25
0.05	0.35	0.25
0.05	0.355	0.25
0.05	0.36	0.25
0.05	0.365	0.25
0.05	0.37	0.25
0.05	0.375	0.25
0.05	0.38	0.25
0.05	0.385	0.25
0.05	0.39	0.25
0.05	0.395	0.25
0.05	0.4	0.25
0.05	0.405	0.25
0.05	0.41	0.25
0.05	0.415	0.25
0.05	0.42	0.25
0.05	0.425	0.25
0.05	0.43	0.25
0.05	0.435	0.25
0.05	0.44	0.25
0.05	0.445	0.25
0.05	0.45	0.25
0.05	0.455	0.25
0.05	0.46	0.25
0.05	0.465	0.25
0.05	0.47	0.25
0.05	0.475	0.25
0.05	0.48	0.25
0.05	0.485	0.25
0.05	0.49	0.25
0.05	0.495	0.25
0.05	0.5	0.25
0.05	0.505	0.25
0.05	0.51	0.25
0.05	0.515	0.25
0.05	0.52	0.25
0.05	0.525	0.25
0.05	0.53	0.25
0.05	0.535	0.25
0.05	0.54	0.25
0.05	0.545	0.25
0.05	0.55	0.25
0.05	0.555	0.25
0.05	0.56	0.25
0.05	0.565	0.25
0.05	0.57	0.25
0.05	0.575	0.25
0.05	0.58	0.25
0.05	0.585	0.25
0.05	0.59	0.25
0.05	0.595	0.25
0.05	0.6	0.25
0.05	0.605	0.25
0.05	0.61	0.25
0.05	0.615	0.25
0.05	0.62	0.25
0.05	0.625	0.25
0.05	0.63	0.25
0.05	0.635	0.25
0.05	0.64	0.25
0.05	0.645	0.25
0.05	0.65	0.25
0.05	0.655	0.25
0.05	0.66	0.25
0.05	0.665	0.25
0.05	0.67	0.25
0.05	0.675	0.25
0.05	0.68	0.25
0.05	0.685	0.25
0.05	0.69	0.25
0.05	0.695	0.25
0.05	0.7	0.25
0.05	0.705	0.25
0.05	0.71	0.25
0.05	0.715	0.25
0.05	0.72	0.25
0.05	0.725	0.25
0.05	0.73	0.25
0.05	0.735	0.25
0.05	0.74	0.25
0.05	0.745	0.25
0.05	0.75	0.25
0.05	0.755	0.25
0.05	0.76	0.25
0.05	0.765	0.25
0.05	0.77	0.25
0.05	0.775	0.25
0.05	0.78	0.25
0.05	0.785	0.25
0.05	0.79	0.25
0.05	0.795	0.25
0.05	0.8	0.25
0.05	0.805	0.25
0.05	0.81	0.25
0.05	0.815	0.25
0.05	0.82	0.25
0.05	0.825	0.25
0.05	0.83	0.25
0.05	0.835	0.25
0.05	0.84	0.25
0.05	0.845	0.25
0.05	0.85	0.25
0.05	0.855	0.25
0.05	0.86	0.25
0.05	0.865	0.25
0.05	0.87	0.25
0.05	0.875	0.25
0.05	0.88	0.25
0.05	0.885	0.25
0.05	0.89	0.25
0.05	0.895	0.25
0.05	0.9	0.25
0.05	0.905	0.25
0.05	0.91	0.25
0.05	0.915	0.25
0.05	0.92	0.25
0.05	0.925	0.25
0.05	0.93	0.25
0.05	0.935	0.25
0.05	0.94	0.25
0.05	0.945	0.25
0.05	0.95	0.25
0.05	0.955	0.25
0.05	0.96	0.25
0.05	0.965	0.25
0.05	0.97	0.25
0.05	0.975	0.25
0.05	0.98	0.25
0.05	0.985	0.25
0.05	0.99	0.25
0.05	0.995	0.25
0.05	1	0.25
0.06	0	1
0.06	0.005	1
0.06	0.01	1
0.06	0.015	1
0.06	0.02	1
0.06	0.025	1
0.06	0.03	1
0.06	0.035	1
0.06	0.04	1
0.06	0.045	1
0.06	0.05	1
0.06	0.055	1
0.06	0.06	1
0.06	0.065	1
0.06	0.07	1
0.06	0.075	1
0.06	0.08	1
0.06	0.085	1
0.06	0.09	1
0.06	0.095	1
0.06	0.1	1
0.06	0.105	1
0.06	0.11	1
0.06	0.115	1
0.06	0.12	1
0.06	0.125	1
0.06	0.13	1
0.06	0.135	1
0.06	0.14	1
0.06	0.145	1
0.06	0.15	1
0.06	0.155	1
0.06	0.16	1
0.06	0.165	1
0.06	0.17	1
0.06	0.175	1
0.06	0.18	1
0.06	0.185	1
0.06	0.19	1
0.06	0.195	1
0.06	0.2	1
0.06	0.205	1
0.06	0.21	1
0.06	0.215	1
0.06	0.22	1
0.06	0.225	1
0.06	0.23	1
0.06	0.235	1
0.06	0.24	1
0.06	0.245	1
0.06	0.25	0.25
0.06	0.255	0.25
0.06	0.26	0.25
0.06	0.265	0.25
0.06	0.27	0.25
0.06	0.275	0.25
0.06	0.28	0.25
0.06	0.285	0.25
0.06	0.29	0.25
0.06	0.295	0.25
0.06	0.3	0.25
0.06	0.305	0.25
0.06	0.31	0.25
0.06	0.315	0.25
0.06	0.32	0.25
0.06	0.325	0.25
0.06	0.33	0.25
0.06	0.335	0.25
0.06	0.34	0.25
0.06	0.345	0.25
0.06	0.35	0.25
0.06	0.355	0.25
0.06	0.36	0.25
0.06	0.365	0.25
0.06	0.37	0.25
0.06	0.375	0.25
0.06	0.38	0.25
0.06	0.385	0.25
0.06	0.39	0.25
0.06	0.395	0.25
0.06	0.4	0.25
0.06	0.405	0.25
0.06	0.41	0.25
0.06	0.415	0.25
0.06	0.42	0.25
0.06	0.425	0.25
0.06	0.43	0.25
0.06	0.435	0.25
0.06	0.44	0.25
0.06	0.445	0.25
0.06	0.45	0.25
0.06	0.455	0.25
0.06	0.46	0.25
0.06	0.465	0.25
0.06	0.47	0.25
0.06	0.475	0.25
0.06	0.48	0.25
0.06	0.485	0.25
0.06	0.49	0.25
0.06	0.495	0.25
0.06	0.5	0.25
0.06	0.505	0.25
0.06	0.51	0.25
0.06	0.515	0.25
0.06	0.52	0.25
0.06	0.525	0.25
0.06	0.53	0.25
0.06	0.535	0.25
0.06	0.54	0.25
0.06	0.545	0.25
0.06	0.55	0.25
0.06	0.555	0.25
0.06	0.56	0.25
0.06	0.565	0.25
0.06	0.57	0.25
0.06	0.575	0.25
0.06	0.58	0.25
0.06	0.585	0.25
0.06	0.59	0.25
0.06	0.595	0.25
0.06	0.6	0.25
0.06	0.605	0.25
0.06	0.61	0.25
0.06	0.615	0.25
0.06	0.62	0.25
0.06	0.625	0.25
0.06	0.63	0.25
0.06	0.635	0.25
0.06	0.64	0.25
0.06	0.645	0.25
0.06	0.65	0.25
0.06	0.655	0.25
0.06	0.66	0.25
0.06	0.665	0.25
0.06	0.67	0.25
0.06	0.675	0.25
0.06	0.68	0.25
0.06	0.685	0.25
0.06	0.69	0.25
0.06	0.695	0.25
0.06	0.7	0.25
0.06	0.705	0.25
0.06	0.71	0.25
0.06	0.715	0.25
0.06	0.72	0.25
0.06	0.725	0.25
0.06	0.73	0.25
0.06	0.735	0.25
0.06	0.74	0.25
0.06	0.745	0.25
0.06	0.75	0.25
0.06	0.755	0.25
0.06	0.76	0.25
0.06	0.765	0.25
0.06	0.77	0.25
0.06	0.775	0.25
0.06	0.78	0.25
0.06	0.785	0.25
0.06	0.79	0.25
0.06	0.795	0.25
0.06	0.8	0.25
0.06	0.805	0.25
0.06	0.81	0.25
0.06	0.815	0.25
0.06	0.82	0.25
0.06	0.825	0.25
0.06	0.83	0.25
0.06	0.835	0.25
0.06	0.84	0.25
0.06	0.845	0.25
0.06	0.85	0.25
0.06	0.855	0.25
0.06	0.86	0.25
0.06	0.865	0.25
0.06	0.87	0.25
0.06	0.875	0.25
0.06	0.88	0.25
0.06	0.885	0.25
0.06	0.89	0.25
0.06	0.895	0.25
0.06	0.9	0.25
0.06	0.905	0.25
0.06	0.91	0.25
0.06	0.915	0.25
0.06	0.92	0.25
0.06	0.925	0.25
0.06	0.93	0.25
0.06	0.935	0.25
0.06	0.94	0.25
0.06	0.945	0.25
0.06	0.95	0.25
0.06	0.955	0.25
0.06	0.96	0.25
0.06	0.965	0.25
0.06	0.97	0.25
0.06	0.975	0.25
0.06	0.98	0.25
0.06	0.985	0.25
0.06	0.99	0.25
0.06	0.995	0.25
0.06	1	0.25
0.07	0	1
0.07	0.005	1
0.07	0.01	1
0.07	0.015	1
0.07	0.02	1
0.07	0.025	1
0.07	0.03	1
0.07	0.035	1
0.07	0.04	1
0.07	0.045	1
0.07	0.05	1
0.07	0.055	1
0.07	0.06	1
0.07	0.065	1
0.07	0.07	1
0.07	0.075	1
0.07	0.08	1
0.07	0.085	1
0.07	0.09	1
0.07	0.095	1
0.07	0.1	1
0.07	0.105	1
0.07	0.11	1
0.07	0.115	1
0.07	0.12	1
0.07	0.125	1
0.07	0.13	1
0.07	0.135	1
0.07	0.14	1
0.07	0.145	1
0.07	0.15	1
0.07	0.155	1
0.07	0.16	1
0.07	0.165	1
0.07	0.17	1
0.07	0.175	1
0.07	0.18	1
0.07	0.185	1
0.07	0.19	1
0.07	0.195	1
0.07	0.2	1
0.07	0.205	1
0.07	0.21	1
0.07	0.215	1
0.07	0.22	1
0.07	0.225	1
0.07	0.23	1
0.07	0.235	1
0.07	0.24	1
0.07	0.245	1
0.07	0.25	0.25
0.07	0.255	0.25
0.07	0.26	0.25
0.07	0.265	0.25
0.07	0.27	0.25
0.07	0.275	0.25
0.07	0.28	0.25
0.07	0.285	0.25
0.07	0.29	0.25
0.07	0.295	0.25
0.07	0.3	0.25
0.07	0.305	0.25
0.07	0.31	0.25
0.07	0.315	0.25
0.07	0.32	0.25
0.07	0.325	0.25
0.07	0.33	0.25
0.07	0.335	0.25
0.07	0.34	0.25
0.07	0.345	0.25
0.07	0.35	0.25
0.07	0.355	0.25
0.07	0.36	0.25
0.07	0.365	0.25
0.07	0.37	0.25
0.07	0.375	0.25
0.07	0.38	0.25
0.07	0.385	0.25
0.07	0.39	0.25
0.07	0.395	0.25
0.07	0.4	0.25
0.07	0.405	0.25
0.07	0.41	0.25
0.07	0.415	0.25
0.07	0.42	0.25
0.07	0.425	0.25
0.07	0.43	0.25
0.07	0.435	0.25
0.07	0.44	0.25
0.07	0.445	0.25
0.07	0.45	0.25
0.07	0.455	0.25
0.07	0.46	0.25
0.07	0.465	0.25
0.07	0.47	0.25
0.07	0.475	0.25
0.07	0.48	0.25
0.07	0.485	0.25
0.07	0.49	0.25
0.07	0.495	0.25
0.07	0.5	0.25
0.07	0.505	0.25
0.07	0.51	0.25
0.07	0.515	0.25
0.07	0.52	0.25
0.07	0.525	0.25
0.07	0.53	0.25
0.07	0.535	0.25
0.07	0.54	0.25
0.07	0.545	0.25
0.07	0.55	0.25
0.07	0.555	0.25
0.07	0.56	0.25
0.07	0.565	0.25
0.07	0.57	0.25
0.07	0.575	0.25
0.07	0.58	0.25
0.07	0.585	0.25
0.07	0.59	0.25
0.07	0.595	0.25
0.07	0.6	0.25
0.07	0.605	0.25
0.07	0.61	0.25
0.07	0.615	0.25
0.07	0.62	0.25
0.07	0.625	0.25
0.07	0.63	0.25
0.07	0.635	0.25
0.07	0.64	0.25
0.07	0.645	0.25
0.07	0.65	0.25
0.07	0.655	0.25
0.07	0.66	0.25
0.07	0.665	0.25
0.07	0.67	0.25
0.07	0.675	0.25
0.07	0.68	0.25
0.07	0.685	0.25
0.07	0.69	0.25
0.07	0.695	0.25
0.07	0.7	0.25
0.07	0.705	0.25
0.07	0.71	0.25
0.07	0.715	0.25
0.07	0.72	0.25
0.07	0.725	0.25
0.07	0.73	0.25
0.07	0.735	0.25
0.07	0.74	0.25
0.07	0.745	0.25
0.07	0.75	0.25
0.07	0.755	0.25
0.07	0.76	0.25
0.07	0.765	0.25
0.07	0.77	0.25
0.07	0.775	0.25
0.07	0.78	0.25
0.07	0.785	0.25
0.07	0.79	0.25
0.07	0.795	0.25
0.07	0.8	0.25
0.07	0.805	0.25
0.07	0.81	0.25
0.07	0.815	0.25
0.07	0.82	0.25
0.07	0.825	0.25
0.07	0.83	0.25
0.07	0.835	0.25
0.07	0.84	0.25
0.07	0.845	0.25
0.07	0.85	0.25
0.07	0.855	0.25
0.07	0.86	0.25
0.07	0.865	0.25
0.07	0.87	0.25
0.07	0.875	0.25
0.07	0.88	0.25
0.07	0.885	0.25
0.07	0.89	0.25
0.07	0.895	0.25
0.07	0.9	0.25
0.07	0.905	0.25
0.07	0.91	0.25
0.07	0.915	0.25
0.07	0.92	0.25
0.07	0.925	0.25
0.07	0.93	0.25
0.07	0.935	0.25
0.07	0.94	0.25
0.07	0.945	0.25
0.07	0.95	0.25
0.07	0.955	0.25
0.07	0.96	0.25
0.07	0.965	0.25
0.07	0.97	0.25
0.07	0.975	0.25
0.07	0.98	0.25
0.07	0.985	0.25
0.07	0.99	0.25
0.07	0.995	0.25
0.07	1	0.25
0.08	0	1
0.08	0.005	1
0.08	0.01	1
0.08	0.015	1
0.08	0.02	1
0.08	0.025	1
0.08	0.03	1
0.08	0.035	1
0.08	0.04	1
0.08	0.045	1
0.08	0.05	1
0.08	0.055	1
0.08	0.06	1
0.08	0.065	1
0.08	0.07	1
0.08	0.075	1
0.08	0.08	1
0.08	0.085	1
0.08	0.09	1
0.08	0.095	1
0.08	0.1	1
0.08	0.105	1
0.08	0.11	1
0.08	0.115	1
0.08	0.12	1
0.08	0.125	1
0.08	0.13	1
0.08	0.135	1
0.08	0.14	1
0.08	0.145	1
0.08	0.15	1
0.08	0.155	1
0.08	0.16	1
0.08	0.165	1
0.08	0.17	1
0.08	0.175	1
0.08	0.18	1
0.08	0.185	1
0.08	0.19	1
0.08	0.195	1
0.08	0.2	1
0.08	0.205	1
0.08	0.21	1
0.08	0.215	1
0.08	0.22	1
0.08	0.225	1
0.08	0.23	1
0.08	0.235	1
0.08	0.24	1
0.08	0.245	1
0.08	0.25	0.25
0.08	0.255	0.25
0.08	0.26	0.25
0.08	0.265	0.25
0.08	0.27	0.25
0.08	0.275	0.25
0.08	0.28	0.25
0.08	0.285	0.25
0.08	0.29	0.25
0.08	0.295	0.25
0.08	0.3	0.25
0.08	0.305	0.25
0.08	0.31	0.25
0.08	0.315	0.25
0.08	0.32	0.25
0.08	0.325	0.25
0.08	0.33	0.25
0.08	0.335	0.25
0.08	0.34	0.25
0.08	0.345	0.25
0.08	0.35	0.25
0.08	0.355	0.25
0.08	0.36	0.25
0.08	0.365	0.25
0.08	0.37	0.25
0.08	0.375	0.25
0.08	0.38	0.25
0.08	0.385	0.25
0.08	0.39	0.25
0.08	0.395	0.25
0.08	0.4	0.25
0.08	0.405	0.25
0.08	0.41	0.25
0.08	0.415	0.25
0.08	0.42	0.25
0.08	0.425	0.25
0.08	0.43	0.25
0.08	0.435	0.25
0.08	0.44	0.25
0.08	0.445	0.25
0.08	0.45	0.25
0.08	0.455	0.25
0.08	0.46	0.25
0.08	0.465	0.25
0.08	0.47	0.25
0.08	0.475	0.25
0.08	0.48	0.25
0.08	0.485	0.25
0.08	0.49	0.25
0.08	0.495	0.25
0.08	0.5	0.25
0.08	0.505	0.25
0.08	0.51	0.25
0.08	0.515	0.25
0.08	0.52	0.25
0.08	0.525	0.25
0.08	0.53	0.25
0.08	0.535	0.25
0.08	0.54	0.25
0.08	0.545	0.25
0.08	0.55	0.25
0.08	0.555	0.25
0.08	0.56	0.25
0.08	0.565	0.25
0.08	0.57	0.25
0.08	0.575	0.25
0.08	0.58	0.25
0.08	0.585	0.25
0.08	0.59	0.25
0.08	0.595	0.25
0.08	0.6	0.25
0.08	0.605	0.25
0.08	0.61	0.25
0.08	0.615	0.25
0.08	0.62	0.25
0.08	0.625	0.25
0.08	0.63	0.25
0.08	0.635	0.25
0.08	0.64	0.25
0.08	0.645	0.25
0.08	0.65	0.25
0.08	0.655	0.25
0.08	0.66	0.25
0.08	0.665	0.25
0.08	0.67	0.25
0.08	0.675	0.25
0.08	0.68	0.25
0.08	0.685	0.25
0.08	0.69	0.25
0.08	0.695	0.25
0.08	0.7	0.25
0.08	0.705	0.25
0.08	0.71	0.25
0.08	0.715	0.25
0.08	0.72	0.25
0.08	0.725	0.25
0.08	0.73	0.25
0.08	0.735	0.25
0.08	0.74	0.25
0.08	0.745	0.25
0.08	0.75	0.25
0.08	0.755	0.25
0.08	0.76	0.25
0.08	0.765	0.25
0.08	0.77	0.25
0.08	0.775	0.25
0.08	0.78	0.25
0.08	0.785	0.25
0.08	0.79	0.25
0.08	0.795	0.25
0.08	0.8	0.25
0.08	0.805	0.25
0.08	0.81	0.25
0.08	0.815	0.25
0.08	0.82	0.25
0.08	0.825	0.25
0.08	0.83	0.25
0.08	0.835	0.25
0.08	0.84	0.25
0.08	0.845	0.25
0.08	0.85	0.25
0.08	0.855	0.25
0.08	0.86	0.25
0.08	0.865	0.25
0.08	0.87	0.25
0.08	0.875	0.25
0.08	0.88	0.25
0.08	0.885	0.25
0.08	0.89	0.25
0.08	0.895	0.25
0.08	0.9	0.25
0.08	0.905	0.25
0.08	0.91	0.25
0.08	0.915	0.25
0.08	0.92	0.25
0.08	0.925	0.25
0.08	0.93	0.25
0.08	0.935	0.25
0.08	0.94	0.25
0.08	0.945	0.25
0.08	0.95	0.25
0.08	0.955	0.25
0.08	0.96	0.25
0.08	0.965	0.25
0.08	0.97	0.25
0.08	0.975	0.25
0.08	0.98	0.25
0.08	0.985	0.25
0.08	0.99	0.25
0.08	0.995	0.25
0.08	1	0.25
0.09	0	1
0.09	0.005	1
0.09	0.01	1
0.09	0.015	1
0.09	0.02	1
0.09	0.025	1
0.09	0.03	1
0.09	0.035	1
0.09	0.04	1
0.09	0.045	1
0.09	0.05	1
0.09	0.055	1
0.09	0.06	1
0.09	0.065	1
0.09	0.07	1
0.09	0.075	1
0.09	0.08	1
0.09	0.085	1
0.09	0.09	1
0.09	0.095	1
0.09	0.1	1
0.09	0.105	1
0.09	0.11	1
0.09	0.115	1
0.09	0.12	1
0.09	0.125	1
0.09	0.13	1
0.09	0.135	1
0.09	0.14	1
0.09	0.145	1
0.09	0.15	1
0.09	0.155	1
0.09	0.16	1
0.09	0.165	1
0.09	0.17	1
0.09	0.175	1
0.09	0.18	1
0.09	0.185	1
0.09	0.19	1
0.09	0.195	1
0.09	0.2	1
0.09	0.205	1
0.09	0.21	1
0.09	0.215	1
0.09	0.22	1
0.09	0.225	1
0.09	0.23	1
0.09	0.235	1
0.09	0.24	1
0.09	0.245	1
0.09	0.25	0.25
0.09	0.255	0.25
0.09	0.26	0.25
0.09	0.265	0.25
0.09	0.27	0.25
0.09	0.275	0.25
0.09	0.28	0.25
0.09	0.285	0.25
0.09	0.29	0.25
0.09	0.295	0.25
0.09	0.3	0.25
0.09	0.305	0.25
0.09	0.31	0.25
0.09	0.315	0.25
0.09	0.32	0.25
0.09	0.325	0.25
0.09	0.33	0.25
0.09	0.335	0.25
0.09	0.34	0.25
0.09	0.345	0.25
0.09	0.35	0.25
0.09	0.355	0.25
0.09	0.36	0.25
0.09	0.365	0.25
0.09	0.37	0.25
0.09	0.375	0.25
0.09	0.38	0.25
0.09	0.385	0.25
0.09	0.39	0.25
0.09	0.395	0.25
0.09	0.4	0.25
0.09	0.405	0.25
0.09	0.41	0.25
0.09	0.415	0.25
0.09	0.42	0.25
0.09	0.425	0.25
0.09	0.43	0.25
0.09	0.435	0.25
0.09	0.44	0.25
0.09	0.445	0.25
0.09	0.45	0.25
0.09	0.455	0.25
0.09	0.46	0.25
0.09	0.465	0.25
0.09	0.47	0.25
0.09	0.475	0.25
0.09	0.48	0.25
0.09	0.485	0.25
0.09	0.49	0.25
0.09	0.495	0.25
0.09	0.5	0.25
0.09	0.505	0.25
0.09	0.51	0.25
0.09	0.515	0.25
0.09	0.52	0.25
0.09	0.525	0.25
0.09	0.53	0.25
0.09	0.535	0.25
0.09	0.54	0.25
0.09	0.545	0.25
0.09	0.55	0.25
0.09	0.555	0.25
0.09	0.56	0.25
0.09	0.565	0.25
0.09	0.57	0.25
0.09	0.575	0.25
0.09	0.58	0.25
0.09	0.585	0.25
0.09	0.59	0.25
0.09	0.595	0.25
0.09	0.6	0.25
0.09	0.605	0.25
0.09	0.61	0.25
0.09	0.615	0.25
0.09	0.62	0.25
0.09	0.625	0.25
0.09	0.63	0.25
0.09	0.635	0.25
0.09	0.64	0.25
0.09	0.645	0.25
0.09	0.65	0.25
0.09	0.655	0.25
0.09	0.66	0.25
0.09	0.665	0.25
0.09	0.67	0.25
0.09	0.675	0.25
0.09	0.68	0.25
0.09	0.685	0.25
0.09	0.69	0.25
0.09	0.695	0.25
0.09	0.7	0.25
0.09	0.705	0.25
0.09	0.71	0.25
0.09	0.715	0.25
0.09	0.72	0.25
0.09	0.725	0.25
0.09	0.73	0.25
0.09	0.735	0.25
0.09	0.74	0.25
0.09	0.745	0.25
0.09	0.75	0.25
0.09	0.755	0.25
0.09	0.76	0.25
0.09	0.765	0.25
0.09	0.77	0.25
0.09	0.775	0.25
0.09	0.78	0.25
0.09	0.785	0.25
0.09	0.79	0.25
0.09	0.795	0.25
0.09	0.8	0.25
0.09	0.805	0.25
0.09	0.81	0.25
0.09	0.815	0.25
0.09	0.82	0.25
0.09	0.825	0.25
0.09	0.83	0.25
0.09	0.835	0.25
0.09	0.84	0.25
0.09	0.845	0.25
0.09	0.85	0.25
0.09	0.855	0.25
0.09	0.86	0.25
0.09	0.865	0.25
0.09	0.87	0.25
0.09	0.875	0.25
0.09	0.88	0.25
0.09	0.885	0.25
0.09	0.89	0.25
0.09	0.895	0.25
0.09	0.9	0.25
0.09	0.905	0.25
0.09	0.91	0.25
0.09	0.915	0.25
0.09	0.92	0.25
0.09	0.925	0.25
0.09	0.93	0.25
0.09	0.935	0.25
0.09	0.94	0.25
0.09	0.945	0.25
0.09	0.95	0.25
0.09	0.955	0.25
0.09	0.96	0.25
0.09	0.965	0.25
0.09	0.97	0.25
0.09	0.975	0.25
0.09	0.98	0.25
0.09	0.985	0.25
0.09	0.99	0.25
0.09	0.995	0.25
0.09	1	0.25
0.1	0	1
0.1	0.005	1
0.1	0.01	1
0.1	0.015	1
0.1	0.02	1
0.1	0.025	1
0.1	0.03	1
0.1	0.035	1
0.1	0.04	1
0.1	0.045	1
0.1	0.05	1
0.1	0.055	1
0.1	0.06	1
0.1	0.065	1
0.1	0.07	1
0.1	0.075	1
0.1	0.08	1
0.1	0.085	1
0.1	0.09	1
0.1	0.095	1
0.1	0.1	1
0.1	0.105	1
0.1	0.11	1
0.1	0.115	1
0.1	0.12	1
0.1	0.125	1
0.1	0.13	1
0.1	0.135	1
0.1	0.14	1
0.1	0.145	1
0.1	0.15	1
0.1	0.155	1
0.1	0.16	1
0.1	0.165	1
0.1	0.17	1
0.1	0.175	1
0.1	0.18	1
0.1	0.185	1
0.1	0.19	1
0.1	0.195	1
0.1	0.2	1
0.1	0.205	1
0.1	0.21	1
0.1	0.215	1
0.1	0.22	1
0.1	0.225	1
0.1	0.23	1
0.1	0.235	1
0.1	0.24	1
0.1	0.245	1
0.1	0.25	0.25
0.1	0.255	0.25
0.1	0.26	0.25
0.1	0.265	0.25
0.1	0.27	0.25
0.1	0.275	0.25
0.1	0.28	0.25
0.1	0.285	0.25
0.1	0.29	0.25
0.1	0.295	0.25
0.1	0.3	0.25
0.1	0.305	0.25
0.1	0.31	0.25
0.1	0.315	0.25
0.1	0.32	0.25
0.1	0.325	0.25
0.1	0.33	0.25
0.1	0.335	0.25
0.1	0.34	0.25
0.1	0.345	0.25
0.1	0.35	0.25
0.1	0.355	0.25
0.1	0.36	0.25
0.1	0.365	0.25
0.1	0.37	0.25
0.1	0.375	0.25
0.1	0.38	0.25
0.1	0.385	0.25
0.1	0.39	0.25
0.1	0.395	0.25
0.1	0.4	0.25
0.1	0.405	0.25
0.1	0.41	0.25
0.1	0.415	0.25
0.1	0.42	0.25
0.1	0.425	0.25
0.1	0.43	0.25
0.1	0.435	0.25
0.1	0.44	0.25
0.1	0.445	0.25
0.1	0.45	0.25
0.1	0.455	0.25
0.1	0.46	0.25
0.1	0.465	0.25
0.1	0.47	0.25
0.1	0.475	0.25
0.1	0.48	0.25
0.1	0.485	0.25
0.1	0.49	0.25
0.1	0.495	0.25
0.1	0.5	0.25
0.1	0.505	0.25
0.1	0.51	0.25
0.1	0.515	0.25
0.1	0.52	0.25
0.1	0.525	0.25
0.1	0.53	0.25
0.1	0.535	0.25
0.1	0.54	0.25
0.1	0.545	0.25
0.1	0.55	0.25
0.1	0.555	0.25
0.1	0.56	0.25
0.1	0.565	0.25
0.1	0.57	0.25
0.1	0.575	0.25
0.1	0.58	0.25
0.1	0.585	0.25
0.1	0.59	0.25
0.1	0.595	0.25
0.1	0.6	0.25
0.1	0.605	0.25
0.1	0.61	0.25
0.1	0.615	0.25
0.1	0.62	0.25
0.1	0.625	0.25
0.1	0.63	0.25
0.1	0.635	0.25
0.1	0.64	0.25
0.1	0.645	0.25
0.1	0.65	0.25
0.1	0.655	0.25
0.1	0.66	0.25
0.1	0.665	0.25
0.1	0.67	0.25
0.1	0.675	0.25
0.1	0.68	0.25
0.1	0.685	0.25
0.1	0.69	0.25
0.1	0.695	0.25
0.1	0.7	0.25
0.1	0.705	0.25
0.1	0.71	0.25
0.1	0.715	0.25
0.1	0.72	0.25
0.1	0.725	0.25
0.1	0.73	0.25
0.1	0.735	0.25
0.1	0.74	0.25
0.1	0.745	0.25
0.1	0.75	0.25
0.1	0.755	0.25
0.1	0.76	0.25
0.1	0.765	0.25
0.1	0.77	0.25
0.1	0.775	0.25
0.1	0.78	0.25
0.1	0.785	0.25
0.1	0.79	0.25
0.1	0.795	0.25
0.1	0.8	0.25
0.1	0.805	0.25
0.1	0.81	0.25
0.1	0.815	0.25
0.1	0.82	0.25
0.1	0.825	0.25
0.1	0.83	0.25
0.1	0.835	0.25
0.1	0.84	0.25
0.1	0.845	0.25
0.1	0.85	0.25
0.1	0.855	0.25
0.1	0.86	0.25
0.1	0.865	0.25
0.1	0.87	0.25
0.1	0.875	0.25
0.1	0.88	0.25
0.1	0.885	0.25
0.1	0.89	0.25
0.1	0.895	0.25
0.1	0.9	0.25
0.1	0.905	0.25
0.1	0.91	0.25
0.1	0.915	0.25
0.1	0.92	0.25
0.1	0.925	0.25
0.1	0.93	0.25
0.1	0.935	0.25
0.1	0.94	0.25
0.1	0.945	0.25
0.1	0.95	0.25
0.1	0.955	0.25
0.1	0.96	0.25
0.1	0.965	0.25
0.1	0.97	0.25
0.1	0.975	0.25
0.1	0.98	0.25
0.1	0.985	0.25
0.1	0.99	0.25
0.1	0.995	0.25
0.1	1	0.25
0.11	0	1
0.11	0.005	1
0.11	0.01	1
0.11	0.015	1
0.11	0.02	1
0.11	0.025	1
0.11	0.03	1
0.11	0.035	1
0.11	0.04	1
0.11	0.045	1
0.11	0.05	1
0.11	0.055	1
0.11	0.06	1
0.11	0.065	1
0.11	0.07	1
0.11	0.075	1
0.11	0.08	1
0.11	0.085	1
0.11	0.09	1
0.11	0.095	1
0.11	0.1	1
0.11	0.105	1
0.11	0.11	1
0.11	0.115	1
0.11	0.12	1
0.11	0.125	1
0.11	0.13	1
0.11	0.135	1
0.11	0.14	1
0.11	0.145	1
0.11	0.15	1
0.11	0.155	1
0.11	0.16	1
0.11	0.165	1
0.11	0.17	1
0.11	0.175	1
0.11	0.18	1
0.11	0.185	1
0.11	0.19	1
0.11	0.195	1
0.11	0.2	1
0.11	0.205	1
0.11	0.21	1
0.11	0.215	1
0.11	0.22	1
0.11	0.225	1
0.11	0.23	1
0.11	0.235	1
0.11	0.24	1
0.11	0.245	1
0.11	0.25	0.25
0.11	0.255	0.25
0.11	0.26	0.25
0.11	0.265	0.25
0.11	0.27	0.25
0.11	0.275	0.25
0.11	0.28	0.25
0.11	0.285	0.25
0.11	0.29	0.25
0.11	0.295	0.25
0.11	0.3	0.25
0.11	0.305	0.25
0.11	0.31	0.25
0.11	0.315	0.25
0.11	0.32	0.25
0.11	0.325	0.25
0.11	0.33	0.25
0.11	0.335	0.25
0.11	0.34	0.25
0.11	0.345	0.25
0.11	0.35	0.25
0.11	0.355	0.25
0.11	0.36	0.25
0.11	0.365	0.25
0.11	0.37	0.25
0.11	0.375	0.25
0.11	0.38	0.25
0.11	0.385	0.25
0.11	0.39	0.25
0.11	0.395	0.25
0.11	0.4	0.25
0.11	0.405	0.25
0.11	0.41	0.25
0.11	0.415	0.25
0.11	0.42	0.25
0.11	0.425	0.25
0.11	0.43	0.25
0.11	0.435	0.25
0.11	0.44	0.25
0.11	0.445	0.25
0.11	0.45	0.25
0.11	0.455	0.25
0.11	0.46	0.25
0.11	0.465	0.25
0.11	0.47	0.25
0.11	0.475	0.25
0.11	0.48	0.25
0.11	0.485	0.25
0.11	0.49	0.25
0.11	0.495	0.25
0.11	0.5	0.25
0.11	0.505	0.25
0.11	0.51	0.25
0.11	0.515	0.25
0.11	0.52	0.25
0.11	0.525	0.25
0.11	0.53	0.25
0.11	0.535	0.25
0.11	0.54	0.25
0.11	0.545	0.25
0.11	0.55	0.25
0.11	0.555	0.25
0.11	0.56	0.25
0.11	0.565	0.25
0.11	0.57	0.25
0.11	0.575	0.25
0.11	0.58	0.25
0.11	0.585	0.25
0.11	0.59	0.25
0.11	0.595	0.25
0.11	0.6	0.25
0.11	0.605	0.25
0.11	0.61	0.25
0.11	0.615	0.25
0.11	0.62	0.25
0.11	0.625	0.25
0.11	0.63	0.25
0.11	0.635	0.25
0.11	0.64	0.25
0.11	0.645	0.25
0.11	0.65	0.25
0.11	0.655	0.25
0.11	0.66	0.25
0.11	0.665	0.25
0.11	0.67	0.25
0.11	0.675	0.25
0.11	0.68	0.25
0.11	0.685	0.25
0.11	0.69	0.25
0.11	0.695	0.25
0.11	0.7	0.25
0.11	0.705	0.25
0.11	0.71	0.25
0.11	0.715	0.25
0.11	0.72	0.25
0.11	0.725	0.25
0.11	0.73	0.25
0.11	0.735	0.25
0.11	0.74	0.25
0.11	0.745	0.25
0.11	0.75	0.25
0.11	0.755	0.25
0.11	0.76	0.25
0.11	0.765	0.25
0.11	0.77	0.25
0.11	0.775	0.25
0.11	0.78	0.25
0.11	0.785	0.25
0.11	0.79	0.25
0.11	0.795	0.25
0.11	0.8	0.25
0.11	0.805	0.25
0.11	0.81	0.25
0.11	0.815	0.25
0.11	0.82	0.25
0.11	0.825	0.25
0.11	0.83	0.25
0.11	0.835	0.25
0.11	0.84	0.25
0.11	0.845	0.25
0.11	0.85	0.25
0.11	0.855	0.25
0.11	0.86	0.25
0.11	0.865	0.25
0.11	0.87	0.25
0.11	0.875	0.25
0.11	0.88	0.25
0.11	0.885	0.25
0.11	0.89	0.25
0.11	0.895	0.25
0.11	0.9	0.25
0.11	0.905	0.25
0.11	0.91	0.25
0.11	0.915	0.25
0.11	0.92	0.25
0.11	0.925	0.25
0.11	0.93	0.25
0.11	0.935	0.25
0.11	0.94	0.25
0.11	0.945	0.25
0.11	0.95	0.25
0.11	0.955	0.25
0.11	0.96	0.25
0.11	0.965	0.25
0.11	0.97	0.25
0.11	0.975	0.25
0.11	0.98	0.25
0.11	0.985	0.25
0.11	0.99	0.25
0.11	0.995	0.25
0.11	1	0.25
0.12	0	1
0.12	0.005	1
0.12	0.01	1
0.12	0.015	1
0.12	0.02	1
0.12	0.025	1
0.12	0.03	1
0.12	0.035	1
0.12	0.04	1
0.12	0.045	1
0.12	0.05	1
0.12	0.055	1
0.12	0.06	1
0.12	0.065	1
0.12	0.07	1
0.12	0.075	1
0.12	0.08	1
0.12	0.085	1
0.12	0.09	1
0.12	0.095	1
0.12	0.1	1
0.12	0.105	1
0.12	0.11	1
0.12	0.115	1
0.12	0.12	1
0.12	0.125	1
0.12	0.13	1
0.12	0.135	1
0.12	0.14	1
0.12	0.145	1
0.12	0.15	1
0.12	0.155	1
0.12	0.16	1
0.12	0.165	1
0.12	0.17	1
0.12	0.175	1
0.12	0.18	1
0.12	0.185	1
0.12	0.19	1
0.12	0.195	1
0.12	0.2	1
0.12	0.205	1
0.12	0.21	1
0.12	0.215	1
0.12	0.22	1
0.12	0.225	1
0.12	0.23	1
0.12	0.235	1
0.12	0.24	1
0.12	0.245	1
0.12	0.25	0.25
0.12	0.255	0.25
0.12	0.26	0.25
0.12	0.265	0.25
0.12	0.27	0.25
0.12	0.275	0.25
0.12	0.28	0.25
0.12	0.285	0.25
0.12	0.29	0.25
0.12	0.295	0.25
0.12	0.3	0.25
0.12	0.305	0.25
0.12	0.31	0.25
0.12	0.315	0.25
0.12	0.32	0.25
0.12	0.325	0.25
0.12	0.33	0.25
0.12	0.335	0.25
0.12	0.34	0.25
0.12	0.345	0.25
0.12	0.35	0.25
0.12	0.355	0.25
0.12	0.36	0.25
0.12	0.365	0.25
0.12	0.37	0.25
0.12	0.375	0.25
0.12	0.38	0.25
0.12	0.385	0.25
0.12	0.39	0.25
0.12	0.395	0.25
0.12	0.4	0.25
0.12	0.405	0.25
0.12	0.41	0.25
0.12	0.415	0.25
0.12	0.42	0.25
0.12	0.425	0.25
0.12	0.43	0.25
0.12	0.435	0.25
0.12	0.44	0.25
0.12	0.445	0.25
0.12	0.45	0.25
0.12	0.455	0.25
0.12	0.46	0.25
0.12	0.465	0.25
0.12	0.47	0.25
0.12	0.475	0.25
0.12	0.48	0.25
0.12	0.485	0.25
0.12	0.49	0.25
0.12	0.495	0.25
0.12	0.5	0.25
0.12	0.505	0.25
0.12	0.51	0.25
0.12	0.515	0.25
0.12	0.52	0.25
0.12	0.525	0.25
0.12	0.53	0.25
0.12	0.535	0.25
0.12	0.54	0.25
0.12	0.545	0.25
0.12	0.55	0.25
0.12	0.555	0.25
0.12	0.56	0.25
0.12	0.565	0.25
0.12	0.57	0.25
0.12	0.575	0.25
0.12	0.58	0.25
0.12	0.585	0.25
0.12	0.59	0.25
0.12	0.595	0.25
0.12	0.6	0.25
0.12	0.605	0.25
0.12	0.61	0.25
0.12	0.615	0.25
0.12	0.62	0.25
0.12	0.625	0.25
0.12	0.63	0.25
0.12	0.635	0.25
0.12	0.64	0.25
0.12	0.645	0.25
0.12	0.65	0.25
0.12	0.655	0.25
0.12	0.66	0.25
0.12	0.665	0.25
0.12	0.67	0.25
0.12	0.675	0.25
0.12	0.68	0.25
0.12	0.685	0.25
0.12	0.69	0.25
0.12	0.695	0.25
0.12	0.7	0.25
0.12	0.705	0.25
0.12	0.71	0.25
0.12	0.715	0.25
0.12	0.72	0.25
0.12	0.725	0.25
0.12	0.73	0.25
0.12	0.735	0.25
0.12	0.74	0.25
0.12	0.745	0.25
0.12	0.75	0.25
0.12	0.755	0.25
0.12	0.76	0.25
0.12	0.765	0.25
0.12	0.77	0.25
0.12	0.775	0.25
0.12	0.78	0.25
0.12	0.785	0.25
0.12	0.79	0.25
0.12	0.795	0.25
0.12	0.8	0.25
0.12	0.805	0.25
0.12	0.81	0.25
0.12	0.815	0.25
0.12	0.82	0.25
0.12	0.825	0.25
0.12	0.83	0.25
0.12	0.835	0.25
0.12	0.84	0.25
0.12	0.845	0.25
0.12	0.85	0.25
0.12	0.855	0.25
0.12	0.86	0.25
0.12	0.865	0.25
0.12	0.87	0.25
0.12	0.875	0.25
0.12	0.88	0.25
0.12	0.885	0.25
0.12	0.89	0.25
0.12	0.895	0.25
0.12	0.9	0.25
0.12	0.905	0.25
0.12	0.91	0.25
0.12	0.915	0.25
0.12	0.92	0.25
0.12	0.925	0.25
0.12	0.93	0.25
0.12	0.935	0.25
0.12	0.94	0.25
0.12	0.945	0.25
0.12	0.95	0.25
0.12	0.955	0.25
0.12	0.96	0.25
0.12	0.965	0.25
0.12	0.97	0.25
0.12	0.975	0.25
0.12	0.98	0.25
0.12	0.985	0.25
0.12	0.99	0.25
0.12	0.995	0.25
0.12	1	0.25
0.13	0	1
0.13	0.005	1
0.13	0.01	1
0.13	0.015	1
0.13	0.02	1
0.13	0.025	1
0.13	0.03	1
0.13	0.035	1
0.13	0.04	1
0.13	0.045	1
0.13	0.05	1
0.13	0.055	1
0.13	0.06	1
0.13	0.065	1
0.13	0.07	1
0.13	0.075	1
0.13	0.08	1
0.13	0.085	1
0.13	0.09	1
0.13	0.095	1
0.13	0.1	1
0.13	0.105	1
0.13	0.11	1
0.13	0.115	1
0.13	0.12	1
0.13	0.125	1
0.13	0.13	1
0.13	0.135	1
0.13	0.14	1
0.13	0.145	1
0.13	0.15	1
0.13	0.155	1
0.13	0.16	1
0.13	0.165	1
0.13	0.17	1
0.13	0.175	1
0.13	0.18	1
0.13	0.185	1
0.13	0.19	1
0.13	0.195	1
0.13	0.2	1
0.13	0.205	1
0.13	0.21	1
0.13	0.215	1
0.13	0.22	1
0.13	0.225	1
0.13	0.23	1
0.13	0.235	1
0.13	0.24	1
0.13	0.245	1
0.13	0.25	0.25
0.13	0.255	0.25
0.13	0.26	0.25
0.13	0.265	0.25
0.13	0.27	0.25
0.13	0.275	0.25
0.13	0.28	0.25
0.13	0.285	0.25
0.13	0.29	0.25
0.13	0.295	0.25
0.13	0.3	0.25
0.13	0.305	0.25
0.13	0.31	0.25
0.13	0.315	0.25
0.13	0.32	0.25
0.13	0.325	0.25
0.13	0.33	0.25
0.13	0.335	0.25
0.13	0.34	0.25
0.13	0.345	0.25
0.13	0.35	0.25
0.13	0.355	0.25
0.13	0.36	0.25
0.13	0.365	0.25
0.13	0.37	0.25
0.13	0.375	0.25
0.13	0.38	0.25
0.13	0.385	0.25
0.13	0.39	0.25
0.13	0.395	0.25
0.13	0.4	0.25
0.13	0.405	0.25
0.13	0.41	0.25
0.13	0.415	0.25
0.13	0.42	0.25
0.13	0.425	0.25
0.13	0.43	0.25
0.13	0.435	0.25
0.13	0.44	0.25
0.13	0.445	0.25
0.13	0.45	0.25
0.13	0.455	0.25
0.13	0.46	0.25
0.13	0.465	0.25
0.13	0.47	0.25
0.13	0.475	0.25
0.13	0.48	0.25
0.13	0.485	0.25
0.13	0.49	0.25
0.13	0.495	0.25
0.13	0.5	0.25
0.13	0.505	0.25
0.13	0.51	0.25
0.13	0.515	0.25
0.13	0.52	0.25
0.13	0.525	0.25
0.13	0.53	0.25
0.13	0.535	0.25
0.13	0.54	0.25
0.13	0.545	0.25
0.13	0.55	0.25
0.13	0.555	0.25
0.13	0.56	0.25
0.13	0.565	0.25
0.13	0.57	0.25
0.13	0.575	0.25
0.13	0.58	0.25
0.13	0.585	0.25
0.13	0.59	0.25
0.13	0.595	0.25
0.13	0.6	0.25
0.13	0.605	0.25
0.13	0.61	0.25
0.13	0.615	0.25
0.13	0.62	0.25
0.13	0.625	0.25
0.13	0.63	0.25
0.13	0.635	0.25
0.13	0.64	0.25
0.13	0.645	0.25
0.13	0.65	0.25
0.13	0.655	0.25
0.13	0.66	0.25
0.13	0.665	0.25
0.13	0.67	0.25
0.13	0.675	0.25
0.13	0.68	0.25
0.13	0.685	0.25
0.13	0.69	0.25
0.13	0.695	0.25
0.13	0.7	0.25
0.13	0.705	0.25
0.13	0.71	0.25
0.13	0.715	0.25
0.13	0.72	0.25
0.13	0.725	0.25
0.13	0.73	0.25
0.13	0.735	0.25
0.13	0.74	0.25
0.13	0.745	0.25
0.13	0.75	0.25
0.13	0.755	0.25
0.13	0.76	0.25
0.13	0.765	0.25
0.13	0.77	0.25
0.13	0.775	0.25
0.13	0.78	0.25
0.13	0.785	0.25
0.13	0.79	0.25
0.13	0.795	0.25
0.13	0.8	0.25
0.13	0.805	0.25
0.13	0.81	0.25
0.13	0.815	0.25
0.13	0.82	0.25
0.13	0.825	0.25
0.13	0.83	0.25
0.13	0.835	0.25
0.13	0.84	0.25
0.13	0.845	0.25
0.13	0.85	0.25
0.13	0.855	0.25
0.13	0.86	0.25
0.13	0.865	0.25
0.13	0.87	0.25
0.13	0.875	0.25
0.13	0.88	0.25
0.13	0.885	0.25
0.13	0.89	0.25
0.13	0.895	0.25
0.13	0.9	0.25
0.13	0.905	0.25
0.13	0.91	0.25
0.13	0.915	0.25
0.13	0.92	0.25
0.13	0.925	0.25
0.13	0.93	0.25
0.13	0.935	0.25
0.13	0.94	0.25
0.13	0.945	0.25
0.13	0.95	0.25
0.13	0.955	0.25
0.13	0.96	0.25
0.13	0.965	0.25
0.13	0.97	0.25
0.13	0.975	0.25
0.13	0.98	0.25
0.13	0.985	0.25
0.13	0.99	0.25
0.13	0.995	0.25
0.13	1	0.25
0.14	0	1
0.14	0.005	1
0.14	0.01	1
0.14	0.015	1
0.14	0.02	1
0.14	0.025	1
0.14	0.03	1
0.14	0.035	1
0.14	0.04	1
0.14	0.045	1
0.14	0.05	1
0.14	0.055	1
0.14	0.06	1
0.14	0.065	1
0.14	0.07	1
0.14	0.075	1
0.14	0.08	1
0.14	0.085	1
0.14	0.09	1
0.14	0.095	1
0.14	0.1	1
0.14	0.105	1
0.14	0.11	1
0.14	0.115	1
0.14	0.12	1
0.14	0.125	1
0.14	0.13	1
0.14	0.135	1
0.14	0.14	1
0.14	0.145	1
0.14	0.15	1
0.14	0.155	1
0.14	0.16	1
0.14	0.165	1
0.14	0.17	1
0.14	0.175	1
0.14	0.18	1
0.14	0.185	1
0.14	0.19	1
0.14	0.195	1
0.14	0.2	1
0.14	0.205	1
0.14	0.21	1
0.14	0.215	1
0.14	0.22	1
0.14	0.225	1
0.14	0.23	1
0.14	0.235	1
0.14	0.24	1
0.14	0.245	1
0.14	0.25	0.25
0.14	0.255	0.25
0.14	0.26	0.25
0.14	0.265	0.25
0.14	0.27	0.25
0.14	0.275	0.25
0.14	0.28	0.25
0.14	0.285	0.25
0.14	0.29	0.25
0.14	0.295	0.25
0.14	0.3	0.25
0.14	0.305	0.25
0.14	0.31	0.25
0.14	0.315	0.25
0.14	0.32	0.25
0.14	0.325	0.25
0.14	0.33	0.25
0.14	0.335	0.25
0.14	0.34	0.25
0.14	0.345	0.25
0.14	0.35	0.25
0.14	0.355	0.25
0.14	0.36	0.25
0.14	0.365	0.25
0.14	0.37	0.25
0.14	0.375	0.25
0.14	0.38	0.25
0.14	0.385	0.25
0.14	0.39	0.25
0.14	0.395	0.25
0.14	0.4	0.25
0.14	0.405	0.25
0.14	0.41	0.25
0.14	0.415	0.25
0.14	0.42	0.25
0.14	0.425	0.25
0.14	0.43	0.25
0.14	0.435	0.25
0.14	0.44	0.25
0.14	0.445	0.25
0.14	0.45	0.25
0.14	0.455	0.25
0.14	0.46	0.25
0.14	0.465	0.25
0.14	0.47	0.25
0.14	0.475	0.25
0.14	0.48	0.25
0.14	0.485	0.25
0.14	0.49	0.25
0.14	0.495	0.25
0.14	0.5	0.25
0.14	0.505	0.25
0.14	0.51	0.25
0.14	0.515	0.25
0.14	0.52	0.25
0.14	0.525	0.25
0.14	0.53	0.25
0.14	0.535	0.25
0.14	0.54	0.25
0.14	0.545	0.25
0.14	0.55	0.25
0.14	0.555	0.25
0.14	0.56	0.25
0.14	0.565	0.25
0.14	0.57	0.25
0.14	0.575	0.25
0.14	0.58	0.25
0.14	0.585	0.25
0.14	0.59	0.25
0.14	0.595	0.25
0.14	0.6	0.25
0.14	0.605	0.25
0.14	0.61	0.25
0.14	0.615	0.25
0.14	0.62	0.25
0.14	0.625	0.25
0.14	0.63	0.25
0.14	0.635	0.25
0.14	0.64	0.25
0.14	0.645	0.25
0.14	0.65	0.25
0.14	0.655	0.25
0.14	0.66	0.25
0.14	0.665	0.25
0.14	0.67	0.25
0.14	0.675	0.25
0.14	0.68	0.25
0.14	0.685	0.25
0.14	0.69	0.25
0.14	0.695	0.25
0.14	0.7	0.25
0.14	0.705	0.25
0.14	0.71	0.25
0.14	0.715	0.25
0.14	0.72	0.25
0.14	0.725	0.25
0.14	0.73	0.25
0.14	0.735	0.25
0.14	0.74	0.25
0.14	0.745	0.25
0.14	0.75	0.25
0.14	0.755	0.25
0.14	0.76	0.25
0.14	0.765	0.25
0.14	0.77	0.25
0.14	0.775	0.25
0.14	0.78	0.25
0.14	0.785	0.25
0.14	0.79	0.25
0.14	0.795	0.25
0.14	0.8	0.25
0.14	0.805	0.25
0.14	0.81	0.25
0.14	0.815	0.25
0.14	0.82	0.25
0.14	0.825	0.25
0.14	0.83	0.25
0.14	0.835	0.25
0.14	0.84	0.25
0.14	0.845	0.25
0.14	0.85	0.25
0.14	0.855	0.25
0.14	0.86	0.25
0.14	0.865	0.25
0.14	0.87	0.25
0.14	0.875	0.25
0.14	0.88	0.25
0.14	0.885	0.25
0.14	0.89	0.25
0.14	0.895	0.25
0.14	0.9	0.25
0.14	0.905	0.25
0.14	0.91	0.25
0.14	0.915	0.25
0.14	0.92	0.25
0.14	0.925	0.25
0.14	0.93	0.25
0.14	0.935	0.25
0.14	0.94	0.25
0.14	0.945	0.25
0.14	0.95	0.25
0.14	0.955	0.25
0.14	0.96	0.25
0.14	0.965	0.25
0.14	0.97	0.25
0.14	0.975	0.25
0.14	0.98	0.25
0.14	0.985	0.25
0.14	0.99	0.25
0.14	0.995	0.25
0.14	1	0.25
0.15	0	1
0.15	0.005	1
0.15	0.01	1
0.15	0.015	1
0.15	0.02	1
0.15	0.025	1
0.15	0.03	1
0.15	0.035	1
0.15	0.04	1
0.15	0.045	1
0.15	0.05	1
0.15	0.055	1
0.15	0.06	1
0.15	0.065	1
0.15	0.07	1
0.15	0.075	1
0.15	0.08	1
0.15	0.085	1
0.15	0.09	1
0.15	0.095	1
0.15	0.1	1
0.15	0.105	1
0.15	0.11	1
0.15	0.115	1
0.15	0.12	1
0.15	0.125	1
0.15	0.13	1
0.15	0.135	1
0.15	0.14	1
0.15	0.145	1
0.15	0.15	1
0.15	0.155	1
0.15	0.16	1
0.15	0.165	1
0.15	0.17	1
0.15	0.175	1
0.15	0.18	1
0.15	0.185	1
0.15	0.19	1
0.15	0.195	1
0.15	0.2	1
0.15	0.205	1
0.15	0.21	1
0.15	0.215	1
0.15	0.22	1
0.15	0.225	1
0.15	0.23	1
0.15	0.235	1
0.15	0.24	1
0.15	0.245	1
0.15	0.25	0.25
0.15	0.255	0.25
0.15	0.26	0.25
0.15	0.265	0.25
0.15	0.27	0.25
0.15	0.275	0.25
0.15	0.28	0.25
0.15	0.285	0.25
0.15	0.29	0.25
0.15	0.295	0.25
0.15	0.3	0.25
0.15	0.305	0.25
0.15	0.31	0.25
0.15	0.315	0.25
0.15	0.32	0.25
0.15	0.325	0.25
0.15	0.33	0.25
0.15	0.335	0.25
0.15	0.34	0.25
0.15	0.345	0.25
0.15	0.35	0.25
0.15	0.355	0.25
0.15	0.36	0.25
0.15	0.365	0.25
0.15	0.37	0.25
0.15	0.375	0.25
0.15	0.38	0.25
0.15	0.385	0.25
0.15	0.39	0.25
0.15	0.395	0.25
0.15	0.4	0.25
0.15	0.405	0.25
0.15	0.41	0.25
0.15	0.415	0.25
0.15	0.42	0.25
0.15	0.425	0.25
0.15	0.43	0.25
0.15	0.435	0.25
0.15	0.44	0.25
0.15	0.445	0.25
0.15	0.45	0.25
0.15	0.455	0.25
0.15	0.46	0.25
0.15	0.465	0.25
0.15	0.47	0.25
0.15	0.475	0.25
0.15	0.48	0.25
0.15	0.485	0.25
0.15	0.49	0.25
0.15	0.495	0.25
0.15	0.5	0.25
0.15	0.505	0.25
0.15	0.51	0.25
0.15	0.515	0.25
0.15	0.52	0.25
0.15	0.525	0.25
0.15	0.53	0.25
0.15	0.535	0.25
0.15	0.54	0.25
0.15	0.545	0.25
0.15	0.55	0.25
0.15	0.555	0.25
0.15	0.56	0.25
0.15	0.565	0.25
0.15	0.57	0.25
0.15	0.575	0.25
0.15	0.58	0.25
0.15	0.585	0.25
0.15	0.59	0.25
0.15	0.595	0.25
0.15	0.6	0.25
0.15	0.605	0.25
0.15	0.61	0.25
0.15	0.615	0.25
0.15	0.62	0.25
0.15	0.625	0.25
0.15	0.63	0.25
0.15	0.635	0.25
0.15	0.64	0.25
0.15	0.645	0.25
0.15	0.65	0.25
0.15	0.655	0.25
0.15	0.66	0.25
0.15	0.665	0.25
0.15	0.67	0.25
0.15	0.675	0.25
0.15	0.68	0.25
0.15	0.685	0.25
0.15	0.69	0.25
0.15	0.695	0.25
0.15	0.7	0.25
0.15	0.705	0.25
0.15	0.71	0.25
0.15	0.715	0.25
0.15	0.72	0.25
0.15	0.725	0.25
0.15	0.73	0.25
0.15	0.735	0.25
0.15	0.74	0.25
0.15	0.745	0.25
0.15	0.75	0.25
0.15	0.755	0.25
0.15	0.76	0.25
0.15	0.765	0.25
0.15	0.77	0.25
0.15	0.775	0.25
0.15	0.78	0.25
0.15	0.785	0.25
0.15	0.79	0.25
0.15	0.795	0.25
0.15	0.8	0.25
0.15	0.805	0.25
0.15	0.81	0.25
0.15	0.815	0.25
0.15	0.82	0.25
0.15	0.825	0.25
0.15	0.83	0.25
0.15	0.835	0.25
0.15	0.84	0.25
0.15	0.845	0.25
0.15	0.85	0.25
0.15	0.855	0.25
0.15	0.86	0.25
0.15	0.865	0.25
0.15	0.87	0.25
0.15	0.875	0.25
0.15	0.88	0.25
0.15	0.885	0.25
0.15	0.89	0.25
0.15	0.895	0.25
0.15	0.9	0.25
0.15	0.905	0.25
0.15	0.91	0.25
0.15	0.915	0.25
0.15	0.92	0.25
0.15	0.925	0.25
0.15	0.93	0.25
0.15	0.935	0.25
0.15	0.94	0.25
0.15	0.945	0.25
0.15	0.95	0.25
0.15	0.955	0.25
0.15	0.96	0.25
0.15	0.965	0.25
0.15	0.97	0.25
0.15	0.975	0.25
0.15	0.98	0.25
0.15	0.985	0.25
0.15	0.99	0.25
0.15	0.995	0.25
0.15	1	0.25
0.16	0	1
0.16	0.005	1
0.16	0.01	1
0.16	0.015	1
0.16	0.02	1
0.16	0.025	1
0.16	0.03	1
0.16	0.035	1
0.16	0.04	1
0.16	0.045	1
0.16	0.05	1
0.16	0.055	1
0.16	0.06	1
0.16	0.065	1
0.16	0.07	1
0.16	0.075	1
0.16	0.08	1
0.16	0.085	1
0.16	0.09	1
0.16	0.095	1
0.16	0.1	1
0.16	0.105	1
0.16	0.11	1
0.16	0.115	1
0.16	0.12	1
0.16	0.125	1
0.16	0.13	1
0.16	0.135	1
0.16	0.14	1
0.16	0.145	1
0.16	0.15	1
0.16	0.155	1
0.16	0.16	1
0.16	0.165	1
0.16	0.17	1
0.16	0.175	1
0.16	0.18	1
0.16	0.185	1
0.16	0.19	1
0.16	0.195	1
0.16	0.2	1
0.16	0.205	1
0.16	0.21	1
0.16	0.215	1
0.16	0.22	1
0.16	0.225	1
0.16	0.23	1
0.16	0.235	1
0.16	0.24	1
0.16	0.245	1
0.16	0.25	0.25
0.16	0.255	0.25
0.16	0.26	0.25
0.16	0.265	0.25
0.16	0.27	0.25
0.16	0.275	0.25
0.16	0.28	0.25
0.16	0.285	0.25
0.16	0.29	0.25
0.16	0.295	0.25
0.16	0.3	0.25
0.16	0.305	0.25
0.16	0.31	0.25
0.16	0.315	0.25
0.16	0.32	0.25
0.16	0.325	0.25
0.16	0.33	0.25
0.16	0.335	0.25
0.16	0.34	0.25
0.16	0.345	0.25
0.16	0.35	0.25
0.16	0.355	0.25
0.16	0.36	0.25
0.16	0.365	0.25
0.16	0.37	0.25
0.16	0.375	0.25
0.16	0.38	0.25
0.16	0.385	0.25
0.16	0.39	0.25
0.16	0.395	0.25
0.16	0.4	0.25
0.16	0.405	0.25
0.16	0.41	0.25
0.16	0.415	0.25
0.16	0.42	0.25
0.16	0.425	0.25
0.16	0.43	0.25
0.16	0.435	0.25
0.16	0.44	0.25
0.16	0.445	0.25
0.16	0.45	0.25
0.16	0.455	0.25
0.16	0.46	0.25
0.16	0.465	0.25
0.16	0.47	0.25
0.16	0.475	0.25
0.16	0.48	0.25
0.16	0.485	0.25
0.16	0.49	0.25
0.16	0.495	0.25
0.16	0.5	0.25
0.16	0.505	0.25
0.16	0.51	0.25
0.16	0.515	0.25
0.16	0.52	0.25
0.16	0.525	0.25
0.16	0.53	0.25
0.16	0.535	0.25
0.16	0.54	0.25
0.16	0.545	0.25
0.16	0.55	0.25
0.16	0.555	0.25
0.16	0.56	0.25
0.16	0.565	0.25
0.16	0.57	0.25
0.16	0.575	0.25
0.16	0.58	0.25
0.16	0.585	0.25
0.16	0.59	0.25
0.16	0.595	0.25
0.16	0.6	0.25
0.16	0.605	0.25
0.16	0.61	0.25
0.16	0.615	0.25
0.16	0.62	0.25
0.16	0.625	0.25
0.16	0.63	0.25
0.16	0.635	0.25
0.16	0.64	0.25
0.16	0.645	0.25
0.16	0.65	0.25
0.16	0.655	0.25
0.16	0.66	0.25
0.16	0.665	0.25
0.16	0.67	0.25
0.16	0.675	0.25
0.16	0.68	0.25
0.16	0.685	0.25
0.16	0.69	0.25
0.16	0.695	0.25
0.16	0.7	0.25
0.16	0.705	0.25
0.16	0.71	0.25
0.16	0.715	0.25
0.16	0.72	0.25
0.16	0.725	0.25
0.16	0.73	0.25
0.16	0.735	0.25
0.16	0.74	0.25
0.16	0.745	0.25
0.16	0.75	0.25
0.16	0.755	0.25
0.16	0.76	0.25
0.16	0.765	0.25
0.16	0.77	0.25
0.16	0.775	0.25
0.16	0.78	0.25
0.16	0.785	0.25
0.16	0.79	0.25
0.16	0.795	0.25
0.16	0.8	0.25
0.16	0.805	0.25
0.16	0.81	0.25
0.16	0.815	0.25
0.16	0.82	0.25
0.16	0.825	0.25
0.16	0.83	0.25
0.16	0.835	0.25
0.16	0.84	0.25
0.16	0.845	0.25
0.16	0.85	0.25
0.16	0.855	0.25
0.16	0.86	0.25
0.16	0.865	0.25
0.16	0.87	0.25
0.16	0.875	0.25
0.16	0.88	0.25
0.16	0.885	0.25
0.16	0.89	0.25
0.16	0.895	0.25
0.16	0.9	0.25
0.16	0.905	0.25
0.16	0.91	0.25
0.16	0.915	0.25
0.16	0.92	0.25
0.16	0.925	0.25
0.16	0.93	0.25
0.16	0.935	0.25
0.16	0.94	0.25
0.16	0.945	0.25
0.16	0.95	0.25
0.16	0.955	0.25
0.16	0.96	0.25
0.16	0.965	0.25
0.16	0.97	0.25
0.16	0.975	0.25
0.16	0.98	0.25
0.16	0.985	0.25
0.16	0.99	0.25
0.16	0.995	0.25
0.16	1	0.25
0.17	0	1
0.17	0.005	1
0.17	0.01	1
0.17	0.015	1
0.17	0.02	1
0.17	0.025	1
0.17	0.03	1
0.17	0.035	1
0.17	0.04	1
0.17	0.045	1
0.17	0.05	1
0.17	0.055	1
0.17	0.06	1
0.17	0.065	1
0.17	0.07	1
0.17	0.075	1
0.17	0.08	1
0.17	0.085	1
0.17	0.09	1
0.17	0.095	1
0.17	0.1	1
0.17	0.105	1
0.17	0.11	1
0.17	0.115	1
0.17	0.12	1
0.17	0.125	1
0.17	0.13	1
0.17	0.135	1
0.17	0.14	1
0.17	0.145	1
0.17	0.15	1
0.17	0.155	1
0.17	0.16	1
0.17	0.165	1
0.17	0.17	1
0.17	0.175	1
0.17	0.18	1
0.17	0.185	1
0.17	0.19	1
0.17	0.195	1
0.17	0.2	1
0.17	0.205	1
0.17	0.21	1
0.17	0.215	1
0.17	0.22	1
0.17	0.225	1
0.17	0.23	1
0.17	0.235	1
0.17	0.24	1
0.17	0.245	1
0.17	0.25	0.25
0.17	0.255	0.25
0.17	0.26	0.25
0.17	0.265	0.25
0.17	0.27	0.25
0.17	0.275	0.25
0.17	0.28	0.25
0.17	0.285	0.25
0.17	0.29	0.25
0.17	0.295	0.25
0.17	0.3	0.25
0.17	0.305	0.25
0.17	0.31	0.25
0.17	0.315	0.25
0.17	0.32	0.25
0.17	0.325	0.25
0.17	0.33	0.25
0.17	0.335	0.25
0.17	0.34	0.25
0.17	0.345	0.25
0.17	0.35	0.25
0.17	0.355	0.25
0.17	0.36	0.25
0.17	0.365	0.25
0.17	0.37	0.25
0.17	0.375	0.25
0.17	0.38	0.25
0.17	0.385	0.25
0.17	0.39	0.25
0.17	0.395	0.25
0.17	0.4	0.25
0.17	0.405	0.25
0.17	0.41	0.25
0.17	0.415	0.25
0.17	0.42	0.25
0.17	0.425	0.25
0.17	0.43	0.25
0.17	0.435	0.25
0.17	0.44	0.25
0.17	0.445	0.25
0.17	0.45	0.25
0.17	0.455	0.25
0.17	0.46	0.25
0.17	0.465	0.25
0.17	0.47	0.25
0.17	0.475	0.25
0.17	0.48	0.25
0.17	0.485	0.25
0.17	0.49	0.25
0.17	0.495	0.25
0.17	0.5	0.25
0.17	0.505	0.25
0.17	0.51	0.25
0.17	0.515	0.25
0.17	0.52	0.25
0.17	0.525	0.25
0.17	0.53	0.25
0.17	0.535	0.25
0.17	0.54	0.25
0.17	0.545	0.25
0.17	0.55	0.25
0.17	0.555	0.25
0.17	0.56	0.25
0.17	0.565	0.25
0.17	0.57	0.25
0.17	0.575	0.25
0.17	0.58	0.25
0.17	0.585	0.25
0.17	0.59	0.25
0.17	0.595	0.25
0.17	0.6	0.25
0.17	0.605	0.25
0.17	0.61	0.25
0.17	0.615	0.25
0.17	0.62	0.25
0.17	0.625	0.25
0.17	0.63	0.25
0.17	0.635	0.25
0.17	0.64	0.25
0.17	0.645	0.25
0.17	0.65	0.25
0.17	0.655	0.25
0.17	0.66	0.25
0.17	0.665	0.25
0.17	0.67	0.25
0.17	0.675	0.25
0.17	0.68	0.25
0.17	0.685	0.25
0.17	0.69	0.25
0.17	0.695	0.25
0.17	0.7	0.25
0.17	0.705	0.25
0.17	0.71	0.25
0.17	0.715	0.25
0.17	0.72	0.25
0.17	0.725	0.25
0.17	0.73	0.25
0.17	0.735	0.25
0.17	0.74	0.25
0.17	0.745	0.25
0.17	0.75	0.25
0.17	0.755	0.25
0.17	0.76	0.25
0.17	0.765	0.25
0.17	0.77	0.25
0.17	0.775	0.25
0.17	0.78	0.25
0.17	0.785	0.25
0.17	0.79	0.25
0.17	0.795	0.25
0.17	0.8	0.25
0.17	0.805	0.25
0.17	0.81	0.25
0.17	0.815	0.25
0.17	0.82	0.25
0.17	0.825	0.25
0.17	0.83	0.25
0.17	0.835	0.25
0.17	0.84	0.25
0.17	0.845	0.25
0.17	0.85	0.25
0.17	0.855	0.25
0.17	0.86	0.25
0.17	0.865	0.25
0.17	0.87	0.25
0.17	0.875	0.25
0.17	0.88	0.25
0.17	0.885	0.25
0.17	0.89	0.25
0.17	0.895	0.25
0.17	0.9	0.25
0.17	0.905	0.25
0.17	0.91	0.25
0.17	0.915	0.25
0.17	0.92	0.25
0.17	0.925	0.25
0.17	0.93	0.25
0.17	0.935	0.25
0.17	0.94	0.25
0.17	0.945	0.25
0.17	0.95	0.25
0.17	0.955	0.25
0.17	0.96	0.25
0.17	0.965	0.25
0.17	0.97	0.25
0.17	0.975	0.25
0.17	0.98	0.25
0.17	0.985	0.25
0.17	0.99	0.25
0.17	0.995	0.25
0.17	1	0.25
0.18	0	1
0.18	0.005	1
0.18	0.01	1
0.18	0.015	1
0.18	0.02	1
0.18	0.025	1
0.18	0.03	1
0.18	0.035	1
0.18	0.04	1
0.18	0.045	1
0.18	0.05	1
0.18	0.055	1
0.18	0.06	1
0.18	0.065	1
0.18	0.07	1
0.18	0.075	1
0.18	0.08	1
0.18	0.085	1
0.18	0.09	1
0.18	0.095	1
0.18	0.1	1
0.18	0.105	1
0.18	0.11	1
0.18	0.115	1
0.18	0.12	1
0.18	0.125	1
0.18	0.13	1
0.18	0.135	1
0.18	0.14	1
0.18	0.145	1
0.18	0.15	1
0.18	0.155	1
0.18	0.16	1
0.18	0.165	1
0.18	0.17	1
0.18	0.175	1
0.18	0.18	1
0.18	0.185	1
0.18	0.19	1
0.18	0.195	1
0.18	0.2	1
0.18	0.205	1
0.18	0.21	1
0.18	0.215	1
0.18	0.22	1
0.18	0.225	1
0.18	0.23	1
0.18	0.235	1
0.18	0.24	1
0.18	0.245	1
0.18	0.25	0.25
0.18	0.255	0.25
0.18	0.26	0.25
0.18	0.265	0.25
0.18	0.27	0.25
0.18	0.275	0.25
0.18	0.28	0.25
0.18	0.285	0.25
0.18	0.29	0.25
0.18	0.295	0.25
0.18	0.3	0.25
0.18	0.305	0.25
0.18	0.31	0.25
0.18	0.315	0.25
0.18	0.32	0.25
0.18	0.325	0.25
0.18	0.33	0.25
0.18	0.335	0.25
0.18	0.34	0.25
0.18	0.345	0.25
0.18	0.35	0.25
0.18	0.355	0.25
0.18	0.36	0.25
0.18	0.365	0.25
0.18	0.37	0.25
0.18	0.375	0.25
0.18	0.38	0.25
0.18	0.385	0.25
0.18	0.39	0.25
0.18	0.395	0.25
0.18	0.4	0.25
0.18	0.405	0.25
0.18	0.41	0.25
0.18	0.415	0.25
0.18	0.42	0.25
0.18	0.425	0.25
0.18	0.43	0.25
0.18	0.435	0.25
0.18	0.44	0.25
0.18	0.445	0.25
0.18	0.45	0.25
0.18	0.455	0.25
0.18	0.46	0.25
0.18	0.465	0.25
0.18	0.47	0.25
0.18	0.475	0.25
0.18	0.48	0.25
0.18	0.485	0.25
0.18	0.49	0.25
0.18	0.495	0.25
0.18	0.5	0.25
0.18	0.505	0.25
0.18	0.51	0.25
0.18	0.515	0.25
0.18	0.52	0.25
0.18	0.525	0.25
0.18	0.53	0.25
0.18	0.535	0.25
0.18	0.54	0.25
0.18	0.545	0.25
0.18	0.55	0.25
0.18	0.555	0.25
0.18	0.56	0.25
0.18	0.565	0.25
0.18	0.57	0.25
0.18	0.575	0.25
0.18	0.58	0.25
0.18	0.585	0.25
0.18	0.59	0.25
0.18	0.595	0.25
0.18	0.6	0.25
0.18	0.605	0.25
0.18	0.61	0.25
0.18	0.615	0.25
0.18	0.62	0.25
0.18	0.625	0.25
0.18	0.63	0.25
0.18	0.635	0.25
0.18	0.64	0.25
0.18	0.645	0.25
0.18	0.65	0.25
0.18	0.655	0.25
0.18	0.66	0.25
0.18	0.665	0.25
0.18	0.67	0.25
0.18	0.675	0.25
0.18	0.68	0.25
0.18	0.685	0.25
0.18	0.69	0.25
0.18	0.695	0.25
0.18	0.7	0.25
0.18	0.705	0.25
0.18	0.71	0.25
0.18	0.715	0.25
0.18	0.72	0.25
0.18	0.725	0.25
0.18	0.73	0.25
0.18	0.735	0.25
0.18	0.74	0.25
0.18	0.745	0.25
0.18	0.75	0.25
0.18	0.755	0.25
0.18	0.76	0.25
0.18	0.765	0.25
0.18	0.77	0.25
0.18	0.775	0.25
0.18	0.78	0.25
0.18	0.785	0.25
0.18	0.79	0.25
0.18	0.795	0.25
0.18	0.8	0.25
0.18	0.805	0.25
0.18	0.81	0.25
0.18	0.815	0.25
0.18	0.82	0.25
0.18	0.825	0.25
0.18	0.83	0.25
0.18	0.835	0.25
0.18	0.84	0.25
0.18	0.845	0.25
0.18	0.85	0.25
0.18	0.855	0.25
0.18	0.86	0.25
0.18	0.865	0.25
0.18	0.87	0.25
0.18	0.875	0.25
0.18	0.88	0.25
0.18	0.885	0.25
0.18	0.89	0.25
0.18	0.895	0.25
0.18	0.9	0.25
0.18	0.905	0.25
0.18	0.91	0.25
0.18	0.915	0.25
0.18	0.92	0.25
0.18	0.925	0.25
0.18	0.93	0.25
0.18	0.935	0.25
0.18	0.94	0.25
0.18	0.945	0.25
0.18	0.95	0.25
0.18	0.955	0.25
0.18	0.96	0.25
0.18	0.965	0.25
0.18	0.97	0.25
0.18	0.975	0.25
0.18	0.98	0.25
0.18	0.985	0.25
0.18	0.99	0.25
0.18	0.995	0.25
0.18	1	0.25
0.19	0	1
0.19	0.005	1
0.19	0.01	1
0.19	0.015	1
0.19	0.02	1
0.19	0.025	1
0.19	0.03	1
0.19	0.035	1
0.19	0.04	1
0.19	0.045	1
0.19	0.05	1
0.19	0.055	1
0.19	0.06	1
0.19	0.065	1
0.19	0.07	1
0.19	0.075	1
0.19	0.08	1
0.19	0.085	1
0.19	0.09	1
0.19	0.095	1
0.19	0.1	1
0.19	0.105	1
0.19	0.11	1
0.19	0.115	1
0.19	0.12	1
0.19	0.125	1
0.19	0.13	1
0.19	0.135	1
0.19	0.14	1
0.19	0.145	1
0.19	0.15	1
0.19	0.155	1
0.19	0.16	1
0.19	0.165	1
0.19	0.17	1
0.19	0.175	1
0.19	0.18	1
0.19	0.185	1
0.19	0.19	1
0.19	0.195	1
0.19	0.2	1
0.19	0.205	1
0.19	0.21	1
0.19	0.215	1
0.19	0.22	1
0.19	0.225	1
0.19	0.23	1
0.19	0.235	1
0.19	0.24	1
0.19	0.245	1
0.19	0.25	0.25
0.19	0.255	0.25
0.19	0.26	0.25
0.19	0.265	0.25
0.19	0.27	0.25
0.19	0.275	0.25
0.19	0.28	0.25
0.19	0.285	0.25
0.19	0.29	0.25
0.19	0.295	0.25
0.19	0.3	0.25
0.19	0.305	0.25
0.19	0.31	0.25
0.19	0.315	0.25
0.19	0.32	0.25
0.19	0.325	0.25
0.19	0.33	0.25
0.19	0.335	0.25
0.19	0.34	0.25
0.19	0.345	0.25
0.19	0.35	0.25
0.19	0.355	0.25
0.19	0.36	0.25
0.19	0.365	0.25
0.19	0.37	0.25
0.19	0.375	0.25
0.19	0.38	0.25
0.19	0.385	0.25
0.19	0.39	0.25
0.19	0.395	0.25
0.19	0.4	0.25
0.19	0.405	0.25
0.19	0.41	0.25
0.19	0.415	0.25
0.19	0.42	0.25
0.19	0.425	0.25
0.19	0.43	0.25
0.19	0.435	0.25
0.19	0.44	0.25
0.19	0.445	0.25
0.19	0.45	0.25
0.19	0.455	0.25
0.19	0.46	0.25
0.19	0.465	0.25
0.19	0.47	0.25
0.19	0.475	0.25
0.19	0.48	0.25
0.19	0.485	0.25
0.19	0.49	0.25
0.19	0.495	0.25
0.19	0.5	0.25
0.19	0.505	0.25
0.19	0.51	0.25
0.19	0.515	0.25
0.19	0.52	0.25
0.19	0.525	0.25
0.19	0.53	0.25
0.19	0.535	0.25
0.19	0.54	0.25
0.19	0.545	0.25
0.19	0.55	0.25
0.19	0.555	0.25
0.19	0.56	0.25
0.19	0.565	0.25
0.19	0.57	0.25
0.19	0.575	0.25
0.19	0.58	0.25
0.19	0.585	0.25
0.19	0.59	0.25
0.19	0.595	0.25
0.19	0.6	0.25
0.19	0.605	0.25
0.19	0.61	0.25
0.19	0.615	0.25
0.19	0.62	0.25
0.19	0.625	0.25
0.19	0.63	0.25
0.19	0.635	0.25
0.19	0.64	0.25
0.19	0.645	0.25
0.19	0.65	0.25
0.19	0.655	0.25
0.19	0.66	0.25
0.19	0.665	0.25
0.19	0.67	0.25
0.19	0.675	0.25
0.19	0.68	0.25
0.19	0.685	0.25
0.19	0.69	0.25
0.19	0.695	0.25
0.19	0.7	0.25
0.19	0.705	0.25
0.19	0.71	0.25
0.19	0.715	0.25
0.19	0.72	0.25
0.19	0.725	0.25
0.19	0.73	0.25
0.19	0.735	0.25
0.19	0.74	0.25
0.19	0.745	0.25
0.19	0.75	0.25
0.19	0.755	0.25
0.19	0.76	0.25
0.19	0.765	0.25
0.19	0.77	0.25
0.19	0.775	0.25
0.19	0.78	0.25
0.19	0.785	0.25
0.19	0.79	0.25
0.19	0.795	0.25
0.19	0.8	0.25
0.19	0.805	0.25
0.19	0.81	0.25
0.19	0.815	0.25
0.19	0.82	0.25
0.19	0.825	0.25
0.19	0.83	0.25
0.19	0.835	0.25
0.19	0.84	0.25
0.19	0.845	0.25
0.19	0.85	0.25
0.19	0.855	0.25
0.19	0.86	0.25
0.19	0.865	0.25
0.19	0.87	0.25
0.19	0.875	0.25
0.19	0.88	0.25
0.19	0.885	0.25
0.19	0.89	0.25
0.19	0.895	0.25
0.19	0.9	0.25
0.19	0.905	0.25
0.19	0.91	0.25
0.19	0.915	0.25
0.19	0.92	0.25
0.19	0.925	0.25
0.19	0.93	0.25
0.19	0.935	0.25
0.19	0.94	0.25
0.19	0.945	0.25
0.19	0.95	0.25
0.19	0.955	0.25
0.19	0.96	0.25
0.19	0.965	0.25
0.19	0.97	0.25
0.19	0.975	0.25
0.19	0.98	0.25
0.19	0.985	0.25
0.19	0.99	0.25
0.19	0.995	0.25
0.19	1	0.25
0.2	0	1
0.2	0.005	1
0.2	0.01	1
0.2	0.015	1
0.2	0.02	1
0.2	0.025	1
0.2	0.03	1
0.2	0.035	1
0.2	0.04	1
0.2	0.045	1
0.2	0.05	1
0.2	0.055	1
0.2	0.06	1
0.2	0.065	1
0.2	0.07	1
0.2	0.075	1
0.2	0.08	1
0.2	0.085	1
0.2	0.09	1
0.2	0.095	1
0.2	0.1	1
0.2	0.105	1
0.2	0.11	1
0.2	0.115	1
0.2	0.12	1
0.2	0.125	1
0.2	0.13	1
0.2	0.135	1
0.2	0.14	1
0.2	0.145	1
0.2	0.15	1
0.2	0.155	1
0.2	0.16	1
0.2	0.165	1
0.2	0.17	1
0.2	0.175	1
0.2	0.18	1
0.2	0.185	1
0.2	0.19	1
0.2	0.195	1
0.2	0.2	1
0.2	0.205	1
0.2	0.21	1
0.2	0.215	1
0.2	0.22	1
0.2	0.225	1
0.2	0.23	1
0.2	0.235	1
0.2	0.24	1
0.2	0.245	1
0.2	0.25	0.25
0.2	0.255	0.25
0.2	0.26	0.25
0.2	0.265	0.25
0.2	0.27	0.25
0.2	0.275	0.25
0.2	0.28	0.25
0.2	0.285	0.25
0.2	0.29	0.25
0.2	0.295	0.25
0.2	0.3	0.25
0.2	0.305	0.25
0.2	0.31	0.25
0.2	0.315	0.25
0.2	0.32	0.25
0.2	0.325	0.25
0.2	0.33	0.25
0.2	0.335	0.25
0.2	0.34	0.25
0.2	0.345	0.25
0.2	0.35	0.25
0.2	0.355	0.25
0.2	0.36	0.25
0.2	0.365	0.25
0.2	0.37	0.25
0.2	0.375	0.25
0.2	0.38	0.25
0.2	0.385	0.25
0.2	0.39	0.25
0.2	0.395	0.25
0.2	0.4	0.25
0.2	0.405	0.25
0.2	0.41	0.25
0.2	0.415	0.25
0.2	0.42	0.25
0.2	0.425	0.25
0.2	0.43	0.25
0.2	0.435	0.25
0.2	0.44	0.25
0.2	0.445	0.25
0.2	0.45	0.25
0.2	0.455	0.25
0.2	0.46	0.25
0.2	0.465	0.25
0.2	0.47	0.25
0.2	0.475	0.25
0.2	0.48	0.25
0.2	0.485	0.25
0.2	0.49	0.25
0.2	0.495	0.25
0.2	0.5	0.25
0.2	0.505	0.25
0.2	0.51	0.25
0.2	0.515	0.25
0.2	0.52	0.25
0.2	0.525	0.25
0.2	0.53	0.25
0.2	0.535	0.25
0.2	0.54	0.25
0.2	0.545	0.25
0.2	0.55	0.25
0.2	0.555	0.25
0.2	0.56	0.25
0.2	0.565	0.25
0.2	0.57	0.25
0.2	0.575	0.25
0.2	0.58	0.25
0.2	0.585	0.25
0.2	0.59	0.25
0.2	0.595	0.25
0.2	0.6	0.25
0.2	0.605	0.25
0.2	0.61	0.25
0.2	0.615	0.25
0.2	0.62	0.25
0.2	0.625	0.25
0.2	0.63	0.25
0.2	0.635	0.25
0.2	0.64	0.25
0.2	0.645	0.25
0.2	0.65	0.25
0.2	0.655	0.25
0.2	0.66	0.25
0.2	0.665	0.25
0.2	0.67	0.25
0.2	0.675	0.25
0.2	0.68	0.25
0.2	0.685	0.25
0.2	0.69	0.25
0.2	0.695	0.25
0.2	0.7	0.25
0.2	0.705	0.25
0.2	0.71	0.25
0.2	0.715	0.25
0.2	0.72	0.25
0.2	0.725	0.25
0.2	0.73	0.25
0.2	0.735	0.25
0.2	0.74	0.25
0.2	0.745	0.25
0.2	0.75	0.25
0.2	0.755	0.25
0.2	0.76	0.25
0.2	0.765	0.25
0.2	0.77	0.25
0.2	0.775	0.25
0.2	0.78	0.25
0.2	0.785	0.25
0.2	0.79	0.25
0.2	0.795	0.25
0.2	0.8	0.25
0.2	0.805	0.25
0.2	0.81	0.25
0.2	0.815	0.25
0.2	0.82	0.25
0.2	0.825	0.25
0.2	0.83	0.25
0.2	0.835	0.25
0.2	0.84	0.25
0.2	0.845	0.25
0.2	0.85	0.25
0.2	0.855	0.25
0.2	0.86	0.25
0.2	0.865	0.25
0.2	0.87	0.25
0.2	0.875	0.25
0.2	0.88	0.25
0.2	0.885	0.25
0.2	0.89	0.25
0.2	0.895	0.25
0.2	0.9	0.25
0.2	0.905	0.25
0.2	0.91	0.25
0.2	0.915	0.25
0.2	0.92	0.25
0.2	0.925	0.25
0.2	0.93	0.25
0.2	0.935	0.25
0.2	0.94	0.25
0.2	0.945	0.25
0.2	0.95	0.25
0.2	0.955	0.25
0.2	0.96	0.25
0.2	0.965	0.25
0.2	0.97	0.25
0.2	0.975	0.25
0.2	0.98	0.25
0.2	0.985	0.25
0.2	0.99	0.25
0.2	0.995	0.25
0.2	1	0.25
0.21	0	1
0.21	0.005	1
0.21	0.01	1
0.21	0.015	1
0.21	0.02	1
0.21	0.025	1
0.21	0.03	1
0.21	0.035	1
0.21	0.04	1
0.21	0.045	1
0.21	0.05	1
0.21	0.055	1
0.21	0.06	1
0.21	0.065	1
0.21	0.07	1
0.21	0.075	1
0.21	0.08	1
0.21	0.085	1
0.21	0.09	1
0.21	0.095	1
0.21	0.1	1
0.21	0.105	1
0.21	0.11	1
0.21	0.115	1
0.21	0.12	1
0.21	0.125	1
0.21	0.13	1
0.21	0.135	1
0.21	0.14	1
0.21	0.145	1
0.21	0.15	1
0.21	0.155	1
0.21	0.16	1
0.21	0.165	1
0.21	0.17	1
0.21	0.175	1
0.21	0.18	1
0.21	0.185	1
0.21	0.19	1
0.21	0.195	1
0.21	0.2	1
0.21	0.205	1
0.21	0.21	1
0.21	0.215	1
0.21	0.22	1
0.21	0.225	1
0.21	0.23	1
0.21	0.235	1
0.21	0.24	1
0.21	0.245	1
0.21	0.25	0.25
0.21	0.255	0.25
0.21	0.26	0.25
0.21	0.265	0.25
0.21	0.27	0.25
0.21	0.275	0.25
0.21	0.28	0.25
0.21	0.285	0.25
0.21	0.29	0.25
0.21	0.295	0.25
0.21	0.3	0.25
0.21	0.305	0.25
0.21	0.31	0.25
0.21	0.315	0.25
0.21	0.32	0.25
0.21	0.325	0.25
0.21	0.33	0.25
0.21	0.335	0.25
0.21	0.34	0.25
0.21	0.345	0.25
0.21	0.35	0.25
0.21	0.355	0.25
0.21	0.36	0.25
0.21	0.365	0.25
0.21	0.37	0.25
0.21	0.375	0.25
0.21	0.38	0.25
0.21	0.385	0.25
0.21	0.39	0.25
0.21	0.395	0.25
0.21	0.4	0.25
0.21	0.405	0.25
0.21	0.41	0.25
0.21	0.415	0.25
0.21	0.42	0.25
0.21	0.425	0.25
0.21	0.43	0.25
0.21	0.435	0.25
0.21	0.44	0.25
0.21	0.445	0.25
0.21	0.45	0.25
0.21	0.455	0.25
0.21	0.46	0.25
0.21	0.465	0.25
0.21	0.47	0.25
0.21	0.475	0.25
0.21	0.48	0.25
0.21	0.485	0.25
0.21	0.49	0.25
0.21	0.495	0.25
0.21	0.5	0.25
0.21	0.505	0.25
0.21	0.51	0.25
0.21	0.515	0.25
0.21	0.52	0.25
0.21	0.525	0.25
0.21	0.53	0.25
0.21	0.535	0.25
0.21	0.54	0.25
0.21	0.545	0.25
0.21	0.55	0.25
0.21	0.555	0.25
0.21	0.56	0.25
0.21	0.565	0.25
0.21	0.57	0.25
0.21	0.575	0.25
0.21	0.58	0.25
0.21	0.585	0.25
0.21	0.59	0.25
0.21	0.595	0.25
0.21	0.6	0.25
0.21	0.605	0.25
0.21	0.61	0.25
0.21	0.615	0.25
0.21	0.62	0.25
0.21	0.625	0.25
0.21	0.63	0.25
0.21	0.635	0.25
0.21	0.64	0.25
0.21	0.645	0.25
0.21	0.65	0.25
0.21	0.655	0.25
0.21	0.66	0.25
0.21	0.665	0.25
0.21	0.67	0.25
0.21	0.675	0.25
0.21	0.68	0.25
0.21	0.685	0.25
0.21	0.69	0.25
0.21	0.695	0.25
0.21	0.7	0.25
0.21	0.705	0.25
0.21	0.71	0.25
0.21	0.715	0.25
0.21	0.72	0.25
0.21	0.725	0.25
0.21	0.73	0.25
0.21	0.735	0.25
0.21	0.74	0.25
0.21	0.745	0.25
0.21	0.75	0.25
0.21	0.755	0.25
0.21	0.76	0.25
0.21	0.765	0.25
0.21	0.77	0.25
0.21	0.775	0.25
0.21	0.78	0.25
0.21	0.785	0.25
0.21	0.79	0.25
0.21	0.795	0.25
0.21	0.8	0.25
0.21	0.805	0.25
0.21	0.81	0.25
0.21	0.815	0.25
0.21	0.82	0.25
0.21	0.825	0.25
0.21	0.83	0.25
0.21	0.835	0.25
0.21	0.84	0.25
0.21	0.845	0.25
0.21	0.85	0.25
0.21	0.855	0.25
0.21	0.86	0.25
0.21	0.865	0.25
0.21	0.87	0.25
0.21	0.875	0.25
0.21	0.88	0.25
0.21	0.885	0.25
0.21	0.89	0.25
0.21	0.895	0.25
0.21	0.9	0.25
0.21	0.905	0.25
0.21	0.91	0.25
0.21	0.915	0.25
0.21	0.92	0.25
0.21	0.925	0.25
0.21	0.93	0.25
0.21	0.935	0.25
0.21	0.94	0.25
0.21	0.945	0.25
0.21	0.95	0.25
0.21	0.955	0.25
0.21	0.96	0.25
0.21	0.965	0.25
0.21	0.97	0.25
0.21	0.975	0.25
0.21	0.98	0.25
0.21	0.985	0.25
0.21	0.99	0.25
0.21	0.995	0.25
0.21	1	0.25
0.22	0	1
0.22	0.005	1
0.22	0.01	1
0.22	0.015	1
0.22	0.02	1
0.22	0.025	1
0.22	0.03	1
0.22	0.035	1
0.22	0.04	1
0.22	0.045	1
0.22	0.05	1
0.22	0.055	1
0.22	0.06	1
0.22	0.065	1
0.22	0.07	1
0.22	0.075	1
0.22	0.08	1
0.22	0.085	1
0.22	0.09	1
0.22	0.095	1
0.22	0.1	1
0.22	0.105	1
0.22	0.11	1
0.22	0.115	1
0.22	0.12	1
0.22	0.125	1
0.22	0.13	1
0.22	0.135	1
0.22	0.14	1
0.22	0.145	1
0.22	0.15	1
0.22	0.155	1
0.22	0.16	1
0.22	0.165	1
0.22	0.17	1
0.22	0.175	1
0.22	0.18	1
0.22	0.185	1
0.22	0.19	1
0.22	0.195	1
0.22	0.2	1
0.22	0.205	1
0.22	0.21	1
0.22	0.215	1
0.22	0.22	1
0.22	0.225	1
0.22	0.23	1
0.22	0.235	1
0.22	0.24	1
0.22	0.245	1
0.22	0.25	0.25
0.22	0.255	0.25
0.22	0.26	0.25
0.22	0.265	0.25
0.22	0.27	0.25
0.22	0.275	0.25
0.22	0.28	0.25
0.22	0.285	0.25
0.22	0.29	0.25
0.22	0.295	0.25
0.22	0.3	0.25
0.22	0.305	0.25
0.22	0.31	0.25
0.22	0.315	0.25
0.22	0.32	0.25
0.22	0.325	0.25
0.22	0.33	0.25
0.22	0.335	0.25
0.22	0.34	0.25
0.22	0.345	0.25
0.22	0.35	0.25
0.22	0.355	0.25
0.22	0.36	0.25
0.22	0.365	0.25
0.22	0.37	0.25
0.22	0.375	0.25
0.22	0.38	0.25
0.22	0.385	0.25
0.22	0.39	0.25
0.22	0.395	0.25
0.22	0.4	0.25
0.22	0.405	0.25
0.22	0.41	0.25
0.22	0.415	0.25
0.22	0.42	0.25
0.22	0.425	0.25
0.22	0.43	0.25
0.22	0.435	0.25
0.22	0.44	0.25
0.22	0.445	0.25
0.22	0.45	0.25
0.22	0.455	0.25
0.22	0.46	0.25
0.22	0.465	0.25
0.22	0.47	0.25
0.22	0.475	0.25
0.22	0.48	0.25
0.22	0.485	0.25
0.22	0.49	0.25
0.22	0.495	0.25
0.22	0.5	0.25
0.22	0.505	0.25
0.22	0.51	0.25
0.22	0.515	0.25
0.22	0.52	0.25
0.22	0.525	0.25
0.22	0.53	0.25
0.22	0.535	0.25
0.22	0.54	0.25
0.22	0.545	0.25
0.22	0.55	0.25
0.22	0.555	0.25
0.22	0.56	0.25
0.22	0.565	0.25
0.22	0.57	0.25
0.22	0.575	0.25
0.22	0.58	0.25
0.22	0.585	0.25
0.22	0.59	0.25
0.22	0.595	0.25
0.22	0.6	0.25
0.22	0.605	0.25
0.22	0.61	0.25
0.22	0.615	0.25
0.22	0.62	0.25
0.22	0.625	0.25
0.22	0.63	0.25
0.22	0.635	0.25
0.22	0.64	0.25
0.22	0.645	0.25
0.22	0.65	0.25
0.22	0.655	0.25
0.22	0.66	0.25
0.22	0.665	0.25
0.22	0.67	0.25
0.22	0.675	0.25
0.22	0.68	0.25
0.22	0.685	0.25
0.22	0.69	0.25
0.22	0.695	0.25
0.22	0.7	0.25
0.22	0.705	0.25
0.22	0.71	0.25
0.22	0.715	0.25
0.22	0.72	0.25
0.22	0.725	0.25
0.22	0.73	0.25
0.22	0.735	0.25
0.22	0.74	0.25
0.22	0.745	0.25
0.22	0.75	0.25
0.22	0.755	0.25
0.22	0.76	0.25
0.22	0.765	0.25
0.22	0.77	0.25
0.22	0.775	0.25
0.22	0.78	0.25
0.22	0.785	0.25
0.22	0.79	0.25
0.22	0.795	0.25
0.22	0.8	0.25
0.22	0.805	0.25
0.22	0.81	0.25
0.22	0.815	0.25
0.22	0.82	0.25
0.22	0.825	0.25
0.22	0.83	0.25
0.22	0.835	0.25
0.22	0.84	0.25
0.22	0.845	0.25
0.22	0.85	0.25
0.22	0.855	0.25
0.22	0.86	0.25
0.22	0.865	0.25
0.22	0.87	0.25
0.22	0.875	0.25
0.22	0.88	0.25
0.22	0.885	0.25
0.22	0.89	0.25
0.22	0.895	0.25
0.22	0.9	0.25
0.22	0.905	0.25
0.22	0.91	0.25
0.22	0.915	0.25
0.22	0.92	0.25
0.22	0.925	0.25
0.22	0.93	0.25
0.22	0.935	0.25
0.22	0.94	0.25
0.22	0.945	0.25
0.22	0.95	0.25
0.22	0.955	0.25
0.22	0.96	0.25
0.22	0.965	0.25
0.22	0.97	0.25
0.22	0.975	0.25
0.22	0.98	0.25
0.22	0.985	0.25
0.22	0.99	0.25
0.22	0.995	0.25
0.22	1	0.25
0.23	0	1
0.23	0.005	1
0.23	0.01	1
0.23	0.015	1
0.23	0.02	1
0.23	0.025	1
0.23	0.03	1
0.23	0.035	1
0.23	0.04	1
0.23	0.045	1
0.23	0.05	1
0.23	0.055	1
0.23	0.06	1
0.23	0.065	1
0.23	0.07	1
0.23	0.075	1
0.23	0.08	1
0.23	0.085	1
0.23	0.09	1
0.23	0.095	1
0.23	0.1	1
0.23	0.105	1
0.23	0.11	1
0.23	0.115	1
0.23	0.12	1
0.23	0.125	1
0.23	0.13	1
0.23	0.135	1
0.23	0.14	1
0.23	0.145	1
0.23	0.15	1
0.23	0.155	1
0.23	0.16	1
0.23	0.165	1
0.23	0.17	1
0.23	0.175	1
0.23	0.18	1
0.23	0.185	1
0.23	0.19	1
0.23	0.195	1
0.23	0.2	1
0.23	0.205	1
0.23	0.21	1
0.23	0.215	1
0.23	0.22	1
0.23	0.225	1
0.23	0.23	1
0.23	0.235	1
0.23	0.24	1
0.23	0.245	1
0.23	0.25	0.25
0.23	0.255	0.25
0.23	0.26	0.25
0.23	0.265	0.25
0.23	0.27	0.25
0.23	0.275	0.25
0.23	0.28	0.25
0.23	0.285	0.25
0.23	0.29	0.25
0.23	0.295	0.25
0.23	0.3	0.25
0.23	0.305	0.25
0.23	0.31	0.25
0.23	0.315	0.25
0.23	0.32	0.25
0.23	0.325	0.25
0.23	0.33	0.25
0.23	0.335	0.25
0.23	0.34	0.25
0.23	0.345	0.25
0.23	0.35	0.25
0.23	0.355	0.25
0.23	0.36	0.25
0.23	0.365	0.25
0.23	0.37	0.25
0.23	0.375	0.25
0.23	0.38	0.25
0.23	0.385	0.25
0.23	0.39	0.25
0.23	0.395	0.25
0.23	0.4	0.25
0.23	0.405	0.25
0.23	0.41	0.25
0.23	0.415	0.25
0.23	0.42	0.25
0.23	0.425	0.25
0.23	0.43	0.25
0.23	0.435	0.25
0.23	0.44	0.25
0.23	0.445	0.25
0.23	0.45	0.25
0.23	0.455	0.25
0.23	0.46	0.25
0.23	0.465	0.25
0.23	0.47	0.25
0.23	0.475	0.25
0.23	0.48	0.25
0.23	0.485	0.25
0.23	0.49	0.25
0.23	0.495	0.25
0.23	0.5	0.25
0.23	0.505	0.25
0.23	0.51	0.25
0.23	0.515	0.25
0.23	0.52	0.25
0.23	0.525	0.25
0.23	0.53	0.25
0.23	0.535	0.25
0.23	0.54	0.25
0.23	0.545	0.25
0.23	0.55	0.25
0.23	0.555	0.25
0.23	0.56	0.25
0.23	0.565	0.25
0.23	0.57	0.25
0.23	0.575	0.25
0.23	0.58	0.25
0.23	0.585	0.25
0.23	0.59	0.25
0.23	0.595	0.25
0.23	0.6	0.25
0.23	0.605	0.25
0.23	0.61	0.25
0.23	0.615	0.25
0.23	0.62	0.25
0.23	0.625	0.25
0.23	0.63	0.25
0.23	0.635	0.25
0.23	0.64	0.25
0.23	0.645	0.25
0.23	0.65	0.25
0.23	0.655	0.25
0.23	0.66	0.25
0.23	0.665	0.25
0.23	0.67	0.25
0.23	0.675	0.25
0.23	0.68	0.25
0.23	0.685	0.25
0.23	0.69	0.25
0.23	0.695	0.25
0.23	0.7	0.25
0.23	0.705	0.25
0.23	0.71	0.25
0.23	0.715	0.25
0.23	0.72	0.25
0.23	0.725	0.25
0.23	0.73	0.25
0.23	0.735	0.25
0.23	0.74	0.25
0.23	0.745	0.25
0.23	0.75	0.25
0.23	0.755	0.25
0.23	0.76	0.25
0.23	0.765	0.25
0.23	0.77	0.25
0.23	0.775	0.25
0.23	0.78	0.25
0.23	0.785	0.25
0.23	0.79	0.25
0.23	0.795	0.25
0.23	0.8	0.25
0.23	0.805	0.25
0.23	0.81	0.25
0.23	0.815	0.25
0.23	0.82	0.25
0.23	0.825	0.25
0.23	0.83	0.25
0.23	0.835	0.25
0.23	0.84	0.25
0.23	0.845	0.25
0.23	0.85	0.25
0.23	0.855	0.25
0.23	0.86	0.25
0.23	0.865	0.25
0.23	0.87	0.25
0.23	0.875	0.25
0.23	0.88	0.25
0.23	0.885	0.25
0.23	0.89	0.25
0.23	0.895	0.25
0.23	0.9	0.25
0.23	0.905	0.25
0.23	0.91	0.25
0.23	0.915	0.25
0.23	0.92	0.25
0.23	0.925	0.25
0.23	0.93	0.25
0.23	0.935	0.25
0.23	0.94	0.25
0.23	0.945	0.25
0.23	0.95	0.25
0.23	0.955	0.25
0.23	0.96	0.25
0.23	0.965	0.25
0.23	0.97	0.25
0.23	0.975	0.25
0.23	0.98	0.25
0.23	0.985	0.25
0.23	0.99	0.25
0.23	0.995	0.25
0.23	1	0.25
0.24	0	1
0.24	0.005	1
0.24	0.01	1
0.24	0.015	1
0.24	0.02	1
0.24	0.025	1
0.24	0.03	1
0.24	0.035	1
0.24	0.04	1
0.24	0.045	1
0.24	0.05	1
0.24	0.055	1
0.24	0.06	1
0.24	0.065	1
0.24	0.07	1
0.24	0.075	1
0.24	0.08	1
0.24	0.085	1
0.24	0.09	1
0.24	0.095	1
0.24	0.1	1
0.24	0.105	1
0.24	0.11	1
0.24	0.115	1
0.24	0.12	1
0.24	0.125	1
0.24	0.13	1
0.24	0.135	1
0.24	0.14	1
0.24	0.145	1
0.24	0.15	1
0.24	0.155	1
0.24	0.16	1
0.24	0.165	1
0.24	0.17	1
0.24	0.175	1
0.24	0.18	1
0.24	0.185	1
0.24	0.19	1
0.24	0.195	1
0.24	0.2	1
0.24	0.205	1
0.24	0.21	1
0.24	0.215	1
0.24	0.22	1
0.24	0.225	1
0.24	0.23	1
0.24	0.235	1
0.24	0.24	1
0.24	0.245	1
0.24	0.25	0.25
0.24	0.255	0.25
0.24	0.26	0.25
0.24	0.265	0.25
0.24	0.27	0.25
0.24	0.275	0.25
0.24	0.28	0.25
0.24	0.285	0.25
0.24	0.29	0.25
0.24	0.295	0.25
0.24	0.3	0.25
0.24	0.305	0.25
0.24	0.31	0.25
0.24	0.315	0.25
0.24	0.32	0.25
0.24	0.325	0.25
0.24	0.33	0.25
0.24	0.335	0.25
0.24	0.34	0.25
0.24	0.345	0.25
0.24	0.35	0.25
0.24	0.355	0.25
0.24	0.36	0.25
0.24	0.365	0.25
0.24	0.37	0.25
0.24	0.375	0.25
0.24	0.38	0.25
0.24	0.385	0.25
0.24	0.39	0.25
0.24	0.395	0.25
0.24	0.4	0.25
0.24	0.405	0.25
0.24	0.41	0.25
0.24	0.415	0.25
0.24	0.42	0.25
0.24	0.425	0.25
0.24	0.43	0.25
0.24	0.435	0.25
0.24	0.44	0.25
0.24	0.445	0.25
0.24	0.45	0.25
0.24	0.455	0.25
0.24	0.46	0.25
0.24	0.465	0.25
0.24	0.47	0.25
0.24	0.475	0.25
0.24	0.48	0.25
0.24	0.485	0.25
0.24	0.49	0.25
0.24	0.495	0.25
0.24	0.5	0.25
0.24	0.505	0.25
0.24	0.51	0.25
0.24	0.515	0.25
0.24	0.52	0.25
0.24	0.525	0.25
0.24	0.53	0.25
0.24	0.535	0.25
0.24	0.54	0.25
0.24	0.545	0.25
0.24	0.55	0.25
0.24	0.555	0.25
0.24	0.56	0.25
0.24	0.565	0.25
0.24	0.57	0.25
0.24	0.575	0.25
0.24	0.58	0.25
0.24	0.585	0.25
0.24	0.59	0.25
0.24	0.595	0.25
0.24	0.6	0.25
0.24	0.605	0.25
0.24	0.61	0.25
0.24	0.615	0.25
0.24	0.62	0.25
0.24	0.625	0.25
0.24	0.63	0.25
0.24	0.635	0.25
0.24	0.64	0.25
0.24	0.645	0.25
0.24	0.65	0.25
0.24	0.655	0.25
0.24	0.66	0.25
0.24	0.665	0.25
0.24	0.67	0.25
0.24	0.675	0.25
0.24	0.68	0.25
0.24	0.685	0.25
0.24	0.69	0.25
0.24	0.695	0.25
0.24	0.7	0.25
0.24	0.705	0.25
0.24	0.71	0.25
0.24	0.715	0.25
0.24	0.72	0.25
0.24	0.725	0.25
0.24	0.73	0.25
0.24	0.735	0.25
0.24	0.74	0.25
0.24	0.745	0.25
0.24	0.75	0.25
0.24	0.755	0.25
0.24	0.76	0.25
0.24	0.765	0.25
0.24	0.77	0.25
0.24	0.775	0.25
0.24	0.78	0.25
0.24	0.785	0.25
0.24	0.79	0.25
0.24	0.795	0.25
0.24	0.8	0.25
0.24	0.805	0.25
0.24	0.81	0.25
0.24	0.815	0.25
0.24	0.82	0.25
0.24	0.825	0.25
0.24	0.83	0.25
0.24	0.835	0.25
0.24	0.84	0.25
0.24	0.845	0.25
0.24	0.85	0.25
0.24	0.855	0.25
0.24	0.86	0.25
0.24	0.865	0.25
0.24	0.87	0.25
0.24	0.875	0.25
0.24	0.88	0.25
0.24	0.885	0.25
0.24	0.89	0.25
0.24	0.895	0.25
0.24	0.9	0.25
0.24	0.905	0.25
0.24	0.91	0.25
0.24	0.915	0.25
0.24	0.92	0.25
0.24	0.925	0.25
0.24	0.93	0.25
0.24	0.935	0.25
0.24	0.94	0.25
0.24	0.945	0.25
0.24	0.95	0.25
0.24	0.955	0.25
0.24	0.96	0.25
0.24	0.965	0.25
0.24	0.97	0.25
0.24	0.975	0.25
0.24	0.98	0.25
0.24	0.985	0.25
0.24	0.99	0.25
0.24	0.995	0.25
0.24	1	0.25
0.25	0	1
0.25	0.005	1
0.25	0.01	1
0.25	0.015	1
0.25	0.02	1
0.25	0.025	1
0.25	0.03	1
0.25	0.035	1
0.25	0.04	1
0.25	0.045	1
0.25	0.05	1
0.25	0.055	1
0.25	0.06	1
0.25	0.065	1
0.25	0.07	1
0.25	0.075	1
0.25	0.08	1
0.25	0.085	1
0.25	0.09	1
0.25	0.095	1
0.25	0.1	1
0.25	0.105	1
0.25	0.11	1
0.25	0.115	1
0.25	0.12	1
0.25	0.125	1
0.25	0.13	1
0.25	0.135	1
0.25	0.14	1
0.25	0.145	1
0.25	0.15	1
0.25	0.155	1
0.25	0.16	1
0.25	0.165	1
0.25	0.17	1
0.25	0.175	1
0.25	0.18	1
0.25	0.185	1
0.25	0.19	1
0.25	0.195	1
0.25	0.2	1
0.25	0.205	1
0.25	0.21	1
0.25	0.215	1
0.25	0.22	1
0.25	0.225	1
0.25	0.23	1
0.25	0.235	1
0.25	0.24	1
0.25	0.245	1
0.25	0.25	0.25
0.25	0.255	0.25
0.25	0.26	0.25
0.25	0.265	0.25
0.25	0.27	0.25
0.25	0.275	0.25
0.25	0.28	0.25
0.25	0.285	0.25
0.25	0.29	0.25
0.25	0.295	0.25
0.25	0.3	0.25
0.25	0.305	0.25
0.25	0.31	0.25
0.25	0.315	0.25
0.25	0.32	0.25
0.25	0.325	0.25
0.25	0.33	0.25
0.25	0.335	0.25
0.25	0.34	0.25
0.25	0.345	0.25
0.25	0.35	0.25
0.25	0.355	0.25
0.25	0.36	0.25
0.25	0.365	0.25
0.25	0.37	0.25
0.25	0.375	0.25
0.25	0.38	0.25
0.25	0.385	0.25
0.25	0.39	0.25
0.25	0.395	0.25
0.25	0.4	0.25
0.25	0.405	0.25
0.25	0.41	0.25
0.25	0.415	0.25
0.25	0.42	0.25
0.25	0.425	0.25
0.25	0.43	0.25
0.25	0.435	0.25
0.25	0.44	0.25
0.25	0.445	0.25
0.25	0.45	0.25
0.25	0.455	0.25
0.25	0.46	0.25
0.25	0.465	0.25
0.25	0.47	0.25
0.25	0.475	0.25
0.25	0.48	0.25
0.25	0.485	0.25
0.25	0.49	0.25
0.25	0.495	0.25
0.25	0.5	0.25
0.25	0.505	0.25
0.25	0.51	0.25
0.25	0.515	0.25
0.25	0.52	0.25
0.25	0.525	0.25
0.25	0.53	0.25
0.25	0.535	0.25
0.25	0.54	0.25
0.25	0.545	0.25
0.25	0.55	0.25
0.25	0.555	0.25
0.25	0.56	0.25
0.25	0.565	0.25
0.25	0.57	0.25
0.25	0.575	0.25
0.25	0.58	0.25
0.25	0.585	0.25
0.25	0.59	0.25
0.25	0.595	0.25
0.25	0.6	0.25
0.25	0.605	0.25
0.25	0.61	0.25
0.25	0.615	0.25
0.25	0.62	0.25
0.25	0.625	0.25
0.25	0.63	0.25
0.25	0.635	0.25
0.25	0.64	0.25
0.25	0.645	0.25
0.25	0.65	0.25
0.25	0.655	0.25
0.25	0.66	0.25
0.25	0.665	0.25
0.25	0.67	0.25
0.25	0.675	0.25
0.25	0.68	0.25
0.25	0.685	0.25
0.25	0.69	0.25
0.25	0.695	0.25
0.25	0.7	0.25
0.25	0.705	0.25
0.25	0.71	0.25
0.25	0.715	0.25
0.25	0.72	0.25
0.25	0.725	0.25
0.25	0.73	0.25
0.25	0.735	0.25
0.25	0.74	0.25
0.25	0.745	0.25
0.25	0.75	0.25
0.25	0.755	0.25
0.25	0.76	0.25
0.25	0.765	0.25
0.25	0.77	0.25
0.25	0.775	0.25
0.25	0.78	0.25
0.25	0.785	0.25
0.25	0.79	0.25
0.25	0.795	0.25
0.25	0.8	0.25
0.25	0.805	0.25
0.25	0.81	0.25
0.25	0.815	0.25
0.25	0.82	0.25
0.25	0.825	0.25
0.25	0.83	0.25
0.25	0.835	0.25
0.25	0.84	0.25
0.25	0.845	0.25
0.25	0.85	0.25
0.25	0.855	0.25
0.25	0.86	0.25
0.25	0.865	0.25
0.25	0.87	0.25
0.25	0.875	0.25
0.25	0.88	0.25
0.25	0.885	0.25
0.25	0.89	0.25
0.25	0.895	0.25
0.25	0.9	0.25
0.25	0.905	0.25
0.25	0.91	0.25
0.25	0.915	0.25
0.25	0.92	0.25
0.25	0.925	0.25
0.25	0.93	0.25
0.25	0.935	0.25
0.25	0.94	0.25
0.25	0.945	0.25
0.25	0.95	0.25
0.25	0.955	0.25
0.25	0.96	0.25
0.25	0.965	0.25
0.25	0.97	0.25
0.25	0.975	0.25
0.25	0.98	0.25
0.25	0.985	0.25
0.25	0.99	0.25
0.25	0.995	0.25
0.25	1	0.25
0.26	0	1
0.26	0.005	1
0.26	0.01	1
0.26	0.015	1
0.26	0.02	1
0.26	0.025	1
0.26	0.03	1
0.26	0.035	1
0.26	0.04	1
0.26	0.045	1
0.26	0.05	1
0.26	0.055	1
0.26	0.06	1
0.26	0.065	1
0.26	0.07	1
0.26	0.075	1
0.26	0.08	1
0.26	0.085	1
0.26	0.09	1
0.26	0.095	1
0.26	0.1	1
0.26	0.105	1
0.26	0.11	1
0.26	0.115	1
0.26	0.12	1
0.26	0.125	1
0.26	0.13	1
0.26	0.135	1
0.26	0.14	1
0.26	0.145	1
0.26	0.15	1
0.26	0.155	1
0.26	0.16	1
0.26	0.165	1
0.26	0.17	1
0.26	0.175	1
0.26	0.18	1
0.26	0.185	1
0.26	0.19	1
0.26	0.195	1
0.26	0.2	1
0.26	0.205	1
0.26	0.21	1
0.26	0.215	1
0.26	0.22	1
0.26	0.225	1
0.26	0.23	1
0.26	0.235	1
0.26	0.24	1
0.26	0.245	1
0.26	0.25	0.25
0.26	0.255	0.25
0.26	0.26	0.25
0.26	0.265	0.25
0.26	0.27	0.25
0.26	0.275	0.25
0.26	0.28	0.25
0.26	0.285	0.25
0.26	0.29	0.25
0.26	0.295	0.25
0.26	0.3	0.25
0.26	0.305	0.25
0.26	0.31	0.25
0.26	0.315	0.25
0.26	0.32	0.25
0.26	0.325	0.25
0.26	0.33	0.25
0.26	0.335	0.25
0.26	0.34	0.25
0.26	0.345	0.25
0.26	0.35	0.25
0.26	0.355	0.25
0.26	0.36	0.25
0.26	0.365	0.25
0.26	0.37	0.25
0.26	0.375	0.25
0.26	0.38	0.25
0.26	0.385	0.25
0.26	0.39	0.25
0.26	0.395	0.25
0.26	0.4	0.25
0.26	0.405	0.25
0.26	0.41	0.25
0.26	0.415	0.25
0.26	0.42	0.25
0.26	0.425	0.25
0.26	0.43	0.25
0.26	0.435	0.25
0.26	0.44	0.25
0.26	0.445	0.25
0.26	0.45	0.25
0.26	0.455	0.25
0.26	0.46	0.25
0.26	0.465	0.25
0.26	0.47	0.25
0.26	0.475	0.25
0.26	0.48	0.25
0.26	0.485	0.25
0.26	0.49	0.25
0.26	0.495	0.25
0.26	0.5	0.25
0.26	0.505	0.25
0.26	0.51	0.25
0.26	0.515	0.25
0.26	0.52	0.25
0.26	0.525	0.25
0.26	0.53	0.25
0.26	0.535	0.25
0.26	0.54	0.25
0.26	0.545	0.25
0.26	0.55	0.25
0.26	0.555	0.25
0.26	0.56	0.25
0.26	0.565	0.25
0.26	0.57	0.25
0.26	0.575	0.25
0.26	0.58	0.25
0.26	0.585	0.25
0.26	0.59	0.25
0.26	0.595	0.25
0.26	0.6	0.25
0.26	0.605	0.25
0.26	0.61	0.25
0.26	0.615	0.25
0.26	0.62	0.25
0.26	0.625	0.25
0.26	0.63	0.25
0.26	0.635	0.25
0.26	0.64	0.25
0.26	0.645	0.25
0.26	0.65	0.25
0.26	0.655	0.25
0.26	0.66	0.25
0.26	0.665	0.25
0.26	0.67	0.25
0.26	0.675	0.25
0.26	0.68	0.25
0.26	0.685	0.25
0.26	0.69	0.25
0.26	0.695	0.25
0.26	0.7	0.25
0.26	0.705	0.25
0.26	0.71	0.25
0.26	0.715	0.25
0.26	0.72	0.25
0.26	0.725	0.25
0.26	0.73	0.25
0.26	0.735	0.25
0.26	0.74	0.25
0.26	0.745	0.25
0.26	0.75	0.25
0.26	0.755	0.25
0.26	0.76	0.25
0.26	0.765	0.25
0.26	0.77	0.25
0.26	0.775	0.25
0.26	0.78	0.25
0.26	0.785	0.25
0.26	0.79	0.25
0.26	0.795	0.25
0.26	0.8	0.25
0.26	0.805	0.25
0.26	0.81	0.25
0.26	0.815	0.25
0.26	0.82	0.25
0.26	0.825	0.25
0.26	0.83	0.25
0.26	0.835	0.25
0.26	0.84	0.25
0.26	0.845	0.25
0.26	0.85	0.25
0.26	0.855	0.25
0.26	0.86	0.25
0.26	0.865	0.25
0.26	0.87	0.25
0.26	0.875	0.25
0.26	0.88	0.25
0.26	0.885	0.25
0.26	0.89	0.25
0.26	0.895	0.25
0.26	0.9	0.25
0.26	0.905	0.25
0.26	0.91	0.25
0.26	0.915	0.25
0.26	0.92	0.25
0.26	0.925	0.25
0.26	0.93	0.25
0.26	0.935	0.25
0.26	0.94	0.25
0.26	0.945	0.25
0.26	0.95	0.25
0.26	0.955	0.25
0.26	0.96	0.25
0.26	0.965	0.25
0.26	0.97	0.25
0.26	0.975	0.25
0.26	0.98	0.25
0.26	0.985	0.25
0.26	0.99	0.25
0.26	0.995	0.25
0.26	1	0.25
0.27	0	1
0.27	0.005	1
0.27	0.01	1
0.27	0.015	1
0.27	0.02	1
0.27	0.025	1
0.27	0.03	1
0.27	0.035	1
0.27	0.04	1
0.27	0.045	1
0.27	0.05	1
0.27	0.055	1
0.27	0.06	1
0.27	0.065	1
0.27	0.07	1
0.27	0.075	1
0.27	0.08	1
0.27	0.085	1
0.27	0.09	1
0.27	0.095	1
0.27	0.1	1
0.27	0.105	1
0.27	0.11	1
0.27	0.115	1
0.27	0.12	1
0.27	0.125	1
0.27	0.13	1
0.27	0.135	1
0.27	0.14	1
0.27	0.145	1
0.27	0.15	1
0.27	0.155	1
0.27	0.16	1
0.27	0.165	1
0.27	0.17	1
0.27	0.175	1
0.27	0.18	1
0.27	0.185	1
0.27	0.19	1
0.27	0.195	1
0.27	0.2	1
0.27	0.205	1
0.27	0.21	1
0.27	0.215	1
0.27	0.22	1
0.27	0.225	1
0.27	0.23	1
0.27	0.235	1
0.27	0.24	1
0.27	0.245	1
0.27	0.25	0.25
0.27	0.255	0.25
0.27	0.26	0.25
0.27	0.265	0.25
0.27	0.27	0.25
0.27	0.275	0.25
0.27	0.28	0.25
0.27	0.285	0.25
0.27	0.29	0.25
0.27	0.295	0.25
0.27	0.3	0.25
0.27	0.305	0.25
0.27	0.31	0.25
0.27	0.315	0.25
0.27	0.32	0.25
0.27	0.325	0.25
0.27	0.33	0.25
0.27	0.335	0.25
0.27	0.34	0.25
0.27	0.345	0.25
0.27	0.35	0.25
0.27	0.355	0.25
0.27	0.36	0.25
0.27	0.365	0.25
0.27	0.37	0.25
0.27	0.375	0.25
0.27	0.38	0.25
0.27	0.385	0.25
0.27	0.39	0.25
0.27	0.395	0.25
0.27	0.4	0.25
0.27	0.405	0.25
0.27	0.41	0.25
0.27	0.415	0.25
0.27	0.42	0.25
0.27	0.425	0.25
0.27	0.43	0.25
0.27	0.435	0.25
0.27	0.44	0.25
0.27	0.445	0.25
0.27	0.45	0.25
0.27	0.455	0.25
0.27	0.46	0.25
0.27	0.465	0.25
0.27	0.47	0.25
0.27	0.475	0.25
0.27	0.48	0.25
0.27	0.485	0.25
0.27	0.49	0.25
0.27	0.495	0.25
0.27	0.5	0.25
0.27	0.505	0.25
0.27	0.51	0.25
0.27	0.515	0.25
0.27	0.52	0.25
0.27	0.525	0.25
0.27	0.53	0.25
0.27	0.535	0.25
0.27	0.54	0.25
0.27	0.545	0.25
0.27	0.55	0.25
0.27	0.555	0.25
0.27	0.56	0.25
0.27	0.565	0.25
0.27	0.57	0.25
0.27	0.575	0.25
0.27	0.58	0.25
0.27	0.585	0.25
0.27	0.59	0.25
0.27	0.595	0.25
0.27	0.6	0.25
0.27	0.605	0.25
0.27	0.61	0.25
0.27	0.615	0.25
0.27	0.62	0.25
0.27	0.625	0.25
0.27	0.63	0.25
0.27	0.635	0.25
0.27	0.64	0.25
0.27	0.645	0.25
0.27	0.65	0.25
0.27	0.655	0.25
0.27	0.66	0.25
0.27	0.665	0.25
0.27	0.67	0.25
0.27	0.675	0.25
0.27	0.68	0.25
0.27	0.685	0.25
0.27	0.69	0.25
0.27	0.695	0.25
0.27	0.7	0.25
0.27	0.705	0.25
0.27	0.71	0.25
0.27	0.715	0.25
0.27	0.72	0.25
0.27	0.725	0.25
0.27	0.73	0.25
0.27	0.735	0.25
0.27	0.74	0.25
0.27	0.745	0.25
0.27	0.75	0.25
0.27	0.755	0.25
0.27	0.76	0.25
0.27	0.765	0.25
0.27	0.77	0.25
0.27	0.775	0.25
0.27	0.78	0.25
0.27	0.785	0.25
0.27	0.79	0.25
0.27	0.795	0.25
0.27	0.8	0.25
0.27	0.805	0.25
0.27	0.81	0.25
0.27	0.815	0.25
0.27	0.82	0.25
0.27	0.825	0.25
0.27	0.83	0.25
0.27	0.835	0.25
0.27	0.84	0.25
0.27	0.845	0.25
0.27	0.85	0.25
0.27	0.855	0.25
0.27	0.86	0.25
0.27	0.865	0.25
0.27	0.87	0.25
0.27	0.875	0.25
0.27	0.88	0.25
0.27	0.885	0.25
0.27	0.89	0.25
0.27	0.895	0.25
0.27	0.9	0.25
0.27	0.905	0.25
0.27	0.91	0.25
0.27	0.915	0.25
0.27	0.92	0.25
0.27	0.925	0.25
0.27	0.93	0.25
0.27	0.935	0.25
0.27	0.94	0.25
0.27	0.945	0.25
0.27	0.95	0.25
0.27	0.955	0.25
0.27	0.96	0.25
0.27	0.965	0.25
0.27	0.97	0.25
0.27	0.975	0.25
0.27	0.98	0.25
0.27	0.985	0.25
0.27	0.99	0.25
0.27	0.995	0.25
0.27	1	0.25
0.28	0	1
0.28	0.005	1
0.28	0.01	1
0.28	0.015	1
0.28	0.02	1
0.28	0.025	1
0.28	0.03	1
0.28	0.035	1
0.28	0.04	1
0.28	0.045	1
0.28	0.05	1
0.28	0.055	1
0.28	0.06	1
0.28	0.065	1
0.28	0.07	1
0.28	0.075	1
0.28	0.08	1
0.28	0.085	1
0.28	0.09	1
0.28	0.095	1
0.28	0.1	1
0.28	0.105	1
0.28	0.11	1
0.28	0.115	1
0.28	0.12	1
0.28	0.125	1
0.28	0.13	1
0.28	0.135	1
0.28	0.14	1
0.28	0.145	1
0.28	0.15	1
0.28	0.155	1
0.28	0.16	1
0.28	0.165	1
0.28	0.17	1
0.28	0.175	1
0.28	0.18	1
0.28	0.185	1
0.28	0.19	1
0.28	0.195	1
0.28	0.2	1
0.28	0.205	1
0.28	0.21	1
0.28	0.215	1
0.28	0.22	1
0.28	0.225	1
0.28	0.23	1
0.28	0.235	1
0.28	0.24	1
0.28	0.245	1
0.28	0.25	0.25
0.28	0.255	0.25
0.28	0.26	0.25
0.28	0.265	0.25
0.28	0.27	0.25
0.28	0.275	0.25
0.28	0.28	0.25
0.28	0.285	0.25
0.28	0.29	0.25
0.28	0.295	0.25
0.28	0.3	0.25
0.28	0.305	0.25
0.28	0.31	0.25
0.28	0.315	0.25
0.28	0.32	0.25
0.28	0.325	0.25
0.28	0.33	0.25
0.28	0.335	0.25
0.28	0.34	0.25
0.28	0.345	0.25
0.28	0.35	0.25
0.28	0.355	0.25
0.28	0.36	0.25
0.28	0.365	0.25
0.28	0.37	0.25
0.28	0.375	0.25
0.28	0.38	0.25
0.28	0.385	0.25
0.28	0.39	0.25
0.28	0.395	0.25
0.28	0.4	0.25
0.28	0.405	0.25
0.28	0.41	0.25
0.28	0.415	0.25
0.28	0.42	0.25
0.28	0.425	0.25
0.28	0.43	0.25
0.28	0.435	0.25
0.28	0.44	0.25
0.28	0.445	0.25
0.28	0.45	0.25
0.28	0.455	0.25
0.28	0.46	0.25
0.28	0.465	0.25
0.28	0.47	0.25
0.28	0.475	0.25
0.28	0.48	0.25
0.28	0.485	0.25
0.28	0.49	0.25
0.28	0.495	0.25
0.28	0.5	0.25
0.28	0.505	0.25
0.28	0.51	0.25
0.28	0.515	0.25
0.28	0.52	0.25
0.28	0.525	0.25
0.28	0.53	0.25
0.28	0.535	0.25
0.28	0.54	0.25
0.28	0.545	0.25
0.28	0.55	0.25
0.28	0.555	0.25
0.28	0.56	0.25
0.28	0.565	0.25
0.28	0.57	0.25
0.28	0.575	0.25
0.28	0.58	0.25
0.28	0.585	0.25
0.28	0.59	0.25
0.28	0.595	0.25
0.28	0.6	0.25
0.28	0.605	0.25
0.28	0.61	0.25
0.28	0.615	0.25
0.28	0.62	0.25
0.28	0.625	0.25
0.28	0.63	0.25
0.28	0.635	0.25
0.28	0.64	0.25
0.28	0.645	0.25
0.28	0.65	0.25
0.28	0.655	0.25
0.28	0.66	0.25
0.28	0.665	0.25
0.28	0.67	0.25
0.28	0.675	0.25
0.28	0.68	0.25
0.28	0.685	0.25
0.28	0.69	0.25
0.28	0.695	0.25
0.28	0.7	0.25
0.28	0.705	0.25
0.28	0.71	0.25
0.28	0.715	0.25
0.28	0.72	0.25
0.28	0.725	0.25
0.28	0.73	0.25
0.28	0.735	0.25
0.28	0.74	0.25
0.28	0.745	0.25
0.28	0.75	0.25
0.28	0.755	0.25
0.28	0.76	0.25
0.28	0.765	0.25
0.28	0.77	0.25
0.28	0.775	0.25
0.28	0.78	0.25
0.28	0.785	0.25
0.28	0.79	0.25
0.28	0.795	0.25
0.28	0.8	0.25
0.28	0.805	0.25
0.28	0.81	0.25
0.28	0.815	0.25
0.28	0.82	0.25
0.28	0.825	0.25
0.28	0.83	0.25
0.28	0.835	0.25
0.28	0.84	0.25
0.28	0.845	0.25
0.28	0.85	0.25
0.28	0.855	0.25
0.28	0.86	0.25
0.28	0.865	0.25
0.28	0.87	0.25
0.28	0.875	0.25
0.28	0.88	0.25
0.28	0.885	0.25
0.28	0.89	0.25
0.28	0.895	0.25
0.28	0.9	0.25
0.28	0.905	0.25
0.28	0.91	0.25
0.28	0.915	0.25
0.28	0.92	0.25
0.28	0.925	0.25
0.28	0.93	0.25
0.28	0.935	0.25
0.28	0.94	0.25
0.28	0.945	0.25
0.28	0.95	0.25
0.28	0.955	0.25
0.28	0.96	0.25
0.28	0.965	0.25
0.28	0.97	0.25
0.28	0.975	0.25
0.28	0.98	0.25
0.28	0.985	0.25
0.28	0.99	0.25
0.28	0.995	0.25
0.28	1	0.25
0.29	0	1
0.29	0.005	1
0.29	0.01	1
0.29	0.015	1
0.29	0.02	1
0.29	0.025	1
0.29	0.03	1
0.29	0.035	1
0.29	0.04	1
0.29	0.045	1
0.29	0.05	1
0.29	0.055	1
0.29	0.06	1
0.29	0.065	1
0.29	0.07	1
0.29	0.075	1
0.29	0.08	1
0.29	0.085	1
0.29	0.09	1
0.29	0.095	1
0.29	0.1	1
0.29	0.105	1
0.29	0.11	1
0.29	0.115	1
0.29	0.12	1
0.29	0.125	1
0.29	0.13	1
0.29	0.135	1
0.29	0.14	1
0.29	0.145	1
0.29	0.15	1
0.29	0.155	1
0.29	0.16	1
0.29	0.165	1
0.29	0.17	1
0.29	0.175	1
0.29	0.18	1
0.29	0.185	1
0.29	0.19	1
0.29	0.195	1
0.29	0.2	1
0.29	0.205	1
0.29	0.21	1
0.29	0.215	1
0.29	0.22	1
0.29	0.225	1
0.29	0.23	1
0.29	0.235	1
0.29	0.24	1
0.29	0.245	1
0.29	0.25	0.25
0.29	0.255	0.25
0.29	0.26	0.25
0.29	0.265	0.25
0.29	0.27	0.25
0.29	0.275	0.25
0.29	0.28	0.25
0.29	0.285	0.25
0.29	0.29	0.25
0.29	0.295	0.25
0.29	0.3	0.25
0.29	0.305	0.25
0.29	0.31	0.25
0.29	0.315	0.25
0.29	0.32	0.25
0.29	0.325	0.25
0.29	0.33	0.25
0.29	0.335	0.25
0.29	0.34	0.25
0.29	0.345	0.25
0.29	0.35	0.25
0.29	0.355	0.25
0.29	0.36	0.25
0.29	0.365	0.25
0.29	0.37	0.25
0.29	0.375	0.25
0.29	0.38	0.25
0.29	0.385	0.25
0.29	0.39	0.25
0.29	0.395	0.25
0.29	0.4	0.25
0.29	0.405	0.25
0.29	0.41	0.25
0.29	0.415	0.25
0.29	0.42	0.25
0.29	0.425	0.25
0.29	0.43	0.25
0.29	0.435	0.25
0.29	0.44	0.25
0.29	0.445	0.25
0.29	0.45	0.25
0.29	0.455	0.25
0.29	0.46	0.25
0.29	0.465	0.25
0.29	0.47	0.25
0.29	0.475	0.25
0.29	0.48	0.25
0.29	0.485	0.25
0.29	0.49	0.25
0.29	0.495	0.25
0.29	0.5	0.25
0.29	0.505	0.25
0.29	0.51	0.25
0.29	0.515	0.25
0.29	0.52	0.25
0.29	0.525	0.25
0.29	0.53	0.25
0.29	0.535	0.25
0.29	0.54	0.25
0.29	0.545	0.25
0.29	0.55	0.25
0.29	0.555	0.25
0.29	0.56	0.25
0.29	0.565	0.25
0.29	0.57	0.25
0.29	0.575	0.25
0.29	0.58	0.25
0.29	0.585	0.25
0.29	0.59	0.25
0.29	0.595	0.25
0.29	0.6	0.25
0.29	0.605	0.25
0.29	0.61	0.25
0.29	0.615	0.25
0.29	0.62	0.25
0.29	0.625	0.25
0.29	0.63	0.25
0.29	0.635	0.25
0.29	0.64	0.25
0.29	0.645	0.25
0.29	0.65	0.25
0.29	0.655	0.25
0.29	0.66	0.25
0.29	0.665	0.25
0.29	0.67	0.25
0.29	0.675	0.25
0.29	0.68	0.25
0.29	0.685	0.25
0.29	0.69	0.25
0.29	0.695	0.25
0.29	0.7	0.25
0.29	0.705	0.25
0.29	0.71	0.25
0.29	0.715	0.25
0.29	0.72	0.25
0.29	0.725	0.25
0.29	0.73	0.25
0.29	0.735	0.25
0.29	0.74	0.25
0.29	0.745	0.25
0.29	0.75	0.25
0.29	0.755	0.25
0.29	0.76	0.25
0.29	0.765	0.25
0.29	0.77	0.25
0.29	0.775	0.25
0.29	0.78	0.25
0.29	0.785	0.25
0.29	0.79	0.25
0.29	0.795	0.25
0.29	0.8	0.25
0.29	0.805	0.25
0.29	0.81	0.25
0.29	0.815	0.25
0.29	0.82	0.25
0.29	0.825	0.25
0.29	0.83	0.25
0.29	0.835	0.25
0.29	0.84	0.25
0.29	0.845	0.25
0.29	0.85	0.25
0.29	0.855	0.25
0.29	0.86	0.25
0.29	0.865	0.25
0.29	0.87	0.25
0.29	0.875	0.25
0.29	0.88	0.25
0.29	0.885	0.25
0.29	0.89	0.25
0.29	0.895	0.25
0.29	0.9	0.25
0.29	0.905	0.25
0.29	0.91	0.25
0.29	0.915	0.25
0.29	0.92	0.25
0.29	0.925	0.25
0.29	0.93	0.25
0.29	0.935	0.25
0.29	0.94	0.25
0.29	0.945	0.25
0.29	0.95	0.25
0.29	0.955	0.25
0.29	0.96	0.25
0.29	0.965	0.25
0.29	0.97	0.25
0.29	0.975	0.25
0.29	0.98	0.25
0.29	0.985	0.25
0.29	0.99	0.25
0.29	0.995	0.25
0.29	1	0.25
0.3	0	1
0.3	0.005	1
0.3	0.01	1
0.3	0.015	1
0.3	0.02	1
0.3	0.025	1
0.3	0.03	1
0.3	0.035	1
0.3	0.04	1
0.3	0.045	1
0.3	0.05	1
0.3	0.055	1
0.3	0.06	1
0.3	0.065	1
0.3	0.07	1
0.3	0.075	1
0.3	0.08	1
0.3	0.085	1
0.3	0.09	1
0.3	0.095	1
0.3	0.1	1
0.3	0.105	1
0.3	0.11	1
0.3	0.115	1
0.3	0.12	1
0.3	0.125	1
0.3	0.13	1
0.3	0.135	1
0.3	0.14	1
0.3	0.145	1
0.3	0.15	1
0.3	0.155	1
0.3	0.16	1
0.3	0.165	1
0.3	0.17	1
0.3	0.175	1
0.3	0.18	1
0.3	0.185	1
0.3	0.19	1
0.3	0.195	1
0.3	0.2	1
0.3	0.205	1
0.3	0.21	1
0.3	0.215	1
0.3	0.22	1
0.3	0.225	1
0.3	0.23	1
0.3	0.235	1
0.3	0.24	1
0.3	0.245	1
0.3	0.25	0.25
0.3	0.255	0.25
0.3	0.26	0.25
0.3	0.265	0.25
0.3	0.27	0.25
0.3	0.275	0.25
0.3	0.28	0.25
0.3	0.285	0.25
0.3	0.29	0.25
0.3	0.295	0.25
0.3	0.3	0.25
0.3	0.305	0.25
0.3	0.31	0.25
0.3	0.315	0.25
0.3	0.32	0.25
0.3	0.325	0.25
0.3	0.33	0.25
0.3	0.335	0.25
0.3	0.34	0.25
0.3	0.345	0.25
0.3	0.35	0.25
0.3	0.355	0.25
0.3	0.36	0.25
0.3	0.365	0.25
0.3	0.37	0.25
0.3	0.375	0.25
0.3	0.38	0.25
0.3	0.385	0.25
0.3	0.39	0.25
0.3	0.395	0.25
0.3	0.4	0.25
0.3	0.405	0.25
0.3	0.41	0.25
0.3	0.415	0.25
0.3	0.42	0.25
0.3	0.425	0.25
0.3	0.43	0.25
0.3	0.435	0.25
0.3	0.44	0.25
0.3	0.445	0.25
0.3	0.45	0.25
0.3	0.455	0.25
0.3	0.46	0.25
0.3	0.465	0.25
0.3	0.47	0.25
0.3	0.475	0.25
0.3	0.48	0.25
0.3	0.485	0.25
0.3	0.49	0.25
0.3	0.495	0.25
0.3	0.5	0.25
0.3	0.505	0.25
0.3	0.51	0.25
0.3	0.515	0.25
0.3	0.52	0.25
0.3	0.525	0.25
0.3	0.53	0.25
0.3	0.535	0.25
0.3	0.54	0.25
0.3	0.545	0.25
0.3	0.55	0.25
0.3	0.555	0.25
0.3	0.56	0.25
0.3	0.565	0.25
0.3	0.57	0.25
0.3	0.575	0.25
0.3	0.58	0.25
0.3	0.585	0.25
0.3	0.59	0.25
0.3	0.595	0.25
0.3	0.6	0.25
0.3	0.605	0.25
0.3	0.61	0.25
0.3	0.615	0.25
0.3	0.62	0.25
0.3	0.625	0.25
0.3	0.63	0.25
0.3	0.635	0.25
0.3	0.64	0.25
0.3	0.645	0.25
0.3	0.65	0.25
0.3	0.655	0.25
0.3	0.66	0.25
0.3	0.665	0.25
0.3	0.67	0.25
0.3	0.675	0.25
0.3	0.68	0.25
0.3	0.685	0.25
0.3	0.69	0.25
0.3	0.695	0.25
0.3	0.7	0.25
0.3	0.705	0.25
0.3	0.71	0.25
0.3	0.715	0.25
0.3	0.72	0.25
0.3	0.725	0.25
0.3	0.73	0.25
0.3	0.735	0.25
0.3	0.74	0.25
0.3	0.745	0.25
0.3	0.75	0.25
0.3	0.755	0.25
0.3	0.76	0.25
0.3	0.765	0.25
0.3	0.77	0.25
0.3	0.775	0.25
0.3	0.78	0.25
0.3	0.785	0.25
0.3	0.79	0.25
0.3	0.795	0.25
0.3	0.8	0.25
0.3	0.805	0.25
0.3	0.81	0.25
0.3	0.815	0.25
0.3	0.82	0.25
0.3	0.825	0.25
0.3	0.83	0.25
0.3	0.835	0.25
0.3	0.84	0.25
0.3	0.845	0.25
0.3	0.85	0.25
0.3	0.855	0.25
0.3	0.86	0.25
0.3	0.865	0.25
0.3	0.87	0.25
0.3	0.875	0.25
0.3	0.88	0.25
0.3	0.885	0.25
0.3	0.89	0.25
0.3	0.895	0.25
0.3	0.9	0.25
0.3	0.905	0.25
0.3	0.91	0.25
0.3	0.915	0.25
0.3	0.92	0.25
0.3	0.925	0.25
0.3	0.93	0.25
0.3	0.935	0.25
0.3	0.94	0.25
0.3	0.945	0.25
0.3	0.95	0.25
0.3	0.955	0.25
0.3	0.96	0.25
0.3	0.965	0.25
0.3	0.97	0.25
0.3	0.975	0.25
0.3	0.98	0.25
0.3	0.985	0.25
0.3	0.99	0.25
0.3	0.995	0.25
0.3	1	0.25
0.31	0	1
0.31	0.005	1
0.31	0.01	1
0.31	0.015	1
0.31	0.02	1
0.31	0.025	1
0.31	0.03	1
0.31	0.035	1
0.31	0.04	1
0.31	0.045	1
0.31	0.05	1
0.31	0.055	1
0.31	0.06	1
0.31	0.065	1
0.31	0.07	1
0.31	0.075	1
0.31	0.08	1
0.31	0.085	1
0.31	0.09	1
0.31	0.095	1
0.31	0.1	1
0.31	0.105	1
0.31	0.11	1
0.31	0.115	1
0.31	0.12	1
0.31	0.125	1
0.31	0.13	1
0.31	0.135	1
0.31	0.14	1
0.31	0.145	1
0.31	0.15	1
0.31	0.155	1
0.31	0.16	1
0.31	0.165	1
0.31	0.17	1
0.31	0.175	1
0.31	0.18	1
0.31	0.185	1
0.31	0.19	1
0.31	0.195	1
0.31	0.2	1
0.31	0.205	1
0.31	0.21	1
0.31	0.215	1
0.31	0.22	1
0.31	0.225	1
0.31	0.23	1
0.31	0.235	1
0.31	0.24	1
0.31	0.245	1
0.31	0.25	0.25
0.31	0.255	0.25
0.31	0.26	0.25
0.31	0.265	0.25
0.31	0.27	0.25
0.31	0.275	0.25
0.31	0.28	0.25
0.31	0.285	0.25
0.31	0.29	0.25
0.31	0.295	0.25
0.31	0.3	0.25
0.31	0.305	0.25
0.31	0.31	0.25
0.31	0.315	0.25
0.31	0.32	0.25
0.31	0.325	0.25
0.31	0.33	0.25
0.31	0.335	0.25
0.31	0.34	0.25
0.31	0.345	0.25
0.31	0.35	0.25
0.31	0.355	0.25
0.31	0.36	0.25
0.31	0.365	0.25
0.31	0.37	0.25
0.31	0.375	0.25
0.31	0.38	0.25
0.31	0.385	0.25
0.31	0.39	0.25
0.31	0.395	0.25
0.31	0.4	0.25
0.31	0.405	0.25
0.31	0.41	0.25
0.31	0.415	0.25
0.31	0.42	0.25
0.31	0.425	0.25
0.31	0.43	0.25
0.31	0.435	0.25
0.31	0.44	0.25
0.31	0.445	0.25
0.31	0.45	0.25
0.31	0.455	0.25
0.31	0.46	0.25
0.31	0.465	0.25
0.31	0.47	0.25
0.31	0.475	0.25
0.31	0.48	0.25
0.31	0.485	0.25
0.31	0.49	0.25
0.31	0.495	0.25
0.31	0.5	0.25
0.31	0.505	0.25
0.31	0.51	0.25
0.31	0.515	0.25
0.31	0.52	0.25
0.31	0.525	0.25
0.31	0.53	0.25
0.31	0.535	0.25
0.31	0.54	0.25
0.31	0.545	0.25
0.31	0.55	0.25
0.31	0.555	0.25
0.31	0.56	0.25
0.31	0.565	0.25
0.31	0.57	0.25
0.31	0.575	0.25
0.31	0.58	0.25
0.31	0.585	0.25
0.31	0.59	0.25
0.31	0.595	0.25
0.31	0.6	0.25
0.31	0.605	0.25
0.31	0.61	0.25
0.31	0.615	0.25
0.31	0.62	0.25
0.31	0.625	0.25
0.31	0.63	0.25
0.31	0.635	0.25
0.31	0.64	0.25
0.31	0.645	0.25
0.31	0.65	0.25
0.31	0.655	0.25
0.31	0.66	0.25
0.31	0.665	0.25
0.31	0.67	0.25
0.31	0.675	0.25
0.31	0.68	0.25
0.31	0.685	0.25
0.31	0.69	0.25
0.31	0.695	0.25
0.31	0.7	0.25
0.31	0.705	0.25
0.31	0.71	0.25
0.31	0.715	0.25
0.31	0.72	0.25
0.31	0.725	0.25
0.31	0.73	0.25
0.31	0.735	0.25
0.31	0.74	0.25
0.31	0.745	0.25
0.31	0.75	0.25
0.31	0.755	0.25
0.31	0.76	0.25
0.31	0.765	0.25
0.31	0.77	0.25
0.31	0.775	0.25
0.31	0.78	0.25
0.31	0.785	0.25
0.31	0.79	0.25
0.31	0.795	0.25
0.31	0.8	0.25
0.31	0.805	0.25
0.31	0.81	0.25
0.31	0.815	0.25
0.31	0.82	0.25
0.31	0.825	0.25
0.31	0.83	0.25
0.31	0.835	0.25
0.31	0.84	0.25
0.31	0.845	0.25
0.31	0.85	0.25
0.31	0.855	0.25
0.31	0.86	0.25
0.31	0.865	0.25
0.31	0.87	0.25
0.31	0.875	0.25
0.31	0.88	0.25
0.31	0.885	0.25
0.31	0.89	0.25
0.31	0.895	0.25
0.31	0.9	0.25
0.31	0.905	0.25
0.31	0.91	0.25
0.31	0.915	0.25
0.31	0.92	0.25
0.31	0.925	0.25
0.31	0.93	0.25
0.31	0.935	0.25
0.31	0.94	0.25
0.31	0.945	0.25
0.31	0.95	0.25
0.31	0.955	0.25
0.31	0.96	0.25
0.31	0.965	0.25
0.31	0.97	0.25
0.31	0.975	0.25
0.31	0.98	0.25
0.31	0.985	0.25
0.31	0.99	0.25
0.31	0.995	0.25
0.31	1	0.25
0.32	0	1
0.32	0.005	1
0.32	0.01	1
0.32	0.015	1
0.32	0.02	1
0.32	0.025	1
0.32	0.03	1
0.32	0.035	1
0.32	0.04	1
0.32	0.045	1
0.32	0.05	1
0.32	0.055	1
0.32	0.06	1
0.32	0.065	1
0.32	0.07	1
0.32	0.075	1
0.32	0.08	1
0.32	0.085	1
0.32	0.09	1
0.32	0.095	1
0.32	0.1	1
0.32	0.105	1
0.32	0.11	1
0.32	0.115	1
0.32	0.12	1
0.32	0.125	1
0.32	0.13	1
0.32	0.135	1
0.32	0.14	1
0.32	0.145	1
0.32	0.15	1
0.32	0.155	1
0.32	0.16	1
0.32	0.165	1
0.32	0.17	1
0.32	0.175	1
0.32	0.18	1
0.32	0.185	1
0.32	0.19	1
0.32	0.195	1
0.32	0.2	1
0.32	0.205	1
0.32	0.21	1
0.32	0.215	1
0.32	0.22	1
0.32	0.225	1
0.32	0.23	1
0.32	0.235	1
0.32	0.24	1
0.32	0.245	1
0.32	0.25	0.25
0.32	0.255	0.25
0.32	0.26	0.25
0.32	0.265	0.25
0.32	0.27	0.25
0.32	0.275	0.25
0.32	0.28	0.25
0.32	0.285	0.25
0.32	0.29	0.25
0.32	0.295	0.25
0.32	0.3	0.25
0.32	0.305	0.25
0.32	0.31	0.25
0.32	0.315	0.25
0.32	0.32	0.25
0.32	0.325	0.25
0.32	0.33	0.25
0.32	0.335	0.25
0.32	0.34	0.25
0.32	0.345	0.25
0.32	0.35	0.25
0.32	0.355	0.25
0.32	0.36	0.25
0.32	0.365	0.25
0.32	0.37	0.25
0.32	0.375	0.25
0.32	0.38	0.25
0.32	0.385	0.25
0.32	0.39	0.25
0.32	0.395	0.25
0.32	0.4	0.25
0.32	0.405	0.25
0.32	0.41	0.25
0.32	0.415	0.25
0.32	0.42	0.25
0.32	0.425	0.25
0.32	0.43	0.25
0.32	0.435	0.25
0.32	0.44	0.25
0.32	0.445	0.25
0.32	0.45	0.25
0.32	0.455	0.25
0.32	0.46	0.25
0.32	0.465	0.25
0.32	0.47	0.25
0.32	0.475	0.25
0.32	0.48	0.25
0.32	0.485	0.25
0.32	0.49	0.25
0.32	0.495	0.25
0.32	0.5	0.25
0.32	0.505	0.25
0.32	0.51	0.25
0.32	0.515	0.25
0.32	0.52	0.25
0.32	0.525	0.25
0.32	0.53	0.25
0.32	0.535	0.25
0.32	0.54	0.25
0.32	0.545	0.25
0.32	0.55	0.25
0.32	0.555	0.25
0.32	0.56	0.25
0.32	0.565	0.25
0.32	0.57	0.25
0.32	0.575	0.25
0.32	0.58	0.25
0.32	0.585	0.25
0.32	0.59	0.25
0.32	0.595	0.25
0.32	0.6	0.25
0.32	0.605	0.25
0.32	0.61	0.25
0.32	0.615	0.25
0.32	0.62	0.25
0.32	0.625	0.25
0.32	0.63	0.25
0.32	0.635	0.25
0.32	0.64	0.25
0.32	0.645	0.25
0.32	0.65	0.25
0.32	0.655	0.25
0.32	0.66	0.25
0.32	0.665	0.25
0.32	0.67	0.25
0.32	0.675	0.25
0.32	0.68	0.25
0.32	0.685	0.25
0.32	0.69	0.25
0.32	0.695	0.25
0.32	0.7	0.25
0.32	0.705	0.25
0.32	0.71	0.25
0.32	0.715	0.25
0.32	0.72	0.25
0.32	0.725	0.25
0.32	0.73	0.25
0.32	0.735	0.25
0.32	0.74	0.25
0.32	0.745	0.25
0.32	0.75	0.25
0.32	0.755	0.25
0.32	0.76	0.25
0.32	0.765	0.25
0.32	0.77	0.25
0.32	0.775	0.25
0.32	0.78	0.25
0.32	0.785	0.25
0.32	0.79	0.25
0.32	0.795	0.25
0.32	0.8	0.25
0.32	0.805	0.25
0.32	0.81	0.25
0.32	0.815	0.25
0.32	0.82	0.25
0.32	0.825	0.25
0.32	0.83	0.25
0.32	0.835	0.25
0.32	0.84	0.25
0.32	0.845	0.25
0.32	0.85	0.25
0.32	0.855	0.25
0.32	0.86	0.25
0.32	0.865	0.25
0.32	0.87	0.25
0.32	0.875	0.25
0.32	0.88	0.25
0.32	0.885	0.25
0.32	0.89	0.25
0.32	0.895	0.25
0.32	0.9	0.25
0.32	0.905	0.25
0.32	0.91	0.25
0.32	0.915	0.25
0.32	0.92	0.25
0.32	0.925	0.25
0.32	0.93	0.25
0.32	0.935	0.25
0.32	0.94	0.25
0.32	0.945	0.25
0.32	0.95	0.25
0.32	0.955	0.25
0.32	0.96	0.25
0.32	0.965	0.25
0.32	0.97	0.25
0.32	0.975	0.25
0.32	0.98	0.25
0.32	0.985	0.25
0.32	0.99	0.25
0.32	0.995	0.25
0.32	1	0.25
0.33	0	1
0.33	0.005	1
0.33	0.01	1
0.33	0.015	1
0.33	0.02	1
0.33	0.025	1
0.33	0.03	1
0.33	0.035	1
0.33	0.04	1
0.33	0.045	1
0.33	0.05	1
0.33	0.055	1
0.33	0.06	1
0.33	0.065	1
0.33	0.07	1
0.33	0.075	1
0.33	0.08	1
0.33	0.085	1
0.33	0.09	1
0.33	0.095	1
0.33	0.1	1
0.33	0.105	1
0.33	0.11	1
0.33	0.115	1
0.33	0.12	1
0.33	0.125	1
0.33	0.13	1
0.33	0.135	1
0.33	0.14	1
0.33	0.145	1
0.33	0.15	1
0.33	0.155	1
0.33	0.16	1
0.33	0.165	1
0.33	0.17	1
0.33	0.175	1
0.33	0.18	1
0.33	0.185	1
0.33	0.19	1
0.33	0.195	1
0.33	0.2	1
0.33	0.205	1
0.33	0.21	1
0.33	0.215	1
0.33	0.22	1
0.33	0.225	1
0.33	0.23	1
0.33	0.235	1
0.33	0.24	1
0.33	0.245	1
0.33	0.25	0.25
0.33	0.255	0.25
0.33	0.26	0.25
0.33	0.265	0.25
0.33	0.27	0.25
0.33	0.275	0.25
0.33	0.28	0.25
0.33	0.285	0.25
0.33	0.29	0.25
0.33	0.295	0.25
0.33	0.3	0.25
0.33	0.305	0.25
0.33	0.31	0.25
0.33	0.315	0.25
0.33	0.32	0.25
0.33	0.325	0.25
0.33	0.33	0.25
0.33	0.335	0.25
0.33	0.34	0.25
0.33	0.345	0.25
0.33	0.35	0.25
0.33	0.355	0.25
0.33	0.36	0.25
0.33	0.365	0.25
0.33	0.37	0.25
0.33	0.375	0.25
0.33	0.38	0.25
0.33	0.385	0.25
0.33	0.39	0.25
0.33	0.395	0.25
0.33	0.4	0.25
0.33	0.405	0.25
0.33	0.41	0.25
0.33	0.415	0.25
0.33	0.42	0.25
0.33	0.425	0.25
0.33	0.43	0.25
0.33	0.435	0.25
0.33	0.44	0.25
0.33	0.445	0.25
0.33	0.45	0.25
0.33	0.455	0.25
0.33	0.46	0.25
0.33	0.465	0.25
0.33	0.47	0.25
0.33	0.475	0.25
0.33	0.48	0.25
0.33	0.485	0.25
0.33	0.49	0.25
0.33	0.495	0.25
0.33	0.5	0.25
0.33	0.505	0.25
0.33	0.51	0.25
0.33	0.515	0.25
0.33	0.52	0.25
0.33	0.525	0.25
0.33	0.53	0.25
0.33	0.535	0.25
0.33	0.54	0.25
0.33	0.545	0.25
0.33	0.55	0.25
0.33	0.555	0.25
0.33	0.56	0.25
0.33	0.565	0.25
0.33	0.57	0.25
0.33	0.575	0.25
0.33	0.58	0.25
0.33	0.585	0.25
0.33	0.59	0.25
0.33	0.595	0.25
0.33	0.6	0.25
0.33	0.605	0.25
0.33	0.61	0.25
0.33	0.615	0.25
0.33	0.62	0.25
0.33	0.625	0.25
0.33	0.63	0.25
0.33	0.635	0.25
0.33	0.64	0.25
0.33	0.645	0.25
0.33	0.65	0.25
0.33	0.655	0.25
0.33	0.66	0.25
0.33	0.665	0.25
0.33	0.67	0.25
0.33	0.675	0.25
0.33	0.68	0.25
0.33	0.685	0.25
0.33	0.69	0.25
0.33	0.695	0.25
0.33	0.7	0.25
0.33	0.705	0.25
0.33	0.71	0.25
0.33	0.715	0.25
0.33	0.72	0.25
0.33	0.725	0.25
0.33	0.73	0.25
0.33	0.735	0.25
0.33	0.74	0.25
0.33	0.745	0.25
0.33	0.75	0.25
0.33	0.755	0.25
0.33	0.76	0.25
0.33	0.765	0.25
0.33	0.77	0.25
0.33	0.775	0.25
0.33	0.78	0.25
0.33	0.785	0.25
0.33	0.79	0.25
0.33	0.795	0.25
0.33	0.8	0.25
0.33	0.805	0.25
0.33	0.81	0.25
0.33	0.815	0.25
0.33	0.82	0.25
0.33	0.825	0.25
0.33	0.83	0.25
0.33	0.835	0.25
0.33	0.84	0.25
0.33	0.845	0.25
0.33	0.85	0.25
0.33	0.855	0.25
0.33	0.86	0.25
0.33	0.865	0.25
0.33	0.87	0.25
0.33	0.875	0.25
0.33	0.88	0.25
0.33	0.885	0.25
0.33	0.89	0.25
0.33	0.895	0.25
0.33	0.9	0.25
0.33	0.905	0.25
0.33	0.91	0.25
0.33	0.915	0.25
0.33	0.92	0.25
0.33	0.925	0.25
0.33	0.93	0.25
0.33	0.935	0.25
0.33	0.94	0.25
0.33	0.945	0.25
0.33	0.95	0.25
0.33	0.955	0.25
0.33	0.96	0.25
0.33	0.965	0.25
0.33	0.97	0.25
0.33	0.975	0.25
0.33	0.98	0.25
0.33	0.985	0.25
0.33	0.99	0.25
0.33	0.995	0.25
0.33	1	0.25
0.34	0	1
0.34	0.005	1
0.34	0.01	1
0.34	0.015	1
0.34	0.02	1
0.34	0.025	1
0.34	0.03	1
0.34	0.035	1
0.34	0.04	1
0.34	0.045	1
0.34	0.05	1
0.34	0.055	1
0.34	0.06	1
0.34	0.065	1
0.34	0.07	1
0.34	0.075	1
0.34	0.08	1
0.34	0.085	1
0.34	0.09	1
0.34	0.095	1
0.34	0.1	1
0.34	0.105	1
0.34	0.11	1
0.34	0.115	1
0.34	0.12	1
0.34	0.125	1
0.34	0.13	1
0.34	0.135	1
0.34	0.14	1
0.34	0.145	1
0.34	0.15	1
0.34	0.155	1
0.34	0.16	1
0.34	0.165	1
0.34	0.17	1
0.34	0.175	1
0.34	0.18	1
0.34	0.185	1
0.34	0.19	1
0.34	0.195	1
0.34	0.2	1
0.34	0.205	1
0.34	0.21	1
0.34	0.215	1
0.34	0.22	1
0.34	0.225	1
0.34	0.23	1
0.34	0.235	1
0.34	0.24	1
0.34	0.245	1
0.34	0.25	0.25
0.34	0.255	0.25
0.34	0.26	0.25
0.34	0.265	0.25
0.34	0.27	0.25
0.34	0.275	0.25
0.34	0.28	0.25
0.34	0.285	0.25
0.34	0.29	0.25
0.34	0.295	0.25
0.34	0.3	0.25
0.34	0.305	0.25
0.34	0.31	0.25
0.34	0.315	0.25
0.34	0.32	0.25
0.34	0.325	0.25
0.34	0.33	0.25
0.34	0.335	0.25
0.34	0.34	0.25
0.34	0.345	0.25
0.34	0.35	0.25
0.34	0.355	0.25
0.34	0.36	0.25
0.34	0.365	0.25
0.34	0.37	0.25
0.34	0.375	0.25
0.34	0.38	0.25
0.34	0.385	0.25
0.34	0.39	0.25
0.34	0.395	0.25
0.34	0.4	0.25
0.34	0.405	0.25
0.34	0.41	0.25
0.34	0.415	0.25
0.34	0.42	0.25
0.34	0.425	0.25
0.34	0.43	0.25
0.34	0.435	0.25
0.34	0.44	0.25
0.34	0.445	0.25
0.34	0.45	0.25
0.34	0.455	0.25
0.34	0.46	0.25
0.34	0.465	0.25
0.34	0.47	0.25
0.34	0.475	0.25
0.34	0.48	0.25
0.34	0.485	0.25
0.34	0.49	0.25
0.34	0.495	0.25
0.34	0.5	0.25
0.34	0.505	0.25
0.34	0.51	0.25
0.34	0.515	0.25
0.34	0.52	0.25
0.34	0.525	0.25
0.34	0.53	0.25
0.34	0.535	0.25
0.34	0.54	0.25
0.34	0.545	0.25
0.34	0.55	0.25
0.34	0.555	0.25
0.34	0.56	0.25
0.34	0.565	0.25
0.34	0.57	0.25
0.34	0.575	0.25
0.34	0.58	0.25
0.34	0.585	0.25
0.34	0.59	0.25
0.34	0.595	0.25
0.34	0.6	0.25
0.34	0.605	0.25
0.34	0.61	0.25
0.34	0.615	0.25
0.34	0.62	0.25
0.34	0.625	0.25
0.34	0.63	0.25
0.34	0.635	0.25
0.34	0.64	0.25
0.34	0.645	0.25
0.34	0.65	0.25
0.34	0.655	0.25
0.34	0.66	0.25
0.34	0.665	0.25
0.34	0.67	0.25
0.34	0.675	0.25
0.34	0.68	0.25
0.34	0.685	0.25
0.34	0.69	0.25
0.34	0.695	0.25
0.34	0.7	0.25
0.34	0.705	0.25
0.34	0.71	0.25
0.34	0.715	0.25
0.34	0.72	0.25
0.34	0.725	0.25
0.34	0.73	0.25
0.34	0.735	0.25
0.34	0.74	0.25
0.34	0.745	0.25
0.34	0.75	0.25
0.34	0.755	0.25
0.34	0.76	0.25
0.34	0.765	0.25
0.34	0.77	0.25
0.34	0.775	0.25
0.34	0.78	0.25
0.34	0.785	0.25
0.34	0.79	0.25
0.34	0.795	0.25
0.34	0.8	0.25
0.34	0.805	0.25
0.34	0.81	0.25
0.34	0.815	0.25
0.34	0.82	0.25
0.34	0.825	0.25
0.34	0.83	0.25
0.34	0.835	0.25
0.34	0.84	0.25
0.34	0.845	0.25
0.34	0.85	0.25
0.34	0.855	0.25
0.34	0.86	0.25
0.34	0.865	0.25
0.34	0.87	0.25
0.34	0.875	0.25
0.34	0.88	0.25
0.34	0.885	0.25
0.34	0.89	0.25
0.34	0.895	0.25
0.34	0.9	0.25
0.34	0.905	0.25
0.34	0.91	0.25
0.34	0.915	0.25
0.34	0.92	0.25
0.34	0.925	0.25
0.34	0.93	0.25
0.34	0.935	0.25
0.34	0.94	0.25
0.34	0.945	0.25
0.34	0.95	0.25
0.34	0.955	0.25
0.34	0.96	0.25
0.34	0.965	0.25
0.34	0.97	0.25
0.34	0.975	0.25
0.34	0.98	0.25
0.34	0.985	0.25
0.34	0.99	0.25
0.34	0.995	0.25
0.34	1	0.25
0.35	0	1
0.35	0.005	1
0.35	0.01	1
0.35	0.015	1
0.35	0.02	1
0.35	0.025	1
0.35	0.03	1
0.35	0.035	1
0.35	0.04	1
0.35	0.045	1
0.35	0.05	1
0.35	0.055	1
0.35	0.06	1
0.35	0.065	1
0.35	0.07	1
0.35	0.075	1
0.35	0.08	1
0.35	0.085	1
0.35	0.09	1
0.35	0.095	1
0.35	0.1	1
0.35	0.105	1
0.35	0.11	1
0.35	0.115	1
0.35	0.12	1
0.35	0.125	1
0.35	0.13	1
0.35	0.135	1
0.35	0.14	1
0.35	0.145	1
0.35	0.15	1
0.35	0.155	1
0.35	0.16	1
0.35	0.165	1
0.35	0.17	1
0.35	0.175	1
0.35	0.18	1
0.35	0.185	1
0.35	0.19	1
0.35	0.195	1
0.35	0.2	1
0.35	0.205	1
0.35	0.21	1
0.35	0.215	1
0.35	0.22	1
0.35	0.225	1
0.35	0.23	1
0.35	0.235	1
0.35	0.24	1
0.35	0.245	1
0.35	0.25	0.25
0.35	0.255	0.25
0.35	0.26	0.25
0.35	0.265	0.25
0.35	0.27	0.25
0.35	0.275	0.25
0.35	0.28	0.25
0.35	0.285	0.25
0.35	0.29	0.25
0.35	0.295	0.25
0.35	0.3	0.25
0.35	0.305	0.25
0.35	0.31	0.25
0.35	0.315	0.25
0.35	0.32	0.25
0.35	0.325	0.25
0.35	0.33	0.25
0.35	0.335	0.25
0.35	0.34	0.25
0.35	0.345	0.25
0.35	0.35	0.25
0.35	0.355	0.25
0.35	0.36	0.25
0.35	0.365	0.25
0.35	0.37	0.25
0.35	0.375	0.25
0.35	0.38	0.25
0.35	0.385	0.25
0.35	0.39	0.25
0.35	0.395	0.25
0.35	0.4	0.25
0.35	0.405	0.25
0.35	0.41	0.25
0.35	0.415	0.25
0.35	0.42	0.25
0.35	0.425	0.25
0.35	0.43	0.25
0.35	0.435	0.25
0.35	0.44	0.25
0.35	0.445	0.25
0.35	0.45	0.25
0.35	0.455	0.25
0.35	0.46	0.25
0.35	0.465	0.25
0.35	0.47	0.25
0.35	0.475	0.25
0.35	0.48	0.25
0.35	0.485	0.25
0.35	0.49	0.25
0.35	0.495	0.25
0.35	0.5	0.25
0.35	0.505	0.25
0.35	0.51	0.25
0.35	0.515	0.25
0.35	0.52	0.25
0.35	0.525	0.25
0.35	0.53	0.25
0.35	0.535	0.25
0.35	0.54	0.25
0.35	0.545	0.25
0.35	0.55	0.25
0.35	0.555	0.25
0.35	0.56	0.25
0.35	0.565	0.25
0.35	0.57	0.25
0.35	0.575	0.25
0.35	0.58	0.25
0.35	0.585	0.25
0.35	0.59	0.25
0.35	0.595	0.25
0.35	0.6	0.25
0.35	0.605	0.25
0.35	0.61	0.25
0.35	0.615	0.25
0.35	0.62	0.25
0.35	0.625	0.25
0.35	0.63	0.25
0.35	0.635	0.25
0.35	0.64	0.25
0.35	0.645	0.25
0.35	0.65	0.25
0.35	0.655	0.25
0.35	0.66	0.25
0.35	0.665	0.25
0.35	0.67	0.25
0.35	0.675	0.25
0.35	0.68	0.25
0.35	0.685	0.25
0.35	0.69	0.25
0.35	0.695	0.25
0.35	0.7	0.25
0.35	0.705	0.25
0.35	0.71	0.25
0.35	0.715	0.25
0.35	0.72	0.25
0.35	0.725	0.25
0.35	0.73	0.25
0.35	0.735	0.25
0.35	0.74	0.25
0.35	0.745	0.25
0.35	0.75	0.25
0.35	0.755	0.25
0.35	0.76	0.25
0.35	0.765	0.25
0.35	0.77	0.25
0.35	0.775	0.25
0.35	0.78	0.25
0.35	0.785	0.25
0.35	0.79	0.25
0.35	0.795	0.25
0.35	0.8	0.25
0.35	0.805	0.25
0.35	0.81	0.25
0.35	0.815	0.25
0.35	0.82	0.25
0.35	0.825	0.25
0.35	0.83	0.25
0.35	0.835	0.25
0.35	0.84	0.25
0.35	0.845	0.25
0.35	0.85	0.25
0.35	0.855	0.25
0.35	0.86	0.25
0.35	0.865	0.25
0.35	0.87	0.25
0.35	0.875	0.25
0.35	0.88	0.25
0.35	0.885	0.25
0.35	0.89	0.25
0.35	0.895	0.25
0.35	0.9	0.25
0.35	0.905	0.25
0.35	0.91	0.25
0.35	0.915	0.25
0.35	0.92	0.25
0.35	0.925	0.25
0.35	0.93	0.25
0.35	0.935	0.25
0.35	0.94	0.25
0.35	0.945	0.25
0.35	0.95	0.25
0.35	0.955	0.25
0.35	0.96	0.25
0.35	0.965	0.25
0.35	0.97	0.25
0.35	0.975	0.25
0.35	0.98	0.25
0.35	0.985	0.25
0.35	0.99	0.25
0.35	0.995	0.25
0.35	1	0.25
0.36	0	1
0.36	0.005	1
0.36	0.01	1
0.36	0.015	1
0.36	0.02	1
0.36	0.025	1
0.36	0.03	1
0.36	0.035	1
0.36	0.04	1
0.36	0.045	1
0.36	0.05	1
0.36	0.055	1
0.36	0.06	1
0.36	0.065	1
0.36	0.07	1
0.36	0.075	1
0.36	0.08	1
0.36	0.085	1
0.36	0.09	1
0.36	0.095	1
0.36	0.1	1
0.36	0.105	1
0.36	0.11	1
0.36	0.115	1
0.36	0.12	1
0.36	0.125	1
0.36	0.13	1
0.36	0.135	1
0.36	0.14	1
0.36	0.145	1
0.36	0.15	1
0.36	0.155	1
0.36	0.16	1
0.36	0.165	1
0.36	0.17	1
0.36	0.175	1
0.36	0.18	1
0.36	0.185	1
0.36	0.19	1
0.36	0.195	1
0.36	0.2	1
0.36	0.205	1
0.36	0.21	1
0.36	0.215	1
0.36	0.22	1
0.36	0.225	1
0.36	0.23	1
0.36	0.235	1
0.36	0.24	1
0.36	0.245	1
0.36	0.25	0.25
0.36	0.255	0.25
0.36	0.26	0.25
0.36	0.265	0.25
0.36	0.27	0.25
0.36	0.275	0.25
0.36	0.28	0.25
0.36	0.285	0.25
0.36	0.29	0.25
0.36	0.295	0.25
0.36	0.3	0.25
0.36	0.305	0.25
0.36	0.31	0.25
0.36	0.315	0.25
0.36	0.32	0.25
0.36	0.325	0.25
0.36	0.33	0.25
0.36	0.335	0.25
0.36	0.34	0.25
0.36	0.345	0.25
0.36	0.35	0.25
0.36	0.355	0.25
0.36	0.36	0.25
0.36	0.365	0.25
0.36	0.37	0.25
0.36	0.375	0.25
0.36	0.38	0.25
0.36	0.385	0.25
0.36	0.39	0.25
0.36	0.395	0.25
0.36	0.4	0.25
0.36	0.405	0.25
0.36	0.41	0.25
0.36	0.415	0.25
0.36	0.42	0.25
0.36	0.425	0.25
0.36	0.43	0.25
0.36	0.435	0.25
0.36	0.44	0.25
0.36	0.445	0.25
0.36	0.45	0.25
0.36	0.455	0.25
0.36	0.46	0.25
0.36	0.465	0.25
0.36	0.47	0.25
0.36	0.475	0.25
0.36	0.48	0.25
0.36	0.485	0.25
0.36	0.49	0.25
0.36	0.495	0.25
0.36	0.5	0.25
0.36	0.505	0.25
0.36	0.51	0.25
0.36	0.515	0.25
0.36	0.52	0.25
0.36	0.525	0.25
0.36	0.53	0.25
0.36	0.535	0.25
0.36	0.54	0.25
0.36	0.545	0.25
0.36	0.55	0.25
0.36	0.555	0.25
0.36	0.56	0.25
0.36	0.565	0.25
0.36	0.57	0.25
0.36	0.575	0.25
0.36	0.58	0.25
0.36	0.585	0.25
0.36	0.59	0.25
0.36	0.595	0.25
0.36	0.6	0.25
0.36	0.605	0.25
0.36	0.61	0.25
0.36	0.615	0.25
0.36	0.62	0.25
0.36	0.625	0.25
0.36	0.63	0.25
0.36	0.635	0.25
0.36	0.64	0.25
0.36	0.645	0.25
0.36	0.65	0.25
0.36	0.655	0.25
0.36	0.66	0.25
0.36	0.665	0.25
0.36	0.67	0.25
0.36	0.675	0.25
0.36	0.68	0.25
0.36	0.685	0.25
0.36	0.69	0.25
0.36	0.695	0.25
0.36	0.7	0.25
0.36	0.705	0.25
0.36	0.71	0.25
0.36	0.715	0.25
0.36	0.72	0.25
0.36	0.725	0.25
0.36	0.73	0.25
0.36	0.735	0.25
0.36	0.74	0.25
0.36	0.745	0.25
0.36	0.75	0.25
0.36	0.755	0.25
0.36	0.76	0.25
0.36	0.765	0.25
0.36	0.77	0.25
0.36	0.775	0.25
0.36	0.78	0.25
0.36	0.785	0.25
0.36	0.79	0.25
0.36	0.795	0.25
0.36	0.8	0.25
0.36	0.805	0.25
0.36	0.81	0.25
0.36	0.815	0.25
0.36	0.82	0.25
0.36	0.825	0.25
0.36	0.83	0.25
0.36	0.835	0.25
0.36	0.84	0.25
0.36	0.845	0.25
0.36	0.85	0.25
0.36	0.855	0.25
0.36	0.86	0.25
0.36	0.865	0.25
0.36	0.87	0.25
0.36	0.875	0.25
0.36	0.88	0.25
0.36	0.885	0.25
0.36	0.89	0.25
0.36	0.895	0.25
0.36	0.9	0.25
0.36	0.905	0.25
0.36	0.91	0.25
0.36	0.915	0.25
0.36	0.92	0.25
0.36	0.925	0.25
0.36	0.93	0.25
0.36	0.935	0.25
0.36	0.94	0.25
0.36	0.945	0.25
0.36	0.95	0.25
0.36	0.955	0.25
0.36	0.96	0.25
0.36	0.965	0.25
0.36	0.97	0.25
0.36	0.975	0.25
0.36	0.98	0.25
0.36	0.985	0.25
0.36	0.99	0.25
0.36	0.995	0.25
0.36	1	0.25
0.37	0	1
0.37	0.005	1
0.37	0.01	1
0.37	0.015	1
0.37	0.02	1
0.37	0.025	1
0.37	0.03	1
0.37	0.035	1
0.37	0.04	1
0.37	0.045	1
0.37	0.05	1
0.37	0.055	1
0.37	0.06	1
0.37	0.065	1
0.37	0.07	1
0.37	0.075	1
0.37	0.08	1
0.37	0.085	1
0.37	0.09	1
0.37	0.095	1
0.37	0.1	1
0.37	0.105	1
0.37	0.11	1
0.37	0.115	1
0.37	0.12	1
0.37	0.125	1
0.37	0.13	1
0.37	0.135	1
0.37	0.14	1
0.37	0.145	1
0.37	0.15	1
0.37	0.155	1
0.37	0.16	1
0.37	0.165	1
0.37	0.17	1
0.37	0.175	1
0.37	0.18	1
0.37	0.185	1
0.37	0.19	1
0.37	0.195	1
0.37	0.2	1
0.37	0.205	1
0.37	0.21	1
0.37	0.215	1
0.37	0.22	1
0.37	0.225	1
0.37	0.23	1
0.37	0.235	1
0.37	0.24	1
0.37	0.245	1
0.37	0.25	0.25
0.37	0.255	0.25
0.37	0.26	0.25
0.37	0.265	0.25
0.37	0.27	0.25
0.37	0.275	0.25
0.37	0.28	0.25
0.37	0.285	0.25
0.37	0.29	0.25
0.37	0.295	0.25
0.37	0.3	0.25
0.37	0.305	0.25
0.37	0.31	0.25
0.37	0.315	0.25
0.37	0.32	0.25
0.37	0.325	0.25
0.37	0.33	0.25
0.37	0.335	0.25
0.37	0.34	0.25
0.37	0.345	0.25
0.37	0.35	0.25
0.37	0.355	0.25
0.37	0.36	0.25
0.37	0.365	0.25
0.37	0.37	0.25
0.37	0.375	0.25
0.37	0.38	0.25
0.37	0.385	0.25
0.37	0.39	0.25
0.37	0.395	0.25
0.37	0.4	0.25
0.37	0.405	0.25
0.37	0.41	0.25
0.37	0.415	0.25
0.37	0.42	0.25
0.37	0.425	0.25
0.37	0.43	0.25
0.37	0.435	0.25
0.37	0.44	0.25
0.37	0.445	0.25
0.37	0.45	0.25
0.37	0.455	0.25
0.37	0.46	0.25
0.37	0.465	0.25
0.37	0.47	0.25
0.37	0.475	0.25
0.37	0.48	0.25
0.37	0.485	0.25
0.37	0.49	0.25
0.37	0.495	0.25
0.37	0.5	0.25
0.37	0.505	0.25
0.37	0.51	0.25
0.37	0.515	0.25
0.37	0.52	0.25
0.37	0.525	0.25
0.37	0.53	0.25
0.37	0.535	0.25
0.37	0.54	0.25
0.37	0.545	0.25
0.37	0.55	0.25
0.37	0.555	0.25
0.37	0.56	0.25
0.37	0.565	0.25
0.37	0.57	0.25
0.37	0.575	0.25
0.37	0.58	0.25
0.37	0.585	0.25
0.37	0.59	0.25
0.37	0.595	0.25
0.37	0.6	0.25
0.37	0.605	0.25
0.37	0.61	0.25
0.37	0.615	0.25
0.37	0.62	0.25
0.37	0.625	0.25
0.37	0.63	0.25
0.37	0.635	0.25
0.37	0.64	0.25
0.37	0.645	0.25
0.37	0.65	0.25
0.37	0.655	0.25
0.37	0.66	0.25
0.37	0.665	0.25
0.37	0.67	0.25
0.37	0.675	0.25
0.37	0.68	0.25
0.37	0.685	0.25
0.37	0.69	0.25
0.37	0.695	0.25
0.37	0.7	0.25
0.37	0.705	0.25
0.37	0.71	0.25
0.37	0.715	0.25
0.37	0.72	0.25
0.37	0.725	0.25
0.37	0.73	0.25
0.37	0.735	0.25
0.37	0.74	0.25
0.37	0.745	0.25
0.37	0.75	0.25
0.37	0.755	0.25
0.37	0.76	0.25
0.37	0.765	0.25
0.37	0.77	0.25
0.37	0.775	0.25
0.37	0.78	0.25
0.37	0.785	0.25
0.37	0.79	0.25
0.37	0.795	0.25
0.37	0.8	0.25
0.37	0.805	0.25
0.37	0.81	0.25
0.37	0.815	0.25
0.37	0.82	0.25
0.37	0.825	0.25
0.37	0.83	0.25
0.37	0.835	0.25
0.37	0.84	0.25
0.37	0.845	0.25
0.37	0.85	0.25
0.37	0.855	0.25
0.37	0.86	0.25
0.37	0.865	0.25
0.37	0.87	0.25
0.37	0.875	0.25
0.37	0.88	0.25
0.37	0.885	0.25
0.37	0.89	0.25
0.37	0.895	0.25
0.37	0.9	0.25
0.37	0.905	0.25
0.37	0.91	0.25
0.37	0.915	0.25
0.37	0.92	0.25
0.37	0.925	0.25
0.37	0.93	0.25
0.37	0.935	0.25
0.37	0.94	0.25
0.37	0.945	0.25
0.37	0.95	0.25
0.37	0.955	0.25
0.37	0.96	0.25
0.37	0.965	0.25
0.37	0.97	0.25
0.37	0.975	0.25
0.37	0.98	0.25
0.37	0.985	0.25
0.37	0.99	0.25
0.37	0.995	0.25
0.37	1	0.25
0.38	0	1
0.38	0.005	1
0.38	0.01	1
0.38	0.015	1
0.38	0.02	1
0.38	0.025	1
0.38	0.03	1
0.38	0.035	1
0.38	0.04	1
0.38	0.045	1
0.38	0.05	1
0.38	0.055	1
0.38	0.06	1
0.38	0.065	1
0.38	0.07	1
0.38	0.075	1
0.38	0.08	1
0.38	0.085	1
0.38	0.09	1
0.38	0.095	1
0.38	0.1	1
0.38	0.105	1
0.38	0.11	1
0.38	0.115	1
0.38	0.12	1
0.38	0.125	1
0.38	0.13	1
0.38	0.135	1
0.38	0.14	1
0.38	0.145	1
0.38	0.15	1
0.38	0.155	1
0.38	0.16	1
0.38	0.165	1
0.38	0.17	1
0.38	0.175	1
0.38	0.18	1
0.38	0.185	1
0.38	0.19	1
0.38	0.195	1
0.38	0.2	1
0.38	0.205	1
0.38	0.21	1
0.38	0.215	1
0.38	0.22	1
0.38	0.225	1
0.38	0.23	1
0.38	0.235	1
0.38	0.24	1
0.38	0.245	1
0.38	0.25	0.25
0.38	0.255	0.25
0.38	0.26	0.25
0.38	0.265	0.25
0.38	0.27	0.25
0.38	0.275	0.25
0.38	0.28	0.25
0.38	0.285	0.25
0.38	0.29	0.25
0.38	0.295	0.25
0.38	0.3	0.25
0.38	0.305	0.25
0.38	0.31	0.25
0.38	0.315	0.25
0.38	0.32	0.25
0.38	0.325	0.25
0.38	0.33	0.25
0.38	0.335	0.25
0.38	0.34	0.25
0.38	0.345	0.25
0.38	0.35	0.25
0.38	0.355	0.25
0.38	0.36	0.25
0.38	0.365	0.25
0.38	0.37	0.25
0.38	0.375	0.25
0.38	0.38	0.25
0.38	0.385	0.25
0.38	0.39	0.25
0.38	0.395	0.25
0.38	0.4	0.25
0.38	0.405	0.25
0.38	0.41	0.25
0.38	0.415	0.25
0.38	0.42	0.25
0.38	0.425	0.25
0.38	0.43	0.25
0.38	0.435	0.25
0.38	0.44	0.25
0.38	0.445	0.25
0.38	0.45	0.25
0.38	0.455	0.25
0.38	0.46	0.25
0.38	0.465	0.25
0.38	0.47	0.25
0.38	0.475	0.25
0.38	0.48	0.25
0.38	0.485	0.25
0.38	0.49	0.25
0.38	0.495	0.25
0.38	0.5	0.25
0.38	0.505	0.25
0.38	0.51	0.25
0.38	0.515	0.25
0.38	0.52	0.25
0.38	0.525	0.25
0.38	0.53	0.25
0.38	0.535	0.25
0.38	0.54	0.25
0.38	0.545	0.25
0.38	0.55	0.25
0.38	0.555	0.25
0.38	0.56	0.25
0.38	0.565	0.25
0.38	0.57	0.25
0.38	0.575	0.25
0.38	0.58	0.25
0.38	0.585	0.25
0.38	0.59	0.25
0.38	0.595	0.25
0.38	0.6	0.25
0.38	0.605	0.25
0.38	0.61	0.25
0.38	0.615	0.25
0.38	0.62	0.25
0.38	0.625	0.25
0.38	0.63	0.25
0.38	0.635	0.25
0.38	0.64	0.25
0.38	0.645	0.25
0.38	0.65	0.25
0.38	0.655	0.25
0.38	0.66	0.25
0.38	0.665	0.25
0.38	0.67	0.25
0.38	0.675	0.25
0.38	0.68	0.25
0.38	0.685	0.25
0.38	0.69	0.25
0.38	0.695	0.25
0.38	0.7	0.25
0.38	0.705	0.25
0.38	0.71	0.25
0.38	0.715	0.25
0.38	0.72	0.25
0.38	0.725	0.25
0.38	0.73	0.25
0.38	0.735	0.25
0.38	0.74	0.25
0.38	0.745	0.25
0.38	0.75	0.25
0.38	0.755	0.25
0.38	0.76	0.25
0.38	0.765	0.25
0.38	0.77	0.25
0.38	0.775	0.25
0.38	0.78	0.25
0.38	0.785	0.25
0.38	0.79	0.25
0.38	0.795	0.25
0.38	0.8	0.25
0.38	0.805	0.25
0.38	0.81	0.25
0.38	0.815	0.25
0.38	0.82	0.25
0.38	0.825	0.25
0.38	0.83	0.25
0.38	0.835	0.25
0.38	0.84	0.25
0.38	0.845	0.25
0.38	0.85	0.25
0.38	0.855	0.25
0.38	0.86	0.25
0.38	0.865	0.25
0.38	0.87	0.25
0.38	0.875	0.25
0.38	0.88	0.25
0.38	0.885	0.25
0.38	0.89	0.25
0.38	0.895	0.25
0.38	0.9	0.25
0.38	0.905	0.25
0.38	0.91	0.25
0.38	0.915	0.25
0.38	0.92	0.25
0.38	0.925	0.25
0.38	0.93	0.25
0.38	0.935	0.25
0.38	0.94	0.25
0.38	0.945	0.25
0.38	0.95	0.25
0.38	0.955	0.25
0.38	0.96	0.25
0.38	0.965	0.25
0.38	0.97	0.25
0.38	0.975	0.25
0.38	0.98	0.25
0.38	0.985	0.25
0.38	0.99	0.25
0.38	0.995	0.25
0.38	1	0.25
0.39	0	1
0.39	0.005	1
0.39	0.01	1
0.39	0.015	1
0.39	0.02	1
0.39	0.025	1
0.39	0.03	1
0.39	0.035	1
0.39	0.04	1
0.39	0.045	1
0.39	0.05	1
0.39	0.055	1
0.39	0.06	1
0.39	0.065	1
0.39	0.07	1
0.39	0.075	1
0.39	0.08	1
0.39	0.085	1
0.39	0.09	1
0.39	0.095	1
0.39	0.1	1
0.39	0.105	1
0.39	0.11	1
0.39	0.115	1
0.39	0.12	1
0.39	0.125	1
0.39	0.13	1
0.39	0.135	1
0.39	0.14	1
0.39	0.145	1
0.39	0.15	1
0.39	0.155	1
0.39	0.16	1
0.39	0.165	1
0.39	0.17	1
0.39	0.175	1
0.39	0.18	1
0.39	0.185	1
0.39	0.19	1
0.39	0.195	1
0.39	0.2	1
0.39	0.205	1
0.39	0.21	1
0.39	0.215	1
0.39	0.22	1
0.39	0.225	1
0.39	0.23	1
0.39	0.235	1
0.39	0.24	1
0.39	0.245	1
0.39	0.25	0.25
0.39	0.255	0.25
0.39	0.26	0.25
0.39	0.265	0.25
0.39	0.27	0.25
0.39	0.275	0.25
0.39	0.28	0.25
0.39	0.285	0.25
0.39	0.29	0.25
0.39	0.295	0.25
0.39	0.3	0.25
0.39	0.305	0.25
0.39	0.31	0.25
0.39	0.315	0.25
0.39	0.32	0.25
0.39	0.325	0.25
0.39	0.33	0.25
0.39	0.335	0.25
0.39	0.34	0.25
0.39	0.345	0.25
0.39	0.35	0.25
0.39	0.355	0.25
0.39	0.36	0.25
0.39	0.365	0.25
0.39	0.37	0.25
0.39	0.375	0.25
0.39	0.38	0.25
0.39	0.385	0.25
0.39	0.39	0.25
0.39	0.395	0.25
0.39	0.4	0.25
0.39	0.405	0.25
0.39	0.41	0.25
0.39	0.415	0.25
0.39	0.42	0.25
0.39	0.425	0.25
0.39	0.43	0.25
0.39	0.435	0.25
0.39	0.44	0.25
0.39	0.445	0.25
0.39	0.45	0.25
0.39	0.455	0.25
0.39	0.46	0.25
0.39	0.465	0.25
0.39	0.47	0.25
0.39	0.475	0.25
0.39	0.48	0.25
0.39	0.485	0.25
0.39	0.49	0.25
0.39	0.495	0.25
0.39	0.5	0.25
0.39	0.505	0.25
0.39	0.51	0.25
0.39	0.515	0.25
0.39	0.52	0.25
0.39	0.525	0.25
0.39	0.53	0.25
0.39	0.535	0.25
0.39	0.54	0.25
0.39	0.545	0.25
0.39	0.55	0.25
0.39	0.555	0.25
0.39	0.56	0.25
0.39	0.565	0.25
0.39	0.57	0.25
0.39	0.575	0.25
0.39	0.58	0.25
0.39	0.585	0.25
0.39	0.59	0.25
0.39	0.595	0.25
0.39	0.6	0.25
0.39	0.605	0.25
0.39	0.61	0.25
0.39	0.615	0.25
0.39	0.62	0.25
0.39	0.625	0.25
0.39	0.63	0.25
0.39	0.635	0.25
0.39	0.64	0.25
0.39	0.645	0.25
0.39	0.65	0.25
0.39	0.655	0.25
0.39	0.66	0.25
0.39	0.665	0.25
0.39	0.67	0.25
0.39	0.675	0.25
0.39	0.68	0.25
0.39	0.685	0.25
0.39	0.69	0.25
0.39	0.695	0.25
0.39	0.7	0.25
0.39	0.705	0.25
0.39	0.71	0.25
0.39	0.715	0.25
0.39	0.72	0.25
0.39	0.725	0.25
0.39	0.73	0.25
0.39	0.735	0.25
0.39	0.74	0.25
0.39	0.745	0.25
0.39	0.75	0.25
0.39	0.755	0.25
0.39	0.76	0.25
0.39	0.765	0.25
0.39	0.77	0.25
0.39	0.775	0.25
0.39	0.78	0.25
0.39	0.785	0.25
0.39	0.79	0.25
0.39	0.795	0.25
0.39	0.8	0.25
0.39	0.805	0.25
0.39	0.81	0.25
0.39	0.815	0.25
0.39	0.82	0.25
0.39	0.825	0.25
0.39	0.83	0.25
0.39	0.835	0.25
0.39	0.84	0.25
0.39	0.845	0.25
0.39	0.85	0.25
0.39	0.855	0.25
0.39	0.86	0.25
0.39	0.865	0.25
0.39	0.87	0.25
0.39	0.875	0.25
0.39	0.88	0.25
0.39	0.885	0.25
0.39	0.89	0.25
0.39	0.895	0.25
0.39	0.9	0.25
0.39	0.905	0.25
0.39	0.91	0.25
0.39	0.915	0.25
0.39	0.92	0.25
0.39	0.925	0.25
0.39	0.93	0.25
0.39	0.935	0.25
0.39	0.94	0.25
0.39	0.945	0.25
0.39	0.95	0.25
0.39	0.955	0.25
0.39	0.96	0.25
0.39	0.965	0.25
0.39	0.97	0.25
0.39	0.975	0.25
0.39	0.98	0.25
0.39	0.985	0.25
0.39	0.99	0.25
0.39	0.995	0.25
0.39	1	0.25
0.4	0	1
0.4	0.005	1
0.4	0.01	1
0.4	0.015	1
0.4	0.02	1
0.4	0.025	1
0.4	0.03	1
0.4	0.035	1
0.4	0.04	1
0.4	0.045	1
0.4	0.05	1
0.4	0.055	1
0.4	0.06	1
0.4	0.065	1
0.4	0.07	1
0.4	0.075	1
0.4	0.08	1
0.4	0.085	1
0.4	0.09	1
0.4	0.095	1
0.4	0.1	1
0.4	0.105	1
0.4	0.11	1
0.4	0.115	1
0.4	0.12	1
0.4	0.125	1
0.4	0.13	1
0.4	0.135	1
0.4	0.14	1
0.4	0.145	1
0.4	0.15	1
0.4	0.155	1
0.4	0.16	1
0.4	0.165	1
0.4	0.17	1
0.4	0.175	1
0.4	0.18	1
0.4	0.185	1
0.4	0.19	1
0.4	0.195	1
0.4	0.2	1
0.4	0.205	1
0.4	0.21	1
0.4	0.215	1
0.4	0.22	1
0.4	0.225	1
0.4	0.23	1
0.4	0.235	1
0.4	0.24	1
0.4	0.245	1
0.4	0.25	0.25
0.4	0.255	0.25
0.4	0.26	0.25
0.4	0.265	0.25
0.4	0.27	0.25
0.4	0.275	0.25
0.4	0.28	0.25
0.4	0.285	0.25
0.4	0.29	0.25
0.4	0.295	0.25
0.4	0.3	0.25
0.4	0.305	0.25
0.4	0.31	0.25
0.4	0.315	0.25
0.4	0.32	0.25
0.4	0.325	0.25
0.4	0.33	0.25
0.4	0.335	0.25
0.4	0.34	0.25
0.4	0.345	0.25
0.4	0.35	0.25
0.4	0.355	0.25
0.4	0.36	0.25
0.4	0.365	0.25
0.4	0.37	0.25
0.4	0.375	0.25
0.4	0.38	0.25
0.4	0.385	0.25
0.4	0.39	0.25
0.4	0.395	0.25
0.4	0.4	0.25
0.4	0.405	0.25
0.4	0.41	0.25
0.4	0.415	0.25
0.4	0.42	0.25
0.4	0.425	0.25
0.4	0.43	0.25
0.4	0.435	0.25
0.4	0.44	0.25
0.4	0.445	0.25
0.4	0.45	0.25
0.4	0.455	0.25
0.4	0.46	0.25
0.4	0.465	0.25
0.4	0.47	0.25
0.4	0.475	0.25
0.4	0.48	0.25
0.4	0.485	0.25
0.4	0.49	0.25
0.4	0.495	0.25
0.4	0.5	0.25
0.4	0.505	0.25
0.4	0.51	0.25
0.4	0.515	0.25
0.4	0.52	0.25
0.4	0.525	0.25
0.4	0.53	0.25
0.4	0.535	0.25
0.4	0.54	0.25
0.4	0.545	0.25
0.4	0.55	0.25
0.4	0.555	0.25
0.4	0.56	0.25
0.4	0.565	0.25
0.4	0.57	0.25
0.4	0.575	0.25
0.4	0.58	0.25
0.4	0.585	0.25
0.4	0.59	0.25
0.4	0.595	0.25
0.4	0.6	0.25
0.4	0.605	0.25
0.4	0.61	0.25
0.4	0.615	0.25
0.4	0.62	0.25
0.4	0.625	0.25
0.4	0.63	0.25
0.4	0.635	0.25
0.4	0.64	0.25
0.4	0.645	0.25
0.4	0.65	0.25
0.4	0.655	0.25
0.4	0.66	0.25
0.4	0.665	0.25
0.4	0.67	0.25
0.4	0.675	0.25
0.4	0.68	0.25
0.4	0.685	0.25
0.4	0.69	0.25
0.4	0.695	0.25
0.4	0.7	0.25
0.4	0.705	0.25
0.4	0.71	0.25
0.4	0.715	0.25
0.4	0.72	0.25
0.4	0.725	0.25
0.4	0.73	0.25
0.4	0.735	0.25
0.4	0.74	0.25
0.4	0.745	0.25
0.4	0.75	0.25
0.4	0.755	0.25
0.4	0.76	0.25
0.4	0.765	0.25
0.4	0.77	0.25
0.4	0.775	0.25
0.4	0.78	0.25
0.4	0.785	0.25
0.4	0.79	0.25
0.4	0.795	0.25
0.4	0.8	0.25
0.4	0.805	0.25
0.4	0.81	0.25
0.4	0.815	0.25
0.4	0.82	0.25
0.4	0.825	0.25
0.4	0.83	0.25
0.4	0.835	0.25
0.4	0.84	0.25
0.4	0.845	0.25
0.4	0.85	0.25
0.4	0.855	0.25
0.4	0.86	0.25
0.4	0.865	0.25
0.4	0.87	0.25
0.4	0.875	0.25
0.4	0.88	0.25
0.4	0.885	0.25
0.4	0.89	0.25
0.4	0.895	0.25
0.4	0.9	0.25
0.4	0.905	0.25
0.4	0.91	0.25
0.4	0.915	0.25
0.4	0.92	0.25
0.4	0.925	0.25
0.4	0.93	0.25
0.4	0.935	0.25
0.4	0.94	0.25
0.4	0.945	0.25
0.4	0.95	0.25
0.4	0.955	0.25
0.4	0.96	0.25
0.4	0.965	0.25
0.4	0.97	0.25
0.4	0.975	0.25
0.4	0.98	0.25
0.4	0.985	0.25
0.4	0.99	0.25
0.4	0.995	0.25
0.4	1	0.25
0.41	0	1
0.41	0.005	1
0.41	0.01	1
0.41	0.015	1
0.41	0.02	1
0.41	0.025	1
0.41	0.03	1
0.41	0.035	1
0.41	0.04	1
0.41	0.045	1
0.41	0.05	1
0.41	0.055	1
0.41	0.06	1
0.41	0.065	1
0.41	0.07	1
0.41	0.075	1
0.41	0.08	1
0.41	0.085	1
0.41	0.09	1
0.41	0.095	1
0.41	0.1	1
0.41	0.105	1
0.41	0.11	1
0.41	0.115	1
0.41	0.12	1
0.41	0.125	1
0.41	0.13	1
0.41	0.135	1
0.41	0.14	1
0.41	0.145	1
0.41	0.15	1
0.41	0.155	1
0.41	0.16	1
0.41	0.165	1
0.41	0.17	1
0.41	0.175	1
0.41	0.18	1
0.41	0.185	1
0.41	0.19	1
0.41	0.195	1
0.41	0.2	1
0.41	0.205	1
0.41	0.21	1
0.41	0.215	1
0.41	0.22	1
0.41	0.225	1
0.41	0.23	1
0.41	0.235	1
0.41	0.24	1
0.41	0.245	1
0.41	0.25	0.25
0.41	0.255	0.25
0.41	0.26	0.25
0.41	0.265	0.25
0.41	0.27	0.25
0.41	0.275	0.25
0.41	0.28	0.25
0.41	0.285	0.25
0.41	0.29	0.25
0.41	0.295	0.25
0.41	0.3	0.25
0.41	0.305	0.25
0.41	0.31	0.25
0.41	0.315	0.25
0.41	0.32	0.25
0.41	0.325	0.25
0.41	0.33	0.25
0.41	0.335	0.25
0.41	0.34	0.25
0.41	0.345	0.25
0.41	0.35	0.25
0.41	0.355	0.25
0.41	0.36	0.25
0.41	0.365	0.25
0.41	0.37	0.25
0.41	0.375	0.25
0.41	0.38	0.25
0.41	0.385	0.25
0.41	0.39	0.25
0.41	0.395	0.25
0.41	0.4	0.25
0.41	0.405	0.25
0.41	0.41	0.25
0.41	0.415	0.25
0.41	0.42	0.25
0.41	0.425	0.25
0.41	0.43	0.25
0.41	0.435	0.25
0.41	0.44	0.25
0.41	0.445	0.25
0.41	0.45	0.25
0.41	0.455	0.25
0.41	0.46	0.25
0.41	0.465	0.25
0.41	0.47	0.25
0.41	0.475	0.25
0.41	0.48	0.25
0.41	0.485	0.25
0.41	0.49	0.25
0.41	0.495	0.25
0.41	0.5	0.25
0.41	0.505	0.25
0.41	0.51	0.25
0.41	0.515	0.25
0.41	0.52	0.25
0.41	0.525	0.25
0.41	0.53	0.25
0.41	0.535	0.25
0.41	0.54	0.25
0.41	0.545	0.25
0.41	0.55	0.25
0.41	0.555	0.25
0.41	0.56	0.25
0.41	0.565	0.25
0.41	0.57	0.25
0.41	0.575	0.25
0.41	0.58	0.25
0.41	0.585	0.25
0.41	0.59	0.25
0.41	0.595	0.25
0.41	0.6	0.25
0.41	0.605	0.25
0.41	0.61	0.25
0.41	0.615	0.25
0.41	0.62	0.25
0.41	0.625	0.25
0.41	0.63	0.25
0.41	0.635	0.25
0.41	0.64	0.25
0.41	0.645	0.25
0.41	0.65	0.25
0.41	0.655	0.25
0.41	0.66	0.25
0.41	0.665	0.25
0.41	0.67	0.25
0.41	0.675	0.25
0.41	0.68	0.25
0.41	0.685	0.25
0.41	0.69	0.25
0.41	0.695	0.25
0.41	0.7	0.25
0.41	0.705	0.25
0.41	0.71	0.25
0.41	0.715	0.25
0.41	0.72	0.25
0.41	0.725	0.25
0.41	0.73	0.25
0.41	0.735	0.25
0.41	0.74	0.25
0.41	0.745	0.25
0.41	0.75	0.25
0.41	0.755	0.25
0.41	0.76	0.25
0.41	0.765	0.25
0.41	0.77	0.25
0.41	0.775	0.25
0.41	0.78	0.25
0.41	0.785	0.25
0.41	0.79	0.25
0.41	0.795	0.25
0.41	0.8	0.25
0.41	0.805	0.25
0.41	0.81	0.25
0.41	0.815	0.25
0.41	0.82	0.25
0.41	0.825	0.25
0.41	0.83	0.25
0.41	0.835	0.25
0.41	0.84	0.25
0.41	0.845	0.25
0.41	0.85	0.25
0.41	0.855	0.25
0.41	0.86	0.25
0.41	0.865	0.25
0.41	0.87	0.25
0.41	0.875	0.25
0.41	0.88	0.25
0.41	0.885	0.25
0.41	0.89	0.25
0.41	0.895	0.25
0.41	0.9	0.25
0.41	0.905	0.25
0.41	0.91	0.25
0.41	0.915	0.25
0.41	0.92	0.25
0.41	0.925	0.25
0.41	0.93	0.25
0.41	0.935	0.25
0.41	0.94	0.25
0.41	0.945	0.25
0.41	0.95	0.25
0.41	0.955	0.25
0.41	0.96	0.25
0.41	0.965	0.25
0.41	0.97	0.25
0.41	0.975	0.25
0.41	0.98	0.25
0.41	0.985	0.25
0.41	0.99	0.25
0.41	0.995	0.25
0.41	1	0.25
0.42	0	1
0.42	0.005	1
0.42	0.01	1
0.42	0.015	1
0.42	0.02	1
0.42	0.025	1
0.42	0.03	1
0.42	0.035	1
0.42	0.04	1
0.42	0.045	1
0.42	0.05	1
0.42	0.055	1
0.42	0.06	1
0.42	0.065	1
0.42	0.07	1
0.42	0.075	1
0.42	0.08	1
0.42	0.085	1
0.42	0.09	1
0.42	0.095	1
0.42	0.1	1
0.42	0.105	1
0.42	0.11	1
0.42	0.115	1
0.42	0.12	1
0.42	0.125	1
0.42	0.13	1
0.42	0.135	1
0.42	0.14	1
0.42	0.145	1
0.42	0.15	1
0.42	0.155	1
0.42	0.16	1
0.42	0.165	1
0.42	0.17	1
0.42	0.175	1
0.42	0.18	1
0.42	0.185	1
0.42	0.19	1
0.42	0.195	1
0.42	0.2	1
0.42	0.205	1
0.42	0.21	1
0.42	0.215	1
0.42	0.22	1
0.42	0.225	1
0.42	0.23	1
0.42	0.235	1
0.42	0.24	1
0.42	0.245	1
0.42	0.25	0.25
0.42	0.255	0.25
0.42	0.26	0.25
0.42	0.265	0.25
0.42	0.27	0.25
0.42	0.275	0.25
0.42	0.28	0.25
0.42	0.285	0.25
0.42	0.29	0.25
0.42	0.295	0.25
0.42	0.3	0.25
0.42	0.305	0.25
0.42	0.31	0.25
0.42	0.315	0.25
0.42	0.32	0.25
0.42	0.325	0.25
0.42	0.33	0.25
0.42	0.335	0.25
0.42	0.34	0.25
0.42	0.345	0.25
0.42	0.35	0.25
0.42	0.355	0.25
0.42	0.36	0.25
0.42	0.365	0.25
0.42	0.37	0.25
0.42	0.375	0.25
0.42	0.38	0.25
0.42	0.385	0.25
0.42	0.39	0.25
0.42	0.395	0.25
0.42	0.4	0.25
0.42	0.405	0.25
0.42	0.41	0.25
0.42	0.415	0.25
0.42	0.42	0.25
0.42	0.425	0.25
0.42	0.43	0.25
0.42	0.435	0.25
0.42	0.44	0.25
0.42	0.445	0.25
0.42	0.45	0.25
0.42	0.455	0.25
0.42	0.46	0.25
0.42	0.465	0.25
0.42	0.47	0.25
0.42	0.475	0.25
0.42	0.48	0.25
0.42	0.485	0.25
0.42	0.49	0.25
0.42	0.495	0.25
0.42	0.5	0.25
0.42	0.505	0.25
0.42	0.51	0.25
0.42	0.515	0.25
0.42	0.52	0.25
0.42	0.525	0.25
0.42	0.53	0.25
0.42	0.535	0.25
0.42	0.54	0.25
0.42	0.545	0.25
0.42	0.55	0.25
0.42	0.555	0.25
0.42	0.56	0.25
0.42	0.565	0.25
0.42	0.57	0.25
0.42	0.575	0.25
0.42	0.58	0.25
0.42	0.585	0.25
0.42	0.59	0.25
0.42	0.595	0.25
0.42	0.6	0.25
0.42	0.605	0.25
0.42	0.61	0.25
0.42	0.615	0.25
0.42	0.62	0.25
0.42	0.625	0.25
0.42	0.63	0.25
0.42	0.635	0.25
0.42	0.64	0.25
0.42	0.645	0.25
0.42	0.65	0.25
0.42	0.655	0.25
0.42	0.66	0.25
0.42	0.665	0.25
0.42	0.67	0.25
0.42	0.675	0.25
0.42	0.68	0.25
0.42	0.685	0.25
0.42	0.69	0.25
0.42	0.695	0.25
0.42	0.7	0.25
0.42	0.705	0.25
0.42	0.71	0.25
0.42	0.715	0.25
0.42	0.72	0.25
0.42	0.725	0.25
0.42	0.73	0.25
0.42	0.735	0.25
0.42	0.74	0.25
0.42	0.745	0.25
0.42	0.75	0.25
0.42	0.755	0.25
0.42	0.76	0.25
0.42	0.765	0.25
0.42	0.77	0.25
0.42	0.775	0.25
0.42	0.78	0.25
0.42	0.785	0.25
0.42	0.79	0.25
0.42	0.795	0.25
0.42	0.8	0.25
0.42	0.805	0.25
0.42	0.81	0.25
0.42	0.815	0.25
0.42	0.82	0.25
0.42	0.825	0.25
0.42	0.83	0.25
0.42	0.835	0.25
0.42	0.84	0.25
0.42	0.845	0.25
0.42	0.85	0.25
0.42	0.855	0.25
0.42	0.86	0.25
0.42	0.865	0.25
0.42	0.87	0.25
0.42	0.875	0.25
0.42	0.88	0.25
0.42	0.885	0.25
0.42	0.89	0.25
0.42	0.895	0.25
0.42	0.9	0.25
0.42	0.905	0.25
0.42	0.91	0.25
0.42	0.915	0.25
0.42	0.92	0.25
0.42	0.925	0.25
0.42	0.93	0.25
0.42	0.935	0.25
0.42	0.94	0.25
0.42	0.945	0.25
0.42	0.95	0.25
0.42	0.955	0.25
0.42	0.96	0.25
0.42	0.965	0.25
0.42	0.97	0.25
0.42	0.975	0.25
0.42	0.98	0.25
0.42	0.985	0.25
0.42	0.99	0.25
0.42	0.995	0.25
0.42	1	0.25
0.43	0	1
0.43	0.005	1
0.43	0.01	1
0.43	0.015	1
0.43	0.02	1
0.43	0.025	1
0.43	0.03	1
0.43	0.035	1
0.43	0.04	1
0.43	0.045	1
0.43	0.05	1
0.43	0.055	1
0.43	0.06	1
0.43	0.065	1
0.43	0.07	1
0.43	0.075	1
0.43	0.08	1
0.43	0.085	1
0.43	0.09	1
0.43	0.095	1
0.43	0.1	1
0.43	0.105	1
0.43	0.11	1
0.43	0.115	1
0.43	0.12	1
0.43	0.125	1
0.43	0.13	1
0.43	0.135	1
0.43	0.14	1
0.43	0.145	1
0.43	0.15	1
0.43	0.155	1
0.43	0.16	1
0.43	0.165	1
0.43	0.17	1
0.43	0.175	1
0.43	0.18	1
0.43	0.185	1
0.43	0.19	1
0.43	0.195	1
0.43	0.2	1
0.43	0.205	1
0.43	0.21	1
0.43	0.215	1
0.43	0.22	1
0.43	0.225	1
0.43	0.23	1
0.43	0.235	1
0.43	0.24	1
0.43	0.245	1
0.43	0.25	0.25
0.43	0.255	0.25
0.43	0.26	0.25
0.43	0.265	0.25
0.43	0.27	0.25
0.43	0.275	0.25
0.43	0.28	0.25
0.43	0.285	0.25
0.43	0.29	0.25
0.43	0.295	0.25
0.43	0.3	0.25
0.43	0.305	0.25
0.43	0.31	0.25
0.43	0.315	0.25
0.43	0.32	0.25
0.43	0.325	0.25
0.43	0.33	0.25
0.43	0.335	0.25
0.43	0.34	0.25
0.43	0.345	0.25
0.43	0.35	0.25
0.43	0.355	0.25
0.43	0.36	0.25
0.43	0.365	0.25
0.43	0.37	0.25
0.43	0.375	0.25
0.43	0.38	0.25
0.43	0.385	0.25
0.43	0.39	0.25
0.43	0.395	0.25
0.43	0.4	0.25
0.43	0.405	0.25
0.43	0.41	0.25
0.43	0.415	0.25
0.43	0.42	0.25
0.43	0.425	0.25
0.43	0.43	0.25
0.43	0.435	0.25
0.43	0.44	0.25
0.43	0.445	0.25
0.43	0.45	0.25
0.43	0.455	0.25
0.43	0.46	0.25
0.43	0.465	0.25
0.43	0.47	0.25
0.43	0.475	0.25
0.43	0.48	0.25
0.43	0.485	0.25
0.43	0.49	0.25
0.43	0.495	0.25
0.43	0.5	0.25
0.43	0.505	0.25
0.43	0.51	0.25
0.43	0.515	0.25
0.43	0.52	0.25
0.43	0.525	0.25
0.43	0.53	0.25
0.43	0.535	0.25
0.43	0.54	0.25
0.43	0.545	0.25
0.43	0.55	0.25
0.43	0.555	0.25
0.43	0.56	0.25
0.43	0.565	0.25
0.43	0.57	0.25
0.43	0.575	0.25
0.43	0.58	0.25
0.43	0.585	0.25
0.43	0.59	0.25
0.43	0.595	0.25
0.43	0.6	0.25
0.43	0.605	0.25
0.43	0.61	0.25
0.43	0.615	0.25
0.43	0.62	0.25
0.43	0.625	0.25
0.43	0.63	0.25
0.43	0.635	0.25
0.43	0.64	0.25
0.43	0.645	0.25
0.43	0.65	0.25
0.43	0.655	0.25
0.43	0.66	0.25
0.43	0.665	0.25
0.43	0.67	0.25
0.43	0.675	0.25
0.43	0.68	0.25
0.43	0.685	0.25
0.43	0.69	0.25
0.43	0.695	0.25
0.43	0.7	0.25
0.43	0.705	0.25
0.43	0.71	0.25
0.43	0.715	0.25
0.43	0.72	0.25
0.43	0.725	0.25
0.43	0.73	0.25
0.43	0.735	0.25
0.43	0.74	0.25
0.43	0.745	0.25
0.43	0.75	0.25
0.43	0.755	0.25
0.43	0.76	0.25
0.43	0.765	0.25
0.43	0.77	0.25
0.43	0.775	0.25
0.43	0.78	0.25
0.43	0.785	0.25
0.43	0.79	0.25
0.43	0.795	0.25
0.43	0.8	0.25
0.43	0.805	0.25
0.43	0.81	0.25
0.43	0.815	0.25
0.43	0.82	0.25
0.43	0.825	0.25
0.43	0.83	0.25
0.43	0.835	0.25
0.43	0.84	0.25
0.43	0.845	0.25
0.43	0.85	0.25
0.43	0.855	0.25
0.43	0.86	0.25
0.43	0.865	0.25
0.43	0.87	0.25
0.43	0.875	0.25
0.43	0.88	0.25
0.43	0.885	0.25
0.43	0.89	0.25
0.43	0.895	0.25
0.43	0.9	0.25
0.43	0.905	0.25
0.43	0.91	0.25
0.43	0.915	0.25
0.43	0.92	0.25
0.43	0.925	0.25
0.43	0.93	0.25
0.43	0.935	0.25
0.43	0.94	0.25
0.43	0.945	0.25
0.43	0.95	0.25
0.43	0.955	0.25
0.43	0.96	0.25
0.43	0.965	0.25
0.43	0.97	0.25
0.43	0.975	0.25
0.43	0.98	0.25
0.43	0.985	0.25
0.43	0.99	0.25
0.43	0.995	0.25
0.43	1	0.25
0.44	0	1
0.44	0.005	1
0.44	0.01	1
0.44	0.015	1
0.44	0.02	1
0.44	0.025	1
0.44	0.03	1
0.44	0.035	1
0.44	0.04	1
0.44	0.045	1
0.44	0.05	1
0.44	0.055	1
0.44	0.06	1
0.44	0.065	1
0.44	0.07	1
0.44	0.075	1
0.44	0.08	1
0.44	0.085	1
0.44	0.09	1
0.44	0.095	1
0.44	0.1	1
0.44	0.105	1
0.44	0.11	1
0.44	0.115	1
0.44	0.12	1
0.44	0.125	1
0.44	0.13	1
0.44	0.135	1
0.44	0.14	1
0.44	0.145	1
0.44	0.15	1
0.44	0.155	1
0.44	0.16	1
0.44	0.165	1
0.44	0.17	1
0.44	0.175	1
0.44	0.18	1
0.44	0.185	1
0.44	0.19	1
0.44	0.195	1
0.44	0.2	1
0.44	0.205	1
0.44	0.21	1
0.44	0.215	1
0.44	0.22	1
0.44	0.225	1
0.44	0.23	1
0.44	0.235	1
0.44	0.24	1
0.44	0.245	1
0.44	0.25	0.25
0.44	0.255	0.25
0.44	0.26	0.25
0.44	0.265	0.25
0.44	0.27	0.25
0.44	0.275	0.25
0.44	0.28	0.25
0.44	0.285	0.25
0.44	0.29	0.25
0.44	0.295	0.25
0.44	0.3	0.25
0.44	0.305	0.25
0.44	0.31	0.25
0.44	0.315	0.25
0.44	0.32	0.25
0.44	0.325	0.25
0.44	0.33	0.25
0.44	0.335	0.25
0.44	0.34	0.25
0.44	0.345	0.25
0.44	0.35	0.25
0.44	0.355	0.25
0.44	0.36	0.25
0.44	0.365	0.25
0.44	0.37	0.25
0.44	0.375	0.25
0.44	0.38	0.25
0.44	0.385	0.25
0.44	0.39	0.25
0.44	0.395	0.25
0.44	0.4	0.25
0.44	0.405	0.25
0.44	0.41	0.25
0.44	0.415	0.25
0.44	0.42	0.25
0.44	0.425	0.25
0.44	0.43	0.25
0.44	0.435	0.25
0.44	0.44	0.25
0.44	0.445	0.25
0.44	0.45	0.25
0.44	0.455	0.25
0.44	0.46	0.25
0.44	0.465	0.25
0.44	0.47	0.25
0.44	0.475	0.25
0.44	0.48	0.25
0.44	0.485	0.25
0.44	0.49	0.25
0.44	0.495	0.25
0.44	0.5	0.25
0.44	0.505	0.25
0.44	0.51	0.25
0.44	0.515	0.25
0.44	0.52	0.25
0.44	0.525	0.25
0.44	0.53	0.25
0.44	0.535	0.25
0.44	0.54	0.25
0.44	0.545	0.25
0.44	0.55	0.25
0.44	0.555	0.25
0.44	0.56	0.25
0.44	0.565	0.25
0.44	0.57	0.25
0.44	0.575	0.25
0.44	0.58	0.25
0.44	0.585	0.25
0.44	0.59	0.25
0.44	0.595	0.25
0.44	0.6	0.25
0.44	0.605	0.25
0.44	0.61	0.25
0.44	0.615	0.25
0.44	0.62	0.25
0.44	0.625	0.25
0.44	0.63	0.25
0.44	0.635	0.25
0.44	0.64	0.25
0.44	0.645	0.25
0.44	0.65	0.25
0.44	0.655	0.25
0.44	0.66	0.25
0.44	0.665	0.25
0.44	0.67	0.25
0.44	0.675	0.25
0.44	0.68	0.25
0.44	0.685	0.25
0.44	0.69	0.25
0.44	0.695	0.25
0.44	0.7	0.25
0.44	0.705	0.25
0.44	0.71	0.25
0.44	0.715	0.25
0.44	0.72	0.25
0.44	0.725	0.25
0.44	0.73	0.25
0.44	0.735	0.25
0.44	0.74	0.25
0.44	0.745	0.25
0.44	0.75	0.25
0.44	0.755	0.25
0.44	0.76	0.25
0.44	0.765	0.25
0.44	0.77	0.25
0.44	0.775	0.25
0.44	0.78	0.25
0.44	0.785	0.25
0.44	0.79	0.25
0.44	0.795	0.25
0.44	0.8	0.25
0.44	0.805	0.25
0.44	0.81	0.25
0.44	0.815	0.25
0.44	0.82	0.25
0.44	0.825	0.25
0.44	0.83	0.25
0.44	0.835	0.25
0.44	0.84	0.25
0.44	0.845	0.25
0.44	0.85	0.25
0.44	0.855	0.25
0.44	0.86	0.25
0.44	0.865	0.25
0.44	0.87	0.25
0.44	0.875	0.25
0.44	0.88	0.25
0.44	0.885	0.25
0.44	0.89	0.25
0.44	0.895	0.25
0.44	0.9	0.25
0.44	0.905	0.25
0.44	0.91	0.25
0.44	0.915	0.25
0.44	0.92	0.25
0.44	0.925	0.25
0.44	0.93	0.25
0.44	0.935	0.25
0.44	0.94	0.25
0.44	0.945	0.25
0.44	0.95	0.25
0.44	0.955	0.25
0.44	0.96	0.25
0.44	0.965	0.25
0.44	0.97	0.25
0.44	0.975	0.25
0.44	0.98	0.25
0.44	0.985	0.25
0.44	0.99	0.25
0.44	0.995	0.25
0.44	1	0.25
0.45	0	1
0.45	0.005	1
0.45	0.01	1
0.45	0.015	1
0.45	0.02	1
0.45	0.025	1
0.45	0.03	1
0.45	0.035	1
0.45	0.04	1
0.45	0.045	1
0.45	0.05	1
0.45	0.055	1
0.45	0.06	1
0.45	0.065	1
0.45	0.07	1
0.45	0.075	1
0.45	0.08	1
0.45	0.085	1
0.45	0.09	1
0.45	0.095	1
0.45	0.1	1
0.45	0.105	1
0.45	0.11	1
0.45	0.115	1
0.45	0.12	1
0.45	0.125	1
0.45	0.13	1
0.45	0.135	1
0.45	0.14	1
0.45	0.145	1
0.45	0.15	1
0.45	0.155	1
0.45	0.16	1
0.45	0.165	1
0.45	0.17	1
0.45	0.175	1
0.45	0.18	1
0.45	0.185	1
0.45	0.19	1
0.45	0.195	1
0.45	0.2	1
0.45	0.205	1
0.45	0.21	1
0.45	0.215	1
0.45	0.22	1
0.45	0.225	1
0.45	0.23	1
0.45	0.235	1
0.45	0.24	1
0.45	0.245	1
0.45	0.25	0.25
0.45	0.255	0.25
0.45	0.26	0.25
0.45	0.265	0.25
0.45	0.27	0.25
0.45	0.275	0.25
0.45	0.28	0.25
0.45	0.285	0.25
0.45	0.29	0.25
0.45	0.295	0.25
0.45	0.3	0.25
0.45	0.305	0.25
0.45	0.31	0.25
0.45	0.315	0.25
0.45	0.32	0.25
0.45	0.325	0.25
0.45	0.33	0.25
0.45	0.335	0.25
0.45	0.34	0.25
0.45	0.345	0.25
0.45	0.35	0.25
0.45	0.355	0.25
0.45	0.36	0.25
0.45	0.365	0.25
0.45	0.37	0.25
0.45	0.375	0.25
0.45	0.38	0.25
0.45	0.385	0.25
0.45	0.39	0.25
0.45	0.395	0.25
0.45	0.4	0.25
0.45	0.405	0.25
0.45	0.41	0.25
0.45	0.415	0.25
0.45	0.42	0.25
0.45	0.425	0.25
0.45	0.43	0.25
0.45	0.435	0.25
0.45	0.44	0.25
0.45	0.445	0.25
0.45	0.45	0.25
0.45	0.455	0.25
0.45	0.46	0.25
0.45	0.465	0.25
0.45	0.47	0.25
0.45	0.475	0.25
0.45	0.48	0.25
0.45	0.485	0.25
0.45	0.49	0.25
0.45	0.495	0.25
0.45	0.5	0.25
0.45	0.505	0.25
0.45	0.51	0.25
0.45	0.515	0.25
0.45	0.52	0.25
0.45	0.525	0.25
0.45	0.53	0.25
0.45	0.535	0.25
0.45	0.54	0.25
0.45	0.545	0.25
0.45	0.55	0.25
0.45	0.555	0.25
0.45	0.56	0.25
0.45	0.565	0.25
0.45	0.57	0.25
0.45	0.575	0.25
0.45	0.58	0.25
0.45	0.585	0.25
0.45	0.59	0.25
0.45	0.595	0.25
0.45	0.6	0.25
0.45	0.605	0.25
0.45	0.61	0.25
0.45	0.615	0.25
0.45	0.62	0.25
0.45	0.625	0.25
0.45	0.63	0.25
0.45	0.635	0.25
0.45	0.64	0.25
0.45	0.645	0.25
0.45	0.65	0.25
0.45	0.655	0.25
0.45	0.66	0.25
0.45	0.665	0.25
0.45	0.67	0.25
0.45	0.675	0.25
0.45	0.68	0.25
0.45	0.685	0.25
0.45	0.69	0.25
0.45	0.695	0.25
0.45	0.7	0.25
0.45	0.705	0.25
0.45	0.71	0.25
0.45	0.715	0.25
0.45	0.72	0.25
0.45	0.725	0.25
0.45	0.73	0.25
0.45	0.735	0.25
0.45	0.74	0.25
0.45	0.745	0.25
0.45	0.75	0.25
0.45	0.755	0.25
0.45	0.76	0.25
0.45	0.765	0.25
0.45	0.77	0.25
0.45	0.775	0.25
0.45	0.78	0.25
0.45	0.785	0.25
0.45	0.79	0.25
0.45	0.795	0.25
0.45	0.8	0.25
0.45	0.805	0.25
0.45	0.81	0.25
0.45	0.815	0.25
0.45	0.82	0.25
0.45	0.825	0.25
0.45	0.83	0.25
0.45	0.835	0.25
0.45	0.84	0.25
0.45	0.845	0.25
0.45	0.85	0.25
0.45	0.855	0.25
0.45	0.86	0.25
0.45	0.865	0.25
0.45	0.87	0.25
0.45	0.875	0.25
0.45	0.88	0.25
0.45	0.885	0.25
0.45	0.89	0.25
0.45	0.895	0.25
0.45	0.9	0.25
0.45	0.905	0.25
0.45	0.91	0.25
0.45	0.915	0.25
0.45	0.92	0.25
0.45	0.925	0.25
0.45	0.93	0.25
0.45	0.935	0.25
0.45	0.94	0.25
0.45	0.945	0.25
0.45	0.95	0.25
0.45	0.955	0.25
0.45	0.96	0.25
0.45	0.965	0.25
0.45	0.97	0.25
0.45	0.975	0.25
0.45	0.98	0.25
0.45	0.985	0.25
0.45	0.99	0.25
0.45	0.995	0.25
0.45	1	0.25
0.46	0	1
0.46	0.005	1
0.46	0.01	1
0.46	0.015	1
0.46	0.02	1
0.46	0.025	1
0.46	0.03	1
0.46	0.035	1
0.46	0.04	1
0.46	0.045	1
0.46	0.05	1
0.46	0.055	1
0.46	0.06	1
0.46	0.065	1
0.46	0.07	1
0.46	0.075	1
0.46	0.08	1
0.46	0.085	1
0.46	0.09	1
0.46	0.095	1
0.46	0.1	1
0.46	0.105	1
0.46	0.11	1
0.46	0.115	1
0.46	0.12	1
0.46	0.125	1
0.46	0.13	1
0.46	0.135	1
0.46	0.14	1
0.46	0.145	1
0.46	0.15	1
0.46	0.155	1
0.46	0.16	1
0.46	0.165	1
0.46	0.17	1
0.46	0.175	1
0.46	0.18	1
0.46	0.185	1
0.46	0.19	1
0.46	0.195	1
0.46	0.2	1
0.46	0.205	1
0.46	0.21	1
0.46	0.215	1
0.46	0.22	1
0.46	0.225	1
0.46	0.23	1
0.46	0.235	1
0.46	0.24	1
0.46	0.245	1
0.46	0.25	0.25
0.46	0.255	0.25
0.46	0.26	0.25
0.46	0.265	0.25
0.46	0.27	0.25
0.46	0.275	0.25
0.46	0.28	0.25
0.46	0.285	0.25
0.46	0.29	0.25
0.46	0.295	0.25
0.46	0.3	0.25
0.46	0.305	0.25
0.46	0.31	0.25
0.46	0.315	0.25
0.46	0.32	0.25
0.46	0.325	0.25
0.46	0.33	0.25
0.46	0.335	0.25
0.46	0.34	0.25
0.46	0.345	0.25
0.46	0.35	0.25
0.46	0.355	0.25
0.46	0.36	0.25
0.46	0.365	0.25
0.46	0.37	0.25
0.46	0.375	0.25
0.46	0.38	0.25
0.46	0.385	0.25
0.46	0.39	0.25
0.46	0.395	0.25
0.46	0.4	0.25
0.46	0.405	0.25
0.46	0.41	0.25
0.46	0.415	0.25
0.46	0.42	0.25
0.46	0.425	0.25
0.46	0.43	0.25
0.46	0.435	0.25
0.46	0.44	0.25
0.46	0.445	0.25
0.46	0.45	0.25
0.46	0.455	0.25
0.46	0.46	0.25
0.46	0.465	0.25
0.46	0.47	0.25
0.46	0.475	0.25
0.46	0.48	0.25
0.46	0.485	0.25
0.46	0.49	0.25
0.46	0.495	0.25
0.46	0.5	0.25
0.46	0.505	0.25
0.46	0.51	0.25
0.46	0.515	0.25
0.46	0.52	0.25
0.46	0.525	0.25
0.46	0.53	0.25
0.46	0.535	0.25
0.46	0.54	0.25
0.46	0.545	0.25
0.46	0.55	0.25
0.46	0.555	0.25
0.46	0.56	0.25
0.46	0.565	0.25
0.46	0.57	0.25
0.46	0.575	0.25
0.46	0.58	0.25
0.46	0.585	0.25
0.46	0.59	0.25
0.46	0.595	0.25
0.46	0.6	0.25
0.46	0.605	0.25
0.46	0.61	0.25
0.46	0.615	0.25
0.46	0.62	0.25
0.46	0.625	0.25
0.46	0.63	0.25
0.46	0.635	0.25
0.46	0.64	0.25
0.46	0.645	0.25
0.46	0.65	0.25
0.46	0.655	0.25
0.46	0.66	0.25
0.46	0.665	0.25
0.46	0.67	0.25
0.46	0.675	0.25
0.46	0.68	0.25
0.46	0.685	0.25
0.46	0.69	0.25
0.46	0.695	0.25
0.46	0.7	0.25
0.46	0.705	0.25
0.46	0.71	0.25
0.46	0.715	0.25
0.46	0.72	0.25
0.46	0.725	0.25
0.46	0.73	0.25
0.46	0.735	0.25
0.46	0.74	0.25
0.46	0.745	0.25
0.46	0.75	0.25
0.46	0.755	0.25
0.46	0.76	0.25
0.46	0.765	0.25
0.46	0.77	0.25
0.46	0.775	0.25
0.46	0.78	0.25
0.46	0.785	0.25
0.46	0.79	0.25
0.46	0.795	0.25
0.46	0.8	0.25
0.46	0.805	0.25
0.46	0.81	0.25
0.46	0.815	0.25
0.46	0.82	0.25
0.46	0.825	0.25
0.46	0.83	0.25
0.46	0.835	0.25
0.46	0.84	0.25
0.46	0.845	0.25
0.46	0.85	0.25
0.46	0.855	0.25
0.46	0.86	0.25
0.46	0.865	0.25
0.46	0.87	0.25
0.46	0.875	0.25
0.46	0.88	0.25
0.46	0.885	0.25
0.46	0.89	0.25
0.46	0.895	0.25
0.46	0.9	0.25
0.46	0.905	0.25
0.46	0.91	0.25
0.46	0.915	0.25
0.46	0.92	0.25
0.46	0.925	0.25
0.46	0.93	0.25
0.46	0.935	0.25
0.46	0.94	0.25
0.46	0.945	0.25
0.46	0.95	0.25
0.46	0.955	0.25
0.46	0.96	0.25
0.46	0.965	0.25
0.46	0.97	0.25
0.46	0.975	0.25
0.46	0.98	0.25
0.46	0.985	0.25
0.46	0.99	0.25
0.46	0.995	0.25
0.46	1	0.25
0.47	0	1
0.47	0.005	1
0.47	0.01	1
0.47	0.015	1
0.47	0.02	1
0.47	0.025	1
0.47	0.03	1
0.47	0.035	1
0.47	0.04	1
0.47	0.045	1
0.47	0.05	1
0.47	0.055	1
0.47	0.06	1
0.47	0.065	1
0.47	0.07	1
0.47	0.075	1
0.47	0.08	1
0.47	0.085	1
0.47	0.09	1
0.47	0.095	1
0.47	0.1	1
0.47	0.105	1
0.47	0.11	1
0.47	0.115	1
0.47	0.12	1
0.47	0.125	1
0.47	0.13	1
0.47	0.135	1
0.47	0.14	1
0.47	0.145	1
0.47	0.15	1
0.47	0.155	1
0.47	0.16	1
0.47	0.165	1
0.47	0.17	1
0.47	0.175	1
0.47	0.18	1
0.47	0.185	1
0.47	0.19	1
0.47	0.195	1
0.47	0.2	1
0.47	0.205	1
0.47	0.21	1
0.47	0.215	1
0.47	0.22	1
0.47	0.225	1
0.47	0.23	1
0.47	0.235	1
0.47	0.24	1
0.47	0.245	1
0.47	0.25	0.25
0.47	0.255	0.25
0.47	0.26	0.25
0.47	0.265	0.25
0.47	0.27	0.25
0.47	0.275	0.25
0.47	0.28	0.25
0.47	0.285	0.25
0.47	0.29	0.25
0.47	0.295	0.25
0.47	0.3	0.25
0.47	0.305	0.25
0.47	0.31	0.25
0.47	0.315	0.25
0.47	0.32	0.25
0.47	0.325	0.25
0.47	0.33	0.25
0.47	0.335	0.25
0.47	0.34	0.25
0.47	0.345	0.25
0.47	0.35	0.25
0.47	0.355	0.25
0.47	0.36	0.25
0.47	0.365	0.25
0.47	0.37	0.25
0.47	0.375	0.25
0.47	0.38	0.25
0.47	0.385	0.25
0.47	0.39	0.25
0.47	0.395	0.25
0.47	0.4	0.25
0.47	0.405	0.25
0.47	0.41	0.25
0.47	0.415	0.25
0.47	0.42	0.25
0.47	0.425	0.25
0.47	0.43	0.25
0.47	0.435	0.25
0.47	0.44	0.25
0.47	0.445	0.25
0.47	0.45	0.25
0.47	0.455	0.25
0.47	0.46	0.25
0.47	0.465	0.25
0.47	0.47	0.25
0.47	0.475	0.25
0.47	0.48	0.25
0.47	0.485	0.25
0.47	0.49	0.25
0.47	0.495	0.25
0.47	0.5	0.25
0.47	0.505	0.25
0.47	0.51	0.25
0.47	0.515	0.25
0.47	0.52	0.25
0.47	0.525	0.25
0.47	0.53	0.25
0.47	0.535	0.25
0.47	0.54	0.25
0.47	0.545	0.25
0.47	0.55	0.25
0.47	0.555	0.25
0.47	0.56	0.25
0.47	0.565	0.25
0.47	0.57	0.25
0.47	0.575	0.25
0.47	0.58	0.25
0.47	0.585	0.25
0.47	0.59	0.25
0.47	0.595	0.25
0.47	0.6	0.25
0.47	0.605	0.25
0.47	0.61	0.25
0.47	0.615	0.25
0.47	0.62	0.25
0.47	0.625	0.25
0.47	0.63	0.25
0.47	0.635	0.25
0.47	0.64	0.25
0.47	0.645	0.25
0.47	0.65	0.25
0.47	0.655	0.25
0.47	0.66	0.25
0.47	0.665	0.25
0.47	0.67	0.25
0.47	0.675	0.25
0.47	0.68	0.25
0.47	0.685	0.25
0.47	0.69	0.25
0.47	0.695	0.25
0.47	0.7	0.25
0.47	0.705	0.25
0.47	0.71	0.25
0.47	0.715	0.25
0.47	0.72	0.25
0.47	0.725	0.25
0.47	0.73	0.25
0.47	0.735	0.25
0.47	0.74	0.25
0.47	0.745	0.25
0.47	0.75	0.25
0.47	0.755	0.25
0.47	0.76	0.25
0.47	0.765	0.25
0.47	0.77	0.25
0.47	0.775	0.25
0.47	0.78	0.25
0.47	0.785	0.25
0.47	0.79	0.25
0.47	0.795	0.25
0.47	0.8	0.25
0.47	0.805	0.25
0.47	0.81	0.25
0.47	0.815	0.25
0.47	0.82	0.25
0.47	0.825	0.25
0.47	0.83	0.25
0.47	0.835	0.25
0.47	0.84	0.25
0.47	0.845	0.25
0.47	0.85	0.25
0.47	0.855	0.25
0.47	0.86	0.25
0.47	0.865	0.25
0.47	0.87	0.25
0.47	0.875	0.25
0.47	0.88	0.25
0.47	0.885	0.25
0.47	0.89	0.25
0.47	0.895	0.25
0.47	0.9	0.25
0.47	0.905	0.25
0.47	0.91	0.25
0.47	0.915	0.25
0.47	0.92	0.25
0.47	0.925	0.25
0.47	0.93	0.25
0.47	0.935	0.25
0.47	0.94	0.25
0.47	0.945	0.25
0.47	0.95	0.25
0.47	0.955	0.25
0.47	0.96	0.25
0.47	0.965	0.25
0.47	0.97	0.25
0.47	0.975	0.25
0.47	0.98	0.25
0.47	0.985	0.25
0.47	0.99	0.25
0.47	0.995	0.25
0.47	1	0.25
0.48	0	1
0.48	0.005	1
0.48	0.01	1
0.48	0.015	1
0.48	0.02	1
0.48	0.025	1
0.48	0.03	1
0.48	0.035	1
0.48	0.04	1
0.48	0.045	1
0.48	0.05	1
0.48	0.055	1
0.48	0.06	1
0.48	0.065	1
0.48	0.07	1
0.48	0.075	1
0.48	0.08	1
0.48	0.085	1
0.48	0.09	1
0.48	0.095	1
0.48	0.1	1
0.48	0.105	1
0.48	0.11	1
0.48	0.115	1
0.48	0.12	1
0.48	0.125	1
0.48	0.13	1
0.48	0.135	1
0.48	0.14	1
0.48	0.145	1
0.48	0.15	1
0.48	0.155	1
0.48	0.16	1
0.48	0.165	1
0.48	0.17	1
0.48	0.175	1
0.48	0.18	1
0.48	0.185	1
0.48	0.19	1
0.48	0.195	1
0.48	0.2	1
0.48	0.205	1
0.48	0.21	1
0.48	0.215	1
0.48	0.22	1
0.48	0.225	1
0.48	0.23	1
0.48	0.235	1
0.48	0.24	1
0.48	0.245	1
0.48	0.25	0.25
0.48	0.255	0.25
0.48	0.26	0.25
0.48	0.265	0.25
0.48	0.27	0.25
0.48	0.275	0.25
0.48	0.28	0.25
0.48	0.285	0.25
0.48	0.29	0.25
0.48	0.295	0.25
0.48	0.3	0.25
0.48	0.305	0.25
0.48	0.31	0.25
0.48	0.315	0.25
0.48	0.32	0.25
0.48	0.325	0.25
0.48	0.33	0.25
0.48	0.335	0.25
0.48	0.34	0.25
0.48	0.345	0.25
0.48	0.35	0.25
0.48	0.355	0.25
0.48	0.36	0.25
0.48	0.365	0.25
0.48	0.37	0.25
0.48	0.375	0.25
0.48	0.38	0.25
0.48	0.385	0.25
0.48	0.39	0.25
0.48	0.395	0.25
0.48	0.4	0.25
0.48	0.405	0.25
0.48	0.41	0.25
0.48	0.415	0.25
0.48	0.42	0.25
0.48	0.425	0.25
0.48	0.43	0.25
0.48	0.435	0.25
0.48	0.44	0.25
0.48	0.445	0.25
0.48	0.45	0.25
0.48	0.455	0.25
0.48	0.46	0.25
0.48	0.465	0.25
0.48	0.47	0.25
0.48	0.475	0.25
0.48	0.48	0.25
0.48	0.485	0.25
0.48	0.49	0.25
0.48	0.495	0.25
0.48	0.5	0.25
0.48	0.505	0.25
0.48	0.51	0.25
0.48	0.515	0.25
0.48	0.52	0.25
0.48	0.525	0.25
0.48	0.53	0.25
0.48	0.535	0.25
0.48	0.54	0.25
0.48	0.545	0.25
0.48	0.55	0.25
0.48	0.555	0.25
0.48	0.56	0.25
0.48	0.565	0.25
0.48	0.57	0.25
0.48	0.575	0.25
0.48	0.58	0.25
0.48	0.585	0.25
0.48	0.59	0.25
0.48	0.595	0.25
0.48	0.6	0.25
0.48	0.605	0.25
0.48	0.61	0.25
0.48	0.615	0.25
0.48	0.62	0.25
0.48	0.625	0.25
0.48	0.63	0.25
0.48	0.635	0.25
0.48	0.64	0.25
0.48	0.645	0.25
0.48	0.65	0.25
0.48	0.655	0.25
0.48	0.66	0.25
0.48	0.665	0.25
0.48	0.67	0.25
0.48	0.675	0.25
0.48	0.68	0.25
0.48	0.685	0.25
0.48	0.69	0.25
0.48	0.695	0.25
0.48	0.7	0.25
0.48	0.705	0.25
0.48	0.71	0.25
0.48	0.715	0.25
0.48	0.72	0.25
0.48	0.725	0.25
0.48	0.73	0.25
0.48	0.735	0.25
0.48	0.74	0.25
0.48	0.745	0.25
0.48	0.75	0.25
0.48	0.755	0.25
0.48	0.76	0.25
0.48	0.765	0.25
0.48	0.77	0.25
0.48	0.775	0.25
0.48	0.78	0.25
0.48	0.785	0.25
0.48	0.79	0.25
0.48	0.795	0.25
0.48	0.8	0.25
0.48	0.805	0.25
0.48	0.81	0.25
0.48	0.815	0.25
0.48	0.82	0.25
0.48	0.825	0.25
0.48	0.83	0.25
0.48	0.835	0.25
0.48	0.84	0.25
0.48	0.845	0.25
0.48	0.85	0.25
0.48	0.855	0.25
0.48	0.86	0.25
0.48	0.865	0.25
0.48	0.87	0.25
0.48	0.875	0.25
0.48	0.88	0.25
0.48	0.885	0.25
0.48	0.89	0.25
0.48	0.895	0.25
0.48	0.9	0.25
0.48	0.905	0.25
0.48	0.91	0.25
0.48	0.915	0.25
0.48	0.92	0.25
0.48	0.925	0.25
0.48	0.93	0.25
0.48	0.935	0.25
0.48	0.94	0.25
0.48	0.945	0.25
0.48	0.95	0.25
0.48	0.955	0.25
0.48	0.96	0.25
0.48	0.965	0.25
0.48	0.97	0.25
0.48	0.975	0.25
0.48	0.98	0.25
0.48	0.985	0.25
0.48	0.99	0.25
0.48	0.995	0.25
0.48	1	0.25
0.49	0	1
0.49	0.005	1
0.49	0.01	1
0.49	0.015	1
0.49	0.02	1
0.49	0.025	1
0.49	0.03	1
0.49	0.035	1
0.49	0.04	1
0.49	0.045	1
0.49	0.05	1
0.49	0.055	1
0.49	0.06	1
0.49	0.065	1
0.49	0.07	1
0.49	0.075	1
0.49	0.08	1
0.49	0.085	1
0.49	0.09	1
0.49	0.095	1
0.49	0.1	1
0.49	0.105	1
0.49	0.11	1
0.49	0.115	1
0.49	0.12	1
0.49	0.125	1
0.49	0.13	1
0.49	0.135	1
0.49	0.14	1
0.49	0.145	1
0.49	0.15	1
0.49	0.155	1
0.49	0.16	1
0.49	0.165	1
0.49	0.17	1
0.49	0.175	1
0.49	0.18	1
0.49	0.185	1
0.49	0.19	1
0.49	0.195	1
0.49	0.2	1
0.49	0.205	1
0.49	0.21	1
0.49	0.215	1
0.49	0.22	1
0.49	0.225	1
0.49	0.23	1
0.49	0.235	1
0.49	0.24	1
0.49	0.245	1
0.49	0.25	0.25
0.49	0.255	0.25
0.49	0.26	0.25
0.49	0.265	0.25
0.49	0.27	0.25
0.49	0.275	0.25
0.49	0.28	0.25
0.49	0.285	0.25
0.49	0.29	0.25
0.49	0.295	0.25
0.49	0.3	0.25
0.49	0.305	0.25
0.49	0.31	0.25
0.49	0.315	0.25
0.49	0.32	0.25
0.49	0.325	0.25
0.49	0.33	0.25
0.49	0.335	0.25
0.49	0.34	0.25
0.49	0.345	0.25
0.49	0.35	0.25
0.49	0.355	0.25
0.49	0.36	0.25
0.49	0.365	0.25
0.49	0.37	0.25
0.49	0.375	0.25
0.49	0.38	0.25
0.49	0.385	0.25
0.49	0.39	0.25
0.49	0.395	0.25
0.49	0.4	0.25
0.49	0.405	0.25
0.49	0.41	0.25
0.49	0.415	0.25
0.49	0.42	0.25
0.49	0.425	0.25
0.49	0.43	0.25
0.49	0.435	0.25
0.49	0.44	0.25
0.49	0.445	0.25
0.49	0.45	0.25
0.49	0.455	0.25
0.49	0.46	0.25
0.49	0.465	0.25
0.49	0.47	0.25
0.49	0.475	0.25
0.49	0.48	0.25
0.49	0.485	0.25
0.49	0.49	0.25
0.49	0.495	0.25
0.49	0.5	0.25
0.49	0.505	0.25
0.49	0.51	0.25
0.49	0.515	0.25
0.49	0.52	0.25
0.49	0.525	0.25
0.49	0.53	0.25
0.49	0.535	0.25
0.49	0.54	0.25
0.49	0.545	0.25
0.49	0.55	0.25
0.49	0.555	0.25
0.49	0.56	0.25
0.49	0.565	0.25
0.49	0.57	0.25
0.49	0.575	0.25
0.49	0.58	0.25
0.49	0.585	0.25
0.49	0.59	0.25
0.49	0.595	0.25
0.49	0.6	0.25
0.49	0.605	0.25
0.49	0.61	0.25
0.49	0.615	0.25
0.49	0.62	0.25
0.49	0.625	0.25
0.49	0.63	0.25
0.49	0.635	0.25
0.49	0.64	0.25
0.49	0.645	0.25
0.49	0.65	0.25
0.49	0.655	0.25
0.49	0.66	0.25
0.49	0.665	0.25
0.49	0.67	0.25
0.49	0.675	0.25
0.49	0.68	0.25
0.49	0.685	0.25
0.49	0.69	0.25
0.49	0.695	0.25
0.49	0.7	0.25
0.49	0.705	0.25
0.49	0.71	0.25
0.49	0.715	0.25
0.49	0.72	0.25
0.49	0.725	0.25
0.49	0.73	0.25
0.49	0.735	0.25
0.49	0.74	0.25
0.49	0.745	0.25
0.49	0.75	0.25
0.49	0.755	0.25
0.49	0.76	0.25
0.49	0.765	0.25
0.49	0.77	0.25
0.49	0.775	0.25
0.49	0.78	0.25
0.49	0.785	0.25
0.49	0.79	0.25
0.49	0.795	0.25
0.49	0.8	0.25
0.49	0.805	0.25
0.49	0.81	0.25
0.49	0.815	0.25
0.49	0.82	0.25
0.49	0.825	0.25
0.49	0.83	0.25
0.49	0.835	0.25
0.49	0.84	0.25
0.49	0.845	0.25
0.49	0.85	0.25
0.49	0.855	0.25
0.49	0.86	0.25
0.49	0.865	0.25
0.49	0.87	0.25
0.49	0.875	0.25
0.49	0.88	0.25
0.49	0.885	0.25
0.49	0.89	0.25
0.49	0.895	0.25
0.49	0.9	0.25
0.49	0.905	0.25
0.49	0.91	0.25
0.49	0.915	0.25
0.49	0.92	0.25
0.49	0.925	0.25
0.49	0.93	0.25
0.49	0.935	0.25
0.49	0.94	0.25
0.49	0.945	0.25
0.49	0.95	0.25
0.49	0.955	0.25
0.49	0.96	0.25
0.49	0.965	0.25
0.49	0.97	0.25
0.49	0.975	0.25
0.49	0.98	0.25
0.49	0.985	0.25
0.49	0.99	0.25
0.49	0.995	0.25
0.49	1	0.25
0.5	0	0.25
0.5	0.005	0.25
0.5	0.01	0.25
0.5	0.015	0.25
0.5	0.02	0.25
0.5	0.025	0.25
0.5	0.03	0.25
0.5	0.035	0.25
0.5	0.04	0.25
0.5	0.045	0.25
0.5	0.05	0.25
0.5	0.055	0.25
0.5	0.06	0.25
0.5	0.065	0.25
0.5	0.07	0.25
0.5	0.075	0.25
0.5	0.08	0.25
0.5	0.085	0.25
0.5	0.09	0.25
0.5	0.095	0.25
0.5	0.1	0.25
0.5	0.105	0.25
0.5	0.11	0.25
0.5	0.115	0.25
0.5	0.12	0.25
0.5	0.125	0.25
0.5	0.13	0.25
0.5	0.135	0.25
0.5	0.14	0.25
0.5	0.145	0.25
0.5	0.15	0.25
0.5	0.155	0.25
0.5	0.16	0.25
0.5	0.165	0.25
0.5	0.17	0.25
0.5	0.175	0.25
0.5	0.18	0.25
0.5	0.185	0.25
0.5	0.19	0.25
0.5	0.195	0.25
0.5	0.2	0.25
0.5	0.205	0.25
0.5	0.21	0.25
0.5	0.215	0.25
0.5	0.22	0.25
0.5	0.225	0.25
0.5	0.23	0.25
0.5	0.235	0.25
0.5	0.24	0.25
0.5	0.245	0.25
0.5	0.25	0.5
0.5	0.255	0.5
0.5	0.26	0.5
0.5	0.265	0.5
0.5	0.27	0.5
0.5	0.275	0.5
0.5	0.28	0.5
0.5	0.285	0.5
0.5	0.29	0.5
0.5	0.295	0.5
0.5	0.3	0.5
0.5	0.305	0.5
0.5	0.31	0.5
0.5	0.315	0.5
0.5	0.32	0.5
0.5	0.325	0.5
0.5	0.33	0.5
0.5	0.335	0.5
0.5	0.34	0.5
0.5	0.345	0.5
0.5	0.35	0.5
0.5	0.355	0.5
0.5	0.36	0.5
0.5	0.365	0.5
0.5	0.37	0.5
0.5	0.375	0.5
0.5	0.38	0.5
0.5	0.385	0.5
0.5	0.39	0.5
0.5	0.395	0.5
0.5	0.4	0.5
0.5	0.405	0.5
0.5	0.41	0.5
0.5	0.415	0.5
0.5	0.42	0.5
0.5	0.425	0.5
0.5	0.43	0.5
0.5	0.435	0.5
0.5	0.44	0.5
0.5	0.445	0.5
0.5	0.45	0.5
0.5	0.455	0.5
0.5	0.46	0.5
0.5	0.465	0.5
0.5	0.47	0.5
0.5	0.475	0.5
0.5	0.48	0.5
0.5	0.485	0.5
0.5	0.49	0.5
0.5	0.495	0.5
0.5	0.5	0.5
0.5	0.505	0.5
0.5	0.51	0.5
0.5	0.515	0.5
0.5	0.52	0.5
0.5	0.525	0.5
0.5	0.53	0.5
0.5	0.535	0.5
0.5	0.54	0.5
0.5	0.545	0.5
0.5	0.55	0.5
0.5	0.555	0.5
0.5	0.56	0.5
0.5	0.565	0.5
0.5	0.57	0.5
0.5	0.575	0.5
0.5	0.58	0.5
0.5	0.585	0.5
0.5	0.59	0.5
0.5	0.595	0.5
0.5	0.6	0.5
0.5	0.605	0.5
0.5	0.61	0.5
0.5	0.615	0.5
0.5	0.62	0.5
0.5	0.625	0.5
0.5	0.63	0.5
0.5	0.635	0.5
0.5	0.64	0.5
0.5	0.645	0.5
0.5	0.65	0.5
0.5	0.655	0.5
0.5	0.66	0.5
0.5	0.665	0.5
0.5	0.67	0.5
0.5	0.675	0.5
0.5	0.68	0.5
0.5	0.685	0.5
0.5	0.69	0.5
0.5	0.695	0.5
0.5	0.7	0.5
0.5	0.705	0.5
0.5	0.71	0.5
0.5	0.715	0.5
0.5	0.72	0.5
0.5	0.725	0.5
0.5	0.73	0.5
0.5	0.735	0.5
0.5	0.74	0.5
0.5	0.745	0.5
0.5	0.75	0.5
0.5	0.755	0.5
0.5	0.76	0.5
0.5	0.765	0.5
0.5	0.77	0.5
0.5	0.775	0.5
0.5	0.78	0.5
0.5	0.785	0.5
0.5	0.79	0.5
0.5	0.795	0.5
0.5	0.8	0.5
0.5	0.805	0.5
0.5	0.81	0.5
0.5	0.815	0.5
0.5	0.82	0.5
0.5	0.825	0.5
0.5	0.83	0.5
0.5	0.835	0.5
0.5	0.84	0.5
0.5	0.845	0.5
0.5	0.85	0.5
0.5	0.855	0.5
0.5	0.86	0.5
0.5	0.865	0.5
0.5	0.87	0.5
0.5	0.875	0.5
0.5	0.88	0.5
0.5	0.885	0.5
0.5	0.89	0.5
0.5	0.895	0.5
0.5	0.9	0.5
0.5	0.905	0.5
0.5	0.91	0.5
0.5	0.915	0.5
0.5	0.92	0.5
0.5	0.925	0.5
0.5	0.93	0.5
0.5	0.935	0.5
0.5	0.94	0.5
0.5	0.945	0.5
0.5	0.95	0.5
0.5	0.955	0.5
0.5	0.96	0.5
0.5	0.965	0.5
0.5	0.97	0.5
0.5	0.975	0.5
0.5	0.98	0.5
0.5	0.985	0.5
0.5	0.99	0.5
0.5	0.995	0.5
0.5	1	0.5
0.51	0	0.25
0.51	0.005	0.25
0.51	0.01	0.25
0.51	0.015	0.25
0.51	0.02	0.25
0.51	0.025	0.25
0.51	0.03	0.25
0.51	0.035	0.25
0.51	0.04	0.25
0.51	0.045	0.25
0.51	0.05	0.25
0.51	0.055	0.25
0.51	0.06	0.25
0.51	0.065	0.25
0.51	0.07	0.25
0.51	0.075	0.25
0.51	0.08	0.25
0.51	0.085	0.25
0.51	0.09	0.25
0.51	0.095	0.25
0.51	0.1	0.25
0.51	0.105	0.25
0.51	0.11	0.25
0.51	0.115	0.25
0.51	0.12	0.25
0.51	0.125	0.25
0.51	0.13	0.25
0.51	0.135	0.25
0.51	0.14	0.25
0.51	0.145	0.25
0.51	0.15	0.25
0.51	0.155	0.25
0.51	0.16	0.25
0.51	0.165	0.25
0.51	0.17	0.25
0.51	0.175	0.25
0.51	0.18	0.25
0.51	0.185	0.25
0.51	0.19	0.25
0.51	0.195	0.25
0.51	0.2	0.25
0.51	0.205	0.25
0.51	0.21	0.25
0.51	0.215	0.25
0.51	0.22	0.25
0.51	0.225	0.25
0.51	0.23	0.25
0.51	0.235	0.25
0.51	0.24	0.25
0.51	0.245	0.25
0.51	0.25	0.5
0.51	0.255	0.5
0.51	0.26	0.5
0.51	0.265	0.5
0.51	0.27	0.5
0.51	0.275	0.5
0.51	0.28	0.5
0.51	0.285	0.5
0.51	0.29	0.5
0.51	0.295	0.5
0.51	0.3	0.5
0.51	0.305	0.5
0.51	0.31	0.5
0.51	0.315	0.5
0.51	0.32	0.5
0.51	0.325	0.5
0.51	0.33	0.5
0.51	0.335	0.5
0.51	0.34	0.5
0.51	0.345	0.5
0.51	0.35	0.5
0.51	0.355	0.5
0.51	0.36	0.5
0.51	0.365	0.5
0.51	0.37	0.5
0.51	0.375	0.5
0.51	0.38	0.5
0.51	0.385	0.5
0.51	0.39	0.5
0.51	0.395	0.5
0.51	0.4	0.5
0.51	0.405	0.5
0.51	0.41	0.5
0.51	0.415	0.5
0.51	0.42	0.5
0.51	0.425	0.5
0.51	0.43	0.5
0.51	0.435	0.5
0.51	0.44	0.5
0.51	0.445	0.5
0.51	0.45	0.5
0.51	0.455	0.5
0.51	0.46	0.5
0.51	0.465	0.5
0.51	0.47	0.5
0.51	0.475	0.5
0.51	0.48	0.5
0.51	0.485	0.5
0.51	0.49	0.5
0.51	0.495	0.5
0.51	0.5	0.5
0.51	0.505	0.5
0.51	0.51	0.5
0.51	0.515	0.5
0.51	0.52	0.5
0.51	0.525	0.5
0.51	0.53	0.5
0.51	0.535	0.5
0.51	0.54	0.5
0.51	0.545	0.5
0.51	0.55	0.5
0.51	0.555	0.5
0.51	0.56	0.5
0.51	0.565	0.5
0.51	0.57	0.5
0.51	0.575	0.5
0.51	0.58	0.5
0.51	0.585	0.5
0.51	0.59	0.5
0.51	0.595	0.5
0.51	0.6	0.5
0.51	0.605	0.5
0.51	0.61	0.5
0.51	0.615	0.5
0.51	0.62	0.5
0.51	0.625	0.5
0.51	0.63	0.5
0.51	0.635	0.5
0.51	0.64	0.5
0.51	0.645	0.5
0.51	0.65	0.5
0.51	0.655	0.5
0.51	0.66	0.5
0.51	0.665	0.5
0.51	0.67	0.5
0.51	0.675	0.5
0.51	0.68	0.5
0.51	0.685	0.5
0.51	0.69	0.5
0.51	0.695	0.5
0.51	0.7	0.5
0.51	0.705	0.5
0.51	0.71	0.5
0.51	0.715	0.5
0.51	0.72	0.5
0.51	0.725	0.5
0.51	0.73	0.5
0.51	0.735	0.5
0.51	0.74	0.5
0.51	0.745	0.5
0.51	0.75	0.5
0.51	0.755	0.5
0.51	0.76	0.5
0.51	0.765	0.5
0.51	0.77	0.5
0.51	0.775	0.5
0.51	0.78	0.5
0.51	0.785	0.5
0.51	0.79	0.5
0.51	0.795	0.5
0.51	0.8	0.5
0.51	0.805	0.5
0.51	0.81	0.5
0.51	0.815	0.5
0.51	0.82	0.5
0.51	0.825	0.5
0.51	0.83	0.5
0.51	0.835	0.5
0.51	0.84	0.5
0.51	0.845	0.5
0.51	0.85	0.5
0.51	0.855	0.5
0.51	0.86	0.5
0.51	0.865	0.5
0.51	0.87	0.5
0.51	0.875	0.5
0.51	0.88	0.5
0.51	0.885	0.5
0.51	0.89	0.5
0.51	0.895	0.5
0.51	0.9	0.5
0.51	0.905	0.5
0.51	0.91	0.5
0.51	0.915	0.5
0.51	0.92	0.5
0.51	0.925	0.5
0.51	0.93	0.5
0.51	0.935	0.5
0.51	0.94	0.5
0.51	0.945	0.5
0.51	0.95	0.5
0.51	0.955	0.5
0.51	0.96	0.5
0.51	0.965	0.5
0.51	0.97	0.5
0.51	0.975	0.5
0.51	0.98	0.5
0.51	0.985	0.5
0.51	0.99	0.5
0.51	0.995	0.5
0.51	1	0.5
0.52	0	0.25
0.52	0.005	0.25
0.52	0.01	0.25
0.52	0.015	0.25
0.52	0.02	0.25
0.52	0.025	0.25
0.52	0.03	0.25
0.52	0.035	0.25
0.52	0.04	0.25
0.52	0.045	0.25
0.52	0.05	0.25
0.52	0.055	0.25
0.52	0.06	0.25
0.52	0.065	0.25
0.52	0.07	0.25
0.52	0.075	0.25
0.52	0.08	0.25
0.52	0.085	0.25
0.52	0.09	0.25
0.52	0.095	0.25
0.52	0.1	0.25
0.52	0.105	0.25
0.52	0.11	0.25
0.52	0.115	0.25
0.52	0.12	0.25
0.52	0.125	0.25
0.52	0.13	0.25
0.52	0.135	0.25
0.52	0.14	0.25
0.52	0.145	0.25
0.52	0.15	0.25
0.52	0.155	0.25
0.52	0.16	0.25
0.52	0.165	0.25
0.52	0.17	0.25
0.52	0.175	0.25
0.52	0.18	0.25
0.52	0.185	0.25
0.52	0.19	0.25
0.52	0.195	0.25
0.52	0.2	0.25
0.52	0.205	0.25
0.52	0.21	0.25
0.52	0.215	0.25
0.52	0.22	0.25
0.52	0.225	0.25
0.52	0.23	0.25
0.52	0.235	0.25
0.52	0.24	0.25
0.52	0.245	0.25
0.52	0.25	0.5
0.52	0.255	0.5
0.52	0.26	0.5
0.52	0.265	0.5
0.52	0.27	0.5
0.52	0.275	0.5
0.52	0.28	0.5
0.52	0.285	0.5
0.52	0.29	0.5
0.52	0.295	0.5
0.52	0.3	0.5
0.52	0.305	0.5
0.52	0.31	0.5
0.52	0.315	0.5
0.52	0.32	0.5
0.52	0.325	0.5
0.52	0.33	0.5
0.52	0.335	0.5
0.52	0.34	0.5
0.52	0.345	0.5
0.52	0.35	0.5
0.52	0.355	0.5
0.52	0.36	0.5
0.52	0.365	0.5
0.52	0.37	0.5
0.52	0.375	0.5
0.52	0.38	0.5
0.52	0.385	0.5
0.52	0.39	0.5
0.52	0.395	0.5
0.52	0.4	0.5
0.52	0.405	0.5
0.52	0.41	0.5
0.52	0.415	0.5
0.52	0.42	0.5
0.52	0.425	0.5
0.52	0.43	0.5
0.52	0.435	0.5
0.52	0.44	0.5
0.52	0.445	0.5
0.52	0.45	0.5
0.52	0.455	0.5
0.52	0.46	0.5
0.52	0.465	0.5
0.52	0.47	0.5
0.52	0.475	0.5
0.52	0.48	0.5
0.52	0.485	0.5
0.52	0.49	0.5
0.52	0.495	0.5
0.52	0.5	0.5
0.52	0.505	0.5
0.52	0.51	0.5
0.52	0.515	0.5
0.52	0.52	0.5
0.52	0.525	0.5
0.52	0.53	0.5
0.52	0.535	0.5
0.52	0.54	0.5
0.52	0.545	0.5
0.52	0.55	0.5
0.52	0.555	0.5
0.52	0.56	0.5
0.52	0.565	0.5
0.52	0.57	0.5
0.52	0.575	0.5
0.52	0.58	0.5
0.52	0.585	0.5
0.52	0.59	0.5
0.52	0.595	0.5
0.52	0.6	0.5
0.52	0.605	0.5
0.52	0.61	0.5
0.52	0.615	0.5
0.52	0.62	0.5
0.52	0.625	0.5
0.52	0.63	0.5
0.52	0.635	0.5
0.52	0.64	0.5
0.52	0.645	0.5
0.52	0.65	0.5
0.52	0.655	0.5
0.52	0.66	0.5
0.52	0.665	0.5
0.52	0.67	0.5
0.52	0.675	0.5
0.52	0.68	0.5
0.52	0.685	0.5
0.52	0.69	0.5
0.52	0.695	0.5
0.52	0.7	0.5
0.52	0.705	0.5
0.52	0.71	0.5
0.52	0.715	0.5
0.52	0.72	0.5
0.52	0.725	0.5
0.52	0.73	0.5
0.52	0.735	0.5
0.52	0.74	0.5
0.52	0.745	0.5
0.52	0.75	0.5
0.52	0.755	0.5
0.52	0.76	0.5
0.52	0.765	0.5
0.52	0.77	0.5
0.52	0.775	0.5
0.52	0.78	0.5
0.52	0.785	0.5
0.52	0.79	0.5
0.52	0.795	0.5
0.52	0.8	0.5
0.52	0.805	0.5
0.52	0.81	0.5
0.52	0.815	0.5
0.52	0.82	0.5
0.52	0.825	0.5
0.52	0.83	0.5
0.52	0.835	0.5
0.52	0.84	0.5
0.52	0.845	0.5
0.52	0.85	0.5
0.52	0.855	0.5
0.52	0.86	0.5
0.52	0.865	0.5
0.52	0.87	0.5
0.52	0.875	0.5
0.52	0.88	0.5
0.52	0.885	0.5
0.52	0.89	0.5
0.52	0.895	0.5
0.52	0.9	0.5
0.52	0.905	0.5
0.52	0.91	0.5
0.52	0.915	0.5
0.52	0.92	0.5
0.52	0.925	0.5
0.52	0.93	0.5
0.52	0.935	0.5
0.52	0.94	0.5
0.52	0.945	0.5
0.52	0.95	0.5
0.52	0.955	0.5
0.52	0.96	0.5
0.52	0.965	0.5
0.52	0.97	0.5
0.52	0.975	0.5
0.52	0.98	0.5
0.52	0.985	0.5
0.52	0.99	0.5
0.52	0.995	0.5
0.52	1	0.5
0.53	0	0.25
0.53	0.005	0.25
0.53	0.01	0.25
0.53	0.015	0.25
0.53	0.02	0.25
0.53	0.025	0.25
0.53	0.03	0.25
0.53	0.035	0.25
0.53	0.04	0.25
0.53	0.045	0.25
0.53	0.05	0.25
0.53	0.055	0.25
0.53	0.06	0.25
0.53	0.065	0.25
0.53	0.07	0.25
0.53	0.075	0.25
0.53	0.08	0.25
0.53	0.085	0.25
0.53	0.09	0.25
0.53	0.095	0.25
0.53	0.1	0.25
0.53	0.105	0.25
0.53	0.11	0.25
0.53	0.115	0.25
0.53	0.12	0.25
0.53	0.125	0.25
0.53	0.13	0.25
0.53	0.135	0.25
0.53	0.14	0.25
0.53	0.145	0.25
0.53	0.15	0.25
0.53	0.155	0.25
0.53	0.16	0.25
0.53	0.165	0.25
0.53	0.17	0.25
0.53	0.175	0.25
0.53	0.18	0.25
0.53	0.185	0.25
0.53	0.19	0.25
0.53	0.195	0.25
0.53	0.2	0.25
0.53	0.205	0.25
0.53	0.21	0.25
0.53	0.215	0.25
0.53	0.22	0.25
0.53	0.225	0.25
0.53	0.23	0.25
0.53	0.235	0.25
0.53	0.24	0.25
0.53	0.245	0.25
0.53	0.25	0.5
0.53	0.255	0.5
0.53	0.26	0.5
0.53	0.265	0.5
0.53	0.27	0.5
0.53	0.275	0.5
0.53	0.28	0.5
0.53	0.285	0.5
0.53	0.29	0.5
0.53	0.295	0.5
0.53	0.3	0.5
0.53	0.305	0.5
0.53	0.31	0.5
0.53	0.315	0.5
0.53	0.32	0.5
0.53	0.325	0.5
0.53	0.33	0.5
0.53	0.335	0.5
0.53	0.34	0.5
0.53	0.345	0.5
0.53	0.35	0.5
0.53	0.355	0.5
0.53	0.36	0.5
0.53	0.365	0.5
0.53	0.37	0.5
0.53	0.375	0.5
0.53	0.38	0.5
0.53	0.385	0.5
0.53	0.39	0.5
0.53	0.395	0.5
0.53	0.4	0.5
0.53	0.405	0.5
0.53	0.41	0.5
0.53	0.415	0.5
0.53	0.42	0.5
0.53	0.425	0.5
0.53	0.43	0.5
0.53	0.435	0.5
0.53	0.44	0.5
0.53	0.445	0.5
0.53	0.45	0.5
0.53	0.455	0.5
0.53	0.46	0.5
0.53	0.465	0.5
0.53	0.47	0.5
0.53	0.475	0.5
0.53	0.48	0.5
0.53	0.485	0.5
0.53	0.49	0.5
0.53	0.495	0.5
0.53	0.5	0.5
0.53	0.505	0.5
0.53	0.51	0.5
0.53	0.515	0.5
0.53	0.52	0.5
0.53	0.525	0.5
0.53	0.53	0.5
0.53	0.535	0.5
0.53	0.54	0.5
0.53	0.545	0.5
0.53	0.55	0.5
0.53	0.555	0.5
0.53	0.56	0.5
0.53	0.565	0.5
0.53	0.57	0.5
0.53	0.575	0.5
0.53	0.58	0.5
0.53	0.585	0.5
0.53	0.59	0.5
0.53	0.595	0.5
0.53	0.6	0.5
0.53	0.605	0.5
0.53	0.61	0.5
0.53	0.615	0.5
0.53	0.62	0.5
0.53	0.625	0.5
0.53	0.63	0.5
0.53	0.635	0.5
0.53	0.64	0.5
0.53	0.645	0.5
0.53	0.65	0.5
0.53	0.655	0.5
0.53	0.66	0.5
0.53	0.665	0.5
0.53	0.67	0.5
0.53	0.675	0.5
0.53	0.68	0.5
0.53	0.685	0.5
0.53	0.69	0.5
0.53	0.695	0.5
0.53	0.7	0.5
0.53	0.705	0.5
0.53	0.71	0.5
0.53	0.715	0.5
0.53	0.72	0.5
0.53	0.725	0.5
0.53	0.73	0.5
0.53	0.735	0.5
0.53	0.74	0.5
0.53	0.745	0.5
0.53	0.75	0.5
0.53	0.755	0.5
0.53	0.76	0.5
0.53	0.765	0.5
0.53	0.77	0.5
0.53	0.775	0.5
0.53	0.78	0.5
0.53	0.785	0.5
0.53	0.79	0.5
0.53	0.795	0.5
0.53	0.8	0.5
0.53	0.805	0.5
0.53	0.81	0.5
0.53	0.815	0.5
0.53	0.82	0.5
0.53	0.825	0.5
0.53	0.83	0.5
0.53	0.835	0.5
0.53	0.84	0.5
0.53	0.845	0.5
0.53	0.85	0.5
0.53	0.855	0.5
0.53	0.86	0.5
0.53	0.865	0.5
0.53	0.87	0.5
0.53	0.875	0.5
0.53	0.88	0.5
0.53	0.885	0.5
0.53	0.89	0.5
0.53	0.895	0.5
0.53	0.9	0.5
0.53	0.905	0.5
0.53	0.91	0.5
0.53	0.915	0.5
0.53	0.92	0.5
0.53	0.925	0.5
0.53	0.93	0.5
0.53	0.935	0.5
0.53	0.94	0.5
0.53	0.945	0.5
0.53	0.95	0.5
0.53	0.955	0.5
0.53	0.96	0.5
0.53	0.965	0.5
0.53	0.97	0.5
0.53	0.975	0.5
0.53	0.98	0.5
0.53	0.985	0.5
0.53	0.99	0.5
0.53	0.995	0.5
0.53	1	0.5
0.54	0	0.25
0.54	0.005	0.25
0.54	0.01	0.25
0.54	0.015	0.25
0.54	0.02	0.25
0.54	0.025	0.25
0.54	0.03	0.25
0.54	0.035	0.25
0.54	0.04	0.25
0.54	0.045	0.25
0.54	0.05	0.25
0.54	0.055	0.25
0.54	0.06	0.25
0.54	0.065	0.25
0.54	0.07	0.25
0.54	0.075	0.25
0.54	0.08	0.25
0.54	0.085	0.25
0.54	0.09	0.25
0.54	0.095	0.25
0.54	0.1	0.25
0.54	0.105	0.25
0.54	0.11	0.25
0.54	0.115	0.25
0.54	0.12	0.25
0.54	0.125	0.25
0.54	0.13	0.25
0.54	0.135	0.25
0.54	0.14	0.25
0.54	0.145	0.25
0.54	0.15	0.25
0.54	0.155	0.25
0.54	0.16	0.25
0.54	0.165	0.25
0.54	0.17	0.25
0.54	0.175	0.25
0.54	0.18	0.25
0.54	0.185	0.25
0.54	0.19	0.25
0.54	0.195	0.25
0.54	0.2	0.25
0.54	0.205	0.25
0.54	0.21	0.25
0.54	0.215	0.25
0.54	0.22	0.25
0.54	0.225	0.25
0.54	0.23	0.25
0.54	0.235	0.25
0.54	0.24	0.25
0.54	0.245	0.25
0.54	0.25	0.5
0.54	0.255	0.5
0.54	0.26	0.5
0.54	0.265	0.5
0.54	0.27	0.5
0.54	0.275	0.5
0.54	0.28	0.5
0.54	0.285	0.5
0.54	0.29	0.5
0.54	0.295	0.5
0.54	0.3	0.5
0.54	0.305	0.5
0.54	0.31	0.5
0.54	0.315	0.5
0.54	0.32	0.5
0.54	0.325	0.5
0.54	0.33	0.5
0.54	0.335	0.5
0.54	0.34	0.5
0.54	0.345	0.5
0.54	0.35	0.5
0.54	0.355	0.5
0.54	0.36	0.5
0.54	0.365	0.5
0.54	0.37	0.5
0.54	0.375	0.5
0.54	0.38	0.5
0.54	0.385	0.5
0.54	0.39	0.5
0.54	0.395	0.5
0.54	0.4	0.5
0.54	0.405	0.5
0.54	0.41	0.5
0.54	0.415	0.5
0.54	0.42	0.5
0.54	0.425	0.5
0.54	0.43	0.5
0.54	0.435	0.5
0.54	0.44	0.5
0.54	0.445	0.5
0.54	0.45	0.5
0.54	0.455	0.5
0.54	0.46	0.5
0.54	0.465	0.5
0.54	0.47	0.5
0.54	0.475	0.5
0.54	0.48	0.5
0.54	0.485	0.5
0.54	0.49	0.5
0.54	0.495	0.5
0.54	0.5	0.5
0.54	0.505	0.5
0.54	0.51	0.5
0.54	0.515	0.5
0.54	0.52	0.5
0.54	0.525	0.5
0.54	0.53	0.5
0.54	0.535	0.5
0.54	0.54	0.5
0.54	0.545	0.5
0.54	0.55	0.5
0.54	0.555	0.5
0.54	0.56	0.5
0.54	0.565	0.5
0.54	0.57	0.5
0.54	0.575	0.5
0.54	0.58	0.5
0.54	0.585	0.5
0.54	0.59	0.5
0.54	0.595	0.5
0.54	0.6	0.5
0.54	0.605	0.5
0.54	0.61	0.5
0.54	0.615	0.5
0.54	0.62	0.5
0.54	0.625	0.5
0.54	0.63	0.5
0.54	0.635	0.5
0.54	0.64	0.5
0.54	0.645	0.5
0.54	0.65	0.5
0.54	0.655	0.5
0.54	0.66	0.5
0.54	0.665	0.5
0.54	0.67	0.5
0.54	0.675	0.5
0.54	0.68	0.5
0.54	0.685	0.5
0.54	0.69	0.5
0.54	0.695	0.5
0.54	0.7	0.5
0.54	0.705	0.5
0.54	0.71	0.5
0.54	0.715	0.5
0.54	0.72	0.5
0.54	0.725	0.5
0.54	0.73	0.5
0.54	0.735	0.5
0.54	0.74	0.5
0.54	0.745	0.5
0.54	0.75	0.5
0.54	0.755	0.5
0.54	0.76	0.5
0.54	0.765	0.5
0.54	0.77	0.5
0.54	0.775	0.5
0.54	0.78	0.5
0.54	0.785	0.5
0.54	0.79	0.5
0.54	0.795	0.5
0.54	0.8	0.5
0.54	0.805	0.5
0.54	0.81	0.5
0.54	0.815	0.5
0.54	0.82	0.5
0.54	0.825	0.5
0.54	0.83	0.5
0.54	0.835	0.5
0.54	0.84	0.5
0.54	0.845	0.5
0.54	0.85	0.5
0.54	0.855	0.5
0.54	0.86	0.5
0.54	0.865	0.5
0.54	0.87	0.5
0.54	0.875	0.5
0.54	0.88	0.5
0.54	0.885	0.5
0.54	0.89	0.5
0.54	0.895	0.5
0.54	0.9	0.5
0.54	0.905	0.5
0.54	0.91	0.5
0.54	0.915	0.5
0.54	0.92	0.5
0.54	0.925	0.5
0.54	0.93	0.5
0.54	0.935	0.5
0.54	0.94	0.5
0.54	0.945	0.5
0.54	0.95	0.5
0.54	0.955	0.5
0.54	0.96	0.5
0.54	0.965	0.5
0.54	0.97	0.5
0.54	0.975	0.5
0.54	0.98	0.5
0.54	0.985	0.5
0.54	0.99	0.5
0.54	0.995	0.5
0.54	1	0.5
0.55	0	0.25
0.55	0.005	0.25
0.55	0.01	0.25
0.55	0.015	0.25
0.55	0.02	0.25
0.55	0.025	0.25
0.55	0.03	0.25
0.55	0.035	0.25
0.55	0.04	0.25
0.55	0.045	0.25
0.55	0.05	0.25
0.55	0.055	0.25
0.55	0.06	0.25
0.55	0.065	0.25
0.55	0.07	0.25
0.55	0.075	0.25
0.55	0.08	0.25
0.55	0.085	0.25
0.55	0.09	0.25
0.55	0.095	0.25
0.55	0.1	0.25
0.55	0.105	0.25
0.55	0.11	0.25
0.55	0.115	0.25
0.55	0.12	0.25
0.55	0.125	0.25
0.55	0.13	0.25
0.55	0.135	0.25
0.55	0.14	0.25
0.55	0.145	0.25
0.55	0.15	0.25
0.55	0.155	0.25
0.55	0.16	0.25
0.55	0.165	0.25
0.55	0.17	0.25
0.55	0.175	0.25
0.55	0.18	0.25
0.55	0.185	0.25
0.55	0.19	0.25
0.55	0.195	0.25
0.55	0.2	0.25
0.55	0.205	0.25
0.55	0.21	0.25
0.55	0.215	0.25
0.55	0.22	0.25
0.55	0.225	0.25
0.55	0.23	0.25
0.55	0.235	0.25
0.55	0.24	0.25
0.55	0.245	0.25
0.55	0.25	0.5
0.55	0.255	0.5
0.55	0.26	0.5
0.55	0.265	0.5
0.55	0.27	0.5
0.55	0.275	0.5
0.55	0.28	0.5
0.55	0.285	0.5
0.55	0.29	0.5
0.55	0.295	0.5
0.55	0.3	0.5
0.55	0.305	0.5
0.55	0.31	0.5
0.55	0.315	0.5
0.55	0.32	0.5
0.55	0.325	0.5
0.55	0.33	0.5
0.55	0.335	0.5
0.55	0.34	0.5
0.55	0.345	0.5
0.55	0.35	0.5
0.55	0.355	0.5
0.55	0.36	0.5
0.55	0.365	0.5
0.55	0.37	0.5
0.55	0.375	0.5
0.55	0.38	0.5
0.55	0.385	0.5
0.55	0.39	0.5
0.55	0.395	0.5
0.55	0.4	0.5
0.55	0.405	0.5
0.55	0.41	0.5
0.55	0.415	0.5
0.55	0.42	0.5
0.55	0.425	0.5
0.55	0.43	0.5
0.55	0.435	0.5
0.55	0.44	0.5
0.55	0.445	0.5
0.55	0.45	0.5
0.55	0.455	0.5
0.55	0.46	0.5
0.55	0.465	0.5
0.55	0.47	0.5
0.55	0.475	0.5
0.55	0.48	0.5
0.55	0.485	0.5
0.55	0.49	0.5
0.55	0.495	0.5
0.55	0.5	0.5
0.55	0.505	0.5
0.55	0.51	0.5
0.55	0.515	0.5
0.55	0.52	0.5
0.55	0.525	0.5
0.55	0.53	0.5
0.55	0.535	0.5
0.55	0.54	0.5
0.55	0.545	0.5
0.55	0.55	0.5
0.55	0.555	0.5
0.55	0.56	0.5
0.55	0.565	0.5
0.55	0.57	0.5
0.55	0.575	0.5
0.55	0.58	0.5
0.55	0.585	0.5
0.55	0.59	0.5
0.55	0.595	0.5
0.55	0.6	0.5
0.55	0.605	0.5
0.55	0.61	0.5
0.55	0.615	0.5
0.55	0.62	0.5
0.55	0.625	0.5
0.55	0.63	0.5
0.55	0.635	0.5
0.55	0.64	0.5
0.55	0.645	0.5
0.55	0.65	0.5
0.55	0.655	0.5
0.55	0.66	0.5
0.55	0.665	0.5
0.55	0.67	0.5
0.55	0.675	0.5
0.55	0.68	0.5
0.55	0.685	0.5
0.55	0.69	0.5
0.55	0.695	0.5
0.55	0.7	0.5
0.55	0.705	0.5
0.55	0.71	0.5
0.55	0.715	0.5
0.55	0.72	0.5
0.55	0.725	0.5
0.55	0.73	0.5
0.55	0.735	0.5
0.55	0.74	0.5
0.55	0.745	0.5
0.55	0.75	0.5
0.55	0.755	0.5
0.55	0.76	0.5
0.55	0.765	0.5
0.55	0.77	0.5
0.55	0.775	0.5
0.55	0.78	0.5
0.55	0.785	0.5
0.55	0.79	0.5
0.55	0.795	0.5
0.55	0.8	0.5
0.55	0.805	0.5
0.55	0.81	0.5
0.55	0.815	0.5
0.55	0.82	0.5
0.55	0.825	0.5
0.55	0.83	0.5
0.55	0.835	0.5
0.55	0.84	0.5
0.55	0.845	0.5
0.55	0.85	0.5
0.55	0.855	0.5
0.55	0.86	0.5
0.55	0.865	0.5
0.55	0.87	0.5
0.55	0.875	0.5
0.55	0.88	0.5
0.55	0.885	0.5
0.55	0.89	0.5
0.55	0.895	0.5
0.55	0.9	0.5
0.55	0.905	0.5
0.55	0.91	0.5
0.55	0.915	0.5
0.55	0.92	0.5
0.55	0.925	0.5
0.55	0.93	0.5
0.55	0.935	0.5
0.55	0.94	0.5
0.55	0.945	0.5
0.55	0.95	0.5
0.55	0.955	0.5
0.55	0.96	0.5
0.55	0.965	0.5
0.55	0.97	0.5
0.55	0.975	0.5
0.55	0.98	0.5
0.55	0.985	0.5
0.55	0.99	0.5
0.55	0.995	0.5
0.55	1	0.5
0.56	0	0.25
0.56	0.005	0.25
0.56	0.01	0.25
0.56	0.015	0.25
0.56	0.02	0.25
0.56	0.025	0.25
0.56	0.03	0.25
0.56	0.035	0.25
0.56	0.04	0.25
0.56	0.045	0.25
0.56	0.05	0.25
0.56	0.055	0.25
0.56	0.06	0.25
0.56	0.065	0.25
0.56	0.07	0.25
0.56	0.075	0.25
0.56	0.08	0.25
0.56	0.085	0.25
0.56	0.09	0.25
0.56	0.095	0.25
0.56	0.1	0.25
0.56	0.105	0.25
0.56	0.11	0.25
0.56	0.115	0.25
0.56	0.12	0.25
0.56	0.125	0.25
0.56	0.13	0.25
0.56	0.135	0.25
0.56	0.14	0.25
0.56	0.145	0.25
0.56	0.15	0.25
0.56	0.155	0.25
0.56	0.16	0.25
0.56	0.165	0.25
0.56	0.17	0.25
0.56	0.175	0.25
0.56	0.18	0.25
0.56	0.185	0.25
0.56	0.19	0.25
0.56	0.195	0.25
0.56	0.2	0.25
0.56	0.205	0.25
0.56	0.21	0.25
0.56	0.215	0.25
0.56	0.22	0.25
0.56	0.225	0.25
0.56	0.23	0.25
0.56	0.235	0.25
0.56	0.24	0.25
0.56	0.245	0.25
0.56	0.25	0.5
0.56	0.255	0.5
0.56	0.26	0.5
0.56	0.265	0.5
0.56	0.27	0.5
0.56	0.275	0.5
0.56	0.28	0.5
0.56	0.285	0.5
0.56	0.29	0.5
0.56	0.295	0.5
0.56	0.3	0.5
0.56	0.305	0.5
0.56	0.31	0.5
0.56	0.315	0.5
0.56	0.32	0.5
0.56	0.325	0.5
0.56	0.33	0.5
0.56	0.335	0.5
0.56	0.34	0.5
0.56	0.345	0.5
0.56	0.35	0.5
0.56	0.355	0.5
0.56	0.36	0.5
0.56	0.365	0.5
0.56	0.37	0.5
0.56	0.375	0.5
0.56	0.38	0.5
0.56	0.385	0.5
0.56	0.39	0.5
0.56	0.395	0.5
0.56	0.4	0.5
0.56	0.405	0.5
0.56	0.41	0.5
0.56	0.415	0.5
0.56	0.42	0.5
0.56	0.425	0.5
0.56	0.43	0.5
0.56	0.435	0.5
0.56	0.44	0.5
0.56	0.445	0.5
0.56	0.45	0.5
0.56	0.455	0.5
0.56	0.46	0.5
0.56	0.465	0.5
0.56	0.47	0.5
0.56	0.475	0.5
0.56	0.48	0.5
0.56	0.485	0.5
0.56	0.49	0.5
0.56	0.495	0.5
0.56	0.5	0.5
0.56	0.505	0.5
0.56	0.51	0.5
0.56	0.515	0.5
0.56	0.52	0.5
0.56	0.525	0.5
0.56	0.53	0.5
0.56	0.535	0.5
0.56	0.54	0.5
0.56	0.545	0.5
0.56	0.55	0.5
0.56	0.555	0.5
0.56	0.56	0.5
0.56	0.565	0.5
0.56	0.57	0.5
0.56	0.575	0.5
0.56	0.58	0.5
0.56	0.585	0.5
0.56	0.59	0.5
0.56	0.595	0.5
0.56	0.6	0.5
0.56	0.605	0.5
0.56	0.61	0.5
0.56	0.615	0.5
0.56	0.62	0.5
0.56	0.625	0.5
0.56	0.63	0.5
0.56	0.635	0.5
0.56	0.64	0.5
0.56	0.645	0.5
0.56	0.65	0.5
0.56	0.655	0.5
0.56	0.66	0.5
0.56	0.665	0.5
0.56	0.67	0.5
0.56	0.675	0.5
0.56	0.68	0.5
0.56	0.685	0.5
0.56	0.69	0.5
0.56	0.695	0.5
0.56	0.7	0.5
0.56	0.705	0.5
0.56	0.71	0.5
0.56	0.715	0.5
0.56	0.72	0.5
0.56	0.725	0.5
0.56	0.73	0.5
0.56	0.735	0.5
0.56	0.74	0.5
0.56	0.745	0.5
0.56	0.75	0.5
0.56	0.755	0.5
0.56	0.76	0.5
0.56	0.765	0.5
0.56	0.77	0.5
0.56	0.775	0.5
0.56	0.78	0.5
0.56	0.785	0.5
0.56	0.79	0.5
0.56	0.795	0.5
0.56	0.8	0.5
0.56	0.805	0.5
0.56	0.81	0.5
0.56	0.815	0.5
0.56	0.82	0.5
0.56	0.825	0.5
0.56	0.83	0.5
0.56	0.835	0.5
0.56	0.84	0.5
0.56	0.845	0.5
0.56	0.85	0.5
0.56	0.855	0.5
0.56	0.86	0.5
0.56	0.865	0.5
0.56	0.87	0.5
0.56	0.875	0.5
0.56	0.88	0.5
0.56	0.885	0.5
0.56	0.89	0.5
0.56	0.895	0.5
0.56	0.9	0.5
0.56	0.905	0.5
0.56	0.91	0.5
0.56	0.915	0.5
0.56	0.92	0.5
0.56	0.925	0.5
0.56	0.93	0.5
0.56	0.935	0.5
0.56	0.94	0.5
0.56	0.945	0.5
0.56	0.95	0.5
0.56	0.955	0.5
0.56	0.96	0.5
0.56	0.965	0.5
0.56	0.97	0.5
0.56	0.975	0.5
0.56	0.98	0.5
0.56	0.985	0.5
0.56	0.99	0.5
0.56	0.995	0.5
0.56	1	0.5
0.57	0	0.25
0.57	0.005	0.25
0.57	0.01	0.25
0.57	0.015	0.25
0.57	0.02	0.25
0.57	0.025	0.25
0.57	0.03	0.25
0.57	0.035	0.25
0.57	0.04	0.25
0.57	0.045	0.25
0.57	0.05	0.25
0.57	0.055	0.25
0.57	0.06	0.25
0.57	0.065	0.25
0.57	0.07	0.25
0.57	0.075	0.25
0.57	0.08	0.25
0.57	0.085	0.25
0.57	0.09	0.25
0.57	0.095	0.25
0.57	0.1	0.25
0.57	0.105	0.25
0.57	0.11	0.25
0.57	0.115	0.25
0.57	0.12	0.25
0.57	0.125	0.25
0.57	0.13	0.25
0.57	0.135	0.25
0.57	0.14	0.25
0.57	0.145	0.25
0.57	0.15	0.25
0.57	0.155	0.25
0.57	0.16	0.25
0.57	0.165	0.25
0.57	0.17	0.25
0.57	0.175	0.25
0.57	0.18	0.25
0.57	0.185	0.25
0.57	0.19	0.25
0.57	0.195	0.25
0.57	0.2	0.25
0.57	0.205	0.25
0.57	0.21	0.25
0.57	0.215	0.25
0.57	0.22	0.25
0.57	0.225	0.25
0.57	0.23	0.25
0.57	0.235	0.25
0.57	0.24	0.25
0.57	0.245	0.25
0.57	0.25	0.5
0.57	0.255	0.5
0.57	0.26	0.5
0.57	0.265	0.5
0.57	0.27	0.5
0.57	0.275	0.5
0.57	0.28	0.5
0.57	0.285	0.5
0.57	0.29	0.5
0.57	0.295	0.5
0.57	0.3	0.5
0.57	0.305	0.5
0.57	0.31	0.5
0.57	0.315	0.5
0.57	0.32	0.5
0.57	0.325	0.5
0.57	0.33	0.5
0.57	0.335	0.5
0.57	0.34	0.5
0.57	0.345	0.5
0.57	0.35	0.5
0.57	0.355	0.5
0.57	0.36	0.5
0.57	0.365	0.5
0.57	0.37	0.5
0.57	0.375	0.5
0.57	0.38	0.5
0.57	0.385	0.5
0.57	0.39	0.5
0.57	0.395	0.5
0.57	0.4	0.5
0.57	0.405	0.5
0.57	0.41	0.5
0.57	0.415	0.5
0.57	0.42	0.5
0.57	0.425	0.5
0.57	0.43	0.5
0.57	0.435	0.5
0.57	0.44	0.5
0.57	0.445	0.5
0.57	0.45	0.5
0.57	0.455	0.5
0.57	0.46	0.5
0.57	0.465	0.5
0.57	0.47	0.5
0.57	0.475	0.5
0.57	0.48	0.5
0.57	0.485	0.5
0.57	0.49	0.5
0.57	0.495	0.5
0.57	0.5	0.5
0.57	0.505	0.5
0.57	0.51	0.5
0.57	0.515	0.5
0.57	0.52	0.5
0.57	0.525	0.5
0.57	0.53	0.5
0.57	0.535	0.5
0.57	0.54	0.5
0.57	0.545	0.5
0.57	0.55	0.5
0.57	0.555	0.5
0.57	0.56	0.5
0.57	0.565	0.5
0.57	0.57	0.5
0.57	0.575	0.5
0.57	0.58	0.5
0.57	0.585	0.5
0.57	0.59	0.5
0.57	0.595	0.5
0.57	0.6	0.5
0.57	0.605	0.5
0.57	0.61	0.5
0.57	0.615	0.5
0.57	0.62	0.5
0.57	0.625	0.5
0.57	0.63	0.5
0.57	0.635	0.5
0.57	0.64	0.5
0.57	0.645	0.5
0.57	0.65	0.5
0.57	0.655	0.5
0.57	0.66	0.5
0.57	0.665	0.5
0.57	0.67	0.5
0.57	0.675	0.5
0.57	0.68	0.5
0.57	0.685	0.5
0.57	0.69	0.5
0.57	0.695	0.5
0.57	0.7	0.5
0.57	0.705	0.5
0.57	0.71	0.5
0.57	0.715	0.5
0.57	0.72	0.5
0.57	0.725	0.5
0.57	0.73	0.5
0.57	0.735	0.5
0.57	0.74	0.5
0.57	0.745	0.5
0.57	0.75	0.5
0.57	0.755	0.5
0.57	0.76	0.5
0.57	0.765	0.5
0.57	0.77	0.5
0.57	0.775	0.5
0.57	0.78	0.5
0.57	0.785	0.5
0.57	0.79	0.5
0.57	0.795	0.5
0.57	0.8	0.5
0.57	0.805	0.5
0.57	0.81	0.5
0.57	0.815	0.5
0.57	0.82	0.5
0.57	0.825	0.5
0.57	0.83	0.5
0.57	0.835	0.5
0.57	0.84	0.5
0.57	0.845	0.5
0.57	0.85	0.5
0.57	0.855	0.5
0.57	0.86	0.5
0.57	0.865	0.5
0.57	0.87	0.5
0.57	0.875	0.5
0.57	0.88	0.5
0.57	0.885	0.5
0.57	0.89	0.5
0.57	0.895	0.5
0.57	0.9	0.5
0.57	0.905	0.5
0.57	0.91	0.5
0.57	0.915	0.5
0.57	0.92	0.5
0.57	0.925	0.5
0.57	0.93	0.5
0.57	0.935	0.5
0.57	0.94	0.5
0.57	0.945	0.5
0.57	0.95	0.5
0.57	0.955	0.5
0.57	0.96	0.5
0.57	0.965	0.5
0.57	0.97	0.5
0.57	0.975	0.5
0.57	0.98	0.5
0.57	0.985	0.5
0.57	0.99	0.5
0.57	0.995	0.5
0.57	1	0.5
0.58	0	0.25
0.58	0.005	0.25
0.58	0.01	0.25
0.58	0.015	0.25
0.58	0.02	0.25
0.58	0.025	0.25
0.58	0.03	0.25
0.58	0.035	0.25
0.58	0.04	0.25
0.58	0.045	0.25
0.58	0.05	0.25
0.58	0.055	0.25
0.58	0.06	0.25
0.58	0.065	0.25
0.58	0.07	0.25
0.58	0.075	0.25
0.58	0.08	0.25
0.58	0.085	0.25
0.58	0.09	0.25
0.58	0.095	0.25
0.58	0.1	0.25
0.58	0.105	0.25
0.58	0.11	0.25
0.58	0.115	0.25
0.58	0.12	0.25
0.58	0.125	0.25
0.58	0.13	0.25
0.58	0.135	0.25
0.58	0.14	0.25
0.58	0.145	0.25
0.58	0.15	0.25
0.58	0.155	0.25
0.58	0.16	0.25
0.58	0.165	0.25
0.58	0.17	0.25
0.58	0.175	0.25
0.58	0.18	0.25
0.58	0.185	0.25
0.58	0.19	0.25
0.58	0.195	0.25
0.58	0.2	0.25
0.58	0.205	0.25
0.58	0.21	0.25
0.58	0.215	0.25
0.58	0.22	0.25
0.58	0.225	0.25
0.58	0.23	0.25
0.58	0.235	0.25
0.58	0.24	0.25
0.58	0.245	0.25
0.58	0.25	0.5
0.58	0.255	0.5
0.58	0.26	0.5
0.58	0.265	0.5
0.58	0.27	0.5
0.58	0.275	0.5
0.58	0.28	0.5
0.58	0.285	0.5
0.58	0.29	0.5
0.58	0.295	0.5
0.58	0.3	0.5
0.58	0.305	0.5
0.58	0.31	0.5
0.58	0.315	0.5
0.58	0.32	0.5
0.58	0.325	0.5
0.58	0.33	0.5
0.58	0.335	0.5
0.58	0.34	0.5
0.58	0.345	0.5
0.58	0.35	0.5
0.58	0.355	0.5
0.58	0.36	0.5
0.58	0.365	0.5
0.58	0.37	0.5
0.58	0.375	0.5
0.58	0.38	0.5
0.58	0.385	0.5
0.58	0.39	0.5
0.58	0.395	0.5
0.58	0.4	0.5
0.58	0.405	0.5
0.58	0.41	0.5
0.58	0.415	0.5
0.58	0.42	0.5
0.58	0.425	0.5
0.58	0.43	0.5
0.58	0.435	0.5
0.58	0.44	0.5
0.58	0.445	0.5
0.58	0.45	0.5
0.58	0.455	0.5
0.58	0.46	0.5
0.58	0.465	0.5
0.58	0.47	0.5
0.58	0.475	0.5
0.58	0.48	0.5
0.58	0.485	0.5
0.58	0.49	0.5
0.58	0.495	0.5
0.58	0.5	0.5
0.58	0.505	0.5
0.58	0.51	0.5
0.58	0.515	0.5
0.58	0.52	0.5
0.58	0.525	0.5
0.58	0.53	0.5
0.58	0.535	0.5
0.58	0.54	0.5
0.58	0.545	0.5
0.58	0.55	0.5
0.58	0.555	0.5
0.58	0.56	0.5
0.58	0.565	0.5
0.58	0.57	0.5
0.58	0.575	0.5
0.58	0.58	0.5
0.58	0.585	0.5
0.58	0.59	0.5
0.58	0.595	0.5
0.58	0.6	0.5
0.58	0.605	0.5
0.58	0.61	0.5
0.58	0.615	0.5
0.58	0.62	0.5
0.58	0.625	0.5
0.58	0.63	0.5
0.58	0.635	0.5
0.58	0.64	0.5
0.58	0.645	0.5
0.58	0.65	0.5
0.58	0.655	0.5
0.58	0.66	0.5
0.58	0.665	0.5
0.58	0.67	0.5
0.58	0.675	0.5
0.58	0.68	0.5
0.58	0.685	0.5
0.58	0.69	0.5
0.58	0.695	0.5
0.58	0.7	0.5
0.58	0.705	0.5
0.58	0.71	0.5
0.58	0.715	0.5
0.58	0.72	0.5
0.58	0.725	0.5
0.58	0.73	0.5
0.58	0.735	0.5
0.58	0.74	0.5
0.58	0.745	0.5
0.58	0.75	0.5
0.58	0.755	0.5
0.58	0.76	0.5
0.58	0.765	0.5
0.58	0.77	0.5
0.58	0.775	0.5
0.58	0.78	0.5
0.58	0.785	0.5
0.58	0.79	0.5
0.58	0.795	0.5
0.58	0.8	0.5
0.58	0.805	0.5
0.58	0.81	0.5
0.58	0.815	0.5
0.58	0.82	0.5
0.58	0.825	0.5
0.58	0.83	0.5
0.58	0.835	0.5
0.58	0.84	0.5
0.58	0.845	0.5
0.58	0.85	0.5
0.58	0.855	0.5
0.58	0.86	0.5
0.58	0.865	0.5
0.58	0.87	0.5
0.58	0.875	0.5
0.58	0.88	0.5
0.58	0.885	0.5
0.58	0.89	0.5
0.58	0.895	0.5
0.58	0.9	0.5
0.58	0.905	0.5
0.58	0.91	0.5
0.58	0.915	0.5
0.58	0.92	0.5
0.58	0.925	0.5
0.58	0.93	0.5
0.58	0.935	0.5
0.58	0.94	0.5
0.58	0.945	0.5
0.58	0.95	0.5
0.58	0.955	0.5
0.58	0.96	0.5
0.58	0.965	0.5
0.58	0.97	0.5
0.58	0.975	0.5
0.58	0.98	0.5
0.58	0.985	0.5
0.58	0.99	0.5
0.58	0.995	0.5
0.58	1	0.5
0.59	0	0.25
0.59	0.005	0.25
0.59	0.01	0.25
0.59	0.015	0.25
0.59	0.02	0.25
0.59	0.025	0.25
0.59	0.03	0.25
0.59	0.035	0.25
0.59	0.04	0.25
0.59	0.045	0.25
0.59	0.05	0.25
0.59	0.055	0.25
0.59	0.06	0.25
0.59	0.065	0.25
0.59	0.07	0.25
0.59	0.075	0.25
0.59	0.08	0.25
0.59	0.085	0.25
0.59	0.09	0.25
0.59	0.095	0.25
0.59	0.1	0.25
0.59	0.105	0.25
0.59	0.11	0.25
0.59	0.115	0.25
0.59	0.12	0.25
0.59	0.125	0.25
0.59	0.13	0.25
0.59	0.135	0.25
0.59	0.14	0.25
0.59	0.145	0.25
0.59	0.15	0.25
0.59	0.155	0.25
0.59	0.16	0.25
0.59	0.165	0.25
0.59	0.17	0.25
0.59	0.175	0.25
0.59	0.18	0.25
0.59	0.185	0.25
0.59	0.19	0.25
0.59	0.195	0.25
0.59	0.2	0.25
0.59	0.205	0.25
0.59	0.21	0.25
0.59	0.215	0.25
0.59	0.22	0.25
0.59	0.225	0.25
0.59	0.23	0.25
0.59	0.235	0.25
0.59	0.24	0.25
0.59	0.245	0.25
0.59	0.25	0.5
0.59	0.255	0.5
0.59	0.26	0.5
0.59	0.265	0.5
0.59	0.27	0.5
0.59	0.275	0.5
0.59	0.28	0.5
0.59	0.285	0.5
0.59	0.29	0.5
0.59	0.295	0.5
0.59	0.3	0.5
0.59	0.305	0.5
0.59	0.31	0.5
0.59	0.315	0.5
0.59	0.32	0.5
0.59	0.325	0.5
0.59	0.33	0.5
0.59	0.335	0.5
0.59	0.34	0.5
0.59	0.345	0.5
0.59	0.35	0.5
0.59	0.355	0.5
0.59	0.36	0.5
0.59	0.365	0.5
0.59	0.37	0.5
0.59	0.375	0.5
0.59	0.38	0.5
0.59	0.385	0.5
0.59	0.39	0.5
0.59	0.395	0.5
0.59	0.4	0.5
0.59	0.405	0.5
0.59	0.41	0.5
0.59	0.415	0.5
0.59	0.42	0.5
0.59	0.425	0.5
0.59	0.43	0.5
0.59	0.435	0.5
0.59	0.44	0.5
0.59	0.445	0.5
0.59	0.45	0.5
0.59	0.455	0.5
0.59	0.46	0.5
0.59	0.465	0.5
0.59	0.47	0.5
0.59	0.475	0.5
0.59	0.48	0.5
0.59	0.485	0.5
0.59	0.49	0.5
0.59	0.495	0.5
0.59	0.5	0.5
0.59	0.505	0.5
0.59	0.51	0.5
0.59	0.515	0.5
0.59	0.52	0.5
0.59	0.525	0.5
0.59	0.53	0.5
0.59	0.535	0.5
0.59	0.54	0.5
0.59	0.545	0.5
0.59	0.55	0.5
0.59	0.555	0.5
0.59	0.56	0.5
0.59	0.565	0.5
0.59	0.57	0.5
0.59	0.575	0.5
0.59	0.58	0.5
0.59	0.585	0.5
0.59	0.59	0.5
0.59	0.595	0.5
0.59	0.6	0.5
0.59	0.605	0.5
0.59	0.61	0.5
0.59	0.615	0.5
0.59	0.62	0.5
0.59	0.625	0.5
0.59	0.63	0.5
0.59	0.635	0.5
0.59	0.64	0.5
0.59	0.645	0.5
0.59	0.65	0.5
0.59	0.655	0.5
0.59	0.66	0.5
0.59	0.665	0.5
0.59	0.67	0.5
0.59	0.675	0.5
0.59	0.68	0.5
0.59	0.685	0.5
0.59	0.69	0.5
0.59	0.695	0.5
0.59	0.7	0.5
0.59	0.705	0.5
0.59	0.71	0.5
0.59	0.715	0.5
0.59	0.72	0.5
0.59	0.725	0.5
0.59	0.73	0.5
0.59	0.735	0.5
0.59	0.74	0.5
0.59	0.745	0.5
0.59	0.75	0.5
0.59	0.755	0.5
0.59	0.76	0.5
0.59	0.765	0.5
0.59	0.77	0.5
0.59	0.775	0.5
0.59	0.78	0.5
0.59	0.785	0.5
0.59	0.79	0.5
0.59	0.795	0.5
0.59	0.8	0.5
0.59	0.805	0.5
0.59	0.81	0.5
0.59	0.815	0.5
0.59	0.82	0.5
0.59	0.825	0.5
0.59	0.83	0.5
0.59	0.835	0.5
0.59	0.84	0.5
0.59	0.845	0.5
0.59	0.85	0.5
0.59	0.855	0.5
0.59	0.86	0.5
0.59	0.865	0.5
0.59	0.87	0.5
0.59	0.875	0.5
0.59	0.88	0.5
0.59	0.885	0.5
0.59	0.89	0.5
0.59	0.895	0.5
0.59	0.9	0.5
0.59	0.905	0.5
0.59	0.91	0.5
0.59	0.915	0.5
0.59	0.92	0.5
0.59	0.925	0.5
0.59	0.93	0.5
0.59	0.935	0.5
0.59	0.94	0.5
0.59	0.945	0.5
0.59	0.95	0.5
0.59	0.955	0.5
0.59	0.96	0.5
0.59	0.965	0.5
0.59	0.97	0.5
0.59	0.975	0.5
0.59	0.98	0.5
0.59	0.985	0.5
0.59	0.99	0.5
0.59	0.995	0.5
0.59	1	0.5
0.6	0	0.25
0.6	0.005	0.25
0.6	0.01	0.25
0.6	0.015	0.25
0.6	0.02	0.25
0.6	0.025	0.25
0.6	0.03	0.25
0.6	0.035	0.25
0.6	0.04	0.25
0.6	0.045	0.25
0.6	0.05	0.25
0.6	0.055	0.25
0.6	0.06	0.25
0.6	0.065	0.25
0.6	0.07	0.25
0.6	0.075	0.25
0.6	0.08	0.25
0.6	0.085	0.25
0.6	0.09	0.25
0.6	0.095	0.25
0.6	0.1	0.25
0.6	0.105	0.25
0.6	0.11	0.25
0.6	0.115	0.25
0.6	0.12	0.25
0.6	0.125	0.25
0.6	0.13	0.25
0.6	0.135	0.25
0.6	0.14	0.25
0.6	0.145	0.25
0.6	0.15	0.25
0.6	0.155	0.25
0.6	0.16	0.25
0.6	0.165	0.25
0.6	0.17	0.25
0.6	0.175	0.25
0.6	0.18	0.25
0.6	0.185	0.25
0.6	0.19	0.25
0.6	0.195	0.25
0.6	0.2	0.25
0.6	0.205	0.25
0.6	0.21	0.25
0.6	0.215	0.25
0.6	0.22	0.25
0.6	0.225	0.25
0.6	0.23	0.25
0.6	0.235	0.25
0.6	0.24	0.25
0.6	0.245	0.25
0.6	0.25	0.5
0.6	0.255	0.5
0.6	0.26	0.5
0.6	0.265	0.5
0.6	0.27	0.5
0.6	0.275	0.5
0.6	0.28	0.5
0.6	0.285	0.5
0.6	0.29	0.5
0.6	0.295	0.5
0.6	0.3	0.5
0.6	0.305	0.5
0.6	0.31	0.5
0.6	0.315	0.5
0.6	0.32	0.5
0.6	0.325	0.5
0.6	0.33	0.5
0.6	0.335	0.5
0.6	0.34	0.5
0.6	0.345	0.5
0.6	0.35	0.5
0.6	0.355	0.5
0.6	0.36	0.5
0.6	0.365	0.5
0.6	0.37	0.5
0.6	0.375	0.5
0.6	0.38	0.5
0.6	0.385	0.5
0.6	0.39	0.5
0.6	0.395	0.5
0.6	0.4	0.5
0.6	0.405	0.5
0.6	0.41	0.5
0.6	0.415	0.5
0.6	0.42	0.5
0.6	0.425	0.5
0.6	0.43	0.5
0.6	0.435	0.5
0.6	0.44	0.5
0.6	0.445	0.5
0.6	0.45	0.5
0.6	0.455	0.5
0.6	0.46	0.5
0.6	0.465	0.5
0.6	0.47	0.5
0.6	0.475	0.5
0.6	0.48	0.5
0.6	0.485	0.5
0.6	0.49	0.5
0.6	0.495	0.5
0.6	0.5	0.5
0.6	0.505	0.5
0.6	0.51	0.5
0.6	0.515	0.5
0.6	0.52	0.5
0.6	0.525	0.5
0.6	0.53	0.5
0.6	0.535	0.5
0.6	0.54	0.5
0.6	0.545	0.5
0.6	0.55	0.5
0.6	0.555	0.5
0.6	0.56	0.5
0.6	0.565	0.5
0.6	0.57	0.5
0.6	0.575	0.5
0.6	0.58	0.5
0.6	0.585	0.5
0.6	0.59	0.5
0.6	0.595	0.5
0.6	0.6	0.5
0.6	0.605	0.5
0.6	0.61	0.5
0.6	0.615	0.5
0.6	0.62	0.5
0.6	0.625	0.5
0.6	0.63	0.5
0.6	0.635	0.5
0.6	0.64	0.5
0.6	0.645	0.5
0.6	0.65	0.5
0.6	0.655	0.5
0.6	0.66	0.5
0.6	0.665	0.5
0.6	0.67	0.5
0.6	0.675	0.5
0.6	0.68	0.5
0.6	0.685	0.5
0.6	0.69	0.5
0.6	0.695	0.5
0.6	0.7	0.5
0.6	0.705	0.5
0.6	0.71	0.5
0.6	0.715	0.5
0.6	0.72	0.5
0.6	0.725	0.5
0.6	0.73	0.5
0.6	0.735	0.5
0.6	0.74	0.5
0.6	0.745	0.5
0.6	0.75	0.5
0.6	0.755	0.5
0.6	0.76	0.5
0.6	0.765	0.5
0.6	0.77	0.5
0.6	0.775	0.5
0.6	0.78	0.5
0.6	0.785	0.5
0.6	0.79	0.5
0.6	0.795	0.5
0.6	0.8	0.5
0.6	0.805	0.5
0.6	0.81	0.5
0.6	0.815	0.5
0.6	0.82	0.5
0.6	0.825	0.5
0.6	0.83	0.5
0.6	0.835	0.5
0.6	0.84	0.5
0.6	0.845	0.5
0.6	0.85	0.5
0.6	0.855	0.5
0.6	0.86	0.5
0.6	0.865	0.5
0.6	0.87	0.5
0.6	0.875	0.5
0.6	0.88	0.5
0.6	0.885	0.5
0.6	0.89	0.5
0.6	0.895	0.5
0.6	0.9	0.5
0.6	0.905	0.5
0.6	0.91	0.5
0.6	0.915	0.5
0.6	0.92	0.5
0.6	0.925	0.5
0.6	0.93	0.5
0.6	0.935	0.5
0.6	0.94	0.5
0.6	0.945	0.5
0.6	0.95	0.5
0.6	0.955	0.5
0.6	0.96	0.5
0.6	0.965	0.5
0.6	0.97	0.5
0.6	0.975	0.5
0.6	0.98	0.5
0.6	0.985	0.5
0.6	0.99	0.5
0.6	0.995	0.5
0.6	1	0.5
0.61	0	0.25
0.61	0.005	0.25
0.61	0.01	0.25
0.61	0.015	0.25
0.61	0.02	0.25
0.61	0.025	0.25
0.61	0.03	0.25
0.61	0.035	0.25
0.61	0.04	0.25
0.61	0.045	0.25
0.61	0.05	0.25
0.61	0.055	0.25
0.61	0.06	0.25
0.61	0.065	0.25
0.61	0.07	0.25
0.61	0.075	0.25
0.61	0.08	0.25
0.61	0.085	0.25
0.61	0.09	0.25
0.61	0.095	0.25
0.61	0.1	0.25
0.61	0.105	0.25
0.61	0.11	0.25
0.61	0.115	0.25
0.61	0.12	0.25
0.61	0.125	0.25
0.61	0.13	0.25
0.61	0.135	0.25
0.61	0.14	0.25
0.61	0.145	0.25
0.61	0.15	0.25
0.61	0.155	0.25
0.61	0.16	0.25
0.61	0.165	0.25
0.61	0.17	0.25
0.61	0.175	0.25
0.61	0.18	0.25
0.61	0.185	0.25
0.61	0.19	0.25
0.61	0.195	0.25
0.61	0.2	0.25
0.61	0.205	0.25
0.61	0.21	0.25
0.61	0.215	0.25
0.61	0.22	0.25
0.61	0.225	0.25
0.61	0.23	0.25
0.61	0.235	0.25
0.61	0.24	0.25
0.61	0.245	0.25
0.61	0.25	0.5
0.61	0.255	0.5
0.61	0.26	0.5
0.61	0.265	0.5
0.61	0.27	0.5
0.61	0.275	0.5
0.61	0.28	0.5
0.61	0.285	0.5
0.61	0.29	0.5
0.61	0.295	0.5
0.61	0.3	0.5
0.61	0.305	0.5
0.61	0.31	0.5
0.61	0.315	0.5
0.61	0.32	0.5
0.61	0.325	0.5
0.61	0.33	0.5
0.61	0.335	0.5
0.61	0.34	0.5
0.61	0.345	0.5
0.61	0.35	0.5
0.61	0.355	0.5
0.61	0.36	0.5
0.61	0.365	0.5
0.61	0.37	0.5
0.61	0.375	0.5
0.61	0.38	0.5
0.61	0.385	0.5
0.61	0.39	0.5
0.61	0.395	0.5
0.61	0.4	0.5
0.61	0.405	0.5
0.61	0.41	0.5
0.61	0.415	0.5
0.61	0.42	0.5
0.61	0.425	0.5
0.61	0.43	0.5
0.61	0.435	0.5
0.61	0.44	0.5
0.61	0.445	0.5
0.61	0.45	0.5
0.61	0.455	0.5
0.61	0.46	0.5
0.61	0.465	0.5
0.61	0.47	0.5
0.61	0.475	0.5
0.61	0.48	0.5
0.61	0.485	0.5
0.61	0.49	0.5
0.61	0.495	0.5
0.61	0.5	0.5
0.61	0.505	0.5
0.61	0.51	0.5
0.61	0.515	0.5
0.61	0.52	0.5
0.61	0.525	0.5
0.61	0.53	0.5
0.61	0.535	0.5
0.61	0.54	0.5
0.61	0.545	0.5
0.61	0.55	0.5
0.61	0.555	0.5
0.61	0.56	0.5
0.61	0.565	0.5
0.61	0.57	0.5
0.61	0.575	0.5
0.61	0.58	0.5
0.61	0.585	0.5
0.61	0.59	0.5
0.61	0.595	0.5
0.61	0.6	0.5
0.61	0.605	0.5
0.61	0.61	0.5
0.61	0.615	0.5
0.61	0.62	0.5
0.61	0.625	0.5
0.61	0.63	0.5
0.61	0.635	0.5
0.61	0.64	0.5
0.61	0.645	0.5
0.61	0.65	0.5
0.61	0.655	0.5
0.61	0.66	0.5
0.61	0.665	0.5
0.61	0.67	0.5
0.61	0.675	0.5
0.61	0.68	0.5
0.61	0.685	0.5
0.61	0.69	0.5
0.61	0.695	0.5
0.61	0.7	0.5
0.61	0.705	0.5
0.61	0.71	0.5
0.61	0.715	0.5
0.61	0.72	0.5
0.61	0.725	0.5
0.61	0.73	0.5
0.61	0.735	0.5
0.61	0.74	0.5
0.61	0.745	0.5
0.61	0.75	0.5
0.61	0.755	0.5
0.61	0.76	0.5
0.61	0.765	0.5
0.61	0.77	0.5
0.61	0.775	0.5
0.61	0.78	0.5
0.61	0.785	0.5
0.61	0.79	0.5
0.61	0.795	0.5
0.61	0.8	0.5
0.61	0.805	0.5
0.61	0.81	0.5
0.61	0.815	0.5
0.61	0.82	0.5
0.61	0.825	0.5
0.61	0.83	0.5
0.61	0.835	0.5
0.61	0.84	0.5
0.61	0.845	0.5
0.61	0.85	0.5
0.61	0.855	0.5
0.61	0.86	0.5
0.61	0.865	0.5
0.61	0.87	0.5
0.61	0.875	0.5
0.61	0.88	0.5
0.61	0.885	0.5
0.61	0.89	0.5
0.61	0.895	0.5
0.61	0.9	0.5
0.61	0.905	0.5
0.61	0.91	0.5
0.61	0.915	0.5
0.61	0.92	0.5
0.61	0.925	0.5
0.61	0.93	0.5
0.61	0.935	0.5
0.61	0.94	0.5
0.61	0.945	0.5
0.61	0.95	0.5
0.61	0.955	0.5
0.61	0.96	0.5
0.61	0.965	0.5
0.61	0.97	0.5
0.61	0.975	0.5
0.61	0.98	0.5
0.61	0.985	0.5
0.61	0.99	0.5
0.61	0.995	0.5
0.61	1	0.5
0.62	0	0.25
0.62	0.005	0.25
0.62	0.01	0.25
0.62	0.015	0.25
0.62	0.02	0.25
0.62	0.025	0.25
0.62	0.03	0.25
0.62	0.035	0.25
0.62	0.04	0.25
0.62	0.045	0.25
0.62	0.05	0.25
0.62	0.055	0.25
0.62	0.06	0.25
0.62	0.065	0.25
0.62	0.07	0.25
0.62	0.075	0.25
0.62	0.08	0.25
0.62	0.085	0.25
0.62	0.09	0.25
0.62	0.095	0.25
0.62	0.1	0.25
0.62	0.105	0.25
0.62	0.11	0.25
0.62	0.115	0.25
0.62	0.12	0.25
0.62	0.125	0.25
0.62	0.13	0.25
0.62	0.135	0.25
0.62	0.14	0.25
0.62	0.145	0.25
0.62	0.15	0.25
0.62	0.155	0.25
0.62	0.16	0.25
0.62	0.165	0.25
0.62	0.17	0.25
0.62	0.175	0.25
0.62	0.18	0.25
0.62	0.185	0.25
0.62	0.19	0.25
0.62	0.195	0.25
0.62	0.2	0.25
0.62	0.205	0.25
0.62	0.21	0.25
0.62	0.215	0.25
0.62	0.22	0.25
0.62	0.225	0.25
0.62	0.23	0.25
0.62	0.235	0.25
0.62	0.24	0.25
0.62	0.245	0.25
0.62	0.25	0.5
0.62	0.255	0.5
0.62	0.26	0.5
0.62	0.265	0.5
0.62	0.27	0.5
0.62	0.275	0.5
0.62	0.28	0.5
0.62	0.285	0.5
0.62	0.29	0.5
0.62	0.295	0.5
0.62	0.3	0.5
0.62	0.305	0.5
0.62	0.31	0.5
0.62	0.315	0.5
0.62	0.32	0.5
0.62	0.325	0.5
0.62	0.33	0.5
0.62	0.335	0.5
0.62	0.34	0.5
0.62	0.345	0.5
0.62	0.35	0.5
0.62	0.355	0.5
0.62	0.36	0.5
0.62	0.365	0.5
0.62	0.37	0.5
0.62	0.375	0.5
0.62	0.38	0.5
0.62	0.385	0.5
0.62	0.39	0.5
0.62	0.395	0.5
0.62	0.4	0.5
0.62	0.405	0.5
0.62	0.41	0.5
0.62	0.415	0.5
0.62	0.42	0.5
0.62	0.425	0.5
0.62	0.43	0.5
0.62	0.435	0.5
0.62	0.44	0.5
0.62	0.445	0.5
0.62	0.45	0.5
0.62	0.455	0.5
0.62	0.46	0.5
0.62	0.465	0.5
0.62	0.47	0.5
0.62	0.475	0.5
0.62	0.48	0.5
0.62	0.485	0.5
0.62	0.49	0.5
0.62	0.495	0.5
0.62	0.5	0.5
0.62	0.505	0.5
0.62	0.51	0.5
0.62	0.515	0.5
0.62	0.52	0.5
0.62	0.525	0.5
0.62	0.53	0.5
0.62	0.535	0.5
0.62	0.54	0.5
0.62	0.545	0.5
0.62	0.55	0.5
0.62	0.555	0.5
0.62	0.56	0.5
0.62	0.565	0.5
0.62	0.57	0.5
0.62	0.575	0.5
0.62	0.58	0.5
0.62	0.585	0.5
0.62	0.59	0.5
0.62	0.595	0.5
0.62	0.6	0.5
0.62	0.605	0.5
0.62	0.61	0.5
0.62	0.615	0.5
0.62	0.62	0.5
0.62	0.625	0.5
0.62	0.63	0.5
0.62	0.635	0.5
0.62	0.64	0.5
0.62	0.645	0.5
0.62	0.65	0.5
0.62	0.655	0.5
0.62	0.66	0.5
0.62	0.665	0.5
0.62	0.67	0.5
0.62	0.675	0.5
0.62	0.68	0.5
0.62	0.685	0.5
0.62	0.69	0.5
0.62	0.695	0.5
0.62	0.7	0.5
0.62	0.705	0.5
0.62	0.71	0.5
0.62	0.715	0.5
0.62	0.72	0.5
0.62	0.725	0.5
0.62	0.73	0.5
0.62	0.735	0.5
0.62	0.74	0.5
0.62	0.745	0.5
0.62	0.75	0.5
0.62	0.755	0.5
0.62	0.76	0.5
0.62	0.765	0.5
0.62	0.77	0.5
0.62	0.775	0.5
0.62	0.78	0.5
0.62	0.785	0.5
0.62	0.79	0.5
0.62	0.795	0.5
0.62	0.8	0.5
0.62	0.805	0.5
0.62	0.81	0.5
0.62	0.815	0.5
0.62	0.82	0.5
0.62	0.825	0.5
0.62	0.83	0.5
0.62	0.835	0.5
0.62	0.84	0.5
0.62	0.845	0.5
0.62	0.85	0.5
0.62	0.855	0.5
0.62	0.86	0.5
0.62	0.865	0.5
0.62	0.87	0.5
0.62	0.875	0.5
0.62	0.88	0.5
0.62	0.885	0.5
0.62	0.89	0.5
0.62	0.895	0.5
0.62	0.9	0.5
0.62	0.905	0.5
0.62	0.91	0.5
0.62	0.915	0.5
0.62	0.92	0.5
0.62	0.925	0.5
0.62	0.93	0.5
0.62	0.935	0.5
0.62	0.94	0.5
0.62	0.945	0.5
0.62	0.95	0.5
0.62	0.955	0.5
0.62	0.96	0.5
0.62	0.965	0.5
0.62	0.97	0.5
0.62	0.975	0.5
0.62	0.98	0.5
0.62	0.985	0.5
0.62	0.99	0.5
0.62	0.995	0.5
0.62	1	0.5
0.63	0	0.25
0.63	0.005	0.25
0.63	0.01	0.25
0.63	0.015	0.25
0.63	0.02	0.25
0.63	0.025	0.25
0.63	0.03	0.25
0.63	0.035	0.25
0.63	0.04	0.25
0.63	0.045	0.25
0.63	0.05	0.25
0.63	0.055	0.25
0.63	0.06	0.25
0.63	0.065	0.25
0.63	0.07	0.25
0.63	0.075	0.25
0.63	0.08	0.25
0.63	0.085	0.25
0.63	0.09	0.25
0.63	0.095	0.25
0.63	0.1	0.25
0.63	0.105	0.25
0.63	0.11	0.25
0.63	0.115	0.25
0.63	0.12	0.25
0.63	0.125	0.25
0.63	0.13	0.25
0.63	0.135	0.25
0.63	0.14	0.25
0.63	0.145	0.25
0.63	0.15	0.25
0.63	0.155	0.25
0.63	0.16	0.25
0.63	0.165	0.25
0.63	0.17	0.25
0.63	0.175	0.25
0.63	0.18	0.25
0.63	0.185	0.25
0.63	0.19	0.25
0.63	0.195	0.25
0.63	0.2	0.25
0.63	0.205	0.25
0.63	0.21	0.25
0.63	0.215	0.25
0.63	0.22	0.25
0.63	0.225	0.25
0.63	0.23	0.25
0.63	0.235	0.25
0.63	0.24	0.25
0.63	0.245	0.25
0.63	0.25	0.5
0.63	0.255	0.5
0.63	0.26	0.5
0.63	0.265	0.5
0.63	0.27	0.5
0.63	0.275	0.5
0.63	0.28	0.5
0.63	0.285	0.5
0.63	0.29	0.5
0.63	0.295	0.5
0.63	0.3	0.5
0.63	0.305	0.5
0.63	0.31	0.5
0.63	0.315	0.5
0.63	0.32	0.5
0.63	0.325	0.5
0.63	0.33	0.5
0.63	0.335	0.5
0.63	0.34	0.5
0.63	0.345	0.5
0.63	0.35	0.5
0.63	0.355	0.5
0.63	0.36	0.5
0.63	0.365	0.5
0.63	0.37	0.5
0.63	0.375	0.5
0.63	0.38	0.5
0.63	0.385	0.5
0.63	0.39	0.5
0.63	0.395	0.5
0.63	0.4	0.5
0.63	0.405	0.5
0.63	0.41	0.5
0.63	0.415	0.5
0.63	0.42	0.5
0.63	0.425	0.5
0.63	0.43	0.5
0.63	0.435	0.5
0.63	0.44	0.5
0.63	0.445	0.5
0.63	0.45	0.5
0.63	0.455	0.5
0.63	0.46	0.5
0.63	0.465	0.5
0.63	0.47	0.5
0.63	0.475	0.5
0.63	0.48	0.5
0.63	0.485	0.5
0.63	0.49	0.5
0.63	0.495	0.5
0.63	0.5	0.5
0.63	0.505	0.5
0.63	0.51	0.5
0.63	0.515	0.5
0.63	0.52	0.5
0.63	0.525	0.5
0.63	0.53	0.5
0.63	0.535	0.5
0.63	0.54	0.5
0.63	0.545	0.5
0.63	0.55	0.5
0.63	0.555	0.5
0.63	0.56	0.5
0.63	0.565	0.5
0.63	0.57	0.5
0.63	0.575	0.5
0.63	0.58	0.5
0.63	0.585	0.5
0.63	0.59	0.5
0.63	0.595	0.5
0.63	0.6	0.5
0.63	0.605	0.5
0.63	0.61	0.5
0.63	0.615	0.5
0.63	0.62	0.5
0.63	0.625	0.5
0.63	0.63	0.5
0.63	0.635	0.5
0.63	0.64	0.5
0.63	0.645	0.5
0.63	0.65	0.5
0.63	0.655	0.5
0.63	0.66	0.5
0.63	0.665	0.5
0.63	0.67	0.5
0.63	0.675	0.5
0.63	0.68	0.5
0.63	0.685	0.5
0.63	0.69	0.5
0.63	0.695	0.5
0.63	0.7	0.5
0.63	0.705	0.5
0.63	0.71	0.5
0.63	0.715	0.5
0.63	0.72	0.5
0.63	0.725	0.5
0.63	0.73	0.5
0.63	0.735	0.5
0.63	0.74	0.5
0.63	0.745	0.5
0.63	0.75	0.5
0.63	0.755	0.5
0.63	0.76	0.5
0.63	0.765	0.5
0.63	0.77	0.5
0.63	0.775	0.5
0.63	0.78	0.5
0.63	0.785	0.5
0.63	0.79	0.5
0.63	0.795	0.5
0.63	0.8	0.5
0.63	0.805	0.5
0.63	0.81	0.5
0.63	0.815	0.5
0.63	0.82	0.5
0.63	0.825	0.5
0.63	0.83	0.5
0.63	0.835	0.5
0.63	0.84	0.5
0.63	0.845	0.5
0.63	0.85	0.5
0.63	0.855	0.5
0.63	0.86	0.5
0.63	0.865	0.5
0.63	0.87	0.5
0.63	0.875	0.5
0.63	0.88	0.5
0.63	0.885	0.5
0.63	0.89	0.5
0.63	0.895	0.5
0.63	0.9	0.5
0.63	0.905	0.5
0.63	0.91	0.5
0.63	0.915	0.5
0.63	0.92	0.5
0.63	0.925	0.5
0.63	0.93	0.5
0.63	0.935	0.5
0.63	0.94	0.5
0.63	0.945	0.5
0.63	0.95	0.5
0.63	0.955	0.5
0.63	0.96	0.5
0.63	0.965	0.5
0.63	0.97	0.5
0.63	0.975	0.5
0.63	0.98	0.5
0.63	0.985	0.5
0.63	0.99	0.5
0.63	0.995	0.5
0.63	1	0.5
0.64	0	0.25
0.64	0.005	0.25
0.64	0.01	0.25
0.64	0.015	0.25
0.64	0.02	0.25
0.64	0.025	0.25
0.64	0.03	0.25
0.64	0.035	0.25
0.64	0.04	0.25
0.64	0.045	0.25
0.64	0.05	0.25
0.64	0.055	0.25
0.64	0.06	0.25
0.64	0.065	0.25
0.64	0.07	0.25
0.64	0.075	0.25
0.64	0.08	0.25
0.64	0.085	0.25
0.64	0.09	0.25
0.64	0.095	0.25
0.64	0.1	0.25
0.64	0.105	0.25
0.64	0.11	0.25
0.64	0.115	0.25
0.64	0.12	0.25
0.64	0.125	0.25
0.64	0.13	0.25
0.64	0.135	0.25
0.64	0.14	0.25
0.64	0.145	0.25
0.64	0.15	0.25
0.64	0.155	0.25
0.64	0.16	0.25
0.64	0.165	0.25
0.64	0.17	0.25
0.64	0.175	0.25
0.64	0.18	0.25
0.64	0.185	0.25
0.64	0.19	0.25
0.64	0.195	0.25
0.64	0.2	0.25
0.64	0.205	0.25
0.64	0.21	0.25
0.64	0.215	0.25
0.64	0.22	0.25
0.64	0.225	0.25
0.64	0.23	0.25
0.64	0.235	0.25
0.64	0.24	0.25
0.64	0.245	0.25
0.64	0.25	0.5
0.64	0.255	0.5
0.64	0.26	0.5
0.64	0.265	0.5
0.64	0.27	0.5
0.64	0.275	0.5
0.64	0.28	0.5
0.64	0.285	0.5
0.64	0.29	0.5
0.64	0.295	0.5
0.64	0.3	0.5
0.64	0.305	0.5
0.64	0.31	0.5
0.64	0.315	0.5
0.64	0.32	0.5
0.64	0.325	0.5
0.64	0.33	0.5
0.64	0.335	0.5
0.64	0.34	0.5
0.64	0.345	0.5
0.64	0.35	0.5
0.64	0.355	0.5
0.64	0.36	0.5
0.64	0.365	0.5
0.64	0.37	0.5
0.64	0.375	0.5
0.64	0.38	0.5
0.64	0.385	0.5
0.64	0.39	0.5
0.64	0.395	0.5
0.64	0.4	0.5
0.64	0.405	0.5
0.64	0.41	0.5
0.64	0.415	0.5
0.64	0.42	0.5
0.64	0.425	0.5
0.64	0.43	0.5
0.64	0.435	0.5
0.64	0.44	0.5
0.64	0.445	0.5
0.64	0.45	0.5
0.64	0.455	0.5
0.64	0.46	0.5
0.64	0.465	0.5
0.64	0.47	0.5
0.64	0.475	0.5
0.64	0.48	0.5
0.64	0.485	0.5
0.64	0.49	0.5
0.64	0.495	0.5
0.64	0.5	0.5
0.64	0.505	0.5
0.64	0.51	0.5
0.64	0.515	0.5
0.64	0.52	0.5
0.64	0.525	0.5
0.64	0.53	0.5
0.64	0.535	0.5
0.64	0.54	0.5
0.64	0.545	0.5
0.64	0.55	0.5
0.64	0.555	0.5
0.64	0.56	0.5
0.64	0.565	0.5
0.64	0.57	0.5
0.64	0.575	0.5
0.64	0.58	0.5
0.64	0.585	0.5
0.64	0.59	0.5
0.64	0.595	0.5
0.64	0.6	0.5
0.64	0.605	0.5
0.64	0.61	0.5
0.64	0.615	0.5
0.64	0.62	0.5
0.64	0.625	0.5
0.64	0.63	0.5
0.64	0.635	0.5
0.64	0.64	0.5
0.64	0.645	0.5
0.64	0.65	0.5
0.64	0.655	0.5
0.64	0.66	0.5
0.64	0.665	0.5
0.64	0.67	0.5
0.64	0.675	0.5
0.64	0.68	0.5
0.64	0.685	0.5
0.64	0.69	0.5
0.64	0.695	0.5
0.64	0.7	0.5
0.64	0.705	0.5
0.64	0.71	0.5
0.64	0.715	0.5
0.64	0.72	0.5
0.64	0.725	0.5
0.64	0.73	0.5
0.64	0.735	0.5
0.64	0.74	0.5
0.64	0.745	0.5
0.64	0.75	0.5
0.64	0.755	0.5
0.64	0.76	0.5
0.64	0.765	0.5
0.64	0.77	0.5
0.64	0.775	0.5
0.64	0.78	0.5
0.64	0.785	0.5
0.64	0.79	0.5
0.64	0.795	0.5
0.64	0.8	0.5
0.64	0.805	0.5
0.64	0.81	0.5
0.64	0.815	0.5
0.64	0.82	0.5
0.64	0.825	0.5
0.64	0.83	0.5
0.64	0.835	0.5
0.64	0.84	0.5
0.64	0.845	0.5
0.64	0.85	0.5
0.64	0.855	0.5
0.64	0.86	0.5
0.64	0.865	0.5
0.64	0.87	0.5
0.64	0.875	0.5
0.64	0.88	0.5
0.64	0.885	0.5
0.64	0.89	0.5
0.64	0.895	0.5
0.64	0.9	0.5
0.64	0.905	0.5
0.64	0.91	0.5
0.64	0.915	0.5
0.64	0.92	0.5
0.64	0.925	0.5
0.64	0.93	0.5
0.64	0.935	0.5
0.64	0.94	0.5
0.64	0.945	0.5
0.64	0.95	0.5
0.64	0.955	0.5
0.64	0.96	0.5
0.64	0.965	0.5
0.64	0.97	0.5
0.64	0.975	0.5
0.64	0.98	0.5
0.64	0.985	0.5
0.64	0.99	0.5
0.64	0.995	0.5
0.64	1	0.5
0.65	0	0.25
0.65	0.005	0.25
0.65	0.01	0.25
0.65	0.015	0.25
0.65	0.02	0.25
0.65	0.025	0.25
0.65	0.03	0.25
0.65	0.035	0.25
0.65	0.04	0.25
0.65	0.045	0.25
0.65	0.05	0.25
0.65	0.055	0.25
0.65	0.06	0.25
0.65	0.065	0.25
0.65	0.07	0.25
0.65	0.075	0.25
0.65	0.08	0.25
0.65	0.085	0.25
0.65	0.09	0.25
0.65	0.095	0.25
0.65	0.1	0.25
0.65	0.105	0.25
0.65	0.11	0.25
0.65	0.115	0.25
0.65	0.12	0.25
0.65	0.125	0.25
0.65	0.13	0.25
0.65	0.135	0.25
0.65	0.14	0.25
0.65	0.145	0.25
0.65	0.15	0.25
0.65	0.155	0.25
0.65	0.16	0.25
0.65	0.165	0.25
0.65	0.17	0.25
0.65	0.175	0.25
0.65	0.18	0.25
0.65	0.185	0.25
0.65	0.19	0.25
0.65	0.195	0.25
0.65	0.2	0.25
0.65	0.205	0.25
0.65	0.21	0.25
0.65	0.215	0.25
0.65	0.22	0.25
0.65	0.225	0.25
0.65	0.23	0.25
0.65	0.235	0.25
0.65	0.24	0.25
0.65	0.245	0.25
0.65	0.25	0.5
0.65	0.255	0.5
0.65	0.26	0.5
0.65	0.265	0.5
0.65	0.27	0.5
0.65	0.275	0.5
0.65	0.28	0.5
0.65	0.285	0.5
0.65	0.29	0.5
0.65	0.295	0.5
0.65	0.3	0.5
0.65	0.305	0.5
0.65	0.31	0.5
0.65	0.315	0.5
0.65	0.32	0.5
0.65	0.325	0.5
0.65	0.33	0.5
0.65	0.335	0.5
0.65	0.34	0.5
0.65	0.345	0.5
0.65	0.35	0.5
0.65	0.355	0.5
0.65	0.36	0.5
0.65	0.365	0.5
0.65	0.37	0.5
0.65	0.375	0.5
0.65	0.38	0.5
0.65	0.385	0.5
0.65	0.39	0.5
0.65	0.395	0.5
0.65	0.4	0.5
0.65	0.405	0.5
0.65	0.41	0.5
0.65	0.415	0.5
0.65	0.42	0.5
0.65	0.425	0.5
0.65	0.43	0.5
0.65	0.435	0.5
0.65	0.44	0.5
0.65	0.445	0.5
0.65	0.45	0.5
0.65	0.455	0.5
0.65	0.46	0.5
0.65	0.465	0.5
0.65	0.47	0.5
0.65	0.475	0.5
0.65	0.48	0.5
0.65	0.485	0.5
0.65	0.49	0.5
0.65	0.495	0.5
0.65	0.5	0.5
0.65	0.505	0.5
0.65	0.51	0.5
0.65	0.515	0.5
0.65	0.52	0.5
0.65	0.525	0.5
0.65	0.53	0.5
0.65	0.535	0.5
0.65	0.54	0.5
0.65	0.545	0.5
0.65	0.55	0.5
0.65	0.555	0.5
0.65	0.56	0.5
0.65	0.565	0.5
0.65	0.57	0.5
0.65	0.575	0.5
0.65	0.58	0.5
0.65	0.585	0.5
0.65	0.59	0.5
0.65	0.595	0.5
0.65	0.6	0.5
0.65	0.605	0.5
0.65	0.61	0.5
0.65	0.615	0.5
0.65	0.62	0.5
0.65	0.625	0.5
0.65	0.63	0.5
0.65	0.635	0.5
0.65	0.64	0.5
0.65	0.645	0.5
0.65	0.65	0.5
0.65	0.655	0.5
0.65	0.66	0.5
0.65	0.665	0.5
0.65	0.67	0.5
0.65	0.675	0.5
0.65	0.68	0.5
0.65	0.685	0.5
0.65	0.69	0.5
0.65	0.695	0.5
0.65	0.7	0.5
0.65	0.705	0.5
0.65	0.71	0.5
0.65	0.715	0.5
0.65	0.72	0.5
0.65	0.725	0.5
0.65	0.73	0.5
0.65	0.735	0.5
0.65	0.74	0.5
0.65	0.745	0.5
0.65	0.75	0.5
0.65	0.755	0.5
0.65	0.76	0.5
0.65	0.765	0.5
0.65	0.77	0.5
0.65	0.775	0.5
0.65	0.78	0.5
0.65	0.785	0.5
0.65	0.79	0.5
0.65	0.795	0.5
0.65	0.8	0.5
0.65	0.805	0.5
0.65	0.81	0.5
0.65	0.815	0.5
0.65	0.82	0.5
0.65	0.825	0.5
0.65	0.83	0.5
0.65	0.835	0.5
0.65	0.84	0.5
0.65	0.845	0.5
0.65	0.85	0.5
0.65	0.855	0.5
0.65	0.86	0.5
0.65	0.865	0.5
0.65	0.87	0.5
0.65	0.875	0.5
0.65	0.88	0.5
0.65	0.885	0.5
0.65	0.89	0.5
0.65	0.895	0.5
0.65	0.9	0.5
0.65	0.905	0.5
0.65	0.91	0.5
0.65	0.915	0.5
0.65	0.92	0.5
0.65	0.925	0.5
0.65	0.93	0.5
0.65	0.935	0.5
0.65	0.94	0.5
0.65	0.945	0.5
0.65	0.95	0.5
0.65	0.955	0.5
0.65	0.96	0.5
0.65	0.965	0.5
0.65	0.97	0.5
0.65	0.975	0.5
0.65	0.98	0.5
0.65	0.985	0.5
0.65	0.99	0.5
0.65	0.995	0.5
0.65	1	0.5
0.66	0	0.25
0.66	0.005	0.25
0.66	0.01	0.25
0.66	0.015	0.25
0.66	0.02	0.25
0.66	0.025	0.25
0.66	0.03	0.25
0.66	0.035	0.25
0.66	0.04	0.25
0.66	0.045	0.25
0.66	0.05	0.25
0.66	0.055	0.25
0.66	0.06	0.25
0.66	0.065	0.25
0.66	0.07	0.25
0.66	0.075	0.25
0.66	0.08	0.25
0.66	0.085	0.25
0.66	0.09	0.25
0.66	0.095	0.25
0.66	0.1	0.25
0.66	0.105	0.25
0.66	0.11	0.25
0.66	0.115	0.25
0.66	0.12	0.25
0.66	0.125	0.25
0.66	0.13	0.25
0.66	0.135	0.25
0.66	0.14	0.25
0.66	0.145	0.25
0.66	0.15	0.25
0.66	0.155	0.25
0.66	0.16	0.25
0.66	0.165	0.25
0.66	0.17	0.25
0.66	0.175	0.25
0.66	0.18	0.25
0.66	0.185	0.25
0.66	0.19	0.25
0.66	0.195	0.25
0.66	0.2	0.25
0.66	0.205	0.25
0.66	0.21	0.25
0.66	0.215	0.25
0.66	0.22	0.25
0.66	0.225	0.25
0.66	0.23	0.25
0.66	0.235	0.25
0.66	0.24	0.25
0.66	0.245	0.25
0.66	0.25	0.5
0.66	0.255	0.5
0.66	0.26	0.5
0.66	0.265	0.5
0.66	0.27	0.5
0.66	0.275	0.5
0.66	0.28	0.5
0.66	0.285	0.5
0.66	0.29	0.5
0.66	0.295	0.5
0.66	0.3	0.5
0.66	0.305	0.5
0.66	0.31	0.5
0.66	0.315	0.5
0.66	0.32	0.5
0.66	0.325	0.5
0.66	0.33	0.5
0.66	0.335	0.5
0.66	0.34	0.5
0.66	0.345	0.5
0.66	0.35	0.5
0.66	0.355	0.5
0.66	0.36	0.5
0.66	0.365	0.5
0.66	0.37	0.5
0.66	0.375	0.5
0.66	0.38	0.5
0.66	0.385	0.5
0.66	0.39	0.5
0.66	0.395	0.5
0.66	0.4	0.5
0.66	0.405	0.5
0.66	0.41	0.5
0.66	0.415	0.5
0.66	0.42	0.5
0.66	0.425	0.5
0.66	0.43	0.5
0.66	0.435	0.5
0.66	0.44	0.5
0.66	0.445	0.5
0.66	0.45	0.5
0.66	0.455	0.5
0.66	0.46	0.5
0.66	0.465	0.5
0.66	0.47	0.5
0.66	0.475	0.5
0.66	0.48	0.5
0.66	0.485	0.5
0.66	0.49	0.5
0.66	0.495	0.5
0.66	0.5	0.5
0.66	0.505	0.5
0.66	0.51	0.5
0.66	0.515	0.5
0.66	0.52	0.5
0.66	0.525	0.5
0.66	0.53	0.5
0.66	0.535	0.5
0.66	0.54	0.5
0.66	0.545	0.5
0.66	0.55	0.5
0.66	0.555	0.5
0.66	0.56	0.5
0.66	0.565	0.5
0.66	0.57	0.5
0.66	0.575	0.5
0.66	0.58	0.5
0.66	0.585	0.5
0.66	0.59	0.5
0.66	0.595	0.5
0.66	0.6	0.5
0.66	0.605	0.5
0.66	0.61	0.5
0.66	0.615	0.5
0.66	0.62	0.5
0.66	0.625	0.5
0.66	0.63	0.5
0.66	0.635	0.5
0.66	0.64	0.5
0.66	0.645	0.5
0.66	0.65	0.5
0.66	0.655	0.5
0.66	0.66	0.5
0.66	0.665	0.5
0.66	0.67	0.5
0.66	0.675	0.5
0.66	0.68	0.5
0.66	0.685	0.5
0.66	0.69	0.5
0.66	0.695	0.5
0.66	0.7	0.5
0.66	0.705	0.5
0.66	0.71	0.5
0.66	0.715	0.5
0.66	0.72	0.5
0.66	0.725	0.5
0.66	0.73	0.5
0.66	0.735	0.5
0.66	0.74	0.5
0.66	0.745	0.5
0.66	0.75	0.5
0.66	0.755	0.5
0.66	0.76	0.5
0.66	0.765	0.5
0.66	0.77	0.5
0.66	0.775	0.5
0.66	0.78	0.5
0.66	0.785	0.5
0.66	0.79	0.5
0.66	0.795	0.5
0.66	0.8	0.5
0.66	0.805	0.5
0.66	0.81	0.5
0.66	0.815	0.5
0.66	0.82	0.5
0.66	0.825	0.5
0.66	0.83	0.5
0.66	0.835	0.5
0.66	0.84	0.5
0.66	0.845	0.5
0.66	0.85	0.5
0.66	0.855	0.5
0.66	0.86	0.5
0.66	0.865	0.5
0.66	0.87	0.5
0.66	0.875	0.5
0.66	0.88	0.5
0.66	0.885	0.5
0.66	0.89	0.5
0.66	0.895	0.5
0.66	0.9	0.5
0.66	0.905	0.5
0.66	0.91	0.5
0.66	0.915	0.5
0.66	0.92	0.5
0.66	0.925	0.5
0.66	0.93	0.5
0.66	0.935	0.5
0.66	0.94	0.5
0.66	0.945	0.5
0.66	0.95	0.5
0.66	0.955	0.5
0.66	0.96	0.5
0.66	0.965	0.5
0.66	0.97	0.5
0.66	0.975	0.5
0.66	0.98	0.5
0.66	0.985	0.5
0.66	0.99	0.5
0.66	0.995	0.5
0.66	1	0.5
0.67	0	0.25
0.67	0.005	0.25
0.67	0.01	0.25
0.67	0.015	0.25
0.67	0.02	0.25
0.67	0.025	0.25
0.67	0.03	0.25
0.67	0.035	0.25
0.67	0.04	0.25
0.67	0.045	0.25
0.67	0.05	0.25
0.67	0.055	0.25
0.67	0.06	0.25
0.67	0.065	0.25
0.67	0.07	0.25
0.67	0.075	0.25
0.67	0.08	0.25
0.67	0.085	0.25
0.67	0.09	0.25
0.67	0.095	0.25
0.67	0.1	0.25
0.67	0.105	0.25
0.67	0.11	0.25
0.67	0.115	0.25
0.67	0.12	0.25
0.67	0.125	0.25
0.67	0.13	0.25
0.67	0.135	0.25
0.67	0.14	0.25
0.67	0.145	0.25
0.67	0.15	0.25
0.67	0.155	0.25
0.67	0.16	0.25
0.67	0.165	0.25
0.67	0.17	0.25
0.67	0.175	0.25
0.67	0.18	0.25
0.67	0.185	0.25
0.67	0.19	0.25
0.67	0.195	0.25
0.67	0.2	0.25
0.67	0.205	0.25
0.67	0.21	0.25
0.67	0.215	0.25
0.67	0.22	0.25
0.67	0.225	0.25
0.67	0.23	0.25
0.67	0.235	0.25
0.67	0.24	0.25
0.67	0.245	0.25
0.67	0.25	0.5
0.67	0.255	0.5
0.67	0.26	0.5
0.67	0.265	0.5
0.67	0.27	0.5
0.67	0.275	0.5
0.67	0.28	0.5
0.67	0.285	0.5
0.67	0.29	0.5
0.67	0.295	0.5
0.67	0.3	0.5
0.67	0.305	0.5
0.67	0.31	0.5
0.67	0.315	0.5
0.67	0.32	0.5
0.67	0.325	0.5
0.67	0.33	0.5
0.67	0.335	0.5
0.67	0.34	0.5
0.67	0.345	0.5
0.67	0.35	0.5
0.67	0.355	0.5
0.67	0.36	0.5
0.67	0.365	0.5
0.67	0.37	0.5
0.67	0.375	0.5
0.67	0.38	0.5
0.67	0.385	0.5
0.67	0.39	0.5
0.67	0.395	0.5
0.67	0.4	0.5
0.67	0.405	0.5
0.67	0.41	0.5
0.67	0.415	0.5
0.67	0.42	0.5
0.67	0.425	0.5
0.67	0.43	0.5
0.67	0.435	0.5
0.67	0.44	0.5
0.67	0.445	0.5
0.67	0.45	0.5
0.67	0.455	0.5
0.67	0.46	0.5
0.67	0.465	0.5
0.67	0.47	0.5
0.67	0.475	0.5
0.67	0.48	0.5
0.67	0.485	0.5
0.67	0.49	0.5
0.67	0.495	0.5
0.67	0.5	0.5
0.67	0.505	0.5
0.67	0.51	0.5
0.67	0.515	0.5
0.67	0.52	0.5
0.67	0.525	0.5
0.67	0.53	0.5
0.67	0.535	0.5
0.67	0.54	0.5
0.67	0.545	0.5
0.67	0.55	0.5
0.67	0.555	0.5
0.67	0.56	0.5
0.67	0.565	0.5
0.67	0.57	0.5
0.67	0.575	0.5
0.67	0.58	0.5
0.67	0.585	0.5
0.67	0.59	0.5
0.67	0.595	0.5
0.67	0.6	0.5
0.67	0.605	0.5
0.67	0.61	0.5
0.67	0.615	0.5
0.67	0.62	0.5
0.67	0.625	0.5
0.67	0.63	0.5
0.67	0.635	0.5
0.67	0.64	0.5
0.67	0.645	0.5
0.67	0.65	0.5
0.67	0.655	0.5
0.67	0.66	0.5
0.67	0.665	0.5
0.67	0.67	0.5
0.67	0.675	0.5
0.67	0.68	0.5
0.67	0.685	0.5
0.67	0.69	0.5
0.67	0.695	0.5
0.67	0.7	0.5
0.67	0.705	0.5
0.67	0.71	0.5
0.67	0.715	0.5
0.67	0.72	0.5
0.67	0.725	0.5
0.67	0.73	0.5
0.67	0.735	0.5
0.67	0.74	0.5
0.67	0.745	0.5
0.67	0.75	0.5
0.67	0.755	0.5
0.67	0.76	0.5
0.67	0.765	0.5
0.67	0.77	0.5
0.67	0.775	0.5
0.67	0.78	0.5
0.67	0.785	0.5
0.67	0.79	0.5
0.67	0.795	0.5
0.67	0.8	0.5
0.67	0.805	0.5
0.67	0.81	0.5
0.67	0.815	0.5
0.67	0.82	0.5
0.67	0.825	0.5
0.67	0.83	0.5
0.67	0.835	0.5
0.67	0.84	0.5
0.67	0.845	0.5
0.67	0.85	0.5
0.67	0.855	0.5
0.67	0.86	0.5
0.67	0.865	0.5
0.67	0.87	0.5
0.67	0.875	0.5
0.67	0.88	0.5
0.67	0.885	0.5
0.67	0.89	0.5
0.67	0.895	0.5
0.67	0.9	0.5
0.67	0.905	0.5
0.67	0.91	0.5
0.67	0.915	0.5
0.67	0.92	0.5
0.67	0.925	0.5
0.67	0.93	0.5
0.67	0.935	0.5
0.67	0.94	0.5
0.67	0.945	0.5
0.67	0.95	0.5
0.67	0.955	0.5
0.67	0.96	0.5
0.67	0.965	0.5
0.67	0.97	0.5
0.67	0.975	0.5
0.67	0.98	0.5
0.67	0.985	0.5
0.67	0.99	0.5
0.67	0.995	0.5
0.67	1	0.5
0.68	0	0.25
0.68	0.005	0.25
0.68	0.01	0.25
0.68	0.015	0.25
0.68	0.02	0.25
0.68	0.025	0.25
0.68	0.03	0.25
0.68	0.035	0.25
0.68	0.04	0.25
0.68	0.045	0.25
0.68	0.05	0.25
0.68	0.055	0.25
0.68	0.06	0.25
0.68	0.065	0.25
0.68	0.07	0.25
0.68	0.075	0.25
0.68	0.08	0.25
0.68	0.085	0.25
0.68	0.09	0.25
0.68	0.095	0.25
0.68	0.1	0.25
0.68	0.105	0.25
0.68	0.11	0.25
0.68	0.115	0.25
0.68	0.12	0.25
0.68	0.125	0.25
0.68	0.13	0.25
0.68	0.135	0.25
0.68	0.14	0.25
0.68	0.145	0.25
0.68	0.15	0.25
0.68	0.155	0.25
0.68	0.16	0.25
0.68	0.165	0.25
0.68	0.17	0.25
0.68	0.175	0.25
0.68	0.18	0.25
0.68	0.185	0.25
0.68	0.19	0.25
0.68	0.195	0.25
0.68	0.2	0.25
0.68	0.205	0.25
0.68	0.21	0.25
0.68	0.215	0.25
0.68	0.22	0.25
0.68	0.225	0.25
0.68	0.23	0.25
0.68	0.235	0.25
0.68	0.24	0.25
0.68	0.245	0.25
0.68	0.25	0.5
0.68	0.255	0.5
0.68	0.26	0.5
0.68	0.265	0.5
0.68	0.27	0.5
0.68	0.275	0.5
0.68	0.28	0.5
0.68	0.285	0.5
0.68	0.29	0.5
0.68	0.295	0.5
0.68	0.3	0.5
0.68	0.305	0.5
0.68	0.31	0.5
0.68	0.315	0.5
0.68	0.32	0.5
0.68	0.325	0.5
0.68	0.33	0.5
0.68	0.335	0.5
0.68	0.34	0.5
0.68	0.345	0.5
0.68	0.35	0.5
0.68	0.355	0.5
0.68	0.36	0.5
0.68	0.365	0.5
0.68	0.37	0.5
0.68	0.375	0.5
0.68	0.38	0.5
0.68	0.385	0.5
0.68	0.39	0.5
0.68	0.395	0.5
0.68	0.4	0.5
0.68	0.405	0.5
0.68	0.41	0.5
0.68	0.415	0.5
0.68	0.42	0.5
0.68	0.425	0.5
0.68	0.43	0.5
0.68	0.435	0.5
0.68	0.44	0.5
0.68	0.445	0.5
0.68	0.45	0.5
0.68	0.455	0.5
0.68	0.46	0.5
0.68	0.465	0.5
0.68	0.47	0.5
0.68	0.475	0.5
0.68	0.48	0.5
0.68	0.485	0.5
0.68	0.49	0.5
0.68	0.495	0.5
0.68	0.5	0.5
0.68	0.505	0.5
0.68	0.51	0.5
0.68	0.515	0.5
0.68	0.52	0.5
0.68	0.525	0.5
0.68	0.53	0.5
0.68	0.535	0.5
0.68	0.54	0.5
0.68	0.545	0.5
0.68	0.55	0.5
0.68	0.555	0.5
0.68	0.56	0.5
0.68	0.565	0.5
0.68	0.57	0.5
0.68	0.575	0.5
0.68	0.58	0.5
0.68	0.585	0.5
0.68	0.59	0.5
0.68	0.595	0.5
0.68	0.6	0.5
0.68	0.605	0.5
0.68	0.61	0.5
0.68	0.615	0.5
0.68	0.62	0.5
0.68	0.625	0.5
0.68	0.63	0.5
0.68	0.635	0.5
0.68	0.64	0.5
0.68	0.645	0.5
0.68	0.65	0.5
0.68	0.655	0.5
0.68	0.66	0.5
0.68	0.665	0.5
0.68	0.67	0.5
0.68	0.675	0.5
0.68	0.68	0.5
0.68	0.685	0.5
0.68	0.69	0.5
0.68	0.695	0.5
0.68	0.7	0.5
0.68	0.705	0.5
0.68	0.71	0.5
0.68	0.715	0.5
0.68	0.72	0.5
0.68	0.725	0.5
0.68	0.73	0.5
0.68	0.735	0.5
0.68	0.74	0.5
0.68	0.745	0.5
0.68	0.75	0.5
0.68	0.755	0.5
0.68	0.76	0.5
0.68	0.765	0.5
0.68	0.77	0.5
0.68	0.775	0.5
0.68	0.78	0.5
0.68	0.785	0.5
0.68	0.79	0.5
0.68	0.795	0.5
0.68	0.8	0.5
0.68	0.805	0.5
0.68	0.81	0.5
0.68	0.815	0.5
0.68	0.82	0.5
0.68	0.825	0.5
0.68	0.83	0.5
0.68	0.835	0.5
0.68	0.84	0.5
0.68	0.845	0.5
0.68	0.85	0.5
0.68	0.855	0.5
0.68	0.86	0.5
0.68	0.865	0.5
0.68	0.87	0.5
0.68	0.875	0.5
0.68	0.88	0.5
0.68	0.885	0.5
0.68	0.89	0.5
0.68	0.895	0.5
0.68	0.9	0.5
0.68	0.905	0.5
0.68	0.91	0.5
0.68	0.915	0.5
0.68	0.92	0.5
0.68	0.925	0.5
0.68	0.93	0.5
0.68	0.935	0.5
0.68	0.94	0.5
0.68	0.945	0.5
0.68	0.95	0.5
0.68	0.955	0.5
0.68	0.96	0.5
0.68	0.965	0.5
0.68	0.97	0.5
0.68	0.975	0.5
0.68	0.98	0.5
0.68	0.985	0.5
0.68	0.99	0.5
0.68	0.995	0.5
0.68	1	0.5
0.69	0	0.25
0.69	0.005	0.25
0.69	0.01	0.25
0.69	0.015	0.25
0.69	0.02	0.25
0.69	0.025	0.25
0.69	0.03	0.25
0.69	0.035	0.25
0.69	0.04	0.25
0.69	0.045	0.25
0.69	0.05	0.25
0.69	0.055	0.25
0.69	0.06	0.25
0.69	0.065	0.25
0.69	0.07	0.25
0.69	0.075	0.25
0.69	0.08	0.25
0.69	0.085	0.25
0.69	0.09	0.25
0.69	0.095	0.25
0.69	0.1	0.25
0.69	0.105	0.25
0.69	0.11	0.25
0.69	0.115	0.25
0.69	0.12	0.25
0.69	0.125	0.25
0.69	0.13	0.25
0.69	0.135	0.25
0.69	0.14	0.25
0.69	0.145	0.25
0.69	0.15	0.25
0.69	0.155	0.25
0.69	0.16	0.25
0.69	0.165	0.25
0.69	0.17	0.25
0.69	0.175	0.25
0.69	0.18	0.25
0.69	0.185	0.25
0.69	0.19	0.25
0.69	0.195	0.25
0.69	0.2	0.25
0.69	0.205	0.25
0.69	0.21	0.25
0.69	0.215	0.25
0.69	0.22	0.25
0.69	0.225	0.25
0.69	0.23	0.25
0.69	0.235	0.25
0.69	0.24	0.25
0.69	0.245	0.25
0.69	0.25	0.5
0.69	0.255	0.5
0.69	0.26	0.5
0.69	0.265	0.5
0.69	0.27	0.5
0.69	0.275	0.5
0.69	0.28	0.5
0.69	0.285	0.5
0.69	0.29	0.5
0.69	0.295	0.5
0.69	0.3	0.5
0.69	0.305	0.5
0.69	0.31	0.5
0.69	0.315	0.5
0.69	0.32	0.5
0.69	0.325	0.5
0.69	0.33	0.5
0.69	0.335	0.5
0.69	0.34	0.5
0.69	0.345	0.5
0.69	0.35	0.5
0.69	0.355	0.5
0.69	0.36	0.5
0.69	0.365	0.5
0.69	0.37	0.5
0.69	0.375	0.5
0.69	0.38	0.5
0.69	0.385	0.5
0.69	0.39	0.5
0.69	0.395	0.5
0.69	0.4	0.5
0.69	0.405	0.5
0.69	0.41	0.5
0.69	0.415	0.5
0.69	0.42	0.5
0.69	0.425	0.5
0.69	0.43	0.5
0.69	0.435	0.5
0.69	0.44	0.5
0.69	0.445	0.5
0.69	0.45	0.5
0.69	0.455	0.5
0.69	0.46	0.5
0.69	0.465	0.5
0.69	0.47	0.5
0.69	0.475	0.5
0.69	0.48	0.5
0.69	0.485	0.5
0.69	0.49	0.5
0.69	0.495	0.5
0.69	0.5	0.5
0.69	0.505	0.5
0.69	0.51	0.5
0.69	0.515	0.5
0.69	0.52	0.5
0.69	0.525	0.5
0.69	0.53	0.5
0.69	0.535	0.5
0.69	0.54	0.5
0.69	0.545	0.5
0.69	0.55	0.5
0.69	0.555	0.5
0.69	0.56	0.5
0.69	0.565	0.5
0.69	0.57	0.5
0.69	0.575	0.5
0.69	0.58	0.5
0.69	0.585	0.5
0.69	0.59	0.5
0.69	0.595	0.5
0.69	0.6	0.5
0.69	0.605	0.5
0.69	0.61	0.5
0.69	0.615	0.5
0.69	0.62	0.5
0.69	0.625	0.5
0.69	0.63	0.5
0.69	0.635	0.5
0.69	0.64	0.5
0.69	0.645	0.5
0.69	0.65	0.5
0.69	0.655	0.5
0.69	0.66	0.5
0.69	0.665	0.5
0.69	0.67	0.5
0.69	0.675	0.5
0.69	0.68	0.5
0.69	0.685	0.5
0.69	0.69	0.5
0.69	0.695	0.5
0.69	0.7	0.5
0.69	0.705	0.5
0.69	0.71	0.5
0.69	0.715	0.5
0.69	0.72	0.5
0.69	0.725	0.5
0.69	0.73	0.5
0.69	0.735	0.5
0.69	0.74	0.5
0.69	0.745	0.5
0.69	0.75	0.5
0.69	0.755	0.5
0.69	0.76	0.5
0.69	0.765	0.5
0.69	0.77	0.5
0.69	0.775	0.5
0.69	0.78	0.5
0.69	0.785	0.5
0.69	0.79	0.5
0.69	0.795	0.5
0.69	0.8	0.5
0.69	0.805	0.5
0.69	0.81	0.5
0.69	0.815	0.5
0.69	0.82	0.5
0.69	0.825	0.5
0.69	0.83	0.5
0.69	0.835	0.5
0.69	0.84	0.5
0.69	0.845	0.5
0.69	0.85	0.5
0.69	0.855	0.5
0.69	0.86	0.5
0.69	0.865	0.5
0.69	0.87	0.5
0.69	0.875	0.5
0.69	0.88	0.5
0.69	0.885	0.5
0.69	0.89	0.5
0.69	0.895	0.5
0.69	0.9	0.5
0.69	0.905	0.5
0.69	0.91	0.5
0.69	0.915	0.5
0.69	0.92	0.5
0.69	0.925	0.5
0.69	0.93	0.5
0.69	0.935	0.5
0.69	0.94	0.5
0.69	0.945	0.5
0.69	0.95	0.5
0.69	0.955	0.5
0.69	0.96	0.5
0.69	0.965	0.5
0.69	0.97	0.5
0.69	0.975	0.5
0.69	0.98	0.5
0.69	0.985	0.5
0.69	0.99	0.5
0.69	0.995	0.5
0.69	1	0.5
0.7	0	0.25
0.7	0.005	0.25
0.7	0.01	0.25
0.7	0.015	0.25
0.7	0.02	0.25
0.7	0.025	0.25
0.7	0.03	0.25
0.7	0.035	0.25
0.7	0.04	0.25
0.7	0.045	0.25
0.7	0.05	0.25
0.7	0.055	0.25
0.7	0.06	0.25
0.7	0.065	0.25
0.7	0.07	0.25
0.7	0.075	0.25
0.7	0.08	0.25
0.7	0.085	0.25
0.7	0.09	0.25
0.7	0.095	0.25
0.7	0.1	0.25
0.7	0.105	0.25
0.7	0.11	0.25
0.7	0.115	0.25
0.7	0.12	0.25
0.7	0.125	0.25
0.7	0.13	0.25
0.7	0.135	0.25
0.7	0.14	0.25
0.7	0.145	0.25
0.7	0.15	0.25
0.7	0.155	0.25
0.7	0.16	0.25
0.7	0.165	0.25
0.7	0.17	0.25
0.7	0.175	0.25
0.7	0.18	0.25
0.7	0.185	0.25
0.7	0.19	0.25
0.7	0.195	0.25
0.7	0.2	0.25
0.7	0.205	0.25
0.7	0.21	0.25
0.7	0.215	0.25
0.7	0.22	0.25
0.7	0.225	0.25
0.7	0.23	0.25
0.7	0.235	0.25
0.7	0.24	0.25
0.7	0.245	0.25
0.7	0.25	0.5
0.7	0.255	0.5
0.7	0.26	0.5
0.7	0.265	0.5
0.7	0.27	0.5
0.7	0.275	0.5
0.7	0.28	0.5
0.7	0.285	0.5
0.7	0.29	0.5
0.7	0.295	0.5
0.7	0.3	0.5
0.7	0.305	0.5
0.7	0.31	0.5
0.7	0.315	0.5
0.7	0.32	0.5
0.7	0.325	0.5
0.7	0.33	0.5
0.7	0.335	0.5
0.7	0.34	0.5
0.7	0.345	0.5
0.7	0.35	0.5
0.7	0.355	0.5
0.7	0.36	0.5
0.7	0.365	0.5
0.7	0.37	0.5
0.7	0.375	0.5
0.7	0.38	0.5
0.7	0.385	0.5
0.7	0.39	0.5
0.7	0.395	0.5
0.7	0.4	0.5
0.7	0.405	0.5
0.7	0.41	0.5
0.7	0.415	0.5
0.7	0.42	0.5
0.7	0.425	0.5
0.7	0.43	0.5
0.7	0.435	0.5
0.7	0.44	0.5
0.7	0.445	0.5
0.7	0.45	0.5
0.7	0.455	0.5
0.7	0.46	0.5
0.7	0.465	0.5
0.7	0.47	0.5
0.7	0.475	0.5
0.7	0.48	0.5
0.7	0.485	0.5
0.7	0.49	0.5
0.7	0.495	0.5
0.7	0.5	0.5
0.7	0.505	0.5
0.7	0.51	0.5
0.7	0.515	0.5
0.7	0.52	0.5
0.7	0.525	0.5
0.7	0.53	0.5
0.7	0.535	0.5
0.7	0.54	0.5
0.7	0.545	0.5
0.7	0.55	0.5
0.7	0.555	0.5
0.7	0.56	0.5
0.7	0.565	0.5
0.7	0.57	0.5
0.7	0.575	0.5
0.7	0.58	0.5
0.7	0.585	0.5
0.7	0.59	0.5
0.7	0.595	0.5
0.7	0.6	0.5
0.7	0.605	0.5
0.7	0.61	0.5
0.7	0.615	0.5
0.7	0.62	0.5
0.7	0.625	0.5
0.7	0.63	0.5
0.7	0.635	0.5
0.7	0.64	0.5
0.7	0.645	0.5
0.7	0.65	0.5
0.7	0.655	0.5
0.7	0.66	0.5
0.7	0.665	0.5
0.7	0.67	0.5
0.7	0.675	0.5
0.7	0.68	0.5
0.7	0.685	0.5
0.7	0.69	0.5
0.7	0.695	0.5
0.7	0.7	0.5
0.7	0.705	0.5
0.7	0.71	0.5
0.7	0.715	0.5
0.7	0.72	0.5
0.7	0.725	0.5
0.7	0.73	0.5
0.7	0.735	0.5
0.7	0.74	0.5
0.7	0.745	0.5
0.7	0.75	0.5
0.7	0.755	0.5
0.7	0.76	0.5
0.7	0.765	0.5
0.7	0.77	0.5
0.7	0.775	0.5
0.7	0.78	0.5
0.7	0.785	0.5
0.7	0.79	0.5
0.7	0.795	0.5
0.7	0.8	0.5
0.7	0.805	0.5
0.7	0.81	0.5
0.7	0.815	0.5
0.7	0.82	0.5
0.7	0.825	0.5
0.7	0.83	0.5
0.7	0.835	0.5
0.7	0.84	0.5
0.7	0.845	0.5
0.7	0.85	0.5
0.7	0.855	0.5
0.7	0.86	0.5
0.7	0.865	0.5
0.7	0.87	0.5
0.7	0.875	0.5
0.7	0.88	0.5
0.7	0.885	0.5
0.7	0.89	0.5
0.7	0.895	0.5
0.7	0.9	0.5
0.7	0.905	0.5
0.7	0.91	0.5
0.7	0.915	0.5
0.7	0.92	0.5
0.7	0.925	0.5
0.7	0.93	0.5
0.7	0.935	0.5
0.7	0.94	0.5
0.7	0.945	0.5
0.7	0.95	0.5
0.7	0.955	0.5
0.7	0.96	0.5
0.7	0.965	0.5
0.7	0.97	0.5
0.7	0.975	0.5
0.7	0.98	0.5
0.7	0.985	0.5
0.7	0.99	0.5
0.7	0.995	0.5
0.7	1	0.5
0.71	0	0.25
0.71	0.005	0.25
0.71	0.01	0.25
0.71	0.015	0.25
0.71	0.02	0.25
0.71	0.025	0.25
0.71	0.03	0.25
0.71	0.035	0.25
0.71	0.04	0.25
0.71	0.045	0.25
0.71	0.05	0.25
0.71	0.055	0.25
0.71	0.06	0.25
0.71	0.065	0.25
0.71	0.07	0.25
0.71	0.075	0.25
0.71	0.08	0.25
0.71	0.085	0.25
0.71	0.09	0.25
0.71	0.095	0.25
0.71	0.1	0.25
0.71	0.105	0.25
0.71	0.11	0.25
0.71	0.115	0.25
0.71	0.12	0.25
0.71	0.125	0.25
0.71	0.13	0.25
0.71	0.135	0.25
0.71	0.14	0.25
0.71	0.145	0.25
0.71	0.15	0.25
0.71	0.155	0.25
0.71	0.16	0.25
0.71	0.165	0.25
0.71	0.17	0.25
0.71	0.175	0.25
0.71	0.18	0.25
0.71	0.185	0.25
0.71	0.19	0.25
0.71	0.195	0.25
0.71	0.2	0.25
0.71	0.205	0.25
0.71	0.21	0.25
0.71	0.215	0.25
0.71	0.22	0.25
0.71	0.225	0.25
0.71	0.23	0.25
0.71	0.235	0.25
0.71	0.24	0.25
0.71	0.245	0.25
0.71	0.25	0.5
0.71	0.255	0.5
0.71	0.26	0.5
0.71	0.265	0.5
0.71	0.27	0.5
0.71	0.275	0.5
0.71	0.28	0.5
0.71	0.285	0.5
0.71	0.29	0.5
0.71	0.295	0.5
0.71	0.3	0.5
0.71	0.305	0.5
0.71	0.31	0.5
0.71	0.315	0.5
0.71	0.32	0.5
0.71	0.325	0.5
0.71	0.33	0.5
0.71	0.335	0.5
0.71	0.34	0.5
0.71	0.345	0.5
0.71	0.35	0.5
0.71	0.355	0.5
0.71	0.36	0.5
0.71	0.365	0.5
0.71	0.37	0.5
0.71	0.375	0.5
0.71	0.38	0.5
0.71	0.385	0.5
0.71	0.39	0.5
0.71	0.395	0.5
0.71	0.4	0.5
0.71	0.405	0.5
0.71	0.41	0.5
0.71	0.415	0.5
0.71	0.42	0.5
0.71	0.425	0.5
0.71	0.43	0.5
0.71	0.435	0.5
0.71	0.44	0.5
0.71	0.445	0.5
0.71	0.45	0.5
0.71	0.455	0.5
0.71	0.46	0.5
0.71	0.465	0.5
0.71	0.47	0.5
0.71	0.475	0.5
0.71	0.48	0.5
0.71	0.485	0.5
0.71	0.49	0.5
0.71	0.495	0.5
0.71	0.5	0.5
0.71	0.505	0.5
0.71	0.51	0.5
0.71	0.515	0.5
0.71	0.52	0.5
0.71	0.525	0.5
0.71	0.53	0.5
0.71	0.535	0.5
0.71	0.54	0.5
0.71	0.545	0.5
0.71	0.55	0.5
0.71	0.555	0.5
0.71	0.56	0.5
0.71	0.565	0.5
0.71	0.57	0.5
0.71	0.575	0.5
0.71	0.58	0.5
0.71	0.585	0.5
0.71	0.59	0.5
0.71	0.595	0.5
0.71	0.6	0.5
0.71	0.605	0.5
0.71	0.61	0.5
0.71	0.615	0.5
0.71	0.62	0.5
0.71	0.625	0.5
0.71	0.63	0.5
0.71	0.635	0.5
0.71	0.64	0.5
0.71	0.645	0.5
0.71	0.65	0.5
0.71	0.655	0.5
0.71	0.66	0.5
0.71	0.665	0.5
0.71	0.67	0.5
0.71	0.675	0.5
0.71	0.68	0.5
0.71	0.685	0.5
0.71	0.69	0.5
0.71	0.695	0.5
0.71	0.7	0.5
0.71	0.705	0.5
0.71	0.71	0.5
0.71	0.715	0.5
0.71	0.72	0.5
0.71	0.725	0.5
0.71	0.73	0.5
0.71	0.735	0.5
0.71	0.74	0.5
0.71	0.745	0.5
0.71	0.75	0.5
0.71	0.755	0.5
0.71	0.76	0.5
0.71	0.765	0.5
0.71	0.77	0.5
0.71	0.775	0.5
0.71	0.78	0.5
0.71	0.785	0.5
0.71	0.79	0.5
0.71	0.795	0.5
0.71	0.8	0.5
0.71	0.805	0.5
0.71	0.81	0.5
0.71	0.815	0.5
0.71	0.82	0.5
0.71	0.825	0.5
0.71	0.83	0.5
0.71	0.835	0.5
0.71	0.84	0.5
0.71	0.845	0.5
0.71	0.85	0.5
0.71	0.855	0.5
0.71	0.86	0.5
0.71	0.865	0.5
0.71	0.87	0.5
0.71	0.875	0.5
0.71	0.88	0.5
0.71	0.885	0.5
0.71	0.89	0.5
0.71	0.895	0.5
0.71	0.9	0.5
0.71	0.905	0.5
0.71	0.91	0.5
0.71	0.915	0.5
0.71	0.92	0.5
0.71	0.925	0.5
0.71	0.93	0.5
0.71	0.935	0.5
0.71	0.94	0.5
0.71	0.945	0.5
0.71	0.95	0.5
0.71	0.955	0.5
0.71	0.96	0.5
0.71	0.965	0.5
0.71	0.97	0.5
0.71	0.975	0.5
0.71	0.98	0.5
0.71	0.985	0.5
0.71	0.99	0.5
0.71	0.995	0.5
0.71	1	0.5
0.72	0	0.25
0.72	0.005	0.25
0.72	0.01	0.25
0.72	0.015	0.25
0.72	0.02	0.25
0.72	0.025	0.25
0.72	0.03	0.25
0.72	0.035	0.25
0.72	0.04	0.25
0.72	0.045	0.25
0.72	0.05	0.25
0.72	0.055	0.25
0.72	0.06	0.25
0.72	0.065	0.25
0.72	0.07	0.25
0.72	0.075	0.25
0.72	0.08	0.25
0.72	0.085	0.25
0.72	0.09	0.25
0.72	0.095	0.25
0.72	0.1	0.25
0.72	0.105	0.25
0.72	0.11	0.25
0.72	0.115	0.25
0.72	0.12	0.25
0.72	0.125	0.25
0.72	0.13	0.25
0.72	0.135	0.25
0.72	0.14	0.25
0.72	0.145	0.25
0.72	0.15	0.25
0.72	0.155	0.25
0.72	0.16	0.25
0.72	0.165	0.25
0.72	0.17	0.25
0.72	0.175	0.25
0.72	0.18	0.25
0.72	0.185	0.25
0.72	0.19	0.25
0.72	0.195	0.25
0.72	0.2	0.25
0.72	0.205	0.25
0.72	0.21	0.25
0.72	0.215	0.25
0.72	0.22	0.25
0.72	0.225	0.25
0.72	0.23	0.25
0.72	0.235	0.25
0.72	0.24	0.25
0.72	0.245	0.25
0.72	0.25	0.5
0.72	0.255	0.5
0.72	0.26	0.5
0.72	0.265	0.5
0.72	0.27	0.5
0.72	0.275	0.5
0.72	0.28	0.5
0.72	0.285	0.5
0.72	0.29	0.5
0.72	0.295	0.5
0.72	0.3	0.5
0.72	0.305	0.5
0.72	0.31	0.5
0.72	0.315	0.5
0.72	0.32	0.5
0.72	0.325	0.5
0.72	0.33	0.5
0.72	0.335	0.5
0.72	0.34	0.5
0.72	0.345	0.5
0.72	0.35	0.5
0.72	0.355	0.5
0.72	0.36	0.5
0.72	0.365	0.5
0.72	0.37	0.5
0.72	0.375	0.5
0.72	0.38	0.5
0.72	0.385	0.5
0.72	0.39	0.5
0.72	0.395	0.5
0.72	0.4	0.5
0.72	0.405	0.5
0.72	0.41	0.5
0.72	0.415	0.5
0.72	0.42	0.5
0.72	0.425	0.5
0.72	0.43	0.5
0.72	0.435	0.5
0.72	0.44	0.5
0.72	0.445	0.5
0.72	0.45	0.5
0.72	0.455	0.5
0.72	0.46	0.5
0.72	0.465	0.5
0.72	0.47	0.5
0.72	0.475	0.5
0.72	0.48	0.5
0.72	0.485	0.5
0.72	0.49	0.5
0.72	0.495	0.5
0.72	0.5	0.5
0.72	0.505	0.5
0.72	0.51	0.5
0.72	0.515	0.5
0.72	0.52	0.5
0.72	0.525	0.5
0.72	0.53	0.5
0.72	0.535	0.5
0.72	0.54	0.5
0.72	0.545	0.5
0.72	0.55	0.5
0.72	0.555	0.5
0.72	0.56	0.5
0.72	0.565	0.5
0.72	0.57	0.5
0.72	0.575	0.5
0.72	0.58	0.5
0.72	0.585	0.5
0.72	0.59	0.5
0.72	0.595	0.5
0.72	0.6	0.5
0.72	0.605	0.5
0.72	0.61	0.5
0.72	0.615	0.5
0.72	0.62	0.5
0.72	0.625	0.5
0.72	0.63	0.5
0.72	0.635	0.5
0.72	0.64	0.5
0.72	0.645	0.5
0.72	0.65	0.5
0.72	0.655	0.5
0.72	0.66	0.5
0.72	0.665	0.5
0.72	0.67	0.5
0.72	0.675	0.5
0.72	0.68	0.5
0.72	0.685	0.5
0.72	0.69	0.5
0.72	0.695	0.5
0.72	0.7	0.5
0.72	0.705	0.5
0.72	0.71	0.5
0.72	0.715	0.5
0.72	0.72	0.5
0.72	0.725	0.5
0.72	0.73	0.5
0.72	0.735	0.5
0.72	0.74	0.5
0.72	0.745	0.5
0.72	0.75	0.5
0.72	0.755	0.5
0.72	0.76	0.5
0.72	0.765	0.5
0.72	0.77	0.5
0.72	0.775	0.5
0.72	0.78	0.5
0.72	0.785	0.5
0.72	0.79	0.5
0.72	0.795	0.5
0.72	0.8	0.5
0.72	0.805	0.5
0.72	0.81	0.5
0.72	0.815	0.5
0.72	0.82	0.5
0.72	0.825	0.5
0.72	0.83	0.5
0.72	0.835	0.5
0.72	0.84	0.5
0.72	0.845	0.5
0.72	0.85	0.5
0.72	0.855	0.5
0.72	0.86	0.5
0.72	0.865	0.5
0.72	0.87	0.5
0.72	0.875	0.5
0.72	0.88	0.5
0.72	0.885	0.5
0.72	0.89	0.5
0.72	0.895	0.5
0.72	0.9	0.5
0.72	0.905	0.5
0.72	0.91	0.5
0.72	0.915	0.5
0.72	0.92	0.5
0.72	0.925	0.5
0.72	0.93	0.5
0.72	0.935	0.5
0.72	0.94	0.5
0.72	0.945	0.5
0.72	0.95	0.5
0.72	0.955	0.5
0.72	0.96	0.5
0.72	0.965	0.5
0.72	0.97	0.5
0.72	0.975	0.5
0.72	0.98	0.5
0.72	0.985	0.5
0.72	0.99	0.5
0.72	0.995	0.5
0.72	1	0.5
0.73	0	0.25
0.73	0.005	0.25
0.73	0.01	0.25
0.73	0.015	0.25
0.73	0.02	0.25
0.73	0.025	0.25
0.73	0.03	0.25
0.73	0.035	0.25
0.73	0.04	0.25
0.73	0.045	0.25
0.73	0.05	0.25
0.73	0.055	0.25
0.73	0.06	0.25
0.73	0.065	0.25
0.73	0.07	0.25
0.73	0.075	0.25
0.73	0.08	0.25
0.73	0.085	0.25
0.73	0.09	0.25
0.73	0.095	0.25
0.73	0.1	0.25
0.73	0.105	0.25
0.73	0.11	0.25
0.73	0.115	0.25
0.73	0.12	0.25
0.73	0.125	0.25
0.73	0.13	0.25
0.73	0.135	0.25
0.73	0.14	0.25
0.73	0.145	0.25
0.73	0.15	0.25
0.73	0.155	0.25
0.73	0.16	0.25
0.73	0.165	0.25
0.73	0.17	0.25
0.73	0.175	0.25
0.73	0.18	0.25
0.73	0.185	0.25
0.73	0.19	0.25
0.73	0.195	0.25
0.73	0.2	0.25
0.73	0.205	0.25
0.73	0.21	0.25
0.73	0.215	0.25
0.73	0.22	0.25
0.73	0.225	0.25
0.73	0.23	0.25
0.73	0.235	0.25
0.73	0.24	0.25
0.73	0.245	0.25
0.73	0.25	0.5
0.73	0.255	0.5
0.73	0.26	0.5
0.73	0.265	0.5
0.73	0.27	0.5
0.73	0.275	0.5
0.73	0.28	0.5
0.73	0.285	0.5
0.73	0.29	0.5
0.73	0.295	0.5
0.73	0.3	0.5
0.73	0.305	0.5
0.73	0.31	0.5
0.73	0.315	0.5
0.73	0.32	0.5
0.73	0.325	0.5
0.73	0.33	0.5
0.73	0.335	0.5
0.73	0.34	0.5
0.73	0.345	0.5
0.73	0.35	0.5
0.73	0.355	0.5
0.73	0.36	0.5
0.73	0.365	0.5
0.73	0.37	0.5
0.73	0.375	0.5
0.73	0.38	0.5
0.73	0.385	0.5
0.73	0.39	0.5
0.73	0.395	0.5
0.73	0.4	0.5
0.73	0.405	0.5
0.73	0.41	0.5
0.73	0.415	0.5
0.73	0.42	0.5
0.73	0.425	0.5
0.73	0.43	0.5
0.73	0.435	0.5
0.73	0.44	0.5
0.73	0.445	0.5
0.73	0.45	0.5
0.73	0.455	0.5
0.73	0.46	0.5
0.73	0.465	0.5
0.73	0.47	0.5
0.73	0.475	0.5
0.73	0.48	0.5
0.73	0.485	0.5
0.73	0.49	0.5
0.73	0.495	0.5
0.73	0.5	0.5
0.73	0.505	0.5
0.73	0.51	0.5
0.73	0.515	0.5
0.73	0.52	0.5
0.73	0.525	0.5
0.73	0.53	0.5
0.73	0.535	0.5
0.73	0.54	0.5
0.73	0.545	0.5
0.73	0.55	0.5
0.73	0.555	0.5
0.73	0.56	0.5
0.73	0.565	0.5
0.73	0.57	0.5
0.73	0.575	0.5
0.73	0.58	0.5
0.73	0.585	0.5
0.73	0.59	0.5
0.73	0.595	0.5
0.73	0.6	0.5
0.73	0.605	0.5
0.73	0.61	0.5
0.73	0.615	0.5
0.73	0.62	0.5
0.73	0.625	0.5
0.73	0.63	0.5
0.73	0.635	0.5
0.73	0.64	0.5
0.73	0.645	0.5
0.73	0.65	0.5
0.73	0.655	0.5
0.73	0.66	0.5
0.73	0.665	0.5
0.73	0.67	0.5
0.73	0.675	0.5
0.73	0.68	0.5
0.73	0.685	0.5
0.73	0.69	0.5
0.73	0.695	0.5
0.73	0.7	0.5
0.73	0.705	0.5
0.73	0.71	0.5
0.73	0.715	0.5
0.73	0.72	0.5
0.73	0.725	0.5
0.73	0.73	0.5
0.73	0.735	0.5
0.73	0.74	0.5
0.73	0.745	0.5
0.73	0.75	0.5
0.73	0.755	0.5
0.73	0.76	0.5
0.73	0.765	0.5
0.73	0.77	0.5
0.73	0.775	0.5
0.73	0.78	0.5
0.73	0.785	0.5
0.73	0.79	0.5
0.73	0.795	0.5
0.73	0.8	0.5
0.73	0.805	0.5
0.73	0.81	0.5
0.73	0.815	0.5
0.73	0.82	0.5
0.73	0.825	0.5
0.73	0.83	0.5
0.73	0.835	0.5
0.73	0.84	0.5
0.73	0.845	0.5
0.73	0.85	0.5
0.73	0.855	0.5
0.73	0.86	0.5
0.73	0.865	0.5
0.73	0.87	0.5
0.73	0.875	0.5
0.73	0.88	0.5
0.73	0.885	0.5
0.73	0.89	0.5
0.73	0.895	0.5
0.73	0.9	0.5
0.73	0.905	0.5
0.73	0.91	0.5
0.73	0.915	0.5
0.73	0.92	0.5
0.73	0.925	0.5
0.73	0.93	0.5
0.73	0.935	0.5
0.73	0.94	0.5
0.73	0.945	0.5
0.73	0.95	0.5
0.73	0.955	0.5
0.73	0.96	0.5
0.73	0.965	0.5
0.73	0.97	0.5
0.73	0.975	0.5
0.73	0.98	0.5
0.73	0.985	0.5
0.73	0.99	0.5
0.73	0.995	0.5
0.73	1	0.5
0.74	0	0.25
0.74	0.005	0.25
0.74	0.01	0.25
0.74	0.015	0.25
0.74	0.02	0.25
0.74	0.025	0.25
0.74	0.03	0.25
0.74	0.035	0.25
0.74	0.04	0.25
0.74	0.045	0.25
0.74	0.05	0.25
0.74	0.055	0.25
0.74	0.06	0.25
0.74	0.065	0.25
0.74	0.07	0.25
0.74	0.075	0.25
0.74	0.08	0.25
0.74	0.085	0.25
0.74	0.09	0.25
0.74	0.095	0.25
0.74	0.1	0.25
0.74	0.105	0.25
0.74	0.11	0.25
0.74	0.115	0.25
0.74	0.12	0.25
0.74	0.125	0.25
0.74	0.13	0.25
0.74	0.135	0.25
0.74	0.14	0.25
0.74	0.145	0.25
0.74	0.15	0.25
0.74	0.155	0.25
0.74	0.16	0.25
0.74	0.165	0.25
0.74	0.17	0.25
0.74	0.175	0.25
0.74	0.18	0.25
0.74	0.185	0.25
0.74	0.19	0.25
0.74	0.195	0.25
0.74	0.2	0.25
0.74	0.205	0.25
0.74	0.21	0.25
0.74	0.215	0.25
0.74	0.22	0.25
0.74	0.225	0.25
0.74	0.23	0.25
0.74	0.235	0.25
0.74	0.24	0.25
0.74	0.245	0.25
0.74	0.25	0.5
0.74	0.255	0.5
0.74	0.26	0.5
0.74	0.265	0.5
0.74	0.27	0.5
0.74	0.275	0.5
0.74	0.28	0.5
0.74	0.285	0.5
0.74	0.29	0.5
0.74	0.295	0.5
0.74	0.3	0.5
0.74	0.305	0.5
0.74	0.31	0.5
0.74	0.315	0.5
0.74	0.32	0.5
0.74	0.325	0.5
0.74	0.33	0.5
0.74	0.335	0.5
0.74	0.34	0.5
0.74	0.345	0.5
0.74	0.35	0.5
0.74	0.355	0.5
0.74	0.36	0.5
0.74	0.365	0.5
0.74	0.37	0.5
0.74	0.375	0.5
0.74	0.38	0.5
0.74	0.385	0.5
0.74	0.39	0.5
0.74	0.395	0.5
0.74	0.4	0.5
0.74	0.405	0.5
0.74	0.41	0.5
0.74	0.415	0.5
0.74	0.42	0.5
0.74	0.425	0.5
0.74	0.43	0.5
0.74	0.435	0.5
0.74	0.44	0.5
0.74	0.445	0.5
0.74	0.45	0.5
0.74	0.455	0.5
0.74	0.46	0.5
0.74	0.465	0.5
0.74	0.47	0.5
0.74	0.475	0.5
0.74	0.48	0.5
0.74	0.485	0.5
0.74	0.49	0.5
0.74	0.495	0.5
0.74	0.5	0.5
0.74	0.505	0.5
0.74	0.51	0.5
0.74	0.515	0.5
0.74	0.52	0.5
0.74	0.525	0.5
0.74	0.53	0.5
0.74	0.535	0.5
0.74	0.54	0.5
0.74	0.545	0.5
0.74	0.55	0.5
0.74	0.555	0.5
0.74	0.56	0.5
0.74	0.565	0.5
0.74	0.57	0.5
0.74	0.575	0.5
0.74	0.58	0.5
0.74	0.585	0.5
0.74	0.59	0.5
0.74	0.595	0.5
0.74	0.6	0.5
0.74	0.605	0.5
0.74	0.61	0.5
0.74	0.615	0.5
0.74	0.62	0.5
0.74	0.625	0.5
0.74	0.63	0.5
0.74	0.635	0.5
0.74	0.64	0.5
0.74	0.645	0.5
0.74	0.65	0.5
0.74	0.655	0.5
0.74	0.66	0.5
0.74	0.665	0.5
0.74	0.67	0.5
0.74	0.675	0.5
0.74	0.68	0.5
0.74	0.685	0.5
0.74	0.69	0.5
0.74	0.695	0.5
0.74	0.7	0.5
0.74	0.705	0.5
0.74	0.71	0.5
0.74	0.715	0.5
0.74	0.72	0.5
0.74	0.725	0.5
0.74	0.73	0.5
0.74	0.735	0.5
0.74	0.74	0.5
0.74	0.745	0.5
0.74	0.75	0.5
0.74	0.755	0.5
0.74	0.76	0.5
0.74	0.765	0.5
0.74	0.77	0.5
0.74	0.775	0.5
0.74	0.78	0.5
0.74	0.785	0.5
0.74	0.79	0.5
0.74	0.795	0.5
0.74	0.8	0.5
0.74	0.805	0.5
0.74	0.81	0.5
0.74	0.815	0.5
0.74	0.82	0.5
0.74	0.825	0.5
0.74	0.83	0.5
0.74	0.835	0.5
0.74	0.84	0.5
0.74	0.845	0.5
0.74	0.85	0.5
0.74	0.855	0.5
0.74	0.86	0.5
0.74	0.865	0.5
0.74	0.87	0.5
0.74	0.875	0.5
0.74	0.88	0.5
0.74	0.885	0.5
0.74	0.89	0.5
0.74	0.895	0.5
0.74	0.9	0.5
0.74	0.905	0.5
0.74	0.91	0.5
0.74	0.915	0.5
0.74	0.92	0.5
0.74	0.925	0.5
0.74	0.93	0.5
0.74	0.935	0.5
0.74	0.94	0.5
0.74	0.945	0.5
0.74	0.95	0.5
0.74	0.955	0.5
0.74	0.96	0.5
0.74	0.965	0.5
0.74	0.97	0.5
0.74	0.975	0.5
0.74	0.98	0.5
0.74	0.985	0.5
0.74	0.99	0.5
0.74	0.995	0.5
0.74	1	0.5
0.75	0	0.25
0.75	0.005	0.25
0.75	0.01	0.25
0.75	0.015	0.25
0.75	0.02	0.25
0.75	0.025	0.25
0.75	0.03	0.25
0.75	0.035	0.25
0.75	0.04	0.25
0.75	0.045	0.25
0.75	0.05	0.25
0.75	0.055	0.25
0.75	0.06	0.25
0.75	0.065	0.25
0.75	0.07	0.25
0.75	0.075	0.25
0.75	0.08	0.25
0.75	0.085	0.25
0.75	0.09	0.25
0.75	0.095	0.25
0.75	0.1	0.25
0.75	0.105	0.25
0.75	0.11	0.25
0.75	0.115	0.25
0.75	0.12	0.25
0.75	0.125	0.25
0.75	0.13	0.25
0.75	0.135	0.25
0.75	0.14	0.25
0.75	0.145	0.25
0.75	0.15	0.25
0.75	0.155	0.25
0.75	0.16	0.25
0.75	0.165	0.25
0.75	0.17	0.25
0.75	0.175	0.25
0.75	0.18	0.25
0.75	0.185	0.25
0.75	0.19	0.25
0.75	0.195	0.25
0.75	0.2	0.25
0.75	0.205	0.25
0.75	0.21	0.25
0.75	0.215	0.25
0.75	0.22	0.25
0.75	0.225	0.25
0.75	0.23	0.25
0.75	0.235	0.25
0.75	0.24	0.25
0.75	0.245	0.25
0.75	0.25	0.5
0.75	0.255	0.5
0.75	0.26	0.5
0.75	0.265	0.5
0.75	0.27	0.5
0.75	0.275	0.5
0.75	0.28	0.5
0.75	0.285	0.5
0.75	0.29	0.5
0.75	0.295	0.5
0.75	0.3	0.5
0.75	0.305	0.5
0.75	0.31	0.5
0.75	0.315	0.5
0.75	0.32	0.5
0.75	0.325	0.5
0.75	0.33	0.5
0.75	0.335	0.5
0.75	0.34	0.5
0.75	0.345	0.5
0.75	0.35	0.5
0.75	0.355	0.5
0.75	0.36	0.5
0.75	0.365	0.5
0.75	0.37	0.5
0.75	0.375	0.5
0.75	0.38	0.5
0.75	0.385	0.5
0.75	0.39	0.5
0.75	0.395	0.5
0.75	0.4	0.5
0.75	0.405	0.5
0.75	0.41	0.5
0.75	0.415	0.5
0.75	0.42	0.5
0.75	0.425	0.5
0.75	0.43	0.5
0.75	0.435	0.5
0.75	0.44	0.5
0.75	0.445	0.5
0.75	0.45	0.5
0.75	0.455	0.5
0.75	0.46	0.5
0.75	0.465	0.5
0.75	0.47	0.5
0.75	0.475	0.5
0.75	0.48	0.5
0.75	0.485	0.5
0.75	0.49	0.5
0.75	0.495	0.5
0.75	0.5	0.5
0.75	0.505	0.5
0.75	0.51	0.5
0.75	0.515	0.5
0.75	0.52	0.5
0.75	0.525	0.5
0.75	0.53	0.5
0.75	0.535	0.5
0.75	0.54	0.5
0.75	0.545	0.5
0.75	0.55	0.5
0.75	0.555	0.5
0.75	0.56	0.5
0.75	0.565	0.5
0.75	0.57	0.5
0.75	0.575	0.5
0.75	0.58	0.5
0.75	0.585	0.5
0.75	0.59	0.5
0.75	0.595	0.5
0.75	0.6	0.5
0.75	0.605	0.5
0.75	0.61	0.5
0.75	0.615	0.5
0.75	0.62	0.5
0.75	0.625	0.5
0.75	0.63	0.5
0.75	0.635	0.5
0.75	0.64	0.5
0.75	0.645	0.5
0.75	0.65	0.5
0.75	0.655	0.5
0.75	0.66	0.5
0.75	0.665	0.5
0.75	0.67	0.5
0.75	0.675	0.5
0.75	0.68	0.5
0.75	0.685	0.5
0.75	0.69	0.5
0.75	0.695	0.5
0.75	0.7	0.5
0.75	0.705	0.5
0.75	0.71	0.5
0.75	0.715	0.5
0.75	0.72	0.5
0.75	0.725	0.5
0.75	0.73	0.5
0.75	0.735	0.5
0.75	0.74	0.5
0.75	0.745	0.5
0.75	0.75	0.5
0.75	0.755	0.5
0.75	0.76	0.5
0.75	0.765	0.5
0.75	0.77	0.5
0.75	0.775	0.5
0.75	0.78	0.5
0.75	0.785	0.5
0.75	0.79	0.5
0.75	0.795	0.5
0.75	0.8	0.5
0.75	0.805	0.5
0.75	0.81	0.5
0.75	0.815	0.5
0.75	0.82	0.5
0.75	0.825	0.5
0.75	0.83	0.5
0.75	0.835	0.5
0.75	0.84	0.5
0.75	0.845	0.5
0.75	0.85	0.5
0.75	0.855	0.5
0.75	0.86	0.5
0.75	0.865	0.5
0.75	0.87	0.5
0.75	0.875	0.5
0.75	0.88	0.5
0.75	0.885	0.5
0.75	0.89	0.5
0.75	0.895	0.5
0.75	0.9	0.5
0.75	0.905	0.5
0.75	0.91	0.5
0.75	0.915	0.5
0.75	0.92	0.5
0.75	0.925	0.5
0.75	0.93	0.5
0.75	0.935	0.5
0.75	0.94	0.5
0.75	0.945	0.5
0.75	0.95	0.5
0.75	0.955	0.5
0.75	0.96	0.5
0.75	0.965	0.5
0.75	0.97	0.5
0.75	0.975	0.5
0.75	0.98	0.5
0.75	0.985	0.5
0.75	0.99	0.5
0.75	0.995	0.5
0.75	1	0.5
0.76	0	0.25
0.76	0.005	0.25
0.76	0.01	0.25
0.76	0.015	0.25
0.76	0.02	0.25
0.76	0.025	0.25
0.76	0.03	0.25
0.76	0.035	0.25
0.76	0.04	0.25
0.76	0.045	0.25
0.76	0.05	0.25
0.76	0.055	0.25
0.76	0.06	0.25
0.76	0.065	0.25
0.76	0.07	0.25
0.76	0.075	0.25
0.76	0.08	0.25
0.76	0.085	0.25
0.76	0.09	0.25
0.76	0.095	0.25
0.76	0.1	0.25
0.76	0.105	0.25
0.76	0.11	0.25
0.76	0.115	0.25
0.76	0.12	0.25
0.76	0.125	0.25
0.76	0.13	0.25
0.76	0.135	0.25
0.76	0.14	0.25
0.76	0.145	0.25
0.76	0.15	0.25
0.76	0.155	0.25
0.76	0.16	0.25
0.76	0.165	0.25
0.76	0.17	0.25
0.76	0.175	0.25
0.76	0.18	0.25
0.76	0.185	0.25
0.76	0.19	0.25
0.76	0.195	0.25
0.76	0.2	0.25
0.76	0.205	0.25
0.76	0.21	0.25
0.76	0.215	0.25
0.76	0.22	0.25
0.76	0.225	0.25
0.76	0.23	0.25
0.76	0.235	0.25
0.76	0.24	0.25
0.76	0.245	0.25
0.76	0.25	0.5
0.76	0.255	0.5
0.76	0.26	0.5
0.76	0.265	0.5
0.76	0.27	0.5
0.76	0.275	0.5
0.76	0.28	0.5
0.76	0.285	0.5
0.76	0.29	0.5
0.76	0.295	0.5
0.76	0.3	0.5
0.76	0.305	0.5
0.76	0.31	0.5
0.76	0.315	0.5
0.76	0.32	0.5
0.76	0.325	0.5
0.76	0.33	0.5
0.76	0.335	0.5
0.76	0.34	0.5
0.76	0.345	0.5
0.76	0.35	0.5
0.76	0.355	0.5
0.76	0.36	0.5
0.76	0.365	0.5
0.76	0.37	0.5
0.76	0.375	0.5
0.76	0.38	0.5
0.76	0.385	0.5
0.76	0.39	0.5
0.76	0.395	0.5
0.76	0.4	0.5
0.76	0.405	0.5
0.76	0.41	0.5
0.76	0.415	0.5
0.76	0.42	0.5
0.76	0.425	0.5
0.76	0.43	0.5
0.76	0.435	0.5
0.76	0.44	0.5
0.76	0.445	0.5
0.76	0.45	0.5
0.76	0.455	0.5
0.76	0.46	0.5
0.76	0.465	0.5
0.76	0.47	0.5
0.76	0.475	0.5
0.76	0.48	0.5
0.76	0.485	0.5
0.76	0.49	0.5
0.76	0.495	0.5
0.76	0.5	0.5
0.76	0.505	0.5
0.76	0.51	0.5
0.76	0.515	0.5
0.76	0.52	0.5
0.76	0.525	0.5
0.76	0.53	0.5
0.76	0.535	0.5
0.76	0.54	0.5
0.76	0.545	0.5
0.76	0.55	0.5
0.76	0.555	0.5
0.76	0.56	0.5
0.76	0.565	0.5
0.76	0.57	0.5
0.76	0.575	0.5
0.76	0.58	0.5
0.76	0.585	0.5
0.76	0.59	0.5
0.76	0.595	0.5
0.76	0.6	0.5
0.76	0.605	0.5
0.76	0.61	0.5
0.76	0.615	0.5
0.76	0.62	0.5
0.76	0.625	0.5
0.76	0.63	0.5
0.76	0.635	0.5
0.76	0.64	0.5
0.76	0.645	0.5
0.76	0.65	0.5
0.76	0.655	0.5
0.76	0.66	0.5
0.76	0.665	0.5
0.76	0.67	0.5
0.76	0.675	0.5
0.76	0.68	0.5
0.76	0.685	0.5
0.76	0.69	0.5
0.76	0.695	0.5
0.76	0.7	0.5
0.76	0.705	0.5
0.76	0.71	0.5
0.76	0.715	0.5
0.76	0.72	0.5
0.76	0.725	0.5
0.76	0.73	0.5
0.76	0.735	0.5
0.76	0.74	0.5
0.76	0.745	0.5
0.76	0.75	0.5
0.76	0.755	0.5
0.76	0.76	0.5
0.76	0.765	0.5
0.76	0.77	0.5
0.76	0.775	0.5
0.76	0.78	0.5
0.76	0.785	0.5
0.76	0.79	0.5
0.76	0.795	0.5
0.76	0.8	0.5
0.76	0.805	0.5
0.76	0.81	0.5
0.76	0.815	0.5
0.76	0.82	0.5
0.76	0.825	0.5
0.76	0.83	0.5
0.76	0.835	0.5
0.76	0.84	0.5
0.76	0.845	0.5
0.76	0.85	0.5
0.76	0.855	0.5
0.76	0.86	0.5
0.76	0.865	0.5
0.76	0.87	0.5
0.76	0.875	0.5
0.76	0.88	0.5
0.76	0.885	0.5
0.76	0.89	0.5
0.76	0.895	0.5
0.76	0.9	0.5
0.76	0.905	0.5
0.76	0.91	0.5
0.76	0.915	0.5
0.76	0.92	0.5
0.76	0.925	0.5
0.76	0.93	0.5
0.76	0.935	0.5
0.76	0.94	0.5
0.76	0.945	0.5
0.76	0.95	0.5
0.76	0.955	0.5
0.76	0.96	0.5
0.76	0.965	0.5
0.76	0.97	0.5
0.76	0.975	0.5
0.76	0.98	0.5
0.76	0.985	0.5
0.76	0.99	0.5
0.76	0.995	0.5
0.76	1	0.5
0.77	0	0.25
0.77	0.005	0.25
0.77	0.01	0.25
0.77	0.015	0.25
0.77	0.02	0.25
0.77	0.025	0.25
0.77	0.03	0.25
0.77	0.035	0.25
0.77	0.04	0.25
0.77	0.045	0.25
0.77	0.05	0.25
0.77	0.055	0.25
0.77	0.06	0.25
0.77	0.065	0.25
0.77	0.07	0.25
0.77	0.075	0.25
0.77	0.08	0.25
0.77	0.085	0.25
0.77	0.09	0.25
0.77	0.095	0.25
0.77	0.1	0.25
0.77	0.105	0.25
0.77	0.11	0.25
0.77	0.115	0.25
0.77	0.12	0.25
0.77	0.125	0.25
0.77	0.13	0.25
0.77	0.135	0.25
0.77	0.14	0.25
0.77	0.145	0.25
0.77	0.15	0.25
0.77	0.155	0.25
0.77	0.16	0.25
0.77	0.165	0.25
0.77	0.17	0.25
0.77	0.175	0.25
0.77	0.18	0.25
0.77	0.185	0.25
0.77	0.19	0.25
0.77	0.195	0.25
0.77	0.2	0.25
0.77	0.205	0.25
0.77	0.21	0.25
0.77	0.215	0.25
0.77	0.22	0.25
0.77	0.225	0.25
0.77	0.23	0.25
0.77	0.235	0.25
0.77	0.24	0.25
0.77	0.245	0.25
0.77	0.25	0.5
0.77	0.255	0.5
0.77	0.26	0.5
0.77	0.265	0.5
0.77	0.27	0.5
0.77	0.275	0.5
0.77	0.28	0.5
0.77	0.285	0.5
0.77	0.29	0.5
0.77	0.295	0.5
0.77	0.3	0.5
0.77	0.305	0.5
0.77	0.31	0.5
0.77	0.315	0.5
0.77	0.32	0.5
0.77	0.325	0.5
0.77	0.33	0.5
0.77	0.335	0.5
0.77	0.34	0.5
0.77	0.345	0.5
0.77	0.35	0.5
0.77	0.355	0.5
0.77	0.36	0.5
0.77	0.365	0.5
0.77	0.37	0.5
0.77	0.375	0.5
0.77	0.38	0.5
0.77	0.385	0.5
0.77	0.39	0.5
0.77	0.395	0.5
0.77	0.4	0.5
0.77	0.405	0.5
0.77	0.41	0.5
0.77	0.415	0.5
0.77	0.42	0.5
0.77	0.425	0.5
0.77	0.43	0.5
0.77	0.435	0.5
0.77	0.44	0.5
0.77	0.445	0.5
0.77	0.45	0.5
0.77	0.455	0.5
0.77	0.46	0.5
0.77	0.465	0.5
0.77	0.47	0.5
0.77	0.475	0.5
0.77	0.48	0.5
0.77	0.485	0.5
0.77	0.49	0.5
0.77	0.495	0.5
0.77	0.5	0.5
0.77	0.505	0.5
0.77	0.51	0.5
0.77	0.515	0.5
0.77	0.52	0.5
0.77	0.525	0.5
0.77	0.53	0.5
0.77	0.535	0.5
0.77	0.54	0.5
0.77	0.545	0.5
0.77	0.55	0.5
0.77	0.555	0.5
0.77	0.56	0.5
0.77	0.565	0.5
0.77	0.57	0.5
0.77	0.575	0.5
0.77	0.58	0.5
0.77	0.585	0.5
0.77	0.59	0.5
0.77	0.595	0.5
0.77	0.6	0.5
0.77	0.605	0.5
0.77	0.61	0.5
0.77	0.615	0.5
0.77	0.62	0.5
0.77	0.625	0.5
0.77	0.63	0.5
0.77	0.635	0.5
0.77	0.64	0.5
0.77	0.645	0.5
0.77	0.65	0.5
0.77	0.655	0.5
0.77	0.66	0.5
0.77	0.665	0.5
0.77	0.67	0.5
0.77	0.675	0.5
0.77	0.68	0.5
0.77	0.685	0.5
0.77	0.69	0.5
0.77	0.695	0.5
0.77	0.7	0.5
0.77	0.705	0.5
0.77	0.71	0.5
0.77	0.715	0.5
0.77	0.72	0.5
0.77	0.725	0.5
0.77	0.73	0.5
0.77	0.735	0.5
0.77	0.74	0.5
0.77	0.745	0.5
0.77	0.75	0.5
0.77	0.755	0.5
0.77	0.76	0.5
0.77	0.765	0.5
0.77	0.77	0.5
0.77	0.775	0.5
0.77	0.78	0.5
0.77	0.785	0.5
0.77	0.79	0.5
0.77	0.795	0.5
0.77	0.8	0.5
0.77	0.805	0.5
0.77	0.81	0.5
0.77	0.815	0.5
0.77	0.82	0.5
0.77	0.825	0.5
0.77	0.83	0.5
0.77	0.835	0.5
0.77	0.84	0.5
0.77	0.845	0.5
0.77	0.85	0.5
0.77	0.855	0.5
0.77	0.86	0.5
0.77	0.865	0.5
0.77	0.87	0.5
0.77	0.875	0.5
0.77	0.88	0.5
0.77	0.885	0.5
0.77	0.89	0.5
0.77	0.895	0.5
0.77	0.9	0.5
0.77	0.905	0.5
0.77	0.91	0.5
0.77	0.915	0.5
0.77	0.92	0.5
0.77	0.925	0.5
0.77	0.93	0.5
0.77	0.935	0.5
0.77	0.94	0.5
0.77	0.945	0.5
0.77	0.95	0.5
0.77	0.955	0.5
0.77	0.96	0.5
0.77	0.965	0.5
0.77	0.97	0.5
0.77	0.975	0.5
0.77	0.98	0.5
0.77	0.985	0.5
0.77	0.99	0.5
0.77	0.995	0.5
0.77	1	0.5
0.78	0	0.25
0.78	0.005	0.25
0.78	0.01	0.25
0.78	0.015	0.25
0.78	0.02	0.25
0.78	0.025	0.25
0.78	0.03	0.25
0.78	0.035	0.25
0.78	0.04	0.25
0.78	0.045	0.25
0.78	0.05	0.25
0.78	0.055	0.25
0.78	0.06	0.25
0.78	0.065	0.25
0.78	0.07	0.25
0.78	0.075	0.25
0.78	0.08	0.25
0.78	0.085	0.25
0.78	0.09	0.25
0.78	0.095	0.25
0.78	0.1	0.25
0.78	0.105	0.25
0.78	0.11	0.25
0.78	0.115	0.25
0.78	0.12	0.25
0.78	0.125	0.25
0.78	0.13	0.25
0.78	0.135	0.25
0.78	0.14	0.25
0.78	0.145	0.25
0.78	0.15	0.25
0.78	0.155	0.25
0.78	0.16	0.25
0.78	0.165	0.25
0.78	0.17	0.25
0.78	0.175	0.25
0.78	0.18	0.25
0.78	0.185	0.25
0.78	0.19	0.25
0.78	0.195	0.25
0.78	0.2	0.25
0.78	0.205	0.25
0.78	0.21	0.25
0.78	0.215	0.25
0.78	0.22	0.25
0.78	0.225	0.25
0.78	0.23	0.25
0.78	0.235	0.25
0.78	0.24	0.25
0.78	0.245	0.25
0.78	0.25	0.5
0.78	0.255	0.5
0.78	0.26	0.5
0.78	0.265	0.5
0.78	0.27	0.5
0.78	0.275	0.5
0.78	0.28	0.5
0.78	0.285	0.5
0.78	0.29	0.5
0.78	0.295	0.5
0.78	0.3	0.5
0.78	0.305	0.5
0.78	0.31	0.5
0.78	0.315	0.5
0.78	0.32	0.5
0.78	0.325	0.5
0.78	0.33	0.5
0.78	0.335	0.5
0.78	0.34	0.5
0.78	0.345	0.5
0.78	0.35	0.5
0.78	0.355	0.5
0.78	0.36	0.5
0.78	0.365	0.5
0.78	0.37	0.5
0.78	0.375	0.5
0.78	0.38	0.5
0.78	0.385	0.5
0.78	0.39	0.5
0.78	0.395	0.5
0.78	0.4	0.5
0.78	0.405	0.5
0.78	0.41	0.5
0.78	0.415	0.5
0.78	0.42	0.5
0.78	0.425	0.5
0.78	0.43	0.5
0.78	0.435	0.5
0.78	0.44	0.5
0.78	0.445	0.5
0.78	0.45	0.5
0.78	0.455	0.5
0.78	0.46	0.5
0.78	0.465	0.5
0.78	0.47	0.5
0.78	0.475	0.5
0.78	0.48	0.5
0.78	0.485	0.5
0.78	0.49	0.5
0.78	0.495	0.5
0.78	0.5	0.5
0.78	0.505	0.5
0.78	0.51	0.5
0.78	0.515	0.5
0.78	0.52	0.5
0.78	0.525	0.5
0.78	0.53	0.5
0.78	0.535	0.5
0.78	0.54	0.5
0.78	0.545	0.5
0.78	0.55	0.5
0.78	0.555	0.5
0.78	0.56	0.5
0.78	0.565	0.5
0.78	0.57	0.5
0.78	0.575	0.5
0.78	0.58	0.5
0.78	0.585	0.5
0.78	0.59	0.5
0.78	0.595	0.5
0.78	0.6	0.5
0.78	0.605	0.5
0.78	0.61	0.5
0.78	0.615	0.5
0.78	0.62	0.5
0.78	0.625	0.5
0.78	0.63	0.5
0.78	0.635	0.5
0.78	0.64	0.5
0.78	0.645	0.5
0.78	0.65	0.5
0.78	0.655	0.5
0.78	0.66	0.5
0.78	0.665	0.5
0.78	0.67	0.5
0.78	0.675	0.5
0.78	0.68	0.5
0.78	0.685	0.5
0.78	0.69	0.5
0.78	0.695	0.5
0.78	0.7	0.5
0.78	0.705	0.5
0.78	0.71	0.5
0.78	0.715	0.5
0.78	0.72	0.5
0.78	0.725	0.5
0.78	0.73	0.5
0.78	0.735	0.5
0.78	0.74	0.5
0.78	0.745	0.5
0.78	0.75	0.5
0.78	0.755	0.5
0.78	0.76	0.5
0.78	0.765	0.5
0.78	0.77	0.5
0.78	0.775	0.5
0.78	0.78	0.5
0.78	0.785	0.5
0.78	0.79	0.5
0.78	0.795	0.5
0.78	0.8	0.5
0.78	0.805	0.5
0.78	0.81	0.5
0.78	0.815	0.5
0.78	0.82	0.5
0.78	0.825	0.5
0.78	0.83	0.5
0.78	0.835	0.5
0.78	0.84	0.5
0.78	0.845	0.5
0.78	0.85	0.5
0.78	0.855	0.5
0.78	0.86	0.5
0.78	0.865	0.5
0.78	0.87	0.5
0.78	0.875	0.5
0.78	0.88	0.5
0.78	0.885	0.5
0.78	0.89	0.5
0.78	0.895	0.5
0.78	0.9	0.5
0.78	0.905	0.5
0.78	0.91	0.5
0.78	0.915	0.5
0.78	0.92	0.5
0.78	0.925	0.5
0.78	0.93	0.5
0.78	0.935	0.5
0.78	0.94	0.5
0.78	0.945	0.5
0.78	0.95	0.5
0.78	0.955	0.5
0.78	0.96	0.5
0.78	0.965	0.5
0.78	0.97	0.5
0.78	0.975	0.5
0.78	0.98	0.5
0.78	0.985	0.5
0.78	0.99	0.5
0.78	0.995	0.5
0.78	1	0.5
0.79	0	0.25
0.79	0.005	0.25
0.79	0.01	0.25
0.79	0.015	0.25
0.79	0.02	0.25
0.79	0.025	0.25
0.79	0.03	0.25
0.79	0.035	0.25
0.79	0.04	0.25
0.79	0.045	0.25
0.79	0.05	0.25
0.79	0.055	0.25
0.79	0.06	0.25
0.79	0.065	0.25
0.79	0.07	0.25
0.79	0.075	0.25
0.79	0.08	0.25
0.79	0.085	0.25
0.79	0.09	0.25
0.79	0.095	0.25
0.79	0.1	0.25
0.79	0.105	0.25
0.79	0.11	0.25
0.79	0.115	0.25
0.79	0.12	0.25
0.79	0.125	0.25
0.79	0.13	0.25
0.79	0.135	0.25
0.79	0.14	0.25
0.79	0.145	0.25
0.79	0.15	0.25
0.79	0.155	0.25
0.79	0.16	0.25
0.79	0.165	0.25
0.79	0.17	0.25
0.79	0.175	0.25
0.79	0.18	0.25
0.79	0.185	0.25
0.79	0.19	0.25
0.79	0.195	0.25
0.79	0.2	0.25
0.79	0.205	0.25
0.79	0.21	0.25
0.79	0.215	0.25
0.79	0.22	0.25
0.79	0.225	0.25
0.79	0.23	0.25
0.79	0.235	0.25
0.79	0.24	0.25
0.79	0.245	0.25
0.79	0.25	0.5
0.79	0.255	0.5
0.79	0.26	0.5
0.79	0.265	0.5
0.79	0.27	0.5
0.79	0.275	0.5
0.79	0.28	0.5
0.79	0.285	0.5
0.79	0.29	0.5
0.79	0.295	0.5
0.79	0.3	0.5
0.79	0.305	0.5
0.79	0.31	0.5
0.79	0.315	0.5
0.79	0.32	0.5
0.79	0.325	0.5
0.79	0.33	0.5
0.79	0.335	0.5
0.79	0.34	0.5
0.79	0.345	0.5
0.79	0.35	0.5
0.79	0.355	0.5
0.79	0.36	0.5
0.79	0.365	0.5
0.79	0.37	0.5
0.79	0.375	0.5
0.79	0.38	0.5
0.79	0.385	0.5
0.79	0.39	0.5
0.79	0.395	0.5
0.79	0.4	0.5
0.79	0.405	0.5
0.79	0.41	0.5
0.79	0.415	0.5
0.79	0.42	0.5
0.79	0.425	0.5
0.79	0.43	0.5
0.79	0.435	0.5
0.79	0.44	0.5
0.79	0.445	0.5
0.79	0.45	0.5
0.79	0.455	0.5
0.79	0.46	0.5
0.79	0.465	0.5
0.79	0.47	0.5
0.79	0.475	0.5
0.79	0.48	0.5
0.79	0.485	0.5
0.79	0.49	0.5
0.79	0.495	0.5
0.79	0.5	0.5
0.79	0.505	0.5
0.79	0.51	0.5
0.79	0.515	0.5
0.79	0.52	0.5
0.79	0.525	0.5
0.79	0.53	0.5
0.79	0.535	0.5
0.79	0.54	0.5
0.79	0.545	0.5
0.79	0.55	0.5
0.79	0.555	0.5
0.79	0.56	0.5
0.79	0.565	0.5
0.79	0.57	0.5
0.79	0.575	0.5
0.79	0.58	0.5
0.79	0.585	0.5
0.79	0.59	0.5
0.79	0.595	0.5
0.79	0.6	0.5
0.79	0.605	0.5
0.79	0.61	0.5
0.79	0.615	0.5
0.79	0.62	0.5
0.79	0.625	0.5
0.79	0.63	0.5
0.79	0.635	0.5
0.79	0.64	0.5
0.79	0.645	0.5
0.79	0.65	0.5
0.79	0.655	0.5
0.79	0.66	0.5
0.79	0.665	0.5
0.79	0.67	0.5
0.79	0.675	0.5
0.79	0.68	0.5
0.79	0.685	0.5
0.79	0.69	0.5
0.79	0.695	0.5
0.79	0.7	0.5
0.79	0.705	0.5
0.79	0.71	0.5
0.79	0.715	0.5
0.79	0.72	0.5
0.79	0.725	0.5
0.79	0.73	0.5
0.79	0.735	0.5
0.79	0.74	0.5
0.79	0.745	0.5
0.79	0.75	0.5
0.79	0.755	0.5
0.79	0.76	0.5
0.79	0.765	0.5
0.79	0.77	0.5
0.79	0.775	0.5
0.79	0.78	0.5
0.79	0.785	0.5
0.79	0.79	0.5
0.79	0.795	0.5
0.79	0.8	0.5
0.79	0.805	0.5
0.79	0.81	0.5
0.79	0.815	0.5
0.79	0.82	0.5
0.79	0.825	0.5
0.79	0.83	0.5
0.79	0.835	0.5
0.79	0.84	0.5
0.79	0.845	0.5
0.79	0.85	0.5
0.79	0.855	0.5
0.79	0.86	0.5
0.79	0.865	0.5
0.79	0.87	0.5
0.79	0.875	0.5
0.79	0.88	0.5
0.79	0.885	0.5
0.79	0.89	0.5
0.79	0.895	0.5
0.79	0.9	0.5
0.79	0.905	0.5
0.79	0.91	0.5
0.79	0.915	0.5
0.79	0.92	0.5
0.79	0.925	0.5
0.79	0.93	0.5
0.79	0.935	0.5
0.79	0.94	0.5
0.79	0.945	0.5
0.79	0.95	0.5
0.79	0.955	0.5
0.79	0.96	0.5
0.79	0.965	0.5
0.79	0.97	0.5
0.79	0.975	0.5
0.79	0.98	0.5
0.79	0.985	0.5
0.79	0.99	0.5
0.79	0.995	0.5
0.79	1	0.5
0.8	0	0.25
0.8	0.005	0.25
0.8	0.01	0.25
0.8	0.015	0.25
0.8	0.02	0.25
0.8	0.025	0.25
0.8	0.03	0.25
0.8	0.035	0.25
0.8	0.04	0.25
0.8	0.045	0.25
0.8	0.05	0.25
0.8	0.055	0.25
0.8	0.06	0.25
0.8	0.065	0.25
0.8	0.07	0.25
0.8	0.075	0.25
0.8	0.08	0.25
0.8	0.085	0.25
0.8	0.09	0.25
0.8	0.095	0.25
0.8	0.1	0.25
0.8	0.105	0.25
0.8	0.11	0.25
0.8	0.115	0.25
0.8	0.12	0.25
0.8	0.125	0.25
0.8	0.13	0.25
0.8	0.135	0.25
0.8	0.14	0.25
0.8	0.145	0.25
0.8	0.15	0.25
0.8	0.155	0.25
0.8	0.16	0.25
0.8	0.165	0.25
0.8	0.17	0.25
0.8	0.175	0.25
0.8	0.18	0.25
0.8	0.185	0.25
0.8	0.19	0.25
0.8	0.195	0.25
0.8	0.2	0.25
0.8	0.205	0.25
0.8	0.21	0.25
0.8	0.215	0.25
0.8	0.22	0.25
0.8	0.225	0.25
0.8	0.23	0.25
0.8	0.235	0.25
0.8	0.24	0.25
0.8	0.245	0.25
0.8	0.25	0.5
0.8	0.255	0.5
0.8	0.26	0.5
0.8	0.265	0.5
0.8	0.27	0.5
0.8	0.275	0.5
0.8	0.28	0.5
0.8	0.285	0.5
0.8	0.29	0.5
0.8	0.295	0.5
0.8	0.3	0.5
0.8	0.305	0.5
0.8	0.31	0.5
0.8	0.315	0.5
0.8	0.32	0.5
0.8	0.325	0.5
0.8	0.33	0.5
0.8	0.335	0.5
0.8	0.34	0.5
0.8	0.345	0.5
0.8	0.35	0.5
0.8	0.355	0.5
0.8	0.36	0.5
0.8	0.365	0.5
0.8	0.37	0.5
0.8	0.375	0.5
0.8	0.38	0.5
0.8	0.385	0.5
0.8	0.39	0.5
0.8	0.395	0.5
0.8	0.4	0.5
0.8	0.405	0.5
0.8	0.41	0.5
0.8	0.415	0.5
0.8	0.42	0.5
0.8	0.425	0.5
0.8	0.43	0.5
0.8	0.435	0.5
0.8	0.44	0.5
0.8	0.445	0.5
0.8	0.45	0.5
0.8	0.455	0.5
0.8	0.46	0.5
0.8	0.465	0.5
0.8	0.47	0.5
0.8	0.475	0.5
0.8	0.48	0.5
0.8	0.485	0.5
0.8	0.49	0.5
0.8	0.495	0.5
0.8	0.5	0.5
0.8	0.505	0.5
0.8	0.51	0.5
0.8	0.515	0.5
0.8	0.52	0.5
0.8	0.525	0.5
0.8	0.53	0.5
0.8	0.535	0.5
0.8	0.54	0.5
0.8	0.545	0.5
0.8	0.55	0.5
0.8	0.555	0.5
0.8	0.56	0.5
0.8	0.565	0.5
0.8	0.57	0.5
0.8	0.575	0.5
0.8	0.58	0.5
0.8	0.585	0.5
0.8	0.59	0.5
0.8	0.595	0.5
0.8	0.6	0.5
0.8	0.605	0.5
0.8	0.61	0.5
0.8	0.615	0.5
0.8	0.62	0.5
0.8	0.625	0.5
0.8	0.63	0.5
0.8	0.635	0.5
0.8	0.64	0.5
0.8	0.645	0.5
0.8	0.65	0.5
0.8	0.655	0.5
0.8	0.66	0.5
0.8	0.665	0.5
0.8	0.67	0.5
0.8	0.675	0.5
0.8	0.68	0.5
0.8	0.685	0.5
0.8	0.69	0.5
0.8	0.695	0.5
0.8	0.7	0.5
0.8	0.705	0.5
0.8	0.71	0.5
0.8	0.715	0.5
0.8	0.72	0.5
0.8	0.725	0.5
0.8	0.73	0.5
0.8	0.735	0.5
0.8	0.74	0.5
0.8	0.745	0.5
0.8	0.75	0.5
0.8	0.755	0.5
0.8	0.76	0.5
0.8	0.765	0.5
0.8	0.77	0.5
0.8	0.775	0.5
0.8	0.78	0.5
0.8	0.785	0.5
0.8	0.79	0.5
0.8	0.795	0.5
0.8	0.8	0.5
0.8	0.805	0.5
0.8	0.81	0.5
0.8	0.815	0.5
0.8	0.82	0.5
0.8	0.825	0.5
0.8	0.83	0.5
0.8	0.835	0.5
0.8	0.84	0.5
0.8	0.845	0.5
0.8	0.85	0.5
0.8	0.855	0.5
0.8	0.86	0.5
0.8	0.865	0.5
0.8	0.87	0.5
0.8	0.875	0.5
0.8	0.88	0.5
0.8	0.885	0.5
0.8	0.89	0.5
0.8	0.895	0.5
0.8	0.9	0.5
0.8	0.905	0.5
0.8	0.91	0.5
0.8	0.915	0.5
0.8	0.92	0.5
0.8	0.925	0.5
0.8	0.93	0.5
0.8	0.935	0.5
0.8	0.94	0.5
0.8	0.945	0.5
0.8	0.95	0.5
0.8	0.955	0.5
0.8	0.96	0.5
0.8	0.965	0.5
0.8	0.97	0.5
0.8	0.975	0.5
0.8	0.98	0.5
0.8	0.985	0.5
0.8	0.99	0.5
0.8	0.995	0.5
0.8	1	0.5
0.81	0	0.25
0.81	0.005	0.25
0.81	0.01	0.25
0.81	0.015	0.25
0.81	0.02	0.25
0.81	0.025	0.25
0.81	0.03	0.25
0.81	0.035	0.25
0.81	0.04	0.25
0.81	0.045	0.25
0.81	0.05	0.25
0.81	0.055	0.25
0.81	0.06	0.25
0.81	0.065	0.25
0.81	0.07	0.25
0.81	0.075	0.25
0.81	0.08	0.25
0.81	0.085	0.25
0.81	0.09	0.25
0.81	0.095	0.25
0.81	0.1	0.25
0.81	0.105	0.25
0.81	0.11	0.25
0.81	0.115	0.25
0.81	0.12	0.25
0.81	0.125	0.25
0.81	0.13	0.25
0.81	0.135	0.25
0.81	0.14	0.25
0.81	0.145	0.25
0.81	0.15	0.25
0.81	0.155	0.25
0.81	0.16	0.25
0.81	0.165	0.25
0.81	0.17	0.25
0.81	0.175	0.25
0.81	0.18	0.25
0.81	0.185	0.25
0.81	0.19	0.25
0.81	0.195	0.25
0.81	0.2	0.25
0.81	0.205	0.25
0.81	0.21	0.25
0.81	0.215	0.25
0.81	0.22	0.25
0.81	0.225	0.25
0.81	0.23	0.25
0.81	0.235	0.25
0.81	0.24	0.25
0.81	0.245	0.25
0.81	0.25	0.5
0.81	0.255	0.5
0.81	0.26	0.5
0.81	0.265	0.5
0.81	0.27	0.5
0.81	0.275	0.5
0.81	0.28	0.5
0.81	0.285	0.5
0.81	0.29	0.5
0.81	0.295	0.5
0.81	0.3	0.5
0.81	0.305	0.5
0.81	0.31	0.5
0.81	0.315	0.5
0.81	0.32	0.5
0.81	0.325	0.5
0.81	0.33	0.5
0.81	0.335	0.5
0.81	0.34	0.5
0.81	0.345	0.5
0.81	0.35	0.5
0.81	0.355	0.5
0.81	0.36	0.5
0.81	0.365	0.5
0.81	0.37	0.5
0.81	0.375	0.5
0.81	0.38	0.5
0.81	0.385	0.5
0.81	0.39	0.5
0.81	0.395	0.5
0.81	0.4	0.5
0.81	0.405	0.5
0.81	0.41	0.5
0.81	0.415	0.5
0.81	0.42	0.5
0.81	0.425	0.5
0.81	0.43	0.5
0.81	0.435	0.5
0.81	0.44	0.5
0.81	0.445	0.5
0.81	0.45	0.5
0.81	0.455	0.5
0.81	0.46	0.5
0.81	0.465	0.5
0.81	0.47	0.5
0.81	0.475	0.5
0.81	0.48	0.5
0.81	0.485	0.5
0.81	0.49	0.5
0.81	0.495	0.5
0.81	0.5	0.5
0.81	0.505	0.5
0.81	0.51	0.5
0.81	0.515	0.5
0.81	0.52	0.5
0.81	0.525	0.5
0.81	0.53	0.5
0.81	0.535	0.5
0.81	0.54	0.5
0.81	0.545	0.5
0.81	0.55	0.5
0.81	0.555	0.5
0.81	0.56	0.5
0.81	0.565	0.5
0.81	0.57	0.5
0.81	0.575	0.5
0.81	0.58	0.5
0.81	0.585	0.5
0.81	0.59	0.5
0.81	0.595	0.5
0.81	0.6	0.5
0.81	0.605	0.5
0.81	0.61	0.5
0.81	0.615	0.5
0.81	0.62	0.5
0.81	0.625	0.5
0.81	0.63	0.5
0.81	0.635	0.5
0.81	0.64	0.5
0.81	0.645	0.5
0.81	0.65	0.5
0.81	0.655	0.5
0.81	0.66	0.5
0.81	0.665	0.5
0.81	0.67	0.5
0.81	0.675	0.5
0.81	0.68	0.5
0.81	0.685	0.5
0.81	0.69	0.5
0.81	0.695	0.5
0.81	0.7	0.5
0.81	0.705	0.5
0.81	0.71	0.5
0.81	0.715	0.5
0.81	0.72	0.5
0.81	0.725	0.5
0.81	0.73	0.5
0.81	0.735	0.5
0.81	0.74	0.5
0.81	0.745	0.5
0.81	0.75	0.5
0.81	0.755	0.5
0.81	0.76	0.5
0.81	0.765	0.5
0.81	0.77	0.5
0.81	0.775	0.5
0.81	0.78	0.5
0.81	0.785	0.5
0.81	0.79	0.5
0.81	0.795	0.5
0.81	0.8	0.5
0.81	0.805	0.5
0.81	0.81	0.5
0.81	0.815	0.5
0.81	0.82	0.5
0.81	0.825	0.5
0.81	0.83	0.5
0.81	0.835	0.5
0.81	0.84	0.5
0.81	0.845	0.5
0.81	0.85	0.5
0.81	0.855	0.5
0.81	0.86	0.5
0.81	0.865	0.5
0.81	0.87	0.5
0.81	0.875	0.5
0.81	0.88	0.5
0.81	0.885	0.5
0.81	0.89	0.5
0.81	0.895	0.5
0.81	0.9	0.5
0.81	0.905	0.5
0.81	0.91	0.5
0.81	0.915	0.5
0.81	0.92	0.5
0.81	0.925	0.5
0.81	0.93	0.5
0.81	0.935	0.5
0.81	0.94	0.5
0.81	0.945	0.5
0.81	0.95	0.5
0.81	0.955	0.5
0.81	0.96	0.5
0.81	0.965	0.5
0.81	0.97	0.5
0.81	0.975	0.5
0.81	0.98	0.5
0.81	0.985	0.5
0.81	0.99	0.5
0.81	0.995	0.5
0.81	1	0.5
0.82	0	0.25
0.82	0.005	0.25
0.82	0.01	0.25
0.82	0.015	0.25
0.82	0.02	0.25
0.82	0.025	0.25
0.82	0.03	0.25
0.82	0.035	0.25
0.82	0.04	0.25
0.82	0.045	0.25
0.82	0.05	0.25
0.82	0.055	0.25
0.82	0.06	0.25
0.82	0.065	0.25
0.82	0.07	0.25
0.82	0.075	0.25
0.82	0.08	0.25
0.82	0.085	0.25
0.82	0.09	0.25
0.82	0.095	0.25
0.82	0.1	0.25
0.82	0.105	0.25
0.82	0.11	0.25
0.82	0.115	0.25
0.82	0.12	0.25
0.82	0.125	0.25
0.82	0.13	0.25
0.82	0.135	0.25
0.82	0.14	0.25
0.82	0.145	0.25
0.82	0.15	0.25
0.82	0.155	0.25
0.82	0.16	0.25
0.82	0.165	0.25
0.82	0.17	0.25
0.82	0.175	0.25
0.82	0.18	0.25
0.82	0.185	0.25
0.82	0.19	0.25
0.82	0.195	0.25
0.82	0.2	0.25
0.82	0.205	0.25
0.82	0.21	0.25
0.82	0.215	0.25
0.82	0.22	0.25
0.82	0.225	0.25
0.82	0.23	0.25
0.82	0.235	0.25
0.82	0.24	0.25
0.82	0.245	0.25
0.82	0.25	0.5
0.82	0.255	0.5
0.82	0.26	0.5
0.82	0.265	0.5
0.82	0.27	0.5
0.82	0.275	0.5
0.82	0.28	0.5
0.82	0.285	0.5
0.82	0.29	0.5
0.82	0.295	0.5
0.82	0.3	0.5
0.82	0.305	0.5
0.82	0.31	0.5
0.82	0.315	0.5
0.82	0.32	0.5
0.82	0.325	0.5
0.82	0.33	0.5
0.82	0.335	0.5
0.82	0.34	0.5
0.82	0.345	0.5
0.82	0.35	0.5
0.82	0.355	0.5
0.82	0.36	0.5
0.82	0.365	0.5
0.82	0.37	0.5
0.82	0.375	0.5
0.82	0.38	0.5
0.82	0.385	0.5
0.82	0.39	0.5
0.82	0.395	0.5
0.82	0.4	0.5
0.82	0.405	0.5
0.82	0.41	0.5
0.82	0.415	0.5
0.82	0.42	0.5
0.82	0.425	0.5
0.82	0.43	0.5
0.82	0.435	0.5
0.82	0.44	0.5
0.82	0.445	0.5
0.82	0.45	0.5
0.82	0.455	0.5
0.82	0.46	0.5
0.82	0.465	0.5
0.82	0.47	0.5
0.82	0.475	0.5
0.82	0.48	0.5
0.82	0.485	0.5
0.82	0.49	0.5
0.82	0.495	0.5
0.82	0.5	0.5
0.82	0.505	0.5
0.82	0.51	0.5
0.82	0.515	0.5
0.82	0.52	0.5
0.82	0.525	0.5
0.82	0.53	0.5
0.82	0.535	0.5
0.82	0.54	0.5
0.82	0.545	0.5
0.82	0.55	0.5
0.82	0.555	0.5
0.82	0.56	0.5
0.82	0.565	0.5
0.82	0.57	0.5
0.82	0.575	0.5
0.82	0.58	0.5
0.82	0.585	0.5
0.82	0.59	0.5
0.82	0.595	0.5
0.82	0.6	0.5
0.82	0.605	0.5
0.82	0.61	0.5
0.82	0.615	0.5
0.82	0.62	0.5
0.82	0.625	0.5
0.82	0.63	0.5
0.82	0.635	0.5
0.82	0.64	0.5
0.82	0.645	0.5
0.82	0.65	0.5
0.82	0.655	0.5
0.82	0.66	0.5
0.82	0.665	0.5
0.82	0.67	0.5
0.82	0.675	0.5
0.82	0.68	0.5
0.82	0.685	0.5
0.82	0.69	0.5
0.82	0.695	0.5
0.82	0.7	0.5
0.82	0.705	0.5
0.82	0.71	0.5
0.82	0.715	0.5
0.82	0.72	0.5
0.82	0.725	0.5
0.82	0.73	0.5
0.82	0.735	0.5
0.82	0.74	0.5
0.82	0.745	0.5
0.82	0.75	0.5
0.82	0.755	0.5
0.82	0.76	0.5
0.82	0.765	0.5
0.82	0.77	0.5
0.82	0.775	0.5
0.82	0.78	0.5
0.82	0.785	0.5
0.82	0.79	0.5
0.82	0.795	0.5
0.82	0.8	0.5
0.82	0.805	0.5
0.82	0.81	0.5
0.82	0.815	0.5
0.82	0.82	0.5
0.82	0.825	0.5
0.82	0.83	0.5
0.82	0.835	0.5
0.82	0.84	0.5
0.82	0.845	0.5
0.82	0.85	0.5
0.82	0.855	0.5
0.82	0.86	0.5
0.82	0.865	0.5
0.82	0.87	0.5
0.82	0.875	0.5
0.82	0.88	0.5
0.82	0.885	0.5
0.82	0.89	0.5
0.82	0.895	0.5
0.82	0.9	0.5
0.82	0.905	0.5
0.82	0.91	0.5
0.82	0.915	0.5
0.82	0.92	0.5
0.82	0.925	0.5
0.82	0.93	0.5
0.82	0.935	0.5
0.82	0.94	0.5
0.82	0.945	0.5
0.82	0.95	0.5
0.82	0.955	0.5
0.82	0.96	0.5
0.82	0.965	0.5
0.82	0.97	0.5
0.82	0.975	0.5
0.82	0.98	0.5
0.82	0.985	0.5
0.82	0.99	0.5
0.82	0.995	0.5
0.82	1	0.5
0.83	0	0.25
0.83	0.005	0.25
0.83	0.01	0.25
0.83	0.015	0.25
0.83	0.02	0.25
0.83	0.025	0.25
0.83	0.03	0.25
0.83	0.035	0.25
0.83	0.04	0.25
0.83	0.045	0.25
0.83	0.05	0.25
0.83	0.055	0.25
0.83	0.06	0.25
0.83	0.065	0.25
0.83	0.07	0.25
0.83	0.075	0.25
0.83	0.08	0.25
0.83	0.085	0.25
0.83	0.09	0.25
0.83	0.095	0.25
0.83	0.1	0.25
0.83	0.105	0.25
0.83	0.11	0.25
0.83	0.115	0.25
0.83	0.12	0.25
0.83	0.125	0.25
0.83	0.13	0.25
0.83	0.135	0.25
0.83	0.14	0.25
0.83	0.145	0.25
0.83	0.15	0.25
0.83	0.155	0.25
0.83	0.16	0.25
0.83	0.165	0.25
0.83	0.17	0.25
0.83	0.175	0.25
0.83	0.18	0.25
0.83	0.185	0.25
0.83	0.19	0.25
0.83	0.195	0.25
0.83	0.2	0.25
0.83	0.205	0.25
0.83	0.21	0.25
0.83	0.215	0.25
0.83	0.22	0.25
0.83	0.225	0.25
0.83	0.23	0.25
0.83	0.235	0.25
0.83	0.24	0.25
0.83	0.245	0.25
0.83	0.25	0.5
0.83	0.255	0.5
0.83	0.26	0.5
0.83	0.265	0.5
0.83	0.27	0.5
0.83	0.275	0.5
0.83	0.28	0.5
0.83	0.285	0.5
0.83	0.29	0.5
0.83	0.295	0.5
0.83	0.3	0.5
0.83	0.305	0.5
0.83	0.31	0.5
0.83	0.315	0.5
0.83	0.32	0.5
0.83	0.325	0.5
0.83	0.33	0.5
0.83	0.335	0.5
0.83	0.34	0.5
0.83	0.345	0.5
0.83	0.35	0.5
0.83	0.355	0.5
0.83	0.36	0.5
0.83	0.365	0.5
0.83	0.37	0.5
0.83	0.375	0.5
0.83	0.38	0.5
0.83	0.385	0.5
0.83	0.39	0.5
0.83	0.395	0.5
0.83	0.4	0.5
0.83	0.405	0.5
0.83	0.41	0.5
0.83	0.415	0.5
0.83	0.42	0.5
0.83	0.425	0.5
0.83	0.43	0.5
0.83	0.435	0.5
0.83	0.44	0.5
0.83	0.445	0.5
0.83	0.45	0.5
0.83	0.455	0.5
0.83	0.46	0.5
0.83	0.465	0.5
0.83	0.47	0.5
0.83	0.475	0.5
0.83	0.48	0.5
0.83	0.485	0.5
0.83	0.49	0.5
0.83	0.495	0.5
0.83	0.5	0.5
0.83	0.505	0.5
0.83	0.51	0.5
0.83	0.515	0.5
0.83	0.52	0.5
0.83	0.525	0.5
0.83	0.53	0.5
0.83	0.535	0.5
0.83	0.54	0.5
0.83	0.545	0.5
0.83	0.55	0.5
0.83	0.555	0.5
0.83	0.56	0.5
0.83	0.565	0.5
0.83	0.57	0.5
0.83	0.575	0.5
0.83	0.58	0.5
0.83	0.585	0.5
0.83	0.59	0.5
0.83	0.595	0.5
0.83	0.6	0.5
0.83	0.605	0.5
0.83	0.61	0.5
0.83	0.615	0.5
0.83	0.62	0.5
0.83	0.625	0.5
0.83	0.63	0.5
0.83	0.635	0.5
0.83	0.64	0.5
0.83	0.645	0.5
0.83	0.65	0.5
0.83	0.655	0.5
0.83	0.66	0.5
0.83	0.665	0.5
0.83	0.67	0.5
0.83	0.675	0.5
0.83	0.68	0.5
0.83	0.685	0.5
0.83	0.69	0.5
0.83	0.695	0.5
0.83	0.7	0.5
0.83	0.705	0.5
0.83	0.71	0.5
0.83	0.715	0.5
0.83	0.72	0.5
0.83	0.725	0.5
0.83	0.73	0.5
0.83	0.735	0.5
0.83	0.74	0.5
0.83	0.745	0.5
0.83	0.75	0.5
0.83	0.755	0.5
0.83	0.76	0.5
0.83	0.765	0.5
0.83	0.77	0.5
0.83	0.775	0.5
0.83	0.78	0.5
0.83	0.785	0.5
0.83	0.79	0.5
0.83	0.795	0.5
0.83	0.8	0.5
0.83	0.805	0.5
0.83	0.81	0.5
0.83	0.815	0.5
0.83	0.82	0.5
0.83	0.825	0.5
0.83	0.83	0.5
0.83	0.835	0.5
0.83	0.84	0.5
0.83	0.845	0.5
0.83	0.85	0.5
0.83	0.855	0.5
0.83	0.86	0.5
0.83	0.865	0.5
0.83	0.87	0.5
0.83	0.875	0.5
0.83	0.88	0.5
0.83	0.885	0.5
0.83	0.89	0.5
0.83	0.895	0.5
0.83	0.9	0.5
0.83	0.905	0.5
0.83	0.91	0.5
0.83	0.915	0.5
0.83	0.92	0.5
0.83	0.925	0.5
0.83	0.93	0.5
0.83	0.935	0.5
0.83	0.94	0.5
0.83	0.945	0.5
0.83	0.95	0.5
0.83	0.955	0.5
0.83	0.96	0.5
0.83	0.965	0.5
0.83	0.97	0.5
0.83	0.975	0.5
0.83	0.98	0.5
0.83	0.985	0.5
0.83	0.99	0.5
0.83	0.995	0.5
0.83	1	0.5
0.84	0	0.25
0.84	0.005	0.25
0.84	0.01	0.25
0.84	0.015	0.25
0.84	0.02	0.25
0.84	0.025	0.25
0.84	0.03	0.25
0.84	0.035	0.25
0.84	0.04	0.25
0.84	0.045	0.25
0.84	0.05	0.25
0.84	0.055	0.25
0.84	0.06	0.25
0.84	0.065	0.25
0.84	0.07	0.25
0.84	0.075	0.25
0.84	0.08	0.25
0.84	0.085	0.25
0.84	0.09	0.25
0.84	0.095	0.25
0.84	0.1	0.25
0.84	0.105	0.25
0.84	0.11	0.25
0.84	0.115	0.25
0.84	0.12	0.25
0.84	0.125	0.25
0.84	0.13	0.25
0.84	0.135	0.25
0.84	0.14	0.25
0.84	0.145	0.25
0.84	0.15	0.25
0.84	0.155	0.25
0.84	0.16	0.25
0.84	0.165	0.25
0.84	0.17	0.25
0.84	0.175	0.25
0.84	0.18	0.25
0.84	0.185	0.25
0.84	0.19	0.25
0.84	0.195	0.25
0.84	0.2	0.25
0.84	0.205	0.25
0.84	0.21	0.25
0.84	0.215	0.25
0.84	0.22	0.25
0.84	0.225	0.25
0.84	0.23	0.25
0.84	0.235	0.25
0.84	0.24	0.25
0.84	0.245	0.25
0.84	0.25	0.5
0.84	0.255	0.5
0.84	0.26	0.5
0.84	0.265	0.5
0.84	0.27	0.5
0.84	0.275	0.5
0.84	0.28	0.5
0.84	0.285	0.5
0.84	0.29	0.5
0.84	0.295	0.5
0.84	0.3	0.5
0.84	0.305	0.5
0.84	0.31	0.5
0.84	0.315	0.5
0.84	0.32	0.5
0.84	0.325	0.5
0.84	0.33	0.5
0.84	0.335	0.5
0.84	0.34	0.5
0.84	0.345	0.5
0.84	0.35	0.5
0.84	0.355	0.5
0.84	0.36	0.5
0.84	0.365	0.5
0.84	0.37	0.5
0.84	0.375	0.5
0.84	0.38	0.5
0.84	0.385	0.5
0.84	0.39	0.5
0.84	0.395	0.5
0.84	0.4	0.5
0.84	0.405	0.5
0.84	0.41	0.5
0.84	0.415	0.5
0.84	0.42	0.5
0.84	0.425	0.5
0.84	0.43	0.5
0.84	0.435	0.5
0.84	0.44	0.5
0.84	0.445	0.5
0.84	0.45	0.5
0.84	0.455	0.5
0.84	0.46	0.5
0.84	0.465	0.5
0.84	0.47	0.5
0.84	0.475	0.5
0.84	0.48	0.5
0.84	0.485	0.5
0.84	0.49	0.5
0.84	0.495	0.5
0.84	0.5	0.5
0.84	0.505	0.5
0.84	0.51	0.5
0.84	0.515	0.5
0.84	0.52	0.5
0.84	0.525	0.5
0.84	0.53	0.5
0.84	0.535	0.5
0.84	0.54	0.5
0.84	0.545	0.5
0.84	0.55	0.5
0.84	0.555	0.5
0.84	0.56	0.5
0.84	0.565	0.5
0.84	0.57	0.5
0.84	0.575	0.5
0.84	0.58	0.5
0.84	0.585	0.5
0.84	0.59	0.5
0.84	0.595	0.5
0.84	0.6	0.5
0.84	0.605	0.5
0.84	0.61	0.5
0.84	0.615	0.5
0.84	0.62	0.5
0.84	0.625	0.5
0.84	0.63	0.5
0.84	0.635	0.5
0.84	0.64	0.5
0.84	0.645	0.5
0.84	0.65	0.5
0.84	0.655	0.5
0.84	0.66	0.5
0.84	0.665	0.5
0.84	0.67	0.5
0.84	0.675	0.5
0.84	0.68	0.5
0.84	0.685	0.5
0.84	0.69	0.5
0.84	0.695	0.5
0.84	0.7	0.5
0.84	0.705	0.5
0.84	0.71	0.5
0.84	0.715	0.5
0.84	0.72	0.5
0.84	0.725	0.5
0.84	0.73	0.5
0.84	0.735	0.5
0.84	0.74	0.5
0.84	0.745	0.5
0.84	0.75	0.5
0.84	0.755	0.5
0.84	0.76	0.5
0.84	0.765	0.5
0.84	0.77	0.5
0.84	0.775	0.5
0.84	0.78	0.5
0.84	0.785	0.5
0.84	0.79	0.5
0.84	0.795	0.5
0.84	0.8	0.5
0.84	0.805	0.5
0.84	0.81	0.5
0.84	0.815	0.5
0.84	0.82	0.5
0.84	0.825	0.5
0.84	0.83	0.5
0.84	0.835	0.5
0.84	0.84	0.5
0.84	0.845	0.5
0.84	0.85	0.5
0.84	0.855	0.5
0.84	0.86	0.5
0.84	0.865	0.5
0.84	0.87	0.5
0.84	0.875	0.5
0.84	0.88	0.5
0.84	0.885	0.5
0.84	0.89	0.5
0.84	0.895	0.5
0.84	0.9	0.5
0.84	0.905	0.5
0.84	0.91	0.5
0.84	0.915	0.5
0.84	0.92	0.5
0.84	0.925	0.5
0.84	0.93	0.5
0.84	0.935	0.5
0.84	0.94	0.5
0.84	0.945	0.5
0.84	0.95	0.5
0.84	0.955	0.5
0.84	0.96	0.5
0.84	0.965	0.5
0.84	0.97	0.5
0.84	0.975	0.5
0.84	0.98	0.5
0.84	0.985	0.5
0.84	0.99	0.5
0.84	0.995	0.5
0.84	1	0.5
0.85	0	0.25
0.85	0.005	0.25
0.85	0.01	0.25
0.85	0.015	0.25
0.85	0.02	0.25
0.85	0.025	0.25
0.85	0.03	0.25
0.85	0.035	0.25
0.85	0.04	0.25
0.85	0.045	0.25
0.85	0.05	0.25
0.85	0.055	0.25
0.85	0.06	0.25
0.85	0.065	0.25
0.85	0.07	0.25
0.85	0.075	0.25
0.85	0.08	0.25
0.85	0.085	0.25
0.85	0.09	0.25
0.85	0.095	0.25
0.85	0.1	0.25
0.85	0.105	0.25
0.85	0.11	0.25
0.85	0.115	0.25
0.85	0.12	0.25
0.85	0.125	0.25
0.85	0.13	0.25
0.85	0.135	0.25
0.85	0.14	0.25
0.85	0.145	0.25
0.85	0.15	0.25
0.85	0.155	0.25
0.85	0.16	0.25
0.85	0.165	0.25
0.85	0.17	0.25
0.85	0.175	0.25
0.85	0.18	0.25
0.85	0.185	0.25
0.85	0.19	0.25
0.85	0.195	0.25
0.85	0.2	0.25
0.85	0.205	0.25
0.85	0.21	0.25
0.85	0.215	0.25
0.85	0.22	0.25
0.85	0.225	0.25
0.85	0.23	0.25
0.85	0.235	0.25
0.85	0.24	0.25
0.85	0.245	0.25
0.85	0.25	0.5
0.85	0.255	0.5
0.85	0.26	0.5
0.85	0.265	0.5
0.85	0.27	0.5
0.85	0.275	0.5
0.85	0.28	0.5
0.85	0.285	0.5
0.85	0.29	0.5
0.85	0.295	0.5
0.85	0.3	0.5
0.85	0.305	0.5
0.85	0.31	0.5
0.85	0.315	0.5
0.85	0.32	0.5
0.85	0.325	0.5
0.85	0.33	0.5
0.85	0.335	0.5
0.85	0.34	0.5
0.85	0.345	0.5
0.85	0.35	0.5
0.85	0.355	0.5
0.85	0.36	0.5
0.85	0.365	0.5
0.85	0.37	0.5
0.85	0.375	0.5
0.85	0.38	0.5
0.85	0.385	0.5
0.85	0.39	0.5
0.85	0.395	0.5
0.85	0.4	0.5
0.85	0.405	0.5
0.85	0.41	0.5
0.85	0.415	0.5
0.85	0.42	0.5
0.85	0.425	0.5
0.85	0.43	0.5
0.85	0.435	0.5
0.85	0.44	0.5
0.85	0.445	0.5
0.85	0.45	0.5
0.85	0.455	0.5
0.85	0.46	0.5
0.85	0.465	0.5
0.85	0.47	0.5
0.85	0.475	0.5
0.85	0.48	0.5
0.85	0.485	0.5
0.85	0.49	0.5
0.85	0.495	0.5
0.85	0.5	0.5
0.85	0.505	0.5
0.85	0.51	0.5
0.85	0.515	0.5
0.85	0.52	0.5
0.85	0.525	0.5
0.85	0.53	0.5
0.85	0.535	0.5
0.85	0.54	0.5
0.85	0.545	0.5
0.85	0.55	0.5
0.85	0.555	0.5
0.85	0.56	0.5
0.85	0.565	0.5
0.85	0.57	0.5
0.85	0.575	0.5
0.85	0.58	0.5
0.85	0.585	0.5
0.85	0.59	0.5
0.85	0.595	0.5
0.85	0.6	0.5
0.85	0.605	0.5
0.85	0.61	0.5
0.85	0.615	0.5
0.85	0.62	0.5
0.85	0.625	0.5
0.85	0.63	0.5
0.85	0.635	0.5
0.85	0.64	0.5
0.85	0.645	0.5
0.85	0.65	0.5
0.85	0.655	0.5
0.85	0.66	0.5
0.85	0.665	0.5
0.85	0.67	0.5
0.85	0.675	0.5
0.85	0.68	0.5
0.85	0.685	0.5
0.85	0.69	0.5
0.85	0.695	0.5
0.85	0.7	0.5
0.85	0.705	0.5
0.85	0.71	0.5
0.85	0.715	0.5
0.85	0.72	0.5
0.85	0.725	0.5
0.85	0.73	0.5
0.85	0.735	0.5
0.85	0.74	0.5
0.85	0.745	0.5
0.85	0.75	0.5
0.85	0.755	0.5
0.85	0.76	0.5
0.85	0.765	0.5
0.85	0.77	0.5
0.85	0.775	0.5
0.85	0.78	0.5
0.85	0.785	0.5
0.85	0.79	0.5
0.85	0.795	0.5
0.85	0.8	0.5
0.85	0.805	0.5
0.85	0.81	0.5
0.85	0.815	0.5
0.85	0.82	0.5
0.85	0.825	0.5
0.85	0.83	0.5
0.85	0.835	0.5
0.85	0.84	0.5
0.85	0.845	0.5
0.85	0.85	0.5
0.85	0.855	0.5
0.85	0.86	0.5
0.85	0.865	0.5
0.85	0.87	0.5
0.85	0.875	0.5
0.85	0.88	0.5
0.85	0.885	0.5
0.85	0.89	0.5
0.85	0.895	0.5
0.85	0.9	0.5
0.85	0.905	0.5
0.85	0.91	0.5
0.85	0.915	0.5
0.85	0.92	0.5
0.85	0.925	0.5
0.85	0.93	0.5
0.85	0.935	0.5
0.85	0.94	0.5
0.85	0.945	0.5
0.85	0.95	0.5
0.85	0.955	0.5
0.85	0.96	0.5
0.85	0.965	0.5
0.85	0.97	0.5
0.85	0.975	0.5
0.85	0.98	0.5
0.85	0.985	0.5
0.85	0.99	0.5
0.85	0.995	0.5
0.85	1	0.5
0.86	0	0.25
0.86	0.005	0.25
0.86	0.01	0.25
0.86	0.015	0.25
0.86	0.02	0.25
0.86	0.025	0.25
0.86	0.03	0.25
0.86	0.035	0.25
0.86	0.04	0.25
0.86	0.045	0.25
0.86	0.05	0.25
0.86	0.055	0.25
0.86	0.06	0.25
0.86	0.065	0.25
0.86	0.07	0.25
0.86	0.075	0.25
0.86	0.08	0.25
0.86	0.085	0.25
0.86	0.09	0.25
0.86	0.095	0.25
0.86	0.1	0.25
0.86	0.105	0.25
0.86	0.11	0.25
0.86	0.115	0.25
0.86	0.12	0.25
0.86	0.125	0.25
0.86	0.13	0.25
0.86	0.135	0.25
0.86	0.14	0.25
0.86	0.145	0.25
0.86	0.15	0.25
0.86	0.155	0.25
0.86	0.16	0.25
0.86	0.165	0.25
0.86	0.17	0.25
0.86	0.175	0.25
0.86	0.18	0.25
0.86	0.185	0.25
0.86	0.19	0.25
0.86	0.195	0.25
0.86	0.2	0.25
0.86	0.205	0.25
0.86	0.21	0.25
0.86	0.215	0.25
0.86	0.22	0.25
0.86	0.225	0.25
0.86	0.23	0.25
0.86	0.235	0.25
0.86	0.24	0.25
0.86	0.245	0.25
0.86	0.25	0.5
0.86	0.255	0.5
0.86	0.26	0.5
0.86	0.265	0.5
0.86	0.27	0.5
0.86	0.275	0.5
0.86	0.28	0.5
0.86	0.285	0.5
0.86	0.29	0.5
0.86	0.295	0.5
0.86	0.3	0.5
0.86	0.305	0.5
0.86	0.31	0.5
0.86	0.315	0.5
0.86	0.32	0.5
0.86	0.325	0.5
0.86	0.33	0.5
0.86	0.335	0.5
0.86	0.34	0.5
0.86	0.345	0.5
0.86	0.35	0.5
0.86	0.355	0.5
0.86	0.36	0.5
0.86	0.365	0.5
0.86	0.37	0.5
0.86	0.375	0.5
0.86	0.38	0.5
0.86	0.385	0.5
0.86	0.39	0.5
0.86	0.395	0.5
0.86	0.4	0.5
0.86	0.405	0.5
0.86	0.41	0.5
0.86	0.415	0.5
0.86	0.42	0.5
0.86	0.425	0.5
0.86	0.43	0.5
0.86	0.435	0.5
0.86	0.44	0.5
0.86	0.445	0.5
0.86	0.45	0.5
0.86	0.455	0.5
0.86	0.46	0.5
0.86	0.465	0.5
0.86	0.47	0.5
0.86	0.475	0.5
0.86	0.48	0.5
0.86	0.485	0.5
0.86	0.49	0.5
0.86	0.495	0.5
0.86	0.5	0.5
0.86	0.505	0.5
0.86	0.51	0.5
0.86	0.515	0.5
0.86	0.52	0.5
0.86	0.525	0.5
0.86	0.53	0.5
0.86	0.535	0.5
0.86	0.54	0.5
0.86	0.545	0.5
0.86	0.55	0.5
0.86	0.555	0.5
0.86	0.56	0.5
0.86	0.565	0.5
0.86	0.57	0.5
0.86	0.575	0.5
0.86	0.58	0.5
0.86	0.585	0.5
0.86	0.59	0.5
0.86	0.595	0.5
0.86	0.6	0.5
0.86	0.605	0.5
0.86	0.61	0.5
0.86	0.615	0.5
0.86	0.62	0.5
0.86	0.625	0.5
0.86	0.63	0.5
0.86	0.635	0.5
0.86	0.64	0.5
0.86	0.645	0.5
0.86	0.65	0.5
0.86	0.655	0.5
0.86	0.66	0.5
0.86	0.665	0.5
0.86	0.67	0.5
0.86	0.675	0.5
0.86	0.68	0.5
0.86	0.685	0.5
0.86	0.69	0.5
0.86	0.695	0.5
0.86	0.7	0.5
0.86	0.705	0.5
0.86	0.71	0.5
0.86	0.715	0.5
0.86	0.72	0.5
0.86	0.725	0.5
0.86	0.73	0.5
0.86	0.735	0.5
0.86	0.74	0.5
0.86	0.745	0.5
0.86	0.75	0.5
0.86	0.755	0.5
0.86	0.76	0.5
0.86	0.765	0.5
0.86	0.77	0.5
0.86	0.775	0.5
0.86	0.78	0.5
0.86	0.785	0.5
0.86	0.79	0.5
0.86	0.795	0.5
0.86	0.8	0.5
0.86	0.805	0.5
0.86	0.81	0.5
0.86	0.815	0.5
0.86	0.82	0.5
0.86	0.825	0.5
0.86	0.83	0.5
0.86	0.835	0.5
0.86	0.84	0.5
0.86	0.845	0.5
0.86	0.85	0.5
0.86	0.855	0.5
0.86	0.86	0.5
0.86	0.865	0.5
0.86	0.87	0.5
0.86	0.875	0.5
0.86	0.88	0.5
0.86	0.885	0.5
0.86	0.89	0.5
0.86	0.895	0.5
0.86	0.9	0.5
0.86	0.905	0.5
0.86	0.91	0.5
0.86	0.915	0.5
0.86	0.92	0.5
0.86	0.925	0.5
0.86	0.93	0.5
0.86	0.935	0.5
0.86	0.94	0.5
0.86	0.945	0.5
0.86	0.95	0.5
0.86	0.955	0.5
0.86	0.96	0.5
0.86	0.965	0.5
0.86	0.97	0.5
0.86	0.975	0.5
0.86	0.98	0.5
0.86	0.985	0.5
0.86	0.99	0.5
0.86	0.995	0.5
0.86	1	0.5
0.87	0	0.25
0.87	0.005	0.25
0.87	0.01	0.25
0.87	0.015	0.25
0.87	0.02	0.25
0.87	0.025	0.25
0.87	0.03	0.25
0.87	0.035	0.25
0.87	0.04	0.25
0.87	0.045	0.25
0.87	0.05	0.25
0.87	0.055	0.25
0.87	0.06	0.25
0.87	0.065	0.25
0.87	0.07	0.25
0.87	0.075	0.25
0.87	0.08	0.25
0.87	0.085	0.25
0.87	0.09	0.25
0.87	0.095	0.25
0.87	0.1	0.25
0.87	0.105	0.25
0.87	0.11	0.25
0.87	0.115	0.25
0.87	0.12	0.25
0.87	0.125	0.25
0.87	0.13	0.25
0.87	0.135	0.25
0.87	0.14	0.25
0.87	0.145	0.25
0.87	0.15	0.25
0.87	0.155	0.25
0.87	0.16	0.25
0.87	0.165	0.25
0.87	0.17	0.25
0.87	0.175	0.25
0.87	0.18	0.25
0.87	0.185	0.25
0.87	0.19	0.25
0.87	0.195	0.25
0.87	0.2	0.25
0.87	0.205	0.25
0.87	0.21	0.25
0.87	0.215	0.25
0.87	0.22	0.25
0.87	0.225	0.25
0.87	0.23	0.25
0.87	0.235	0.25
0.87	0.24	0.25
0.87	0.245	0.25
0.87	0.25	0.5
0.87	0.255	0.5
0.87	0.26	0.5
0.87	0.265	0.5
0.87	0.27	0.5
0.87	0.275	0.5
0.87	0.28	0.5
0.87	0.285	0.5
0.87	0.29	0.5
0.87	0.295	0.5
0.87	0.3	0.5
0.87	0.305	0.5
0.87	0.31	0.5
0.87	0.315	0.5
0.87	0.32	0.5
0.87	0.325	0.5
0.87	0.33	0.5
0.87	0.335	0.5
0.87	0.34	0.5
0.87	0.345	0.5
0.87	0.35	0.5
0.87	0.355	0.5
0.87	0.36	0.5
0.87	0.365	0.5
0.87	0.37	0.5
0.87	0.375	0.5
0.87	0.38	0.5
0.87	0.385	0.5
0.87	0.39	0.5
0.87	0.395	0.5
0.87	0.4	0.5
0.87	0.405	0.5
0.87	0.41	0.5
0.87	0.415	0.5
0.87	0.42	0.5
0.87	0.425	0.5
0.87	0.43	0.5
0.87	0.435	0.5
0.87	0.44	0.5
0.87	0.445	0.5
0.87	0.45	0.5
0.87	0.455	0.5
0.87	0.46	0.5
0.87	0.465	0.5
0.87	0.47	0.5
0.87	0.475	0.5
0.87	0.48	0.5
0.87	0.485	0.5
0.87	0.49	0.5
0.87	0.495	0.5
0.87	0.5	0.5
0.87	0.505	0.5
0.87	0.51	0.5
0.87	0.515	0.5
0.87	0.52	0.5
0.87	0.525	0.5
0.87	0.53	0.5
0.87	0.535	0.5
0.87	0.54	0.5
0.87	0.545	0.5
0.87	0.55	0.5
0.87	0.555	0.5
0.87	0.56	0.5
0.87	0.565	0.5
0.87	0.57	0.5
0.87	0.575	0.5
0.87	0.58	0.5
0.87	0.585	0.5
0.87	0.59	0.5
0.87	0.595	0.5
0.87	0.6	0.5
0.87	0.605	0.5
0.87	0.61	0.5
0.87	0.615	0.5
0.87	0.62	0.5
0.87	0.625	0.5
0.87	0.63	0.5
0.87	0.635	0.5
0.87	0.64	0.5
0.87	0.645	0.5
0.87	0.65	0.5
0.87	0.655	0.5
0.87	0.66	0.5
0.87	0.665	0.5
0.87	0.67	0.5
0.87	0.675	0.5
0.87	0.68	0.5
0.87	0.685	0.5
0.87	0.69	0.5
0.87	0.695	0.5
0.87	0.7	0.5
0.87	0.705	0.5
0.87	0.71	0.5
0.87	0.715	0.5
0.87	0.72	0.5
0.87	0.725	0.5
0.87	0.73	0.5
0.87	0.735	0.5
0.87	0.74	0.5
0.87	0.745	0.5
0.87	0.75	0.5
0.87	0.755	0.5
0.87	0.76	0.5
0.87	0.765	0.5
0.87	0.77	0.5
0.87	0.775	0.5
0.87	0.78	0.5
0.87	0.785	0.5
0.87	0.79	0.5
0.87	0.795	0.5
0.87	0.8	0.5
0.87	0.805	0.5
0.87	0.81	0.5
0.87	0.815	0.5
0.87	0.82	0.5
0.87	0.825	0.5
0.87	0.83	0.5
0.87	0.835	0.5
0.87	0.84	0.5
0.87	0.845	0.5
0.87	0.85	0.5
0.87	0.855	0.5
0.87	0.86	0.5
0.87	0.865	0.5
0.87	0.87	0.5
0.87	0.875	0.5
0.87	0.88	0.5
0.87	0.885	0.5
0.87	0.89	0.5
0.87	0.895	0.5
0.87	0.9	0.5
0.87	0.905	0.5
0.87	0.91	0.5
0.87	0.915	0.5
0.87	0.92	0.5
0.87	0.925	0.5
0.87	0.93	0.5
0.87	0.935	0.5
0.87	0.94	0.5
0.87	0.945	0.5
0.87	0.95	0.5
0.87	0.955	0.5
0.87	0.96	0.5
0.87	0.965	0.5
0.87	0.97	0.5
0.87	0.975	0.5
0.87	0.98	0.5
0.87	0.985	0.5
0.87	0.99	0.5
0.87	0.995	0.5
0.87	1	0.5
0.88	0	0.25
0.88	0.005	0.25
0.88	0.01	0.25
0.88	0.015	0.25
0.88	0.02	0.25
0.88	0.025	0.25
0.88	0.03	0.25
0.88	0.035	0.25
0.88	0.04	0.25
0.88	0.045	0.25
0.88	0.05	0.25
0.88	0.055	0.25
0.88	0.06	0.25
0.88	0.065	0.25
0.88	0.07	0.25
0.88	0.075	0.25
0.88	0.08	0.25
0.88	0.085	0.25
0.88	0.09	0.25
0.88	0.095	0.25
0.88	0.1	0.25
0.88	0.105	0.25
0.88	0.11	0.25
0.88	0.115	0.25
0.88	0.12	0.25
0.88	0.125	0.25
0.88	0.13	0.25
0.88	0.135	0.25
0.88	0.14	0.25
0.88	0.145	0.25
0.88	0.15	0.25
0.88	0.155	0.25
0.88	0.16	0.25
0.88	0.165	0.25
0.88	0.17	0.25
0.88	0.175	0.25
0.88	0.18	0.25
0.88	0.185	0.25
0.88	0.19	0.25
0.88	0.195	0.25
0.88	0.2	0.25
0.88	0.205	0.25
0.88	0.21	0.25
0.88	0.215	0.25
0.88	0.22	0.25
0.88	0.225	0.25
0.88	0.23	0.25
0.88	0.235	0.25
0.88	0.24	0.25
0.88	0.245	0.25
0.88	0.25	0.5
0.88	0.255	0.5
0.88	0.26	0.5
0.88	0.265	0.5
0.88	0.27	0.5
0.88	0.275	0.5
0.88	0.28	0.5
0.88	0.285	0.5
0.88	0.29	0.5
0.88	0.295	0.5
0.88	0.3	0.5
0.88	0.305	0.5
0.88	0.31	0.5
0.88	0.315	0.5
0.88	0.32	0.5
0.88	0.325	0.5
0.88	0.33	0.5
0.88	0.335	0.5
0.88	0.34	0.5
0.88	0.345	0.5
0.88	0.35	0.5
0.88	0.355	0.5
0.88	0.36	0.5
0.88	0.365	0.5
0.88	0.37	0.5
0.88	0.375	0.5
0.88	0.38	0.5
0.88	0.385	0.5
0.88	0.39	0.5
0.88	0.395	0.5
0.88	0.4	0.5
0.88	0.405	0.5
0.88	0.41	0.5
0.88	0.415	0.5
0.88	0.42	0.5
0.88	0.425	0.5
0.88	0.43	0.5
0.88	0.435	0.5
0.88	0.44	0.5
0.88	0.445	0.5
0.88	0.45	0.5
0.88	0.455	0.5
0.88	0.46	0.5
0.88	0.465	0.5
0.88	0.47	0.5
0.88	0.475	0.5
0.88	0.48	0.5
0.88	0.485	0.5
0.88	0.49	0.5
0.88	0.495	0.5
0.88	0.5	0.5
0.88	0.505	0.5
0.88	0.51	0.5
0.88	0.515	0.5
0.88	0.52	0.5
0.88	0.525	0.5
0.88	0.53	0.5
0.88	0.535	0.5
0.88	0.54	0.5
0.88	0.545	0.5
0.88	0.55	0.5
0.88	0.555	0.5
0.88	0.56	0.5
0.88	0.565	0.5
0.88	0.57	0.5
0.88	0.575	0.5
0.88	0.58	0.5
0.88	0.585	0.5
0.88	0.59	0.5
0.88	0.595	0.5
0.88	0.6	0.5
0.88	0.605	0.5
0.88	0.61	0.5
0.88	0.615	0.5
0.88	0.62	0.5
0.88	0.625	0.5
0.88	0.63	0.5
0.88	0.635	0.5
0.88	0.64	0.5
0.88	0.645	0.5
0.88	0.65	0.5
0.88	0.655	0.5
0.88	0.66	0.5
0.88	0.665	0.5
0.88	0.67	0.5
0.88	0.675	0.5
0.88	0.68	0.5
0.88	0.685	0.5
0.88	0.69	0.5
0.88	0.695	0.5
0.88	0.7	0.5
0.88	0.705	0.5
0.88	0.71	0.5
0.88	0.715	0.5
0.88	0.72	0.5
0.88	0.725	0.5
0.88	0.73	0.5
0.88	0.735	0.5
0.88	0.74	0.5
0.88	0.745	0.5
0.88	0.75	0.5
0.88	0.755	0.5
0.88	0.76	0.5
0.88	0.765	0.5
0.88	0.77	0.5
0.88	0.775	0.5
0.88	0.78	0.5
0.88	0.785	0.5
0.88	0.79	0.5
0.88	0.795	0.5
0.88	0.8	0.5
0.88	0.805	0.5
0.88	0.81	0.5
0.88	0.815	0.5
0.88	0.82	0.5
0.88	0.825	0.5
0.88	0.83	0.5
0.88	0.835	0.5
0.88	0.84	0.5
0.88	0.845	0.5
0.88	0.85	0.5
0.88	0.855	0.5
0.88	0.86	0.5
0.88	0.865	0.5
0.88	0.87	0.5
0.88	0.875	0.5
0.88	0.88	0.5
0.88	0.885	0.5
0.88	0.89	0.5
0.88	0.895	0.5
0.88	0.9	0.5
0.88	0.905	0.5
0.88	0.91	0.5
0.88	0.915	0.5
0.88	0.92	0.5
0.88	0.925	0.5
0.88	0.93	0.5
0.88	0.935	0.5
0.88	0.94	0.5
0.88	0.945	0.5
0.88	0.95	0.5
0.88	0.955	0.5
0.88	0.96	0.5
0.88	0.965	0.5
0.88	0.97	0.5
0.88	0.975	0.5
0.88	0.98	0.5
0.88	0.985	0.5
0.88	0.99	0.5
0.88	0.995	0.5
0.88	1	0.5
0.89	0	0.25
0.89	0.005	0.25
0.89	0.01	0.25
0.89	0.015	0.25
0.89	0.02	0.25
0.89	0.025	0.25
0.89	0.03	0.25
0.89	0.035	0.25
0.89	0.04	0.25
0.89	0.045	0.25
0.89	0.05	0.25
0.89	0.055	0.25
0.89	0.06	0.25
0.89	0.065	0.25
0.89	0.07	0.25
0.89	0.075	0.25
0.89	0.08	0.25
0.89	0.085	0.25
0.89	0.09	0.25
0.89	0.095	0.25
0.89	0.1	0.25
0.89	0.105	0.25
0.89	0.11	0.25
0.89	0.115	0.25
0.89	0.12	0.25
0.89	0.125	0.25
0.89	0.13	0.25
0.89	0.135	0.25
0.89	0.14	0.25
0.89	0.145	0.25
0.89	0.15	0.25
0.89	0.155	0.25
0.89	0.16	0.25
0.89	0.165	0.25
0.89	0.17	0.25
0.89	0.175	0.25
0.89	0.18	0.25
0.89	0.185	0.25
0.89	0.19	0.25
0.89	0.195	0.25
0.89	0.2	0.25
0.89	0.205	0.25
0.89	0.21	0.25
0.89	0.215	0.25
0.89	0.22	0.25
0.89	0.225	0.25
0.89	0.23	0.25
0.89	0.235	0.25
0.89	0.24	0.25
0.89	0.245	0.25
0.89	0.25	0.5
0.89	0.255	0.5
0.89	0.26	0.5
0.89	0.265	0.5
0.89	0.27	0.5
0.89	0.275	0.5
0.89	0.28	0.5
0.89	0.285	0.5
0.89	0.29	0.5
0.89	0.295	0.5
0.89	0.3	0.5
0.89	0.305	0.5
0.89	0.31	0.5
0.89	0.315	0.5
0.89	0.32	0.5
0.89	0.325	0.5
0.89	0.33	0.5
0.89	0.335	0.5
0.89	0.34	0.5
0.89	0.345	0.5
0.89	0.35	0.5
0.89	0.355	0.5
0.89	0.36	0.5
0.89	0.365	0.5
0.89	0.37	0.5
0.89	0.375	0.5
0.89	0.38	0.5
0.89	0.385	0.5
0.89	0.39	0.5
0.89	0.395	0.5
0.89	0.4	0.5
0.89	0.405	0.5
0.89	0.41	0.5
0.89	0.415	0.5
0.89	0.42	0.5
0.89	0.425	0.5
0.89	0.43	0.5
0.89	0.435	0.5
0.89	0.44	0.5
0.89	0.445	0.5
0.89	0.45	0.5
0.89	0.455	0.5
0.89	0.46	0.5
0.89	0.465	0.5
0.89	0.47	0.5
0.89	0.475	0.5
0.89	0.48	0.5
0.89	0.485	0.5
0.89	0.49	0.5
0.89	0.495	0.5
0.89	0.5	0.5
0.89	0.505	0.5
0.89	0.51	0.5
0.89	0.515	0.5
0.89	0.52	0.5
0.89	0.525	0.5
0.89	0.53	0.5
0.89	0.535	0.5
0.89	0.54	0.5
0.89	0.545	0.5
0.89	0.55	0.5
0.89	0.555	0.5
0.89	0.56	0.5
0.89	0.565	0.5
0.89	0.57	0.5
0.89	0.575	0.5
0.89	0.58	0.5
0.89	0.585	0.5
0.89	0.59	0.5
0.89	0.595	0.5
0.89	0.6	0.5
0.89	0.605	0.5
0.89	0.61	0.5
0.89	0.615	0.5
0.89	0.62	0.5
0.89	0.625	0.5
0.89	0.63	0.5
0.89	0.635	0.5
0.89	0.64	0.5
0.89	0.645	0.5
0.89	0.65	0.5
0.89	0.655	0.5
0.89	0.66	0.5
0.89	0.665	0.5
0.89	0.67	0.5
0.89	0.675	0.5
0.89	0.68	0.5
0.89	0.685	0.5
0.89	0.69	0.5
0.89	0.695	0.5
0.89	0.7	0.5
0.89	0.705	0.5
0.89	0.71	0.5
0.89	0.715	0.5
0.89	0.72	0.5
0.89	0.725	0.5
0.89	0.73	0.5
0.89	0.735	0.5
0.89	0.74	0.5
0.89	0.745	0.5
0.89	0.75	0.5
0.89	0.755	0.5
0.89	0.76	0.5
0.89	0.765	0.5
0.89	0.77	0.5
0.89	0.775	0.5
0.89	0.78	0.5
0.89	0.785	0.5
0.89	0.79	0.5
0.89	0.795	0.5
0.89	0.8	0.5
0.89	0.805	0.5
0.89	0.81	0.5
0.89	0.815	0.5
0.89	0.82	0.5
0.89	0.825	0.5
0.89	0.83	0.5
0.89	0.835	0.5
0.89	0.84	0.5
0.89	0.845	0.5
0.89	0.85	0.5
0.89	0.855	0.5
0.89	0.86	0.5
0.89	0.865	0.5
0.89	0.87	0.5
0.89	0.875	0.5
0.89	0.88	0.5
0.89	0.885	0.5
0.89	0.89	0.5
0.89	0.895	0.5
0.89	0.9	0.5
0.89	0.905	0.5
0.89	0.91	0.5
0.89	0.915	0.5
0.89	0.92	0.5
0.89	0.925	0.5
0.89	0.93	0.5
0.89	0.935	0.5
0.89	0.94	0.5
0.89	0.945	0.5
0.89	0.95	0.5
0.89	0.955	0.5
0.89	0.96	0.5
0.89	0.965	0.5
0.89	0.97	0.5
0.89	0.975	0.5
0.89	0.98	0.5
0.89	0.985	0.5
0.89	0.99	0.5
0.89	0.995	0.5
0.89	1	0.5
0.9	0	0.25
0.9	0.005	0.25
0.9	0.01	0.25
0.9	0.015	0.25
0.9	0.02	0.25
0.9	0.025	0.25
0.9	0.03	0.25
0.9	0.035	0.25
0.9	0.04	0.25
0.9	0.045	0.25
0.9	0.05	0.25
0.9	0.055	0.25
0.9	0.06	0.25
0.9	0.065	0.25
0.9	0.07	0.25
0.9	0.075	0.25
0.9	0.08	0.25
0.9	0.085	0.25
0.9	0.09	0.25
0.9	0.095	0.25
0.9	0.1	0.25
0.9	0.105	0.25
0.9	0.11	0.25
0.9	0.115	0.25
0.9	0.12	0.25
0.9	0.125	0.25
0.9	0.13	0.25
0.9	0.135	0.25
0.9	0.14	0.25
0.9	0.145	0.25
0.9	0.15	0.25
0.9	0.155	0.25
0.9	0.16	0.25
0.9	0.165	0.25
0.9	0.17	0.25
0.9	0.175	0.25
0.9	0.18	0.25
0.9	0.185	0.25
0.9	0.19	0.25
0.9	0.195	0.25
0.9	0.2	0.25
0.9	0.205	0.25
0.9	0.21	0.25
0.9	0.215	0.25
0.9	0.22	0.25
0.9	0.225	0.25
0.9	0.23	0.25
0.9	0.235	0.25
0.9	0.24	0.25
0.9	0.245	0.25
0.9	0.25	0.5
0.9	0.255	0.5
0.9	0.26	0.5
0.9	0.265	0.5
0.9	0.27	0.5
0.9	0.275	0.5
0.9	0.28	0.5
0.9	0.285	0.5
0.9	0.29	0.5
0.9	0.295	0.5
0.9	0.3	0.5
0.9	0.305	0.5
0.9	0.31	0.5
0.9	0.315	0.5
0.9	0.32	0.5
0.9	0.325	0.5
0.9	0.33	0.5
0.9	0.335	0.5
0.9	0.34	0.5
0.9	0.345	0.5
0.9	0.35	0.5
0.9	0.355	0.5
0.9	0.36	0.5
0.9	0.365	0.5
0.9	0.37	0.5
0.9	0.375	0.5
0.9	0.38	0.5
0.9	0.385	0.5
0.9	0.39	0.5
0.9	0.395	0.5
0.9	0.4	0.5
0.9	0.405	0.5
0.9	0.41	0.5
0.9	0.415	0.5
0.9	0.42	0.5
0.9	0.425	0.5
0.9	0.43	0.5
0.9	0.435	0.5
0.9	0.44	0.5
0.9	0.445	0.5
0.9	0.45	0.5
0.9	0.455	0.5
0.9	0.46	0.5
0.9	0.465	0.5
0.9	0.47	0.5
0.9	0.475	0.5
0.9	0.48	0.5
0.9	0.485	0.5
0.9	0.49	0.5
0.9	0.495	0.5
0.9	0.5	0.5
0.9	0.505	0.5
0.9	0.51	0.5
0.9	0.515	0.5
0.9	0.52	0.5
0.9	0.525	0.5
0.9	0.53	0.5
0.9	0.535	0.5
0.9	0.54	0.5
0.9	0.545	0.5
0.9	0.55	0.5
0.9	0.555	0.5
0.9	0.56	0.5
0.9	0.565	0.5
0.9	0.57	0.5
0.9	0.575	0.5
0.9	0.58	0.5
0.9	0.585	0.5
0.9	0.59	0.5
0.9	0.595	0.5
0.9	0.6	0.5
0.9	0.605	0.5
0.9	0.61	0.5
0.9	0.615	0.5
0.9	0.62	0.5
0.9	0.625	0.5
0.9	0.63	0.5
0.9	0.635	0.5
0.9	0.64	0.5
0.9	0.645	0.5
0.9	0.65	0.5
0.9	0.655	0.5
0.9	0.66	0.5
0.9	0.665	0.5
0.9	0.67	0.5
0.9	0.675	0.5
0.9	0.68	0.5
0.9	0.685	0.5
0.9	0.69	0.5
0.9	0.695	0.5
0.9	0.7	0.5
0.9	0.705	0.5
0.9	0.71	0.5
0.9	0.715	0.5
0.9	0.72	0.5
0.9	0.725	0.5
0.9	0.73	0.5
0.9	0.735	0.5
0.9	0.74	0.5
0.9	0.745	0.5
0.9	0.75	0.5
0.9	0.755	0.5
0.9	0.76	0.5
0.9	0.765	0.5
0.9	0.77	0.5
0.9	0.775	0.5
0.9	0.78	0.5
0.9	0.785	0.5
0.9	0.79	0.5
0.9	0.795	0.5
0.9	0.8	0.5
0.9	0.805	0.5
0.9	0.81	0.5
0.9	0.815	0.5
0.9	0.82	0.5
0.9	0.825	0.5
0.9	0.83	0.5
0.9	0.835	0.5
0.9	0.84	0.5
0.9	0.845	0.5
0.9	0.85	0.5
0.9	0.855	0.5
0.9	0.86	0.5
0.9	0.865	0.5
0.9	0.87	0.5
0.9	0.875	0.5
0.9	0.88	0.5
0.9	0.885	0.5
0.9	0.89	0.5
0.9	0.895	0.5
0.9	0.9	0.5
0.9	0.905	0.5
0.9	0.91	0.5
0.9	0.915	0.5
0.9	0.92	0.5
0.9	0.925	0.5
0.9	0.93	0.5
0.9	0.935	0.5
0.9	0.94	0.5
0.9	0.945	0.5
0.9	0.95	0.5
0.9	0.955	0.5
0.9	0.96	0.5
0.9	0.965	0.5
0.9	0.97	0.5
0.9	0.975	0.5
0.9	0.98	0.5
0.9	0.985	0.5
0.9	0.99	0.5
0.9	0.995	0.5
0.9	1	0.5
0.91	0	0.25
0.91	0.005	0.25
0.91	0.01	0.25
0.91	0.015	0.25
0.91	0.02	0.25
0.91	0.025	0.25
0.91	0.03	0.25
0.91	0.035	0.25
0.91	0.04	0.25
0.91	0.045	0.25
0.91	0.05	0.25
0.91	0.055	0.25
0.91	0.06	0.25
0.91	0.065	0.25
0.91	0.07	0.25
0.91	0.075	0.25
0.91	0.08	0.25
0.91	0.085	0.25
0.91	0.09	0.25
0.91	0.095	0.25
0.91	0.1	0.25
0.91	0.105	0.25
0.91	0.11	0.25
0.91	0.115	0.25
0.91	0.12	0.25
0.91	0.125	0.25
0.91	0.13	0.25
0.91	0.135	0.25
0.91	0.14	0.25
0.91	0.145	0.25
0.91	0.15	0.25
0.91	0.155	0.25
0.91	0.16	0.25
0.91	0.165	0.25
0.91	0.17	0.25
0.91	0.175	0.25
0.91	0.18	0.25
0.91	0.185	0.25
0.91	0.19	0.25
0.91	0.195	0.25
0.91	0.2	0.25
0.91	0.205	0.25
0.91	0.21	0.25
0.91	0.215	0.25
0.91	0.22	0.25
0.91	0.225	0.25
0.91	0.23	0.25
0.91	0.235	0.25
0.91	0.24	0.25
0.91	0.245	0.25
0.91	0.25	0.5
0.91	0.255	0.5
0.91	0.26	0.5
0.91	0.265	0.5
0.91	0.27	0.5
0.91	0.275	0.5
0.91	0.28	0.5
0.91	0.285	0.5
0.91	0.29	0.5
0.91	0.295	0.5
0.91	0.3	0.5
0.91	0.305	0.5
0.91	0.31	0.5
0.91	0.315	0.5
0.91	0.32	0.5
0.91	0.325	0.5
0.91	0.33	0.5
0.91	0.335	0.5
0.91	0.34	0.5
0.91	0.345	0.5
0.91	0.35	0.5
0.91	0.355	0.5
0.91	0.36	0.5
0.91	0.365	0.5
0.91	0.37	0.5
0.91	0.375	0.5
0.91	0.38	0.5
0.91	0.385	0.5
0.91	0.39	0.5
0.91	0.395	0.5
0.91	0.4	0.5
0.91	0.405	0.5
0.91	0.41	0.5
0.91	0.415	0.5
0.91	0.42	0.5
0.91	0.425	0.5
0.91	0.43	0.5
0.91	0.435	0.5
0.91	0.44	0.5
0.91	0.445	0.5
0.91	0.45	0.5
0.91	0.455	0.5
0.91	0.46	0.5
0.91	0.465	0.5
0.91	0.47	0.5
0.91	0.475	0.5
0.91	0.48	0.5
0.91	0.485	0.5
0.91	0.49	0.5
0.91	0.495	0.5
0.91	0.5	0.5
0.91	0.505	0.5
0.91	0.51	0.5
0.91	0.515	0.5
0.91	0.52	0.5
0.91	0.525	0.5
0.91	0.53	0.5
0.91	0.535	0.5
0.91	0.54	0.5
0.91	0.545	0.5
0.91	0.55	0.5
0.91	0.555	0.5
0.91	0.56	0.5
0.91	0.565	0.5
0.91	0.57	0.5
0.91	0.575	0.5
0.91	0.58	0.5
0.91	0.585	0.5
0.91	0.59	0.5
0.91	0.595	0.5
0.91	0.6	0.5
0.91	0.605	0.5
0.91	0.61	0.5
0.91	0.615	0.5
0.91	0.62	0.5
0.91	0.625	0.5
0.91	0.63	0.5
0.91	0.635	0.5
0.91	0.64	0.5
0.91	0.645	0.5
0.91	0.65	0.5
0.91	0.655	0.5
0.91	0.66	0.5
0.91	0.665	0.5
0.91	0.67	0.5
0.91	0.675	0.5
0.91	0.68	0.5
0.91	0.685	0.5
0.91	0.69	0.5
0.91	0.695	0.5
0.91	0.7	0.5
0.91	0.705	0.5
0.91	0.71	0.5
0.91	0.715	0.5
0.91	0.72	0.5
0.91	0.725	0.5
0.91	0.73	0.5
0.91	0.735	0.5
0.91	0.74	0.5
0.91	0.745	0.5
0.91	0.75	0.5
0.91	0.755	0.5
0.91	0.76	0.5
0.91	0.765	0.5
0.91	0.77	0.5
0.91	0.775	0.5
0.91	0.78	0.5
0.91	0.785	0.5
0.91	0.79	0.5
0.91	0.795	0.5
0.91	0.8	0.5
0.91	0.805	0.5
0.91	0.81	0.5
0.91	0.815	0.5
0.91	0.82	0.5
0.91	0.825	0.5
0.91	0.83	0.5
0.91	0.835	0.5
0.91	0.84	0.5
0.91	0.845	0.5
0.91	0.85	0.5
0.91	0.855	0.5
0.91	0.86	0.5
0.91	0.865	0.5
0.91	0.87	0.5
0.91	0.875	0.5
0.91	0.88	0.5
0.91	0.885	0.5
0.91	0.89	0.5
0.91	0.895	0.5
0.91	0.9	0.5
0.91	0.905	0.5
0.91	0.91	0.5
0.91	0.915	0.5
0.91	0.92	0.5
0.91	0.925	0.5
0.91	0.93	0.5
0.91	0.935	0.5
0.91	0.94	0.5
0.91	0.945	0.5
0.91	0.95	0.5
0.91	0.955	0.5
0.91	0.96	0.5
0.91	0.965	0.5
0.91	0.97	0.5
0.91	0.975	0.5
0.91	0.98	0.5
0.91	0.985	0.5
0.91	0.99	0.5
0.91	0.995	0.5
0.91	1	0.5
0.92	0	0.25
0.92	0.005	0.25
0.92	0.01	0.25
0.92	0.015	0.25
0.92	0.02	0.25
0.92	0.025	0.25
0.92	0.03	0.25
0.92	0.035	0.25
0.92	0.04	0.25
0.92	0.045	0.25
0.92	0.05	0.25
0.92	0.055	0.25
0.92	0.06	0.25
0.92	0.065	0.25
0.92	0.07	0.25
0.92	0.075	0.25
0.92	0.08	0.25
0.92	0.085	0.25
0.92	0.09	0.25
0.92	0.095	0.25
0.92	0.1	0.25
0.92	0.105	0.25
0.92	0.11	0.25
0.92	0.115	0.25
0.92	0.12	0.25
0.92	0.125	0.25
0.92	0.13	0.25
0.92	0.135	0.25
0.92	0.14	0.25
0.92	0.145	0.25
0.92	0.15	0.25
0.92	0.155	0.25
0.92	0.16	0.25
0.92	0.165	0.25
0.92	0.17	0.25
0.92	0.175	0.25
0.92	0.18	0.25
0.92	0.185	0.25
0.92	0.19	0.25
0.92	0.195	0.25
0.92	0.2	0.25
0.92	0.205	0.25
0.92	0.21	0.25
0.92	0.215	0.25
0.92	0.22	0.25
0.92	0.225	0.25
0.92	0.23	0.25
0.92	0.235	0.25
0.92	0.24	0.25
0.92	0.245	0.25
0.92	0.25	0.5
0.92	0.255	0.5
0.92	0.26	0.5
0.92	0.265	0.5
0.92	0.27	0.5
0.92	0.275	0.5
0.92	0.28	0.5
0.92	0.285	0.5
0.92	0.29	0.5
0.92	0.295	0.5
0.92	0.3	0.5
0.92	0.305	0.5
0.92	0.31	0.5
0.92	0.315	0.5
0.92	0.32	0.5
0.92	0.325	0.5
0.92	0.33	0.5
0.92	0.335	0.5
0.92	0.34	0.5
0.92	0.345	0.5
0.92	0.35	0.5
0.92	0.355	0.5
0.92	0.36	0.5
0.92	0.365	0.5
0.92	0.37	0.5
0.92	0.375	0.5
0.92	0.38	0.5
0.92	0.385	0.5
0.92	0.39	0.5
0.92	0.395	0.5
0.92	0.4	0.5
0.92	0.405	0.5
0.92	0.41	0.5
0.92	0.415	0.5
0.92	0.42	0.5
0.92	0.425	0.5
0.92	0.43	0.5
0.92	0.435	0.5
0.92	0.44	0.5
0.92	0.445	0.5
0.92	0.45	0.5
0.92	0.455	0.5
0.92	0.46	0.5
0.92	0.465	0.5
0.92	0.47	0.5
0.92	0.475	0.5
0.92	0.48	0.5
0.92	0.485	0.5
0.92	0.49	0.5
0.92	0.495	0.5
0.92	0.5	0.5
0.92	0.505	0.5
0.92	0.51	0.5
0.92	0.515	0.5
0.92	0.52	0.5
0.92	0.525	0.5
0.92	0.53	0.5
0.92	0.535	0.5
0.92	0.54	0.5
0.92	0.545	0.5
0.92	0.55	0.5
0.92	0.555	0.5
0.92	0.56	0.5
0.92	0.565	0.5
0.92	0.57	0.5
0.92	0.575	0.5
0.92	0.58	0.5
0.92	0.585	0.5
0.92	0.59	0.5
0.92	0.595	0.5
0.92	0.6	0.5
0.92	0.605	0.5
0.92	0.61	0.5
0.92	0.615	0.5
0.92	0.62	0.5
0.92	0.625	0.5
0.92	0.63	0.5
0.92	0.635	0.5
0.92	0.64	0.5
0.92	0.645	0.5
0.92	0.65	0.5
0.92	0.655	0.5
0.92	0.66	0.5
0.92	0.665	0.5
0.92	0.67	0.5
0.92	0.675	0.5
0.92	0.68	0.5
0.92	0.685	0.5
0.92	0.69	0.5
0.92	0.695	0.5
0.92	0.7	0.5
0.92	0.705	0.5
0.92	0.71	0.5
0.92	0.715	0.5
0.92	0.72	0.5
0.92	0.725	0.5
0.92	0.73	0.5
0.92	0.735	0.5
0.92	0.74	0.5
0.92	0.745	0.5
0.92	0.75	0.5
0.92	0.755	0.5
0.92	0.76	0.5
0.92	0.765	0.5
0.92	0.77	0.5
0.92	0.775	0.5
0.92	0.78	0.5
0.92	0.785	0.5
0.92	0.79	0.5
0.92	0.795	0.5
0.92	0.8	0.5
0.92	0.805	0.5
0.92	0.81	0.5
0.92	0.815	0.5
0.92	0.82	0.5
0.92	0.825	0.5
0.92	0.83	0.5
0.92	0.835	0.5
0.92	0.84	0.5
0.92	0.845	0.5
0.92	0.85	0.5
0.92	0.855	0.5
0.92	0.86	0.5
0.92	0.865	0.5
0.92	0.87	0.5
0.92	0.875	0.5
0.92	0.88	0.5
0.92	0.885	0.5
0.92	0.89	0.5
0.92	0.895	0.5
0.92	0.9	0.5
0.92	0.905	0.5
0.92	0.91	0.5
0.92	0.915	0.5
0.92	0.92	0.5
0.92	0.925	0.5
0.92	0.93	0.5
0.92	0.935	0.5
0.92	0.94	0.5
0.92	0.945	0.5
0.92	0.95	0.5
0.92	0.955	0.5
0.92	0.96	0.5
0.92	0.965	0.5
0.92	0.97	0.5
0.92	0.975	0.5
0.92	0.98	0.5
0.92	0.985	0.5
0.92	0.99	0.5
0.92	0.995	0.5
0.92	1	0.5
0.93	0	0.25
0.93	0.005	0.25
0.93	0.01	0.25
0.93	0.015	0.25
0.93	0.02	0.25
0.93	0.025	0.25
0.93	0.03	0.25
0.93	0.035	0.25
0.93	0.04	0.25
0.93	0.045	0.25
0.93	0.05	0.25
0.93	0.055	0.25
0.93	0.06	0.25
0.93	0.065	0.25
0.93	0.07	0.25
0.93	0.075	0.25
0.93	0.08	0.25
0.93	0.085	0.25
0.93	0.09	0.25
0.93	0.095	0.25
0.93	0.1	0.25
0.93	0.105	0.25
0.93	0.11	0.25
0.93	0.115	0.25
0.93	0.12	0.25
0.93	0.125	0.25
0.93	0.13	0.25
0.93	0.135	0.25
0.93	0.14	0.25
0.93	0.145	0.25
0.93	0.15	0.25
0.93	0.155	0.25
0.93	0.16	0.25
0.93	0.165	0.25
0.93	0.17	0.25
0.93	0.175	0.25
0.93	0.18	0.25
0.93	0.185	0.25
0.93	0.19	0.25
0.93	0.195	0.25
0.93	0.2	0.25
0.93	0.205	0.25
0.93	0.21	0.25
0.93	0.215	0.25
0.93	0.22	0.25
0.93	0.225	0.25
0.93	0.23	0.25
0.93	0.235	0.25
0.93	0.24	0.25
0.93	0.245	0.25
0.93	0.25	0.5
0.93	0.255	0.5
0.93	0.26	0.5
0.93	0.265	0.5
0.93	0.27	0.5
0.93	0.275	0.5
0.93	0.28	0.5
0.93	0.285	0.5
0.93	0.29	0.5
0.93	0.295	0.5
0.93	0.3	0.5
0.93	0.305	0.5
0.93	0.31	0.5
0.93	0.315	0.5
0.93	0.32	0.5
0.93	0.325	0.5
0.93	0.33	0.5
0.93	0.335	0.5
0.93	0.34	0.5
0.93	0.345	0.5
0.93	0.35	0.5
0.93	0.355	0.5
0.93	0.36	0.5
0.93	0.365	0.5
0.93	0.37	0.5
0.93	0.375	0.5
0.93	0.38	0.5
0.93	0.385	0.5
0.93	0.39	0.5
0.93	0.395	0.5
0.93	0.4	0.5
0.93	0.405	0.5
0.93	0.41	0.5
0.93	0.415	0.5
0.93	0.42	0.5
0.93	0.425	0.5
0.93	0.43	0.5
0.93	0.435	0.5
0.93	0.44	0.5
0.93	0.445	0.5
0.93	0.45	0.5
0.93	0.455	0.5
0.93	0.46	0.5
0.93	0.465	0.5
0.93	0.47	0.5
0.93	0.475	0.5
0.93	0.48	0.5
0.93	0.485	0.5
0.93	0.49	0.5
0.93	0.495	0.5
0.93	0.5	0.5
0.93	0.505	0.5
0.93	0.51	0.5
0.93	0.515	0.5
0.93	0.52	0.5
0.93	0.525	0.5
0.93	0.53	0.5
0.93	0.535	0.5
0.93	0.54	0.5
0.93	0.545	0.5
0.93	0.55	0.5
0.93	0.555	0.5
0.93	0.56	0.5
0.93	0.565	0.5
0.93	0.57	0.5
0.93	0.575	0.5
0.93	0.58	0.5
0.93	0.585	0.5
0.93	0.59	0.5
0.93	0.595	0.5
0.93	0.6	0.5
0.93	0.605	0.5
0.93	0.61	0.5
0.93	0.615	0.5
0.93	0.62	0.5
0.93	0.625	0.5
0.93	0.63	0.5
0.93	0.635	0.5
0.93	0.64	0.5
0.93	0.645	0.5
0.93	0.65	0.5
0.93	0.655	0.5
0.93	0.66	0.5
0.93	0.665	0.5
0.93	0.67	0.5
0.93	0.675	0.5
0.93	0.68	0.5
0.93	0.685	0.5
0.93	0.69	0.5
0.93	0.695	0.5
0.93	0.7	0.5
0.93	0.705	0.5
0.93	0.71	0.5
0.93	0.715	0.5
0.93	0.72	0.5
0.93	0.725	0.5
0.93	0.73	0.5
0.93	0.735	0.5
0.93	0.74	0.5
0.93	0.745	0.5
0.93	0.75	0.5
0.93	0.755	0.5
0.93	0.76	0.5
0.93	0.765	0.5
0.93	0.77	0.5
0.93	0.775	0.5
0.93	0.78	0.5
0.93	0.785	0.5
0.93	0.79	0.5
0.93	0.795	0.5
0.93	0.8	0.5
0.93	0.805	0.5
0.93	0.81	0.5
0.93	0.815	0.5
0.93	0.82	0.5
0.93	0.825	0.5
0.93	0.83	0.5
0.93	0.835	0.5
0.93	0.84	0.5
0.93	0.845	0.5
0.93	0.85	0.5
0.93	0.855	0.5
0.93	0.86	0.5
0.93	0.865	0.5
0.93	0.87	0.5
0.93	0.875	0.5
0.93	0.88	0.5
0.93	0.885	0.5
0.93	0.89	0.5
0.93	0.895	0.5
0.93	0.9	0.5
0.93	0.905	0.5
0.93	0.91	0.5
0.93	0.915	0.5
0.93	0.92	0.5
0.93	0.925	0.5
0.93	0.93	0.5
0.93	0.935	0.5
0.93	0.94	0.5
0.93	0.945	0.5
0.93	0.95	0.5
0.93	0.955	0.5
0.93	0.96	0.5
0.93	0.965	0.5
0.93	0.97	0.5
0.93	0.975	0.5
0.93	0.98	0.5
0.93	0.985	0.5
0.93	0.99	0.5
0.93	0.995	0.5
0.93	1	0.5
0.94	0	0.25
0.94	0.005	0.25
0.94	0.01	0.25
0.94	0.015	0.25
0.94	0.02	0.25
0.94	0.025	0.25
0.94	0.03	0.25
0.94	0.035	0.25
0.94	0.04	0.25
0.94	0.045	0.25
0.94	0.05	0.25
0.94	0.055	0.25
0.94	0.06	0.25
0.94	0.065	0.25
0.94	0.07	0.25
0.94	0.075	0.25
0.94	0.08	0.25
0.94	0.085	0.25
0.94	0.09	0.25
0.94	0.095	0.25
0.94	0.1	0.25
0.94	0.105	0.25
0.94	0.11	0.25
0.94	0.115	0.25
0.94	0.12	0.25
0.94	0.125	0.25
0.94	0.13	0.25
0.94	0.135	0.25
0.94	0.14	0.25
0.94	0.145	0.25
0.94	0.15	0.25
0.94	0.155	0.25
0.94	0.16	0.25
0.94	0.165	0.25
0.94	0.17	0.25
0.94	0.175	0.25
0.94	0.18	0.25
0.94	0.185	0.25
0.94	0.19	0.25
0.94	0.195	0.25
0.94	0.2	0.25
0.94	0.205	0.25
0.94	0.21	0.25
0.94	0.215	0.25
0.94	0.22	0.25
0.94	0.225	0.25
0.94	0.23	0.25
0.94	0.235	0.25
0.94	0.24	0.25
0.94	0.245	0.25
0.94	0.25	0.5
0.94	0.255	0.5
0.94	0.26	0.5
0.94	0.265	0.5
0.94	0.27	0.5
0.94	0.275	0.5
0.94	0.28	0.5
0.94	0.285	0.5
0.94	0.29	0.5
0.94	0.295	0.5
0.94	0.3	0.5
0.94	0.305	0.5
0.94	0.31	0.5
0.94	0.315	0.5
0.94	0.32	0.5
0.94	0.325	0.5
0.94	0.33	0.5
0.94	0.335	0.5
0.94	0.34	0.5
0.94	0.345	0.5
0.94	0.35	0.5
0.94	0.355	0.5
0.94	0.36	0.5
0.94	0.365	0.5
0.94	0.37	0.5
0.94	0.375	0.5
0.94	0.38	0.5
0.94	0.385	0.5
0.94	0.39	0.5
0.94	0.395	0.5
0.94	0.4	0.5
0.94	0.405	0.5
0.94	0.41	0.5
0.94	0.415	0.5
0.94	0.42	0.5
0.94	0.425	0.5
0.94	0.43	0.5
0.94	0.435	0.5
0.94	0.44	0.5
0.94	0.445	0.5
0.94	0.45	0.5
0.94	0.455	0.5
0.94	0.46	0.5
0.94	0.465	0.5
0.94	0.47	0.5
0.94	0.475	0.5
0.94	0.48	0.5
0.94	0.485	0.5
0.94	0.49	0.5
0.94	0.495	0.5
0.94	0.5	0.5
0.94	0.505	0.5
0.94	0.51	0.5
0.94	0.515	0.5
0.94	0.52	0.5
0.94	0.525	0.5
0.94	0.53	0.5
0.94	0.535	0.5
0.94	0.54	0.5
0.94	0.545	0.5
0.94	0.55	0.5
0.94	0.555	0.5
0.94	0.56	0.5
0.94	0.565	0.5
0.94	0.57	0.5
0.94	0.575	0.5
0.94	0.58	0.5
0.94	0.585	0.5
0.94	0.59	0.5
0.94	0.595	0.5
0.94	0.6	0.5
0.94	0.605	0.5
0.94	0.61	0.5
0.94	0.615	0.5
0.94	0.62	0.5
0.94	0.625	0.5
0.94	0.63	0.5
0.94	0.635	0.5
0.94	0.64	0.5
0.94	0.645	0.5
0.94	0.65	0.5
0.94	0.655	0.5
0.94	0.66	0.5
0.94	0.665	0.5
0.94	0.67	0.5
0.94	0.675	0.5
0.94	0.68	0.5
0.94	0.685	0.5
0.94	0.69	0.5
0.94	0.695	0.5
0.94	0.7	0.5
0.94	0.705	0.5
0.94	0.71	0.5
0.94	0.715	0.5
0.94	0.72	0.5
0.94	0.725	0.5
0.94	0.73	0.5
0.94	0.735	0.5
0.94	0.74	0.5
0.94	0.745	0.5
0.94	0.75	0.5
0.94	0.755	0.5
0.94	0.76	0.5
0.94	0.765	0.5
0.94	0.77	0.5
0.94	0.775	0.5
0.94	0.78	0.5
0.94	0.785	0.5
0.94	0.79	0.5
0.94	0.795	0.5
0.94	0.8	0.5
0.94	0.805	0.5
0.94	0.81	0.5
0.94	0.815	0.5
0.94	0.82	0.5
0.94	0.825	0.5
0.94	0.83	0.5
0.94	0.835	0.5
0.94	0.84	0.5
0.94	0.845	0.5
0.94	0.85	0.5
0.94	0.855	0.5
0.94	0.86	0.5
0.94	0.865	0.5
0.94	0.87	0.5
0.94	0.875	0.5
0.94	0.88	0.5
0.94	0.885	0.5
0.94	0.89	0.5
0.94	0.895	0.5
0.94	0.9	0.5
0.94	0.905	0.5
0.94	0.91	0.5
0.94	0.915	0.5
0.94	0.92	0.5
0.94	0.925	0.5
0.94	0.93	0.5
0.94	0.935	0.5
0.94	0.94	0.5
0.94	0.945	0.5
0.94	0.95	0.5
0.94	0.955	0.5
0.94	0.96	0.5
0.94	0.965	0.5
0.94	0.97	0.5
0.94	0.975	0.5
0.94	0.98	0.5
0.94	0.985	0.5
0.94	0.99	0.5
0.94	0.995	0.5
0.94	1	0.5
0.95	0	0.25
0.95	0.005	0.25
0.95	0.01	0.25
0.95	0.015	0.25
0.95	0.02	0.25
0.95	0.025	0.25
0.95	0.03	0.25
0.95	0.035	0.25
0.95	0.04	0.25
0.95	0.045	0.25
0.95	0.05	0.25
0.95	0.055	0.25
0.95	0.06	0.25
0.95	0.065	0.25
0.95	0.07	0.25
0.95	0.075	0.25
0.95	0.08	0.25
0.95	0.085	0.25
0.95	0.09	0.25
0.95	0.095	0.25
0.95	0.1	0.25
0.95	0.105	0.25
0.95	0.11	0.25
0.95	0.115	0.25
0.95	0.12	0.25
0.95	0.125	0.25
0.95	0.13	0.25
0.95	0.135	0.25
0.95	0.14	0.25
0.95	0.145	0.25
0.95	0.15	0.25
0.95	0.155	0.25
0.95	0.16	0.25
0.95	0.165	0.25
0.95	0.17	0.25
0.95	0.175	0.25
0.95	0.18	0.25
0.95	0.185	0.25
0.95	0.19	0.25
0.95	0.195	0.25
0.95	0.2	0.25
0.95	0.205	0.25
0.95	0.21	0.25
0.95	0.215	0.25
0.95	0.22	0.25
0.95	0.225	0.25
0.95	0.23	0.25
0.95	0.235	0.25
0.95	0.24	0.25
0.95	0.245	0.25
0.95	0.25	0.5
0.95	0.255	0.5
0.95	0.26	0.5
0.95	0.265	0.5
0.95	0.27	0.5
0.95	0.275	0.5
0.95	0.28	0.5
0.95	0.285	0.5
0.95	0.29	0.5
0.95	0.295	0.5
0.95	0.3	0.5
0.95	0.305	0.5
0.95	0.31	0.5
0.95	0.315	0.5
0.95	0.32	0.5
0.95	0.325	0.5
0.95	0.33	0.5
0.95	0.335	0.5
0.95	0.34	0.5
0.95	0.345	0.5
0.95	0.35	0.5
0.95	0.355	0.5
0.95	0.36	0.5
0.95	0.365	0.5
0.95	0.37	0.5
0.95	0.375	0.5
0.95	0.38	0.5
0.95	0.385	0.5
0.95	0.39	0.5
0.95	0.395	0.5
0.95	0.4	0.5
0.95	0.405	0.5
0.95	0.41	0.5
0.95	0.415	0.5
0.95	0.42	0.5
0.95	0.425	0.5
0.95	0.43	0.5
0.95	0.435	0.5
0.95	0.44	0.5
0.95	0.445	0.5
0.95	0.45	0.5
0.95	0.455	0.5
0.95	0.46	0.5
0.95	0.465	0.5
0.95	0.47	0.5
0.95	0.475	0.5
0.95	0.48	0.5
0.95	0.485	0.5
0.95	0.49	0.5
0.95	0.495	0.5
0.95	0.5	0.5
0.95	0.505	0.5
0.95	0.51	0.5
0.95	0.515	0.5
0.95	0.52	0.5
0.95	0.525	0.5
0.95	0.53	0.5
0.95	0.535	0.5
0.95	0.54	0.5
0.95	0.545	0.5
0.95	0.55	0.5
0.95	0.555	0.5
0.95	0.56	0.5
0.95	0.565	0.5
0.95	0.57	0.5
0.95	0.575	0.5
0.95	0.58	0.5
0.95	0.585	0.5
0.95	0.59	0.5
0.95	0.595	0.5
0.95	0.6	0.5
0.95	0.605	0.5
0.95	0.61	0.5
0.95	0.615	0.5
0.95	0.62	0.5
0.95	0.625	0.5
0.95	0.63	0.5
0.95	0.635	0.5
0.95	0.64	0.5
0.95	0.645	0.5
0.95	0.65	0.5
0.95	0.655	0.5
0.95	0.66	0.5
0.95	0.665	0.5
0.95	0.67	0.5
0.95	0.675	0.5
0.95	0.68	0.5
0.95	0.685	0.5
0.95	0.69	0.5
0.95	0.695	0.5
0.95	0.7	0.5
0.95	0.705	0.5
0.95	0.71	0.5
0.95	0.715	0.5
0.95	0.72	0.5
0.95	0.725	0.5
0.95	0.73	0.5
0.95	0.735	0.5
0.95	0.74	0.5
0.95	0.745	0.5
0.95	0.75	0.5
0.95	0.755	0.5
0.95	0.76	0.5
0.95	0.765	0.5
0.95	0.77	0.5
0.95	0.775	0.5
0.95	0.78	0.5
0.95	0.785	0.5
0.95	0.79	0.5
0.95	0.795	0.5
0.95	0.8	0.5
0.95	0.805	0.5
0.95	0.81	0.5
0.95	0.815	0.5
0.95	0.82	0.5
0.95	0.825	0.5
0.95	0.83	0.5
0.95	0.835	0.5
0.95	0.84	0.5
0.95	0.845	0.5
0.95	0.85	0.5
0.95	0.855	0.5
0.95	0.86	0.5
0.95	0.865	0.5
0.95	0.87	0.5
0.95	0.875	0.5
0.95	0.88	0.5
0.95	0.885	0.5
0.95	0.89	0.5
0.95	0.895	0.5
0.95	0.9	0.5
0.95	0.905	0.5
0.95	0.91	0.5
0.95	0.915	0.5
0.95	0.92	0.5
0.95	0.925	0.5
0.95	0.93	0.5
0.95	0.935	0.5
0.95	0.94	0.5
0.95	0.945	0.5
0.95	0.95	0.5
0.95	0.955	0.5
0.95	0.96	0.5
0.95	0.965	0.5
0.95	0.97	0.5
0.95	0.975	0.5
0.95	0.98	0.5
0.95	0.985	0.5
0.95	0.99	0.5
0.95	0.995	0.5
0.95	1	0.5
0.96	0	0.25
0.96	0.005	0.25
0.96	0.01	0.25
0.96	0.015	0.25
0.96	0.02	0.25
0.96	0.025	0.25
0.96	0.03	0.25
0.96	0.035	0.25
0.96	0.04	0.25
0.96	0.045	0.25
0.96	0.05	0.25
0.96	0.055	0.25
0.96	0.06	0.25
0.96	0.065	0.25
0.96	0.07	0.25
0.96	0.075	0.25
0.96	0.08	0.25
0.96	0.085	0.25
0.96	0.09	0.25
0.96	0.095	0.25
0.96	0.1	0.25
0.96	0.105	0.25
0.96	0.11	0.25
0.96	0.115	0.25
0.96	0.12	0.25
0.96	0.125	0.25
0.96	0.13	0.25
0.96	0.135	0.25
0.96	0.14	0.25
0.96	0.145	0.25
0.96	0.15	0.25
0.96	0.155	0.25
0.96	0.16	0.25
0.96	0.165	0.25
0.96	0.17	0.25
0.96	0.175	0.25
0.96	0.18	0.25
0.96	0.185	0.25
0.96	0.19	0.25
0.96	0.195	0.25
0.96	0.2	0.25
0.96	0.205	0.25
0.96	0.21	0.25
0.96	0.215	0.25
0.96	0.22	0.25
0.96	0.225	0.25
0.96	0.23	0.25
0.96	0.235	0.25
0.96	0.24	0.25
0.96	0.245	0.25
0.96	0.25	0.5
0.96	0.255	0.5
0.96	0.26	0.5
0.96	0.265	0.5
0.96	0.27	0.5
0.96	0.275	0.5
0.96	0.28	0.5
0.96	0.285	0.5
0.96	0.29	0.5
0.96	0.295	0.5
0.96	0.3	0.5
0.96	0.305	0.5
0.96	0.31	0.5
0.96	0.315	0.5
0.96	0.32	0.5
0.96	0.325	0.5
0.96	0.33	0.5
0.96	0.335	0.5
0.96	0.34	0.5
0.96	0.345	0.5
0.96	0.35	0.5
0.96	0.355	0.5
0.96	0.36	0.5
0.96	0.365	0.5
0.96	0.37	0.5
0.96	0.375	0.5
0.96	0.38	0.5
0.96	0.385	0.5
0.96	0.39	0.5
0.96	0.395	0.5
0.96	0.4	0.5
0.96	0.405	0.5
0.96	0.41	0.5
0.96	0.415	0.5
0.96	0.42	0.5
0.96	0.425	0.5
0.96	0.43	0.5
0.96	0.435	0.5
0.96	0.44	0.5
0.96	0.445	0.5
0.96	0.45	0.5
0.96	0.455	0.5
0.96	0.46	0.5
0.96	0.465	0.5
0.96	0.47	0.5
0.96	0.475	0.5
0.96	0.48	0.5
0.96	0.485	0.5
0.96	0.49	0.5
0.96	0.495	0.5
0.96	0.5	0.5
0.96	0.505	0.5
0.96	0.51	0.5
0.96	0.515	0.5
0.96	0.52	0.5
0.96	0.525	0.5
0.96	0.53	0.5
0.96	0.535	0.5
0.96	0.54	0.5
0.96	0.545	0.5
0.96	0.55	0.5
0.96	0.555	0.5
0.96	0.56	0.5
0.96	0.565	0.5
0.96	0.57	0.5
0.96	0.575	0.5
0.96	0.58	0.5
0.96	0.585	0.5
0.96	0.59	0.5
0.96	0.595	0.5
0.96	0.6	0.5
0.96	0.605	0.5
0.96	0.61	0.5
0.96	0.615	0.5
0.96	0.62	0.5
0.96	0.625	0.5
0.96	0.63	0.5
0.96	0.635	0.5
0.96	0.64	0.5
0.96	0.645	0.5
0.96	0.65	0.5
0.96	0.655	0.5
0.96	0.66	0.5
0.96	0.665	0.5
0.96	0.67	0.5
0.96	0.675	0.5
0.96	0.68	0.5
0.96	0.685	0.5
0.96	0.69	0.5
0.96	0.695	0.5
0.96	0.7	0.5
0.96	0.705	0.5
0.96	0.71	0.5
0.96	0.715	0.5
0.96	0.72	0.5
0.96	0.725	0.5
0.96	0.73	0.5
0.96	0.735	0.5
0.96	0.74	0.5
0.96	0.745	0.5
0.96	0.75	0.5
0.96	0.755	0.5
0.96	0.76	0.5
0.96	0.765	0.5
0.96	0.77	0.5
0.96	0.775	0.5
0.96	0.78	0.5
0.96	0.785	0.5
0.96	0.79	0.5
0.96	0.795	0.5
0.96	0.8	0.5
0.96	0.805	0.5
0.96	0.81	0.5
0.96	0.815	0.5
0.96	0.82	0.5
0.96	0.825	0.5
0.96	0.83	0.5
0.96	0.835	0.5
0.96	0.84	0.5
0.96	0.845	0.5
0.96	0.85	0.5
0.96	0.855	0.5
0.96	0.86	0.5
0.96	0.865	0.5
0.96	0.87	0.5
0.96	0.875	0.5
0.96	0.88	0.5
0.96	0.885	0.5
0.96	0.89	0.5
0.96	0.895	0.5
0.96	0.9	0.5
0.96	0.905	0.5
0.96	0.91	0.5
0.96	0.915	0.5
0.96	0.92	0.5
0.96	0.925	0.5
0.96	0.93	0.5
0.96	0.935	0.5
0.96	0.94	0.5
0.96	0.945	0.5
0.96	0.95	0.5
0.96	0.955	0.5
0.96	0.96	0.5
0.96	0.965	0.5
0.96	0.97	0.5
0.96	0.975	0.5
0.96	0.98	0.5
0.96	0.985	0.5
0.96	0.99	0.5
0.96	0.995	0.5
0.96	1	0.5
0.97	0	0.25
0.97	0.005	0.25
0.97	0.01	0.25
0.97	0.015	0.25
0.97	0.02	0.25
0.97	0.025	0.25
0.97	0.03	0.25
0.97	0.035	0.25
0.97	0.04	0.25
0.97	0.045	0.25
0.97	0.05	0.25
0.97	0.055	0.25
0.97	0.06	0.25
0.97	0.065	0.25
0.97	0.07	0.25
0.97	0.075	0.25
0.97	0.08	0.25
0.97	0.085	0.25
0.97	0.09	0.25
0.97	0.095	0.25
0.97	0.1	0.25
0.97	0.105	0.25
0.97	0.11	0.25
0.97	0.115	0.25
0.97	0.12	0.25
0.97	0.125	0.25
0.97	0.13	0.25
0.97	0.135	0.25
0.97	0.14	0.25
0.97	0.145	0.25
0.97	0.15	0.25
0.97	0.155	0.25
0.97	0.16	0.25
0.97	0.165	0.25
0.97	0.17	0.25
0.97	0.175	0.25
0.97	0.18	0.25
0.97	0.185	0.25
0.97	0.19	0.25
0.97	0.195	0.25
0.97	0.2	0.25
0.97	0.205	0.25
0.97	0.21	0.25
0.97	0.215	0.25
0.97	0.22	0.25
0.97	0.225	0.25
0.97	0.23	0.25
0.97	0.235	0.25
0.97	0.24	0.25
0.97	0.245	0.25
0.97	0.25	0.5
0.97	0.255	0.5
0.97	0.26	0.5
0.97	0.265	0.5
0.97	0.27	0.5
0.97	0.275	0.5
0.97	0.28	0.5
0.97	0.285	0.5
0.97	0.29	0.5
0.97	0.295	0.5
0.97	0.3	0.5
0.97	0.305	0.5
0.97	0.31	0.5
0.97	0.315	0.5
0.97	0.32	0.5
0.97	0.325	0.5
0.97	0.33	0.5
0.97	0.335	0.5
0.97	0.34	0.5
0.97	0.345	0.5
0.97	0.35	0.5
0.97	0.355	0.5
0.97	0.36	0.5
0.97	0.365	0.5
0.97	0.37	0.5
0.97	0.375	0.5
0.97	0.38	0.5
0.97	0.385	0.5
0.97	0.39	0.5
0.97	0.395	0.5
0.97	0.4	0.5
0.97	0.405	0.5
0.97	0.41	0.5
0.97	0.415	0.5
0.97	0.42	0.5
0.97	0.425	0.5
0.97	0.43	0.5
0.97	0.435	0.5
0.97	0.44	0.5
0.97	0.445	0.5
0.97	0.45	0.5
0.97	0.455	0.5
0.97	0.46	0.5
0.97	0.465	0.5
0.97	0.47	0.5
0.97	0.475	0.5
0.97	0.48	0.5
0.97	0.485	0.5
0.97	0.49	0.5
0.97	0.495	0.5
0.97	0.5	0.5
0.97	0.505	0.5
0.97	0.51	0.5
0.97	0.515	0.5
0.97	0.52	0.5
0.97	0.525	0.5
0.97	0.53	0.5
0.97	0.535	0.5
0.97	0.54	0.5
0.97	0.545	0.5
0.97	0.55	0.5
0.97	0.555	0.5
0.97	0.56	0.5
0.97	0.565	0.5
0.97	0.57	0.5
0.97	0.575	0.5
0.97	0.58	0.5
0.97	0.585	0.5
0.97	0.59	0.5
0.97	0.595	0.5
0.97	0.6	0.5
0.97	0.605	0.5
0.97	0.61	0.5
0.97	0.615	0.5
0.97	0.62	0.5
0.97	0.625	0.5
0.97	0.63	0.5
0.97	0.635	0.5
0.97	0.64	0.5
0.97	0.645	0.5
0.97	0.65	0.5
0.97	0.655	0.5
0.97	0.66	0.5
0.97	0.665	0.5
0.97	0.67	0.5
0.97	0.675	0.5
0.97	0.68	0.5
0.97	0.685	0.5
0.97	0.69	0.5
0.97	0.695	0.5
0.97	0.7	0.5
0.97	0.705	0.5
0.97	0.71	0.5
0.97	0.715	0.5
0.97	0.72	0.5
0.97	0.725	0.5
0.97	0.73	0.5
0.97	0.735	0.5
0.97	0.74	0.5
0.97	0.745	0.5
0.97	0.75	0.5
0.97	0.755	0.5
0.97	0.76	0.5
0.97	0.765	0.5
0.97	0.77	0.5
0.97	0.775	0.5
0.97	0.78	0.5
0.97	0.785	0.5
0.97	0.79	0.5
0.97	0.795	0.5
0.97	0.8	0.5
0.97	0.805	0.5
0.97	0.81	0.5
0.97	0.815	0.5
0.97	0.82	0.5
0.97	0.825	0.5
0.97	0.83	0.5
0.97	0.835	0.5
0.97	0.84	0.5
0.97	0.845	0.5
0.97	0.85	0.5
0.97	0.855	0.5
0.97	0.86	0.5
0.97	0.865	0.5
0.97	0.87	0.5
0.97	0.875	0.5
0.97	0.88	0.5
0.97	0.885	0.5
0.97	0.89	0.5
0.97	0.895	0.5
0.97	0.9	0.5
0.97	0.905	0.5
0.97	0.91	0.5
0.97	0.915	0.5
0.97	0.92	0.5
0.97	0.925	0.5
0.97	0.93	0.5
0.97	0.935	0.5
0.97	0.94	0.5
0.97	0.945	0.5
0.97	0.95	0.5
0.97	0.955	0.5
0.97	0.96	0.5
0.97	0.965	0.5
0.97	0.97	0.5
0.97	0.975	0.5
0.97	0.98	0.5
0.97	0.985	0.5
0.97	0.99	0.5
0.97	0.995	0.5
0.97	1	0.5
0.98	0	0.25
0.98	0.005	0.25
0.98	0.01	0.25
0.98	0.015	0.25
0.98	0.02	0.25
0.98	0.025	0.25
0.98	0.03	0.25
0.98	0.035	0.25
0.98	0.04	0.25
0.98	0.045	0.25
0.98	0.05	0.25
0.98	0.055	0.25
0.98	0.06	0.25
0.98	0.065	0.25
0.98	0.07	0.25
0.98	0.075	0.25
0.98	0.08	0.25
0.98	0.085	0.25
0.98	0.09	0.25
0.98	0.095	0.25
0.98	0.1	0.25
0.98	0.105	0.25
0.98	0.11	0.25
0.98	0.115	0.25
0.98	0.12	0.25
0.98	0.125	0.25
0.98	0.13	0.25
0.98	0.135	0.25
0.98	0.14	0.25
0.98	0.145	0.25
0.98	0.15	0.25
0.98	0.155	0.25
0.98	0.16	0.25
0.98	0.165	0.25
0.98	0.17	0.25
0.98	0.175	0.25
0.98	0.18	0.25
0.98	0.185	0.25
0.98	0.19	0.25
0.98	0.195	0.25
0.98	0.2	0.25
0.98	0.205	0.25
0.98	0.21	0.25
0.98	0.215	0.25
0.98	0.22	0.25
0.98	0.225	0.25
0.98	0.23	0.25
0.98	0.235	0.25
0.98	0.24	0.25
0.98	0.245	0.25
0.98	0.25	0.5
0.98	0.255	0.5
0.98	0.26	0.5
0.98	0.265	0.5
0.98	0.27	0.5
0.98	0.275	0.5
0.98	0.28	0.5
0.98	0.285	0.5
0.98	0.29	0.5
0.98	0.295	0.5
0.98	0.3	0.5
0.98	0.305	0.5
0.98	0.31	0.5
0.98	0.315	0.5
0.98	0.32	0.5
0.98	0.325	0.5
0.98	0.33	0.5
0.98	0.335	0.5
0.98	0.34	0.5
0.98	0.345	0.5
0.98	0.35	0.5
0.98	0.355	0.5
0.98	0.36	0.5
0.98	0.365	0.5
0.98	0.37	0.5
0.98	0.375	0.5
0.98	0.38	0.5
0.98	0.385	0.5
0.98	0.39	0.5
0.98	0.395	0.5
0.98	0.4	0.5
0.98	0.405	0.5
0.98	0.41	0.5
0.98	0.415	0.5
0.98	0.42	0.5
0.98	0.425	0.5
0.98	0.43	0.5
0.98	0.435	0.5
0.98	0.44	0.5
0.98	0.445	0.5
0.98	0.45	0.5
0.98	0.455	0.5
0.98	0.46	0.5
0.98	0.465	0.5
0.98	0.47	0.5
0.98	0.475	0.5
0.98	0.48	0.5
0.98	0.485	0.5
0.98	0.49	0.5
0.98	0.495	0.5
0.98	0.5	0.5
0.98	0.505	0.5
0.98	0.51	0.5
0.98	0.515	0.5
0.98	0.52	0.5
0.98	0.525	0.5
0.98	0.53	0.5
0.98	0.535	0.5
0.98	0.54	0.5
0.98	0.545	0.5
0.98	0.55	0.5
0.98	0.555	0.5
0.98	0.56	0.5
0.98	0.565	0.5
0.98	0.57	0.5
0.98	0.575	0.5
0.98	0.58	0.5
0.98	0.585	0.5
0.98	0.59	0.5
0.98	0.595	0.5
0.98	0.6	0.5
0.98	0.605	0.5
0.98	0.61	0.5
0.98	0.615	0.5
0.98	0.62	0.5
0.98	0.625	0.5
0.98	0.63	0.5
0.98	0.635	0.5
0.98	0.64	0.5
0.98	0.645	0.5
0.98	0.65	0.5
0.98	0.655	0.5
0.98	0.66	0.5
0.98	0.665	0.5
0.98	0.67	0.5
0.98	0.675	0.5
0.98	0.68	0.5
0.98	0.685	0.5
0.98	0.69	0.5
0.98	0.695	0.5
0.98	0.7	0.5
0.98	0.705	0.5
0.98	0.71	0.5
0.98	0.715	0.5
0.98	0.72	0.5
0.98	0.725	0.5
0.98	0.73	0.5
0.98	0.735	0.5
0.98	0.74	0.5
0.98	0.745	0.5
0.98	0.75	0.5
0.98	0.755	0.5
0.98	0.76	0.5
0.98	0.765	0.5
0.98	0.77	0.5
0.98	0.775	0.5
0.98	0.78	0.5
0.98	0.785	0.5
0.98	0.79	0.5
0.98	0.795	0.5
0.98	0.8	0.5
0.98	0.805	0.5
0.98	0.81	0.5
0.98	0.815	0.5
0.98	0.82	0.5
0.98	0.825	0.5
0.98	0.83	0.5
0.98	0.835	0.5
0.98	0.84	0.5
0.98	0.845	0.5
0.98	0.85	0.5
0.98	0.855	0.5
0.98	0.86	0.5
0.98	0.865	0.5
0.98	0.87	0.5
0.98	0.875	0.5
0.98	0.88	0.5
0.98	0.885	0.5
0.98	0.89	0.5
0.98	0.895	0.5
0.98	0.9	0.5
0.98	0.905	0.5
0.98	0.91	0.5
0.98	0.915	0.5
0.98	0.92	0.5
0.98	0.925	0.5
0.98	0.93	0.5
0.98	0.935	0.5
0.98	0.94	0.5
0.98	0.945	0.5
0.98	0.95	0.5
0.98	0.955	0.5
0.98	0.96	0.5
0.98	0.965	0.5
0.98	0.97	0.5
0.98	0.975	0.5
0.98	0.98	0.5
0.98	0.985	0.5
0.98	0.99	0.5
0.98	0.995	0.5
0.98	1	0.5
0.99	0	0.25
0.99	0.005	0.25
0.99	0.01	0.25
0.99	0.015	0.25
0.99	0.02	0.25
0.99	0.025	0.25
0.99	0.03	0.25
0.99	0.035	0.25
0.99	0.04	0.25
0.99	0.045	0.25
0.99	0.05	0.25
0.99	0.055	0.25
0.99	0.06	0.25
0.99	0.065	0.25
0.99	0.07	0.25
0.99	0.075	0.25
0.99	0.08	0.25
0.99	0.085	0.25
0.99	0.09	0.25
0.99	0.095	0.25
0.99	0.1	0.25
0.99	0.105	0.25
0.99	0.11	0.25
0.99	0.115	0.25
0.99	0.12	0.25
0.99	0.125	0.25
0.99	0.13	0.25
0.99	0.135	0.25
0.99	0.14	0.25
0.99	0.145	0.25
0.99	0.15	0.25
0.99	0.155	0.25
0.99	0.16	0.25
0.99	0.165	0.25
0.99	0.17	0.25
0.99	0.175	0.25
0.99	0.18	0.25
0.99	0.185	0.25
0.99	0.19	0.25
0.99	0.195	0.25
0.99	0.2	0.25
0.99	0.205	0.25
0.99	0.21	0.25
0.99	0.215	0.25
0.99	0.22	0.25
0.99	0.225	0.25
0.99	0.23	0.25
0.99	0.235	0.25
0.99	0.24	0.25
0.99	0.245	0.25
0.99	0.25	0.5
0.99	0.255	0.5
0.99	0.26	0.5
0.99	0.265	0.5
0.99	0.27	0.5
0.99	0.275	0.5
0.99	0.28	0.5
0.99	0.285	0.5
0.99	0.29	0.5
0.99	0.295	0.5
0.99	0.3	0.5
0.99	0.305	0.5
0.99	0.31	0.5
0.99	0.315	0.5
0.99	0.32	0.5
0.99	0.325	0.5
0.99	0.33	0.5
0.99	0.335	0.5
0.99	0.34	0.5
0.99	0.345	0.5
0.99	0.35	0.5
0.99	0.355	0.5
0.99	0.36	0.5
0.99	0.365	0.5
0.99	0.37	0.5
0.99	0.375	0.5
0.99	0.38	0.5
0.99	0.385	0.5
0.99	0.39	0.5
0.99	0.395	0.5
0.99	0.4	0.5
0.99	0.405	0.5
0.99	0.41	0.5
0.99	0.415	0.5
0.99	0.42	0.5
0.99	0.425	0.5
0.99	0.43	0.5
0.99	0.435	0.5
0.99	0.44	0.5
0.99	0.445	0.5
0.99	0.45	0.5
0.99	0.455	0.5
0.99	0.46	0.5
0.99	0.465	0.5
0.99	0.47	0.5
0.99	0.475	0.5
0.99	0.48	0.5
0.99	0.485	0.5
0.99	0.49	0.5
0.99	0.495	0.5
0.99	0.5	0.5
0.99	0.505	0.5
0.99	0.51	0.5
0.99	0.515	0.5
0.99	0.52	0.5
0.99	0.525	0.5
0.99	0.53	0.5
0.99	0.535	0.5
0.99	0.54	0.5
0.99	0.545	0.5
0.99	0.55	0.5
0.99	0.555	0.5
0.99	0.56	0.5
0.99	0.565	0.5
0.99	0.57	0.5
0.99	0.575	0.5
0.99	0.58	0.5
0.99	0.585	0.5
0.99	0.59	0.5
0.99	0.595	0.5
0.99	0.6	0.5
0.99	0.605	0.5
0.99	0.61	0.5
0.99	0.615	0.5
0.99	0.62	0.5
0.99	0.625	0.5
0.99	0.63	0.5
0.99	0.635	0.5
0.99	0.64	0.5
0.99	0.645	0.5
0.99	0.65	0.5
0.99	0.655	0.5
0.99	0.66	0.5
0.99	0.665	0.5
0.99	0.67	0.5
0.99	0.675	0.5
0.99	0.68	0.5
0.99	0.685	0.5
0.99	0.69	0.5
0.99	0.695	0.5
0.99	0.7	0.5
0.99	0.705	0.5
0.99	0.71	0.5
0.99	0.715	0.5
0.99	0.72	0.5
0.99	0.725	0.5
0.99	0.73	0.5
0.99	0.735	0.5
0.99	0.74	0.5
0.99	0.745	0.5
0.99	0.75	0.5
0.99	0.755	0.5
0.99	0.76	0.5
0.99	0.765	0.5
0.99	0.77	0.5
0.99	0.775	0.5
0.99	0.78	0.5
0.99	0.785	0.5
0.99	0.79	0.5
0.99	0.795	0.5
0.99	0.8	0.5
0.99	0.805	0.5
0.99	0.81	0.5
0.99	0.815	0.5
0.99	0.82	0.5
0.99	0.825	0.5
0.99	0.83	0.5
0.99	0.835	0.5
0.99	0.84	0.5
0.99	0.845	0.5
0.99	0.85	0.5
0.99	0.855	0.5
0.99	0.86	0.5
0.99	0.865	0.5
0.99	0.87	0.5
0.99	0.875	0.5
0.99	0.88	0.5
0.99	0.885	0.5
0.99	0.89	0.5
0.99	0.895	0.5
0.99	0.9	0.5
0.99	0.905	0.5
0.99	0.91	0.5
0.99	0.915	0.5
0.99	0.92	0.5
0.99	0.925	0.5
0.99	0.93	0.5
0.99	0.935	0.5
0.99	0.94	0.5
0.99	0.945	0.5
0.99	0.95	0.5
0.99	0.955	0.5
0.99	0.96	0.5
0.99	0.965	0.5
0.99	0.97	0.5
0.99	0.975	0.5
0.99	0.98	0.5
0.99	0.985	0.5
0.99	0.99	0.5
0.99	0.995	0.5
0.99	1	0.5
1	0	0.25
1	0.005	0.25
1	0.01	0.25
1	0.015	0.25
1	0.02	0.25
1	0.025	0.25
1	0.03	0.25
1	0.035	0.25
1	0.04	0.25
1	0.045	0.25
1	0.05	0.25
1	0.055	0.25
1	0.06	0.25
1	0.065	0.25
1	0.07	0.25
1	0.075	0.25
1	0.08	0.25
1	0.085	0.25
1	0.09	0.25
1	0.095	0.25
1	0.1	0.25
1	0.105	0.25
1	0.11	0.25
1	0.115	0.25
1	0.12	0.25
1	0.125	0.25
1	0.13	0.25
1	0.135	0.25
1	0.14	0.25
1	0.145	0.25
1	0.15	0.25
1	0.155	0.25
1	0.16	0.25
1	0.165	0.25
1	0.17	0.25
1	0.175	0.25
1	0.18	0.25
1	0.185	0.25
1	0.19	0.25
1	0.195	0.25
1	0.2	0.25
1	0.205	0.25
1	0.21	0.25
1	0.215	0.25
1	0.22	0.25
1	0.225	0.25
1	0.23	0.25
1	0.235	0.25
1	0.24	0.25
1	0.245	0.25
1	0.25	0.5
1	0.255	0.5
1	0.26	0.5
1	0.265	0.5
1	0.27	0.5
1	0.275	0.5
1	0.28	0.5
1	0.285	0.5
1	0.29	0.5
1	0.295	0.5
1	0.3	0.5
1	0.305	0.5
1	0.31	0.5
1	0.315	0.5
1	0.32	0.5
1	0.325	0.5
1	0.33	0.5
1	0.335	0.5
1	0.34	0.5
1	0.345	0.5
1	0.35	0.5
1	0.355	0.5
1	0.36	0.5
1	0.365	0.5
1	0.37	0.5
1	0.375	0.5
1	0.38	0.5
1	0.385	0.5
1	0.39	0.5
1	0.395	0.5
1	0.4	0.5
1	0.405	0.5
1	0.41	0.5
1	0.415	0.5
1	0.42	0.5
1	0.425	0.5
1	0.43	0.5
1	0.435	0.5
1	0.44	0.5
1	0.445	0.5
1	0.45	0.5
1	0.455	0.5
1	0.46	0.5
1	0.465	0.5
1	0.47	0.5
1	0.475	0.5
1	0.48	0.5
1	0.485	0.5
1	0.49	0.5
1	0.495	0.5
1	0.5	0.5
1	0.505	0.5
1	0.51	0.5
1	0.515	0.5
1	0.52	0.5
1	0.525	0.5
1	0.53	0.5
1	0.535	0.5
1	0.54	0.5
1	0.545	0.5
1	0.55	0.5
1	0.555	0.5
1	0.56	0.5
1	0.565	0.5
1	0.57	0.5
1	0.575	0.5
1	0.58	0.5
1	0.585	0.5
1	0.59	0.5
1	0.595	0.5
1	0.6	0.5
1	0.605	0.5
1	0.61	0.5
1	0.615	0.5
1	0.62	0.5
1	0.625	0.5
1	0.63	0.5
1	0.635	0.5
1	0.64	0.5
1	0.645	0.5
1	0.65	0.5
1	0.655	0.5
1	0.66	0.5
1	0.665	0.5
1	0.67	0.5
1	0.675	0.5
1	0.68	0.5
1	0.685	0.5
1	0.69	0.5
1	0.695	0.5
1	0.7	0.5
1	0.705	0.5
1	0.71	0.5
1	0.715	0.5
1	0.72	0.5
1	0.725	0.5
1	0.73	0.5
1	0.735	0.5
1	0.74	0.5
1	0.745	0.5
1	0.75	0.5
1	0.755	0.5
1	0.76	0.5
1	0.765	0.5
1	0.77	0.5
1	0.775	0.5
1	0.78	0.5
1	0.785	0.5
1	0.79	0.5
1	0.795	0.5
1	0.8	0.5
1	0.805	0.5
1	0.81	0.5
1	0.815	0.5
1	0.82	0.5
1	0.825	0.5
1	0.83	0.5
1	0.835	0.5
1	0.84	0.5
1	0.845	0.5
1	0.85	0.5
1	0.855	0.5
1	0.86	0.5
1	0.865	0.5
1	0.87	0.5
1	0.875	0.5
1	0.88	0.5
1	0.885	0.5
1	0.89	0.5
1	0.895	0.5
1	0.9	0.5
1	0.905	0.5
1	0.91	0.5
1	0.915	0.5
1	0.92	0.5
1	0.925	0.5
1	0.93	0.5
1	0.935	0.5
1	0.94	0.5
1	0.945	0.5
1	0.95	0.5
1	0.955	0.5
1	0.96	0.5
1	0.965	0.5
1	0.97	0.5
1	0.975	0.5
1	0.98	0.5
1	0.985	0.5
1	0.99	0.5
1	0.995	0.5
1	1	0.5
